solid OpenSCAD_Model
  facet normal 0.740962 0.671547 0
    outer loop
      vertex 18.0884 14.8448 81
      vertex 16.5463 16.5463 26
      vertex 16.5463 16.5463 81
    endloop
  endfacet
  facet normal 0.740962 0.671547 0
    outer loop
      vertex 16.5463 16.5463 26
      vertex 18.0884 14.8448 81
      vertex 18.0884 14.8448 26
    endloop
  endfacet
  facet normal 0.989179 0.146711 0
    outer loop
      vertex 23.2873 2.2936 81
      vertex 22.9504 4.56511 26
      vertex 22.9504 4.56511 81
    endloop
  endfacet
  facet normal 0.989179 0.146711 0
    outer loop
      vertex 22.9504 4.56511 26
      vertex 23.2873 2.2936 81
      vertex 23.2873 2.2936 26
    endloop
  endfacet
  facet normal 0.998795 0.0490775 0
    outer loop
      vertex 23.4 0 81
      vertex 23.2873 2.2936 26
      vertex 23.2873 2.2936 81
    endloop
  endfacet
  facet normal 0.998795 0.0490775 0
    outer loop
      vertex 23.2873 2.2936 26
      vertex 23.4 0 81
      vertex 23.4 0 26
    endloop
  endfacet
  facet normal 0.970028 0.242992 0
    outer loop
      vertex 22.9504 4.56511 81
      vertex 22.3924 6.79266 26
      vertex 22.3924 6.79266 81
    endloop
  endfacet
  facet normal 0.970028 0.242992 0
    outer loop
      vertex 22.3924 6.79266 26
      vertex 22.9504 4.56511 81
      vertex 22.9504 4.56511 26
    endloop
  endfacet
  facet normal 0.336881 -0.941547 0
    outer loop
      vertex 6.79266 -22.3924 61.75
      vertex 8.95479 -21.6188 81
      vertex 6.79266 -22.3924 81
    endloop
  endfacet
  facet normal 0.336881 -0.941547 0
    outer loop
      vertex 8.95479 -21.6188 81
      vertex 6.79266 -22.3924 61.75
      vertex 8.95479 -21.6188 61.75
    endloop
  endfacet
  facet normal 0.336881 -0.941547 0
    outer loop
      vertex 6.79266 -22.3924 26
      vertex 8.95479 -21.6188 39.75
      vertex 6.79266 -22.3924 39.75
    endloop
  endfacet
  facet normal 0.336881 -0.941547 0
    outer loop
      vertex 8.95479 -21.6188 39.75
      vertex 6.79266 -22.3924 26
      vertex 8.95479 -21.6188 26
    endloop
  endfacet
  facet normal -0.514124 0.857716 0
    outer loop
      vertex -11.0307 20.637 26
      vertex -13.0003 19.4564 81
      vertex -11.0307 20.637 81
    endloop
  endfacet
  facet normal -0.514124 0.857716 0
    outer loop
      vertex -13.0003 19.4564 81
      vertex -11.0307 20.637 26
      vertex -13.0003 19.4564 26
    endloop
  endfacet
  facet normal 0.146711 0.989179 -0
    outer loop
      vertex 4.56511 22.9504 26
      vertex 2.2936 23.2873 81
      vertex 4.56511 22.9504 81
    endloop
  endfacet
  facet normal 0.146711 0.989179 0
    outer loop
      vertex 2.2936 23.2873 81
      vertex 4.56511 22.9504 26
      vertex 2.2936 23.2873 26
    endloop
  endfacet
  facet normal -0.998795 -0.0490775 0
    outer loop
      vertex -23.2873 -2.2936 26
      vertex -23.4 0 81
      vertex -23.4 0 26
    endloop
  endfacet
  facet normal -0.998795 -0.0490775 0
    outer loop
      vertex -23.4 0 81
      vertex -23.2873 -2.2936 26
      vertex -23.2873 -2.2936 81
    endloop
  endfacet
  facet normal 0.242992 -0.970028 0
    outer loop
      vertex 4.56511 -22.9504 61.75
      vertex 6.79266 -22.3924 81
      vertex 4.56511 -22.9504 81
    endloop
  endfacet
  facet normal 0.242992 -0.970028 0
    outer loop
      vertex 6.79266 -22.3924 81
      vertex 4.56511 -22.9504 61.75
      vertex 6.79266 -22.3924 61.75
    endloop
  endfacet
  facet normal 0.242992 -0.970028 0
    outer loop
      vertex 4.56511 -22.9504 26
      vertex 6.79266 -22.3924 39.75
      vertex 4.56511 -22.9504 39.75
    endloop
  endfacet
  facet normal 0.242992 -0.970028 0
    outer loop
      vertex 6.79266 -22.3924 39.75
      vertex 4.56511 -22.9504 26
      vertex 6.79266 -22.3924 26
    endloop
  endfacet
  facet normal -0.970028 -0.242992 0
    outer loop
      vertex -22.3924 -6.79266 26
      vertex -22.9504 -4.56511 81
      vertex -22.9504 -4.56511 26
    endloop
  endfacet
  facet normal -0.970028 -0.242992 0
    outer loop
      vertex -22.9504 -4.56511 81
      vertex -22.3924 -6.79266 26
      vertex -22.3924 -6.79266 81
    endloop
  endfacet
  facet normal 0.514124 0.857716 -0
    outer loop
      vertex 13.0003 19.4564 26
      vertex 11.0307 20.637 81
      vertex 13.0003 19.4564 81
    endloop
  endfacet
  facet normal 0.514124 0.857716 0
    outer loop
      vertex 11.0307 20.637 81
      vertex 13.0003 19.4564 26
      vertex 11.0307 20.637 26
    endloop
  endfacet
  facet normal 0.903995 0.427544 0
    outer loop
      vertex 21.6188 8.95479 81
      vertex 20.637 11.0307 26
      vertex 20.637 11.0307 81
    endloop
  endfacet
  facet normal 0.903995 0.427544 0
    outer loop
      vertex 20.637 11.0307 26
      vertex 21.6188 8.95479 81
      vertex 21.6188 8.95479 26
    endloop
  endfacet
  facet normal -0.740962 0.671547 0
    outer loop
      vertex -18.0884 14.8448 26
      vertex -16.5463 16.5463 81
      vertex -16.5463 16.5463 26
    endloop
  endfacet
  facet normal -0.740962 0.671547 0
    outer loop
      vertex -16.5463 16.5463 81
      vertex -18.0884 14.8448 26
      vertex -18.0884 14.8448 81
    endloop
  endfacet
  facet normal -0.427544 0.903995 0
    outer loop
      vertex -8.95479 21.6188 26
      vertex -11.0307 20.637 81
      vertex -8.95479 21.6188 81
    endloop
  endfacet
  facet normal -0.427544 0.903995 0
    outer loop
      vertex -11.0307 20.637 81
      vertex -8.95479 21.6188 26
      vertex -11.0307 20.637 26
    endloop
  endfacet
  facet normal -0.595706 -0.803202 0
    outer loop
      vertex -14.8448 -18.0884 26
      vertex -13.0003 -19.4564 81
      vertex -14.8448 -18.0884 81
    endloop
  endfacet
  facet normal -0.595706 -0.803202 -0
    outer loop
      vertex -13.0003 -19.4564 81
      vertex -14.8448 -18.0884 26
      vertex -13.0003 -19.4564 26
    endloop
  endfacet
  facet normal 0.903995 -0.427544 0
    outer loop
      vertex 20.637 -11.0307 81
      vertex 21.6188 -8.95479 26
      vertex 21.6188 -8.95479 81
    endloop
  endfacet
  facet normal 0.903995 -0.427544 0
    outer loop
      vertex 21.6188 -8.95479 26
      vertex 20.637 -11.0307 81
      vertex 20.637 -11.0307 26
    endloop
  endfacet
  facet normal 0.803202 0.595706 0
    outer loop
      vertex 19.4564 13.0003 81
      vertex 18.0884 14.8448 26
      vertex 18.0884 14.8448 81
    endloop
  endfacet
  facet normal 0.803202 0.595706 0
    outer loop
      vertex 18.0884 14.8448 26
      vertex 19.4564 13.0003 81
      vertex 19.4564 13.0003 26
    endloop
  endfacet
  facet normal -0.903995 -0.427544 0
    outer loop
      vertex -20.637 -11.0307 26
      vertex -21.6188 -8.95479 81
      vertex -21.6188 -8.95479 26
    endloop
  endfacet
  facet normal -0.903995 -0.427544 0
    outer loop
      vertex -21.6188 -8.95479 81
      vertex -20.637 -11.0307 26
      vertex -20.637 -11.0307 81
    endloop
  endfacet
  facet normal -0.146711 0.989179 0
    outer loop
      vertex -2.2936 23.2873 26
      vertex -4.56511 22.9504 81
      vertex -2.2936 23.2873 81
    endloop
  endfacet
  facet normal -0.146711 0.989179 0
    outer loop
      vertex -4.56511 22.9504 81
      vertex -2.2936 23.2873 26
      vertex -4.56511 22.9504 26
    endloop
  endfacet
  facet normal 0.595706 0.803202 -0
    outer loop
      vertex 14.8448 18.0884 26
      vertex 13.0003 19.4564 81
      vertex 14.8448 18.0884 81
    endloop
  endfacet
  facet normal 0.595706 0.803202 0
    outer loop
      vertex 13.0003 19.4564 81
      vertex 14.8448 18.0884 26
      vertex 13.0003 19.4564 26
    endloop
  endfacet
  facet normal -0.242992 -0.970028 0
    outer loop
      vertex -6.79266 -22.3924 26
      vertex -4.56511 -22.9504 39.75
      vertex -6.79266 -22.3924 39.75
    endloop
  endfacet
  facet normal -0.242992 -0.970028 -0
    outer loop
      vertex -4.56511 -22.9504 39.75
      vertex -6.79266 -22.3924 26
      vertex -4.56511 -22.9504 26
    endloop
  endfacet
  facet normal -0.242992 -0.970028 0
    outer loop
      vertex -6.79266 -22.3924 61.75
      vertex -4.56511 -22.9504 81
      vertex -6.79266 -22.3924 81
    endloop
  endfacet
  facet normal -0.242992 -0.970028 -0
    outer loop
      vertex -4.56511 -22.9504 81
      vertex -6.79266 -22.3924 61.75
      vertex -4.56511 -22.9504 61.75
    endloop
  endfacet
  facet normal 0.146711 -0.989179 0
    outer loop
      vertex 2.2936 -23.2873 26
      vertex 4.56511 -22.9504 39.75
      vertex 2.2936 -23.2873 39.75
    endloop
  endfacet
  facet normal 0.146711 -0.989179 0
    outer loop
      vertex 4.56511 -22.9504 39.75
      vertex 2.2936 -23.2873 26
      vertex 4.56511 -22.9504 26
    endloop
  endfacet
  facet normal 0.146711 -0.989179 0
    outer loop
      vertex 2.2936 -23.2873 61.75
      vertex 4.56511 -22.9504 81
      vertex 2.2936 -23.2873 81
    endloop
  endfacet
  facet normal 0.146711 -0.989179 0
    outer loop
      vertex 4.56511 -22.9504 81
      vertex 2.2936 -23.2873 61.75
      vertex 4.56511 -22.9504 61.75
    endloop
  endfacet
  facet normal 0.671547 0.740962 -0
    outer loop
      vertex 16.5463 16.5463 26
      vertex 14.8448 18.0884 81
      vertex 16.5463 16.5463 81
    endloop
  endfacet
  facet normal 0.671547 0.740962 0
    outer loop
      vertex 14.8448 18.0884 81
      vertex 16.5463 16.5463 26
      vertex 14.8448 18.0884 26
    endloop
  endfacet
  facet normal 0.857716 -0.514124 0
    outer loop
      vertex 19.4564 -13.0003 81
      vertex 20.637 -11.0307 26
      vertex 20.637 -11.0307 81
    endloop
  endfacet
  facet normal 0.857716 -0.514124 0
    outer loop
      vertex 20.637 -11.0307 26
      vertex 19.4564 -13.0003 81
      vertex 19.4564 -13.0003 26
    endloop
  endfacet
  facet normal 0.427544 0.903995 -0
    outer loop
      vertex 11.0307 20.637 26
      vertex 8.95479 21.6188 81
      vertex 11.0307 20.637 81
    endloop
  endfacet
  facet normal 0.427544 0.903995 0
    outer loop
      vertex 8.95479 21.6188 81
      vertex 11.0307 20.637 26
      vertex 8.95479 21.6188 26
    endloop
  endfacet
  facet normal 0.857716 0.514124 0
    outer loop
      vertex 20.637 11.0307 81
      vertex 19.4564 13.0003 26
      vertex 19.4564 13.0003 81
    endloop
  endfacet
  facet normal 0.857716 0.514124 0
    outer loop
      vertex 19.4564 13.0003 26
      vertex 20.637 11.0307 81
      vertex 20.637 11.0307 26
    endloop
  endfacet
  facet normal 0.0490775 0.998795 -0
    outer loop
      vertex 2.2936 23.2873 26
      vertex 0 23.4 81
      vertex 2.2936 23.2873 81
    endloop
  endfacet
  facet normal 0.0490775 0.998795 0
    outer loop
      vertex 0 23.4 81
      vertex 2.2936 23.2873 26
      vertex 0 23.4 26
    endloop
  endfacet
  facet normal -0.857716 0.514124 0
    outer loop
      vertex -20.637 11.0307 26
      vertex -19.4564 13.0003 81
      vertex -19.4564 13.0003 26
    endloop
  endfacet
  facet normal -0.857716 0.514124 0
    outer loop
      vertex -19.4564 13.0003 81
      vertex -20.637 11.0307 26
      vertex -20.637 11.0307 81
    endloop
  endfacet
  facet normal 0.941547 0.336881 0
    outer loop
      vertex 22.3924 6.79266 81
      vertex 21.6188 8.95479 26
      vertex 21.6188 8.95479 81
    endloop
  endfacet
  facet normal 0.941547 0.336881 0
    outer loop
      vertex 21.6188 8.95479 26
      vertex 22.3924 6.79266 81
      vertex 22.3924 6.79266 26
    endloop
  endfacet
  facet normal 0.427541 -0.903996 0
    outer loop
      vertex 8.95479 -21.6188 39.75
      vertex 8.95479 -21.6188 26
      vertex 10.5 -20.888 39.75
    endloop
  endfacet
  facet normal 0.427541 -0.903996 0
    outer loop
      vertex 10.5 -20.888 61.75
      vertex 8.95479 -21.6188 81
      vertex 8.95479 -21.6188 61.75
    endloop
  endfacet
  facet normal 0.427544 -0.903995 2.74855e-07
    outer loop
      vertex 8.95479 -21.6188 81
      vertex 10.5 -20.888 61.75
      vertex 11.0307 -20.637 81
    endloop
  endfacet
  facet normal 0.427552 -0.903991 0
    outer loop
      vertex 11.0307 -20.637 26
      vertex 10.5 -20.888 61.75
      vertex 10.5 -20.888 39.75
    endloop
  endfacet
  facet normal 0.427552 -0.903991 0
    outer loop
      vertex 10.5 -20.888 61.75
      vertex 11.0307 -20.637 26
      vertex 11.0307 -20.637 81
    endloop
  endfacet
  facet normal 0.427544 -0.903995 -3.84796e-07
    outer loop
      vertex 11.0307 -20.637 26
      vertex 10.5 -20.888 39.75
      vertex 8.95479 -21.6188 26
    endloop
  endfacet
  facet normal -0.242992 0.970028 0
    outer loop
      vertex -4.56511 22.9504 26
      vertex -6.79266 22.3924 81
      vertex -4.56511 22.9504 81
    endloop
  endfacet
  facet normal -0.242992 0.970028 0
    outer loop
      vertex -6.79266 22.3924 81
      vertex -4.56511 22.9504 26
      vertex -6.79266 22.3924 26
    endloop
  endfacet
  facet normal 0.970028 -0.242992 0
    outer loop
      vertex 22.3924 -6.79266 81
      vertex 22.9504 -4.56511 26
      vertex 22.9504 -4.56511 81
    endloop
  endfacet
  facet normal 0.970028 -0.242992 0
    outer loop
      vertex 22.9504 -4.56511 26
      vertex 22.3924 -6.79266 81
      vertex 22.3924 -6.79266 26
    endloop
  endfacet
  facet normal 0.242992 0.970028 -0
    outer loop
      vertex 6.79266 22.3924 26
      vertex 4.56511 22.9504 81
      vertex 6.79266 22.3924 81
    endloop
  endfacet
  facet normal 0.242992 0.970028 0
    outer loop
      vertex 4.56511 22.9504 81
      vertex 6.79266 22.3924 26
      vertex 4.56511 22.9504 26
    endloop
  endfacet
  facet normal -0.941547 -0.336881 0
    outer loop
      vertex -21.6188 -8.95479 26
      vertex -22.3924 -6.79266 81
      vertex -22.3924 -6.79266 26
    endloop
  endfacet
  facet normal -0.941547 -0.336881 0
    outer loop
      vertex -22.3924 -6.79266 81
      vertex -21.6188 -8.95479 26
      vertex -21.6188 -8.95479 81
    endloop
  endfacet
  facet normal 0.998795 -0.0490775 0
    outer loop
      vertex 23.2873 -2.2936 81
      vertex 23.4 0 26
      vertex 23.4 0 81
    endloop
  endfacet
  facet normal 0.998795 -0.0490775 0
    outer loop
      vertex 23.4 0 26
      vertex 23.2873 -2.2936 81
      vertex 23.2873 -2.2936 26
    endloop
  endfacet
  facet normal 0.0490775 -0.998795 0
    outer loop
      vertex 0 -23.4 26
      vertex 2.2936 -23.2873 39.75
      vertex 0 -23.4 39.75
    endloop
  endfacet
  facet normal 0.0490775 -0.998795 0
    outer loop
      vertex 2.2936 -23.2873 39.75
      vertex 0 -23.4 26
      vertex 2.2936 -23.2873 26
    endloop
  endfacet
  facet normal 0.0490775 -0.998795 0
    outer loop
      vertex 0 -23.4 61.75
      vertex 2.2936 -23.2873 81
      vertex 0 -23.4 81
    endloop
  endfacet
  facet normal 0.0490775 -0.998795 0
    outer loop
      vertex 2.2936 -23.2873 81
      vertex 0 -23.4 61.75
      vertex 2.2936 -23.2873 61.75
    endloop
  endfacet
  facet normal 0.740962 -0.671547 0
    outer loop
      vertex 16.5463 -16.5463 81
      vertex 18.0884 -14.8448 26
      vertex 18.0884 -14.8448 81
    endloop
  endfacet
  facet normal 0.740962 -0.671547 0
    outer loop
      vertex 18.0884 -14.8448 26
      vertex 16.5463 -16.5463 81
      vertex 16.5463 -16.5463 26
    endloop
  endfacet
  facet normal 0.803202 -0.595706 0
    outer loop
      vertex 18.0884 -14.8448 81
      vertex 19.4564 -13.0003 26
      vertex 19.4564 -13.0003 81
    endloop
  endfacet
  facet normal 0.803202 -0.595706 0
    outer loop
      vertex 19.4564 -13.0003 26
      vertex 18.0884 -14.8448 81
      vertex 18.0884 -14.8448 26
    endloop
  endfacet
  facet normal -0.595706 0.803202 0
    outer loop
      vertex -13.0003 19.4564 26
      vertex -14.8448 18.0884 81
      vertex -13.0003 19.4564 81
    endloop
  endfacet
  facet normal -0.595706 0.803202 0
    outer loop
      vertex -14.8448 18.0884 81
      vertex -13.0003 19.4564 26
      vertex -14.8448 18.0884 26
    endloop
  endfacet
  facet normal -0.970028 0.242992 0
    outer loop
      vertex -22.9504 4.56511 26
      vertex -22.3924 6.79266 81
      vertex -22.3924 6.79266 26
    endloop
  endfacet
  facet normal -0.970028 0.242992 0
    outer loop
      vertex -22.3924 6.79266 81
      vertex -22.9504 4.56511 26
      vertex -22.9504 4.56511 81
    endloop
  endfacet
  facet normal -0.941547 0.336881 0
    outer loop
      vertex -22.3924 6.79266 26
      vertex -21.6188 8.95479 81
      vertex -21.6188 8.95479 26
    endloop
  endfacet
  facet normal -0.941547 0.336881 0
    outer loop
      vertex -21.6188 8.95479 81
      vertex -22.3924 6.79266 26
      vertex -22.3924 6.79266 81
    endloop
  endfacet
  facet normal 0.595706 -0.803202 0
    outer loop
      vertex 13.0003 -19.4564 26
      vertex 14.8448 -18.0884 81
      vertex 13.0003 -19.4564 81
    endloop
  endfacet
  facet normal 0.595706 -0.803202 0
    outer loop
      vertex 14.8448 -18.0884 81
      vertex 13.0003 -19.4564 26
      vertex 14.8448 -18.0884 26
    endloop
  endfacet
  facet normal -0.671547 0.740962 0
    outer loop
      vertex -14.8448 18.0884 26
      vertex -16.5463 16.5463 81
      vertex -14.8448 18.0884 81
    endloop
  endfacet
  facet normal -0.671547 0.740962 0
    outer loop
      vertex -16.5463 16.5463 81
      vertex -14.8448 18.0884 26
      vertex -16.5463 16.5463 26
    endloop
  endfacet
  facet normal 0.941547 -0.336881 0
    outer loop
      vertex 21.6188 -8.95479 81
      vertex 22.3924 -6.79266 26
      vertex 22.3924 -6.79266 81
    endloop
  endfacet
  facet normal 0.941547 -0.336881 0
    outer loop
      vertex 22.3924 -6.79266 26
      vertex 21.6188 -8.95479 81
      vertex 21.6188 -8.95479 26
    endloop
  endfacet
  facet normal 0.989179 -0.146711 0
    outer loop
      vertex 22.9504 -4.56511 81
      vertex 23.2873 -2.2936 26
      vertex 23.2873 -2.2936 81
    endloop
  endfacet
  facet normal 0.989179 -0.146711 0
    outer loop
      vertex 23.2873 -2.2936 26
      vertex 22.9504 -4.56511 81
      vertex 22.9504 -4.56511 26
    endloop
  endfacet
  facet normal -0.857716 -0.514124 0
    outer loop
      vertex -19.4564 -13.0003 26
      vertex -20.637 -11.0307 81
      vertex -20.637 -11.0307 26
    endloop
  endfacet
  facet normal -0.857716 -0.514124 0
    outer loop
      vertex -20.637 -11.0307 81
      vertex -19.4564 -13.0003 26
      vertex -19.4564 -13.0003 81
    endloop
  endfacet
  facet normal -0.740962 -0.671547 0
    outer loop
      vertex -16.5463 -16.5463 26
      vertex -18.0884 -14.8448 81
      vertex -18.0884 -14.8448 26
    endloop
  endfacet
  facet normal -0.740962 -0.671547 0
    outer loop
      vertex -18.0884 -14.8448 81
      vertex -16.5463 -16.5463 26
      vertex -16.5463 -16.5463 81
    endloop
  endfacet
  facet normal -0.336881 0.941547 0
    outer loop
      vertex -6.79266 22.3924 26
      vertex -8.95479 21.6188 81
      vertex -6.79266 22.3924 81
    endloop
  endfacet
  facet normal -0.336881 0.941547 0
    outer loop
      vertex -8.95479 21.6188 81
      vertex -6.79266 22.3924 26
      vertex -8.95479 21.6188 26
    endloop
  endfacet
  facet normal -0.514124 -0.857716 0
    outer loop
      vertex -13.0003 -19.4564 26
      vertex -11.0307 -20.637 81
      vertex -13.0003 -19.4564 81
    endloop
  endfacet
  facet normal -0.514124 -0.857716 -0
    outer loop
      vertex -11.0307 -20.637 81
      vertex -13.0003 -19.4564 26
      vertex -11.0307 -20.637 26
    endloop
  endfacet
  facet normal -0.0490775 0.998795 0
    outer loop
      vertex 0 23.4 26
      vertex -2.2936 23.2873 81
      vertex 0 23.4 81
    endloop
  endfacet
  facet normal -0.0490775 0.998795 0
    outer loop
      vertex -2.2936 23.2873 81
      vertex 0 23.4 26
      vertex -2.2936 23.2873 26
    endloop
  endfacet
  facet normal 0.336881 0.941547 -0
    outer loop
      vertex 8.95479 21.6188 26
      vertex 6.79266 22.3924 81
      vertex 8.95479 21.6188 81
    endloop
  endfacet
  facet normal 0.336881 0.941547 0
    outer loop
      vertex 6.79266 22.3924 81
      vertex 8.95479 21.6188 26
      vertex 6.79266 22.3924 26
    endloop
  endfacet
  facet normal -0.427544 -0.903995 2.74855e-07
    outer loop
      vertex -11.0307 -20.637 81
      vertex -10.5 -20.888 61.75
      vertex -8.95479 -21.6188 81
    endloop
  endfacet
  facet normal -0.427552 -0.903991 0
    outer loop
      vertex -11.0307 -20.637 26
      vertex -10.5 -20.888 61.75
      vertex -11.0307 -20.637 81
    endloop
  endfacet
  facet normal -0.427552 -0.903991 -0
    outer loop
      vertex -10.5 -20.888 61.75
      vertex -11.0307 -20.637 26
      vertex -10.5 -20.888 39.75
    endloop
  endfacet
  facet normal -0.427544 -0.903995 -3.84796e-07
    outer loop
      vertex -8.95479 -21.6188 26
      vertex -10.5 -20.888 39.75
      vertex -11.0307 -20.637 26
    endloop
  endfacet
  facet normal -0.427541 -0.903996 0
    outer loop
      vertex -10.5 -20.888 39.75
      vertex -8.95479 -21.6188 26
      vertex -8.95479 -21.6188 39.75
    endloop
  endfacet
  facet normal -0.427541 -0.903996 -0
    outer loop
      vertex -8.95479 -21.6188 81
      vertex -10.5 -20.888 61.75
      vertex -8.95479 -21.6188 61.75
    endloop
  endfacet
  facet normal -0.803202 -0.595706 0
    outer loop
      vertex -18.0884 -14.8448 26
      vertex -19.4564 -13.0003 81
      vertex -19.4564 -13.0003 26
    endloop
  endfacet
  facet normal -0.803202 -0.595706 0
    outer loop
      vertex -19.4564 -13.0003 81
      vertex -18.0884 -14.8448 26
      vertex -18.0884 -14.8448 81
    endloop
  endfacet
  facet normal -0.989179 -0.146711 0
    outer loop
      vertex -22.9504 -4.56511 26
      vertex -23.2873 -2.2936 81
      vertex -23.2873 -2.2936 26
    endloop
  endfacet
  facet normal -0.989179 -0.146711 0
    outer loop
      vertex -23.2873 -2.2936 81
      vertex -22.9504 -4.56511 26
      vertex -22.9504 -4.56511 81
    endloop
  endfacet
  facet normal -0.903995 0.427544 0
    outer loop
      vertex -21.6188 8.95479 26
      vertex -20.637 11.0307 81
      vertex -20.637 11.0307 26
    endloop
  endfacet
  facet normal -0.903995 0.427544 0
    outer loop
      vertex -20.637 11.0307 81
      vertex -21.6188 8.95479 26
      vertex -21.6188 8.95479 81
    endloop
  endfacet
  facet normal 0.514124 -0.857716 0
    outer loop
      vertex 11.0307 -20.637 26
      vertex 13.0003 -19.4564 81
      vertex 11.0307 -20.637 81
    endloop
  endfacet
  facet normal 0.514124 -0.857716 0
    outer loop
      vertex 13.0003 -19.4564 81
      vertex 11.0307 -20.637 26
      vertex 13.0003 -19.4564 26
    endloop
  endfacet
  facet normal -0.671547 -0.740962 0
    outer loop
      vertex -16.5463 -16.5463 26
      vertex -14.8448 -18.0884 81
      vertex -16.5463 -16.5463 81
    endloop
  endfacet
  facet normal -0.671547 -0.740962 -0
    outer loop
      vertex -14.8448 -18.0884 81
      vertex -16.5463 -16.5463 26
      vertex -14.8448 -18.0884 26
    endloop
  endfacet
  facet normal -0.803202 0.595706 0
    outer loop
      vertex -19.4564 13.0003 26
      vertex -18.0884 14.8448 81
      vertex -18.0884 14.8448 26
    endloop
  endfacet
  facet normal -0.803202 0.595706 0
    outer loop
      vertex -18.0884 14.8448 81
      vertex -19.4564 13.0003 26
      vertex -19.4564 13.0003 81
    endloop
  endfacet
  facet normal -0.0490775 -0.998795 0
    outer loop
      vertex -2.2936 -23.2873 26
      vertex 0 -23.4 39.75
      vertex -2.2936 -23.2873 39.75
    endloop
  endfacet
  facet normal -0.0490775 -0.998795 -0
    outer loop
      vertex 0 -23.4 39.75
      vertex -2.2936 -23.2873 26
      vertex 0 -23.4 26
    endloop
  endfacet
  facet normal -0.0490775 -0.998795 0
    outer loop
      vertex -2.2936 -23.2873 61.75
      vertex 0 -23.4 81
      vertex -2.2936 -23.2873 81
    endloop
  endfacet
  facet normal -0.0490775 -0.998795 -0
    outer loop
      vertex 0 -23.4 81
      vertex -2.2936 -23.2873 61.75
      vertex 0 -23.4 61.75
    endloop
  endfacet
  facet normal -0.146711 -0.989179 0
    outer loop
      vertex -4.56511 -22.9504 26
      vertex -2.2936 -23.2873 39.75
      vertex -4.56511 -22.9504 39.75
    endloop
  endfacet
  facet normal -0.146711 -0.989179 -0
    outer loop
      vertex -2.2936 -23.2873 39.75
      vertex -4.56511 -22.9504 26
      vertex -2.2936 -23.2873 26
    endloop
  endfacet
  facet normal -0.146711 -0.989179 0
    outer loop
      vertex -4.56511 -22.9504 61.75
      vertex -2.2936 -23.2873 81
      vertex -4.56511 -22.9504 81
    endloop
  endfacet
  facet normal -0.146711 -0.989179 -0
    outer loop
      vertex -2.2936 -23.2873 81
      vertex -4.56511 -22.9504 61.75
      vertex -2.2936 -23.2873 61.75
    endloop
  endfacet
  facet normal -0.989179 0.146711 0
    outer loop
      vertex -23.2873 2.2936 26
      vertex -22.9504 4.56511 81
      vertex -22.9504 4.56511 26
    endloop
  endfacet
  facet normal -0.989179 0.146711 0
    outer loop
      vertex -22.9504 4.56511 81
      vertex -23.2873 2.2936 26
      vertex -23.2873 2.2936 81
    endloop
  endfacet
  facet normal -0.998795 0.0490775 0
    outer loop
      vertex -23.4 0 26
      vertex -23.2873 2.2936 81
      vertex -23.2873 2.2936 26
    endloop
  endfacet
  facet normal -0.998795 0.0490775 0
    outer loop
      vertex -23.2873 2.2936 81
      vertex -23.4 0 26
      vertex -23.4 0 81
    endloop
  endfacet
  facet normal -0.336881 -0.941547 0
    outer loop
      vertex -8.95479 -21.6188 61.75
      vertex -6.79266 -22.3924 81
      vertex -8.95479 -21.6188 81
    endloop
  endfacet
  facet normal -0.336881 -0.941547 -0
    outer loop
      vertex -6.79266 -22.3924 81
      vertex -8.95479 -21.6188 61.75
      vertex -6.79266 -22.3924 61.75
    endloop
  endfacet
  facet normal -0.336881 -0.941547 0
    outer loop
      vertex -8.95479 -21.6188 26
      vertex -6.79266 -22.3924 39.75
      vertex -8.95479 -21.6188 39.75
    endloop
  endfacet
  facet normal -0.336881 -0.941547 -0
    outer loop
      vertex -6.79266 -22.3924 39.75
      vertex -8.95479 -21.6188 26
      vertex -6.79266 -22.3924 26
    endloop
  endfacet
  facet normal 0.671547 -0.740962 0
    outer loop
      vertex 14.8448 -18.0884 26
      vertex 16.5463 -16.5463 81
      vertex 14.8448 -18.0884 81
    endloop
  endfacet
  facet normal 0.671547 -0.740962 0
    outer loop
      vertex 16.5463 -16.5463 81
      vertex 14.8448 -18.0884 26
      vertex 16.5463 -16.5463 26
    endloop
  endfacet
  facet normal 0 0 1
    outer loop
      vertex 21 0 81
      vertex 23.4 0 81
      vertex 23.2873 2.2936 81
    endloop
  endfacet
  facet normal 0 0 1
    outer loop
      vertex 20.8989 2.05836 81
      vertex 23.2873 2.2936 81
      vertex 22.9504 4.56511 81
    endloop
  endfacet
  facet normal 0 0 1
    outer loop
      vertex 23.4 0 81
      vertex 21 0 81
      vertex 23.2873 -2.2936 81
    endloop
  endfacet
  facet normal 0 0 1
    outer loop
      vertex 20.5965 4.0969 81
      vertex 22.9504 4.56511 81
      vertex 22.3924 6.79266 81
    endloop
  endfacet
  facet normal -0 0 1
    outer loop
      vertex 20.8989 -2.05836 81
      vertex 23.2873 -2.2936 81
      vertex 21 0 81
    endloop
  endfacet
  facet normal 0 0 1
    outer loop
      vertex 20.0957 6.09598 81
      vertex 22.3924 6.79266 81
      vertex 21.6188 8.95479 81
    endloop
  endfacet
  facet normal 0 0 1
    outer loop
      vertex 23.2873 -2.2936 81
      vertex 20.8989 -2.05836 81
      vertex 22.9504 -4.56511 81
    endloop
  endfacet
  facet normal -0 0 1
    outer loop
      vertex 20.5965 -4.0969 81
      vertex 22.9504 -4.56511 81
      vertex 20.8989 -2.05836 81
    endloop
  endfacet
  facet normal 0 0 1
    outer loop
      vertex 23.2873 2.2936 81
      vertex 20.8989 2.05836 81
      vertex 21 0 81
    endloop
  endfacet
  facet normal 0 0 1
    outer loop
      vertex 19.4015 8.03635 81
      vertex 21.6188 8.95479 81
      vertex 20.637 11.0307 81
    endloop
  endfacet
  facet normal 0 0 1
    outer loop
      vertex 22.9504 4.56511 81
      vertex 20.5965 4.0969 81
      vertex 20.8989 2.05836 81
    endloop
  endfacet
  facet normal 0 0 1
    outer loop
      vertex 22.3924 6.79266 81
      vertex 20.0957 6.09598 81
      vertex 20.5965 4.0969 81
    endloop
  endfacet
  facet normal 0 0 1
    outer loop
      vertex 18.5203 9.89933 81
      vertex 20.637 11.0307 81
      vertex 19.4564 13.0003 81
    endloop
  endfacet
  facet normal 0 0 1
    outer loop
      vertex 21.6188 8.95479 81
      vertex 19.4015 8.03635 81
      vertex 20.0957 6.09598 81
    endloop
  endfacet
  facet normal 0 0 1
    outer loop
      vertex 20.637 11.0307 81
      vertex 18.5203 9.89933 81
      vertex 19.4015 8.03635 81
    endloop
  endfacet
  facet normal 0 0 1
    outer loop
      vertex 17.4609 11.667 81
      vertex 19.4564 13.0003 81
      vertex 18.0884 14.8448 81
    endloop
  endfacet
  facet normal 0 0 1
    outer loop
      vertex 19.4564 13.0003 81
      vertex 17.4609 11.667 81
      vertex 18.5203 9.89933 81
    endloop
  endfacet
  facet normal 0 0 1
    outer loop
      vertex 16.2332 13.3223 81
      vertex 18.0884 14.8448 81
      vertex 16.5463 16.5463 81
    endloop
  endfacet
  facet normal 0 0 1
    outer loop
      vertex 18.0884 14.8448 81
      vertex 16.2332 13.3223 81
      vertex 17.4609 11.667 81
    endloop
  endfacet
  facet normal 0 0 1
    outer loop
      vertex 16.5463 16.5463 81
      vertex 14.8492 14.8492 81
      vertex 16.2332 13.3223 81
    endloop
  endfacet
  facet normal 0 0 1
    outer loop
      vertex 14.8448 18.0884 81
      vertex 14.8492 14.8492 81
      vertex 16.5463 16.5463 81
    endloop
  endfacet
  facet normal 0 0 1
    outer loop
      vertex 14.8448 18.0884 81
      vertex 13.3223 16.2332 81
      vertex 14.8492 14.8492 81
    endloop
  endfacet
  facet normal 0 0 1
    outer loop
      vertex 13.0003 19.4564 81
      vertex 13.3223 16.2332 81
      vertex 14.8448 18.0884 81
    endloop
  endfacet
  facet normal 0 0 1
    outer loop
      vertex 13.0003 19.4564 81
      vertex 11.667 17.4609 81
      vertex 13.3223 16.2332 81
    endloop
  endfacet
  facet normal 0 0 1
    outer loop
      vertex 11.0307 20.637 81
      vertex 11.667 17.4609 81
      vertex 13.0003 19.4564 81
    endloop
  endfacet
  facet normal 0 0 1
    outer loop
      vertex 11.0307 20.637 81
      vertex 9.89933 18.5203 81
      vertex 11.667 17.4609 81
    endloop
  endfacet
  facet normal 0 0 1
    outer loop
      vertex 8.95479 21.6188 81
      vertex 9.89933 18.5203 81
      vertex 11.0307 20.637 81
    endloop
  endfacet
  facet normal 0 0 1
    outer loop
      vertex 8.95479 21.6188 81
      vertex 8.03635 19.4015 81
      vertex 9.89933 18.5203 81
    endloop
  endfacet
  facet normal 0 0 1
    outer loop
      vertex 6.79266 22.3924 81
      vertex 8.03635 19.4015 81
      vertex 8.95479 21.6188 81
    endloop
  endfacet
  facet normal 0 0 1
    outer loop
      vertex 6.79266 22.3924 81
      vertex 6.09598 20.0957 81
      vertex 8.03635 19.4015 81
    endloop
  endfacet
  facet normal 0 0 1
    outer loop
      vertex 4.56511 22.9504 81
      vertex 6.09598 20.0957 81
      vertex 6.79266 22.3924 81
    endloop
  endfacet
  facet normal 0 0 1
    outer loop
      vertex 4.56511 22.9504 81
      vertex 4.0969 20.5965 81
      vertex 6.09598 20.0957 81
    endloop
  endfacet
  facet normal 0 0 1
    outer loop
      vertex 2.2936 23.2873 81
      vertex 4.0969 20.5965 81
      vertex 4.56511 22.9504 81
    endloop
  endfacet
  facet normal 0 0 1
    outer loop
      vertex 2.2936 23.2873 81
      vertex 2.05836 20.8989 81
      vertex 4.0969 20.5965 81
    endloop
  endfacet
  facet normal 0 0 1
    outer loop
      vertex 0 23.4 81
      vertex 2.05836 20.8989 81
      vertex 2.2936 23.2873 81
    endloop
  endfacet
  facet normal 0 0 1
    outer loop
      vertex 0 23.4 81
      vertex 0 21 81
      vertex 2.05836 20.8989 81
    endloop
  endfacet
  facet normal 0 0 1
    outer loop
      vertex 0 23.4 81
      vertex -2.05836 20.8989 81
      vertex 0 21 81
    endloop
  endfacet
  facet normal -0 0 1
    outer loop
      vertex -2.2936 23.2873 81
      vertex -2.05836 20.8989 81
      vertex 0 23.4 81
    endloop
  endfacet
  facet normal 0 0 1
    outer loop
      vertex -2.2936 23.2873 81
      vertex -4.0969 20.5965 81
      vertex -2.05836 20.8989 81
    endloop
  endfacet
  facet normal -0 0 1
    outer loop
      vertex -4.56511 22.9504 81
      vertex -4.0969 20.5965 81
      vertex -2.2936 23.2873 81
    endloop
  endfacet
  facet normal 0 0 1
    outer loop
      vertex -4.56511 22.9504 81
      vertex -6.09598 20.0957 81
      vertex -4.0969 20.5965 81
    endloop
  endfacet
  facet normal -0 0 1
    outer loop
      vertex -6.79266 22.3924 81
      vertex -6.09598 20.0957 81
      vertex -4.56511 22.9504 81
    endloop
  endfacet
  facet normal 0 0 1
    outer loop
      vertex -6.79266 22.3924 81
      vertex -8.03635 19.4015 81
      vertex -6.09598 20.0957 81
    endloop
  endfacet
  facet normal -0 0 1
    outer loop
      vertex -8.95479 21.6188 81
      vertex -8.03635 19.4015 81
      vertex -6.79266 22.3924 81
    endloop
  endfacet
  facet normal 0 0 1
    outer loop
      vertex -8.95479 21.6188 81
      vertex -9.89933 18.5203 81
      vertex -8.03635 19.4015 81
    endloop
  endfacet
  facet normal -0 0 1
    outer loop
      vertex -11.0307 20.637 81
      vertex -9.89933 18.5203 81
      vertex -8.95479 21.6188 81
    endloop
  endfacet
  facet normal 0 0 1
    outer loop
      vertex -11.0307 20.637 81
      vertex -11.667 17.4609 81
      vertex -9.89933 18.5203 81
    endloop
  endfacet
  facet normal -0 0 1
    outer loop
      vertex -13.0003 19.4564 81
      vertex -11.667 17.4609 81
      vertex -11.0307 20.637 81
    endloop
  endfacet
  facet normal 0 0 1
    outer loop
      vertex -13.0003 19.4564 81
      vertex -13.3223 16.2332 81
      vertex -11.667 17.4609 81
    endloop
  endfacet
  facet normal -0 0 1
    outer loop
      vertex -14.8448 18.0884 81
      vertex -13.3223 16.2332 81
      vertex -13.0003 19.4564 81
    endloop
  endfacet
  facet normal 0 0 1
    outer loop
      vertex -14.8448 18.0884 81
      vertex -14.8492 14.8492 81
      vertex -13.3223 16.2332 81
    endloop
  endfacet
  facet normal -0 0 1
    outer loop
      vertex -16.5463 16.5463 81
      vertex -14.8492 14.8492 81
      vertex -14.8448 18.0884 81
    endloop
  endfacet
  facet normal 0 0 1
    outer loop
      vertex -14.8492 14.8492 81
      vertex -16.5463 16.5463 81
      vertex -16.2332 13.3223 81
    endloop
  endfacet
  facet normal -0 0 1
    outer loop
      vertex -18.0884 14.8448 81
      vertex -16.2332 13.3223 81
      vertex -16.5463 16.5463 81
    endloop
  endfacet
  facet normal 0 0 1
    outer loop
      vertex -16.2332 13.3223 81
      vertex -18.0884 14.8448 81
      vertex -17.4609 11.667 81
    endloop
  endfacet
  facet normal -0 0 1
    outer loop
      vertex -19.4564 13.0003 81
      vertex -17.4609 11.667 81
      vertex -18.0884 14.8448 81
    endloop
  endfacet
  facet normal 0 0 1
    outer loop
      vertex -17.4609 11.667 81
      vertex -19.4564 13.0003 81
      vertex -18.5203 9.89933 81
    endloop
  endfacet
  facet normal -0 0 1
    outer loop
      vertex -20.637 11.0307 81
      vertex -18.5203 9.89933 81
      vertex -19.4564 13.0003 81
    endloop
  endfacet
  facet normal 0 0 1
    outer loop
      vertex -18.5203 9.89933 81
      vertex -20.637 11.0307 81
      vertex -19.4015 8.03635 81
    endloop
  endfacet
  facet normal -0 0 1
    outer loop
      vertex -21.6188 8.95479 81
      vertex -19.4015 8.03635 81
      vertex -20.637 11.0307 81
    endloop
  endfacet
  facet normal 0 0 1
    outer loop
      vertex -19.4015 8.03635 81
      vertex -21.6188 8.95479 81
      vertex -20.0957 6.09598 81
    endloop
  endfacet
  facet normal -0 0 1
    outer loop
      vertex -22.3924 6.79266 81
      vertex -20.0957 6.09598 81
      vertex -21.6188 8.95479 81
    endloop
  endfacet
  facet normal 0 0 1
    outer loop
      vertex -20.0957 6.09598 81
      vertex -22.3924 6.79266 81
      vertex -20.5965 4.0969 81
    endloop
  endfacet
  facet normal -0 0 1
    outer loop
      vertex -22.9504 4.56511 81
      vertex -20.5965 4.0969 81
      vertex -22.3924 6.79266 81
    endloop
  endfacet
  facet normal 0 0 1
    outer loop
      vertex 22.9504 -4.56511 81
      vertex 20.5965 -4.0969 81
      vertex 22.3924 -6.79266 81
    endloop
  endfacet
  facet normal -0 0 1
    outer loop
      vertex 20.0957 -6.09598 81
      vertex 22.3924 -6.79266 81
      vertex 20.5965 -4.0969 81
    endloop
  endfacet
  facet normal 0 0 1
    outer loop
      vertex 22.3924 -6.79266 81
      vertex 20.0957 -6.09598 81
      vertex 21.6188 -8.95479 81
    endloop
  endfacet
  facet normal -0 0 1
    outer loop
      vertex 19.4015 -8.03635 81
      vertex 21.6188 -8.95479 81
      vertex 20.0957 -6.09598 81
    endloop
  endfacet
  facet normal 0 0 1
    outer loop
      vertex 21.6188 -8.95479 81
      vertex 19.4015 -8.03635 81
      vertex 20.637 -11.0307 81
    endloop
  endfacet
  facet normal -0 0 1
    outer loop
      vertex 18.5203 -9.89933 81
      vertex 20.637 -11.0307 81
      vertex 19.4015 -8.03635 81
    endloop
  endfacet
  facet normal 0 0 1
    outer loop
      vertex 20.637 -11.0307 81
      vertex 18.5203 -9.89933 81
      vertex 19.4564 -13.0003 81
    endloop
  endfacet
  facet normal -0 0 1
    outer loop
      vertex 17.4609 -11.667 81
      vertex 19.4564 -13.0003 81
      vertex 18.5203 -9.89933 81
    endloop
  endfacet
  facet normal 0 0 1
    outer loop
      vertex 19.4564 -13.0003 81
      vertex 17.4609 -11.667 81
      vertex 18.0884 -14.8448 81
    endloop
  endfacet
  facet normal -0 0 1
    outer loop
      vertex 16.2332 -13.3223 81
      vertex 18.0884 -14.8448 81
      vertex 17.4609 -11.667 81
    endloop
  endfacet
  facet normal 0 0 1
    outer loop
      vertex 18.0884 -14.8448 81
      vertex 16.2332 -13.3223 81
      vertex 16.5463 -16.5463 81
    endloop
  endfacet
  facet normal -0 0 1
    outer loop
      vertex 14.8492 -14.8492 81
      vertex 16.5463 -16.5463 81
      vertex 16.2332 -13.3223 81
    endloop
  endfacet
  facet normal 0 0 1
    outer loop
      vertex 14.8492 -14.8492 81
      vertex 14.8448 -18.0884 81
      vertex 16.5463 -16.5463 81
    endloop
  endfacet
  facet normal -0 0 1
    outer loop
      vertex 13.3223 -16.2332 81
      vertex 14.8448 -18.0884 81
      vertex 14.8492 -14.8492 81
    endloop
  endfacet
  facet normal 0 0 1
    outer loop
      vertex 13.3223 -16.2332 81
      vertex 13.0003 -19.4564 81
      vertex 14.8448 -18.0884 81
    endloop
  endfacet
  facet normal -0 0 1
    outer loop
      vertex 11.667 -17.4609 81
      vertex 13.0003 -19.4564 81
      vertex 13.3223 -16.2332 81
    endloop
  endfacet
  facet normal 0 0 1
    outer loop
      vertex 11.667 -17.4609 81
      vertex 11.0307 -20.637 81
      vertex 13.0003 -19.4564 81
    endloop
  endfacet
  facet normal -0 0 1
    outer loop
      vertex 9.89933 -18.5203 81
      vertex 11.0307 -20.637 81
      vertex 11.667 -17.4609 81
    endloop
  endfacet
  facet normal 0 0 1
    outer loop
      vertex 9.89933 -18.5203 81
      vertex 8.95479 -21.6188 81
      vertex 11.0307 -20.637 81
    endloop
  endfacet
  facet normal -0 0 1
    outer loop
      vertex 8.03635 -19.4015 81
      vertex 8.95479 -21.6188 81
      vertex 9.89933 -18.5203 81
    endloop
  endfacet
  facet normal 0 0 1
    outer loop
      vertex 8.03635 -19.4015 81
      vertex 6.79266 -22.3924 81
      vertex 8.95479 -21.6188 81
    endloop
  endfacet
  facet normal -0 0 1
    outer loop
      vertex 6.09598 -20.0957 81
      vertex 6.79266 -22.3924 81
      vertex 8.03635 -19.4015 81
    endloop
  endfacet
  facet normal 0 0 1
    outer loop
      vertex 6.09598 -20.0957 81
      vertex 4.56511 -22.9504 81
      vertex 6.79266 -22.3924 81
    endloop
  endfacet
  facet normal -0 0 1
    outer loop
      vertex 4.0969 -20.5965 81
      vertex 4.56511 -22.9504 81
      vertex 6.09598 -20.0957 81
    endloop
  endfacet
  facet normal 0 0 1
    outer loop
      vertex 4.0969 -20.5965 81
      vertex 2.2936 -23.2873 81
      vertex 4.56511 -22.9504 81
    endloop
  endfacet
  facet normal -0 0 1
    outer loop
      vertex 2.05836 -20.8989 81
      vertex 2.2936 -23.2873 81
      vertex 4.0969 -20.5965 81
    endloop
  endfacet
  facet normal -0 0 1
    outer loop
      vertex 0 -21 81
      vertex 2.2936 -23.2873 81
      vertex 2.05836 -20.8989 81
    endloop
  endfacet
  facet normal 0 0 1
    outer loop
      vertex 0 -21 81
      vertex 0 -23.4 81
      vertex 2.2936 -23.2873 81
    endloop
  endfacet
  facet normal 0 0 1
    outer loop
      vertex -2.05836 -20.8989 81
      vertex 0 -23.4 81
      vertex 0 -21 81
    endloop
  endfacet
  facet normal 0 0 1
    outer loop
      vertex -2.05836 -20.8989 81
      vertex -2.2936 -23.2873 81
      vertex 0 -23.4 81
    endloop
  endfacet
  facet normal 0 0 1
    outer loop
      vertex -4.0969 -20.5965 81
      vertex -2.2936 -23.2873 81
      vertex -2.05836 -20.8989 81
    endloop
  endfacet
  facet normal 0 0 1
    outer loop
      vertex -4.0969 -20.5965 81
      vertex -4.56511 -22.9504 81
      vertex -2.2936 -23.2873 81
    endloop
  endfacet
  facet normal 0 0 1
    outer loop
      vertex -6.09598 -20.0957 81
      vertex -4.56511 -22.9504 81
      vertex -4.0969 -20.5965 81
    endloop
  endfacet
  facet normal 0 0 1
    outer loop
      vertex -6.09598 -20.0957 81
      vertex -6.79266 -22.3924 81
      vertex -4.56511 -22.9504 81
    endloop
  endfacet
  facet normal 0 0 1
    outer loop
      vertex -8.03635 -19.4015 81
      vertex -6.79266 -22.3924 81
      vertex -6.09598 -20.0957 81
    endloop
  endfacet
  facet normal 0 0 1
    outer loop
      vertex -8.03635 -19.4015 81
      vertex -8.95479 -21.6188 81
      vertex -6.79266 -22.3924 81
    endloop
  endfacet
  facet normal 0 0 1
    outer loop
      vertex -9.89933 -18.5203 81
      vertex -8.95479 -21.6188 81
      vertex -8.03635 -19.4015 81
    endloop
  endfacet
  facet normal 0 0 1
    outer loop
      vertex -9.89933 -18.5203 81
      vertex -11.0307 -20.637 81
      vertex -8.95479 -21.6188 81
    endloop
  endfacet
  facet normal 0 0 1
    outer loop
      vertex -11.667 -17.4609 81
      vertex -11.0307 -20.637 81
      vertex -9.89933 -18.5203 81
    endloop
  endfacet
  facet normal 0 0 1
    outer loop
      vertex -11.667 -17.4609 81
      vertex -13.0003 -19.4564 81
      vertex -11.0307 -20.637 81
    endloop
  endfacet
  facet normal 0 0 1
    outer loop
      vertex -13.3223 -16.2332 81
      vertex -13.0003 -19.4564 81
      vertex -11.667 -17.4609 81
    endloop
  endfacet
  facet normal 0 0 1
    outer loop
      vertex -13.3223 -16.2332 81
      vertex -14.8448 -18.0884 81
      vertex -13.0003 -19.4564 81
    endloop
  endfacet
  facet normal 0 0 1
    outer loop
      vertex -14.8492 -14.8492 81
      vertex -14.8448 -18.0884 81
      vertex -13.3223 -16.2332 81
    endloop
  endfacet
  facet normal 0 0 1
    outer loop
      vertex -16.5463 -16.5463 81
      vertex -14.8492 -14.8492 81
      vertex -16.2332 -13.3223 81
    endloop
  endfacet
  facet normal 0 0 1
    outer loop
      vertex -14.8492 -14.8492 81
      vertex -16.5463 -16.5463 81
      vertex -14.8448 -18.0884 81
    endloop
  endfacet
  facet normal 0 0 1
    outer loop
      vertex -18.0884 -14.8448 81
      vertex -16.2332 -13.3223 81
      vertex -17.4609 -11.667 81
    endloop
  endfacet
  facet normal 0 0 1
    outer loop
      vertex -16.2332 -13.3223 81
      vertex -18.0884 -14.8448 81
      vertex -16.5463 -16.5463 81
    endloop
  endfacet
  facet normal 0 0 1
    outer loop
      vertex -19.4564 -13.0003 81
      vertex -17.4609 -11.667 81
      vertex -18.5203 -9.89933 81
    endloop
  endfacet
  facet normal 0 0 1
    outer loop
      vertex -20.637 -11.0307 81
      vertex -18.5203 -9.89933 81
      vertex -19.4015 -8.03635 81
    endloop
  endfacet
  facet normal 0 0 1
    outer loop
      vertex -17.4609 -11.667 81
      vertex -19.4564 -13.0003 81
      vertex -18.0884 -14.8448 81
    endloop
  endfacet
  facet normal 0 0 1
    outer loop
      vertex -21.6188 -8.95479 81
      vertex -19.4015 -8.03635 81
      vertex -20.0957 -6.09598 81
    endloop
  endfacet
  facet normal 0 0 1
    outer loop
      vertex -22.3924 -6.79266 81
      vertex -20.0957 -6.09598 81
      vertex -20.5965 -4.0969 81
    endloop
  endfacet
  facet normal 0 0 1
    outer loop
      vertex -18.5203 -9.89933 81
      vertex -20.637 -11.0307 81
      vertex -19.4564 -13.0003 81
    endloop
  endfacet
  facet normal 0 0 1
    outer loop
      vertex -22.9504 -4.56511 81
      vertex -20.5965 -4.0969 81
      vertex -20.8989 -2.05836 81
    endloop
  endfacet
  facet normal 0 0 1
    outer loop
      vertex -23.2873 -2.2936 81
      vertex -20.8989 -2.05836 81
      vertex -21 0 81
    endloop
  endfacet
  facet normal 0 0 1
    outer loop
      vertex -20.5965 4.0969 81
      vertex -22.9504 4.56511 81
      vertex -20.8989 2.05836 81
    endloop
  endfacet
  facet normal 0 0 1
    outer loop
      vertex -19.4015 -8.03635 81
      vertex -21.6188 -8.95479 81
      vertex -20.637 -11.0307 81
    endloop
  endfacet
  facet normal -0 0 1
    outer loop
      vertex -23.2873 2.2936 81
      vertex -20.8989 2.05836 81
      vertex -22.9504 4.56511 81
    endloop
  endfacet
  facet normal 0 0 1
    outer loop
      vertex -20.0957 -6.09598 81
      vertex -22.3924 -6.79266 81
      vertex -21.6188 -8.95479 81
    endloop
  endfacet
  facet normal 0 0 1
    outer loop
      vertex -20.8989 2.05836 81
      vertex -23.2873 2.2936 81
      vertex -21 0 81
    endloop
  endfacet
  facet normal 0 0 1
    outer loop
      vertex -20.5965 -4.0969 81
      vertex -22.9504 -4.56511 81
      vertex -22.3924 -6.79266 81
    endloop
  endfacet
  facet normal 0 0 1
    outer loop
      vertex -23.4 0 81
      vertex -21 0 81
      vertex -23.2873 2.2936 81
    endloop
  endfacet
  facet normal 0 0 1
    outer loop
      vertex -20.8989 -2.05836 81
      vertex -23.2873 -2.2936 81
      vertex -22.9504 -4.56511 81
    endloop
  endfacet
  facet normal 0 0 1
    outer loop
      vertex -21 0 81
      vertex -23.4 0 81
      vertex -23.2873 -2.2936 81
    endloop
  endfacet
  facet normal -0.386391 0.816981 -0.42807
    outer loop
      vertex -4.23631 10.2273 0
      vertex -11.0307 20.637 26
      vertex -8.95479 21.6188 26
    endloop
  endfacet
  facet normal 0.816991 -0.386371 -0.428069
    outer loop
      vertex 20.637 -11.0307 26
      vertex 9.76287 -5.21836 0
      vertex 10.2273 -4.23631 0
    endloop
  endfacet
  facet normal -0.219603 -0.876659 -0.428069
    outer loop
      vertex -4.56511 -22.9504 26
      vertex -6.79266 -22.3924 26
      vertex -3.21345 -10.5933 0
    endloop
  endfacet
  facet normal 0.902658 0.0443536 -0.428068
    outer loop
      vertex 23.4 0 26
      vertex 11.07 0 0
      vertex 23.2873 2.2936 26
    endloop
  endfacet
  facet normal 0.902658 0.0443405 -0.428067
    outer loop
      vertex 11.07 0 0
      vertex 11.0167 1.08505 0
      vertex 23.2873 2.2936 26
    endloop
  endfacet
  facet normal 0.464638 0.775158 -0.428068
    outer loop
      vertex 13.0003 19.4564 26
      vertex 6.15016 9.20437 0
      vertex 11.0307 20.637 26
    endloop
  endfacet
  facet normal -0.304455 0.850919 -0.42807
    outer loop
      vertex -4.23631 10.2273 0
      vertex -8.95479 21.6188 26
      vertex -6.79266 22.3924 26
    endloop
  endfacet
  facet normal -0.304474 -0.850913 -0.428069
    outer loop
      vertex -3.21345 -10.5933 0
      vertex -6.79266 -22.3924 26
      vertex -4.23631 -10.2273 0
    endloop
  endfacet
  facet normal 0.219621 -0.876655 -0.428068
    outer loop
      vertex 4.56511 -22.9504 26
      vertex 2.15965 -10.8573 0
      vertex 3.21345 -10.5933 0
    endloop
  endfacet
  facet normal -0.464638 0.775158 -0.428068
    outer loop
      vertex -6.15016 9.20437 0
      vertex -13.0003 19.4564 26
      vertex -11.0307 20.637 26
    endloop
  endfacet
  facet normal 0.876655 -0.219621 -0.428068
    outer loop
      vertex 22.9504 -4.56511 26
      vertex 10.5933 -3.21345 0
      vertex 10.8573 -2.15965 0
    endloop
  endfacet
  facet normal -0.386391 -0.816981 -0.42807
    outer loop
      vertex -8.95479 -21.6188 26
      vertex -11.0307 -20.637 26
      vertex -4.23631 -10.2273 0
    endloop
  endfacet
  facet normal -0.876659 -0.219603 -0.428069
    outer loop
      vertex -22.3924 -6.79266 26
      vertex -22.9504 -4.56511 26
      vertex -10.5933 -3.21345 0
    endloop
  endfacet
  facet normal 0.304474 -0.850913 -0.428069
    outer loop
      vertex 6.79266 -22.3924 26
      vertex 3.21345 -10.5933 0
      vertex 4.23631 -10.2273 0
    endloop
  endfacet
  facet normal -0.606922 0.66963 -0.428067
    outer loop
      vertex -7.82767 7.82767 0
      vertex -14.8448 18.0884 26
      vertex -7.02273 8.55723 0
    endloop
  endfacet
  facet normal 0.850919 -0.304455 -0.42807
    outer loop
      vertex 21.6188 -8.95479 26
      vertex 10.2273 -4.23631 0
      vertex 22.3924 -6.79266 26
    endloop
  endfacet
  facet normal -0.893968 0.132589 -0.428068
    outer loop
      vertex -11.0167 1.08505 0
      vertex -23.2873 2.2936 26
      vertex -22.9504 4.56511 26
    endloop
  endfacet
  facet normal 0.893965 -0.132606 -0.428069
    outer loop
      vertex 22.9504 -4.56511 26
      vertex 10.8573 -2.15965 0
      vertex 11.0167 -1.08505 0
    endloop
  endfacet
  facet normal -0.304474 0.850913 -0.428069
    outer loop
      vertex -4.23631 10.2273 0
      vertex -6.79266 22.3924 26
      vertex -3.21345 10.5933 0
    endloop
  endfacet
  facet normal -0.725897 -0.53836 -0.428067
    outer loop
      vertex -8.55723 -7.02273 0
      vertex -18.0884 -14.8448 26
      vertex -9.20437 -6.15016 0
    endloop
  endfacet
  facet normal -0.606922 -0.66963 -0.428067
    outer loop
      vertex -7.02273 -8.55723 0
      vertex -14.8448 -18.0884 26
      vertex -7.82767 -7.82767 0
    endloop
  endfacet
  facet normal 0.725897 -0.53836 -0.428067
    outer loop
      vertex 18.0884 -14.8448 26
      vertex 8.55723 -7.02273 0
      vertex 9.20437 -6.15016 0
    endloop
  endfacet
  facet normal 0.816981 -0.386391 -0.42807
    outer loop
      vertex 20.637 -11.0307 26
      vertex 10.2273 -4.23631 0
      vertex 21.6188 -8.95479 26
    endloop
  endfacet
  facet normal 0.219621 0.876655 -0.428068
    outer loop
      vertex 3.21345 10.5933 0
      vertex 2.15965 10.8573 0
      vertex 4.56511 22.9504 26
    endloop
  endfacet
  facet normal 0.775158 -0.464638 -0.428068
    outer loop
      vertex 19.4564 -13.0003 26
      vertex 9.20437 -6.15016 0
      vertex 20.637 -11.0307 26
    endloop
  endfacet
  facet normal -0.386371 0.816991 -0.428069
    outer loop
      vertex -5.21836 9.76287 0
      vertex -11.0307 20.637 26
      vertex -4.23631 10.2273 0
    endloop
  endfacet
  facet normal 0.669642 -0.606908 -0.428068
    outer loop
      vertex 16.5463 -16.5463 26
      vertex 7.82767 -7.82767 0
      vertex 18.0884 -14.8448 26
    endloop
  endfacet
  facet normal 0.775168 -0.464619 -0.428069
    outer loop
      vertex 20.637 -11.0307 26
      vertex 9.20437 -6.15016 0
      vertex 9.76287 -5.21836 0
    endloop
  endfacet
  facet normal 0.850913 -0.304474 -0.428069
    outer loop
      vertex 22.3924 -6.79266 26
      vertex 10.2273 -4.23631 0
      vertex 10.5933 -3.21345 0
    endloop
  endfacet
  facet normal 0.0443536 0.902658 -0.428068
    outer loop
      vertex 2.2936 23.2873 26
      vertex 0 11.07 0
      vertex 0 23.4 26
    endloop
  endfacet
  facet normal -0.219603 0.876659 -0.428069
    outer loop
      vertex -3.21345 10.5933 0
      vertex -6.79266 22.3924 26
      vertex -4.56511 22.9504 26
    endloop
  endfacet
  facet normal -0.538368 0.725891 -0.428068
    outer loop
      vertex -6.15016 9.20437 0
      vertex -14.8448 18.0884 26
      vertex -13.0003 19.4564 26
    endloop
  endfacet
  facet normal 0.893968 -0.132589 -0.428068
    outer loop
      vertex 22.9504 -4.56511 26
      vertex 11.0167 -1.08505 0
      vertex 23.2873 -2.2936 26
    endloop
  endfacet
  facet normal 0.725891 -0.538368 -0.428068
    outer loop
      vertex 18.0884 -14.8448 26
      vertex 9.20437 -6.15016 0
      vertex 19.4564 -13.0003 26
    endloop
  endfacet
  facet normal 0.902658 -0.0443405 -0.428067
    outer loop
      vertex 23.2873 -2.2936 26
      vertex 11.0167 -1.08505 0
      vertex 11.07 0 0
    endloop
  endfacet
  facet normal 0.902658 -0.0443536 -0.428068
    outer loop
      vertex 23.2873 -2.2936 26
      vertex 11.07 0 0
      vertex 23.4 0 26
    endloop
  endfacet
  facet normal 0.0443405 -0.902658 -0.428067
    outer loop
      vertex 2.2936 -23.2873 26
      vertex 0 -11.07 0
      vertex 1.08505 -11.0167 0
    endloop
  endfacet
  facet normal 0.386371 0.816991 -0.428069
    outer loop
      vertex 5.21836 9.76287 0
      vertex 4.23631 10.2273 0
      vertex 11.0307 20.637 26
    endloop
  endfacet
  facet normal -0.893968 -0.132589 -0.428068
    outer loop
      vertex -22.9504 -4.56511 26
      vertex -23.2873 -2.2936 26
      vertex -11.0167 -1.08505 0
    endloop
  endfacet
  facet normal -0.893965 -0.132606 -0.428069
    outer loop
      vertex -10.8573 -2.15965 0
      vertex -22.9504 -4.56511 26
      vertex -11.0167 -1.08505 0
    endloop
  endfacet
  facet normal -0.876655 0.219621 -0.428068
    outer loop
      vertex -10.8573 2.15965 0
      vertex -22.9504 4.56511 26
      vertex -10.5933 3.21345 0
    endloop
  endfacet
  facet normal -0.132606 0.893965 -0.428069
    outer loop
      vertex -2.15965 10.8573 0
      vertex -4.56511 22.9504 26
      vertex -1.08505 11.0167 0
    endloop
  endfacet
  facet normal 0.132589 -0.893968 -0.428068
    outer loop
      vertex 2.2936 -23.2873 26
      vertex 1.08505 -11.0167 0
      vertex 4.56511 -22.9504 26
    endloop
  endfacet
  facet normal -0.816981 -0.386391 -0.42807
    outer loop
      vertex -20.637 -11.0307 26
      vertex -21.6188 -8.95479 26
      vertex -10.2273 -4.23631 0
    endloop
  endfacet
  facet normal -0.386371 -0.816991 -0.428069
    outer loop
      vertex -4.23631 -10.2273 0
      vertex -11.0307 -20.637 26
      vertex -5.21836 -9.76287 0
    endloop
  endfacet
  facet normal 0.0443536 -0.902658 -0.428068
    outer loop
      vertex 2.2936 -23.2873 26
      vertex 0 -23.4 26
      vertex 0 -11.07 0
    endloop
  endfacet
  facet normal -0.669642 0.606908 -0.428068
    outer loop
      vertex -7.82767 7.82767 0
      vertex -18.0884 14.8448 26
      vertex -16.5463 16.5463 26
    endloop
  endfacet
  facet normal -0.132589 0.893968 -0.428068
    outer loop
      vertex -1.08505 11.0167 0
      vertex -4.56511 22.9504 26
      vertex -2.2936 23.2873 26
    endloop
  endfacet
  facet normal -0.876659 0.219603 -0.428069
    outer loop
      vertex -10.5933 3.21345 0
      vertex -22.9504 4.56511 26
      vertex -22.3924 6.79266 26
    endloop
  endfacet
  facet normal 0.219603 -0.876659 -0.428069
    outer loop
      vertex 4.56511 -22.9504 26
      vertex 3.21345 -10.5933 0
      vertex 6.79266 -22.3924 26
    endloop
  endfacet
  facet normal 0.66963 -0.606922 -0.428067
    outer loop
      vertex 18.0884 -14.8448 26
      vertex 7.82767 -7.82767 0
      vertex 8.55723 -7.02273 0
    endloop
  endfacet
  facet normal -0.775168 0.464619 -0.428069
    outer loop
      vertex -9.76287 5.21836 0
      vertex -20.637 11.0307 26
      vertex -9.20437 6.15016 0
    endloop
  endfacet
  facet normal 0.219603 0.876659 -0.428069
    outer loop
      vertex 6.79266 22.3924 26
      vertex 3.21345 10.5933 0
      vertex 4.56511 22.9504 26
    endloop
  endfacet
  facet normal -0.775158 -0.464638 -0.428068
    outer loop
      vertex -19.4564 -13.0003 26
      vertex -20.637 -11.0307 26
      vertex -9.20437 -6.15016 0
    endloop
  endfacet
  facet normal -0.53836 0.725897 -0.428067
    outer loop
      vertex -7.02273 8.55723 0
      vertex -14.8448 18.0884 26
      vertex -6.15016 9.20437 0
    endloop
  endfacet
  facet normal 0.876659 -0.219603 -0.428069
    outer loop
      vertex 22.3924 -6.79266 26
      vertex 10.5933 -3.21345 0
      vertex 22.9504 -4.56511 26
    endloop
  endfacet
  facet normal -0.850919 -0.304455 -0.42807
    outer loop
      vertex -21.6188 -8.95479 26
      vertex -22.3924 -6.79266 26
      vertex -10.2273 -4.23631 0
    endloop
  endfacet
  facet normal -0.0443536 0.902658 -0.428068
    outer loop
      vertex 0 11.07 0
      vertex -2.2936 23.2873 26
      vertex 0 23.4 26
    endloop
  endfacet
  facet normal -0.538368 -0.725891 -0.428068
    outer loop
      vertex -13.0003 -19.4564 26
      vertex -14.8448 -18.0884 26
      vertex -6.15016 -9.20437 0
    endloop
  endfacet
  facet normal -0.850913 -0.304474 -0.428069
    outer loop
      vertex -10.2273 -4.23631 0
      vertex -22.3924 -6.79266 26
      vertex -10.5933 -3.21345 0
    endloop
  endfacet
  facet normal 0.464619 -0.775168 -0.428069
    outer loop
      vertex 11.0307 -20.637 26
      vertex 5.21836 -9.76287 0
      vertex 6.15016 -9.20437 0
    endloop
  endfacet
  facet normal -0.606908 -0.669642 -0.428068
    outer loop
      vertex -14.8448 -18.0884 26
      vertex -16.5463 -16.5463 26
      vertex -7.82767 -7.82767 0
    endloop
  endfacet
  facet normal -0.66963 -0.606922 -0.428067
    outer loop
      vertex -7.82767 -7.82767 0
      vertex -18.0884 -14.8448 26
      vertex -8.55723 -7.02273 0
    endloop
  endfacet
  facet normal -0.464619 -0.775168 -0.428069
    outer loop
      vertex -5.21836 -9.76287 0
      vertex -11.0307 -20.637 26
      vertex -6.15016 -9.20437 0
    endloop
  endfacet
  facet normal -0.464638 -0.775158 -0.428068
    outer loop
      vertex -11.0307 -20.637 26
      vertex -13.0003 -19.4564 26
      vertex -6.15016 -9.20437 0
    endloop
  endfacet
  facet normal -0.725891 0.538368 -0.428068
    outer loop
      vertex -9.20437 6.15016 0
      vertex -19.4564 13.0003 26
      vertex -18.0884 14.8448 26
    endloop
  endfacet
  facet normal 0.132589 0.893968 -0.428068
    outer loop
      vertex 4.56511 22.9504 26
      vertex 1.08505 11.0167 0
      vertex 2.2936 23.2873 26
    endloop
  endfacet
  facet normal -0.775158 0.464638 -0.428068
    outer loop
      vertex -9.20437 6.15016 0
      vertex -20.637 11.0307 26
      vertex -19.4564 13.0003 26
    endloop
  endfacet
  facet normal 0.132606 -0.893965 -0.428069
    outer loop
      vertex 4.56511 -22.9504 26
      vertex 1.08505 -11.0167 0
      vertex 2.15965 -10.8573 0
    endloop
  endfacet
  facet normal 0.304455 -0.850919 -0.42807
    outer loop
      vertex 6.79266 -22.3924 26
      vertex 4.23631 -10.2273 0
      vertex 8.95479 -21.6188 26
    endloop
  endfacet
  facet normal 0.464638 -0.775158 -0.428068
    outer loop
      vertex 11.0307 -20.637 26
      vertex 6.15016 -9.20437 0
      vertex 13.0003 -19.4564 26
    endloop
  endfacet
  facet normal -0.816981 0.386391 -0.42807
    outer loop
      vertex -10.2273 4.23631 0
      vertex -21.6188 8.95479 26
      vertex -20.637 11.0307 26
    endloop
  endfacet
  facet normal -0.902658 0.0443405 -0.428067
    outer loop
      vertex -11.07 0 0
      vertex -23.2873 2.2936 26
      vertex -11.0167 1.08505 0
    endloop
  endfacet
  facet normal -0.304455 -0.850919 -0.42807
    outer loop
      vertex -6.79266 -22.3924 26
      vertex -8.95479 -21.6188 26
      vertex -4.23631 -10.2273 0
    endloop
  endfacet
  facet normal 0.386391 -0.816981 -0.42807
    outer loop
      vertex 8.95479 -21.6188 26
      vertex 4.23631 -10.2273 0
      vertex 11.0307 -20.637 26
    endloop
  endfacet
  facet normal 0.386371 -0.816991 -0.428069
    outer loop
      vertex 11.0307 -20.637 26
      vertex 4.23631 -10.2273 0
      vertex 5.21836 -9.76287 0
    endloop
  endfacet
  facet normal -0.606908 0.669642 -0.428068
    outer loop
      vertex -7.82767 7.82767 0
      vertex -16.5463 16.5463 26
      vertex -14.8448 18.0884 26
    endloop
  endfacet
  facet normal -0.876655 -0.219621 -0.428068
    outer loop
      vertex -10.5933 -3.21345 0
      vertex -22.9504 -4.56511 26
      vertex -10.8573 -2.15965 0
    endloop
  endfacet
  facet normal -0.775168 -0.464619 -0.428069
    outer loop
      vertex -9.20437 -6.15016 0
      vertex -20.637 -11.0307 26
      vertex -9.76287 -5.21836 0
    endloop
  endfacet
  facet normal -0.66963 0.606922 -0.428067
    outer loop
      vertex -8.55723 7.02273 0
      vertex -18.0884 14.8448 26
      vertex -7.82767 7.82767 0
    endloop
  endfacet
  facet normal -0.725897 0.53836 -0.428067
    outer loop
      vertex -9.20437 6.15016 0
      vertex -18.0884 14.8448 26
      vertex -8.55723 7.02273 0
    endloop
  endfacet
  facet normal 0.538368 -0.725891 -0.428068
    outer loop
      vertex 13.0003 -19.4564 26
      vertex 6.15016 -9.20437 0
      vertex 14.8448 -18.0884 26
    endloop
  endfacet
  facet normal 0.606908 -0.669642 -0.428068
    outer loop
      vertex 14.8448 -18.0884 26
      vertex 7.82767 -7.82767 0
      vertex 16.5463 -16.5463 26
    endloop
  endfacet
  facet normal 0.725891 0.538368 -0.428068
    outer loop
      vertex 19.4564 13.0003 26
      vertex 9.20437 6.15016 0
      vertex 18.0884 14.8448 26
    endloop
  endfacet
  facet normal -0.816991 -0.386371 -0.428069
    outer loop
      vertex -9.76287 -5.21836 0
      vertex -20.637 -11.0307 26
      vertex -10.2273 -4.23631 0
    endloop
  endfacet
  facet normal -0.669642 -0.606908 -0.428068
    outer loop
      vertex -16.5463 -16.5463 26
      vertex -18.0884 -14.8448 26
      vertex -7.82767 -7.82767 0
    endloop
  endfacet
  facet normal 0.464619 0.775168 -0.428069
    outer loop
      vertex 6.15016 9.20437 0
      vertex 5.21836 9.76287 0
      vertex 11.0307 20.637 26
    endloop
  endfacet
  facet normal -0.0443536 -0.902658 -0.428068
    outer loop
      vertex 0 -23.4 26
      vertex -2.2936 -23.2873 26
      vertex 0 -11.07 0
    endloop
  endfacet
  facet normal -0.725891 -0.538368 -0.428068
    outer loop
      vertex -18.0884 -14.8448 26
      vertex -19.4564 -13.0003 26
      vertex -9.20437 -6.15016 0
    endloop
  endfacet
  facet normal 0.66963 0.606922 -0.428067
    outer loop
      vertex 8.55723 7.02273 0
      vertex 7.82767 7.82767 0
      vertex 18.0884 14.8448 26
    endloop
  endfacet
  facet normal -0.893965 0.132606 -0.428069
    outer loop
      vertex -11.0167 1.08505 0
      vertex -22.9504 4.56511 26
      vertex -10.8573 2.15965 0
    endloop
  endfacet
  facet normal -0.902658 0.0443536 -0.428068
    outer loop
      vertex -11.07 0 0
      vertex -23.4 0 26
      vertex -23.2873 2.2936 26
    endloop
  endfacet
  facet normal -0.850919 0.304455 -0.42807
    outer loop
      vertex -10.2273 4.23631 0
      vertex -22.3924 6.79266 26
      vertex -21.6188 8.95479 26
    endloop
  endfacet
  facet normal -0.219621 -0.876655 -0.428068
    outer loop
      vertex -2.15965 -10.8573 0
      vertex -4.56511 -22.9504 26
      vertex -3.21345 -10.5933 0
    endloop
  endfacet
  facet normal 0.386391 0.816981 -0.42807
    outer loop
      vertex 11.0307 20.637 26
      vertex 4.23631 10.2273 0
      vertex 8.95479 21.6188 26
    endloop
  endfacet
  facet normal 0.606922 -0.66963 -0.428067
    outer loop
      vertex 14.8448 -18.0884 26
      vertex 7.02273 -8.55723 0
      vertex 7.82767 -7.82767 0
    endloop
  endfacet
  facet normal -0.132606 -0.893965 -0.428069
    outer loop
      vertex -1.08505 -11.0167 0
      vertex -4.56511 -22.9504 26
      vertex -2.15965 -10.8573 0
    endloop
  endfacet
  facet normal 0.0443405 0.902658 -0.428067
    outer loop
      vertex 1.08505 11.0167 0
      vertex 0 11.07 0
      vertex 2.2936 23.2873 26
    endloop
  endfacet
  facet normal 0.606908 0.669642 -0.428068
    outer loop
      vertex 16.5463 16.5463 26
      vertex 7.82767 7.82767 0
      vertex 14.8448 18.0884 26
    endloop
  endfacet
  facet normal 0.53836 0.725897 -0.428067
    outer loop
      vertex 7.02273 8.55723 0
      vertex 6.15016 9.20437 0
      vertex 14.8448 18.0884 26
    endloop
  endfacet
  facet normal -0.53836 -0.725897 -0.428067
    outer loop
      vertex -6.15016 -9.20437 0
      vertex -14.8448 -18.0884 26
      vertex -7.02273 -8.55723 0
    endloop
  endfacet
  facet normal 0.53836 -0.725897 -0.428067
    outer loop
      vertex 14.8448 -18.0884 26
      vertex 6.15016 -9.20437 0
      vertex 7.02273 -8.55723 0
    endloop
  endfacet
  facet normal -0.219621 0.876655 -0.428068
    outer loop
      vertex -3.21345 10.5933 0
      vertex -4.56511 22.9504 26
      vertex -2.15965 10.8573 0
    endloop
  endfacet
  facet normal 0.538368 0.725891 -0.428068
    outer loop
      vertex 14.8448 18.0884 26
      vertex 6.15016 9.20437 0
      vertex 13.0003 19.4564 26
    endloop
  endfacet
  facet normal 0.816991 0.386371 -0.428069
    outer loop
      vertex 10.2273 4.23631 0
      vertex 9.76287 5.21836 0
      vertex 20.637 11.0307 26
    endloop
  endfacet
  facet normal -0.902658 -0.0443405 -0.428067
    outer loop
      vertex -11.0167 -1.08505 0
      vertex -23.2873 -2.2936 26
      vertex -11.07 0 0
    endloop
  endfacet
  facet normal -0.816991 0.386371 -0.428069
    outer loop
      vertex -10.2273 4.23631 0
      vertex -20.637 11.0307 26
      vertex -9.76287 5.21836 0
    endloop
  endfacet
  facet normal -0.850913 0.304474 -0.428069
    outer loop
      vertex -10.5933 3.21345 0
      vertex -22.3924 6.79266 26
      vertex -10.2273 4.23631 0
    endloop
  endfacet
  facet normal 0.304455 0.850919 -0.42807
    outer loop
      vertex 8.95479 21.6188 26
      vertex 4.23631 10.2273 0
      vertex 6.79266 22.3924 26
    endloop
  endfacet
  facet normal -0.902658 -0.0443536 -0.428068
    outer loop
      vertex -23.2873 -2.2936 26
      vertex -23.4 0 26
      vertex -11.07 0 0
    endloop
  endfacet
  facet normal -0.464619 0.775168 -0.428069
    outer loop
      vertex -6.15016 9.20437 0
      vertex -11.0307 20.637 26
      vertex -5.21836 9.76287 0
    endloop
  endfacet
  facet normal 0.725897 0.53836 -0.428067
    outer loop
      vertex 9.20437 6.15016 0
      vertex 8.55723 7.02273 0
      vertex 18.0884 14.8448 26
    endloop
  endfacet
  facet normal -0.132589 -0.893968 -0.428068
    outer loop
      vertex -2.2936 -23.2873 26
      vertex -4.56511 -22.9504 26
      vertex -1.08505 -11.0167 0
    endloop
  endfacet
  facet normal -0.0443405 -0.902658 -0.428067
    outer loop
      vertex 0 -11.07 0
      vertex -2.2936 -23.2873 26
      vertex -1.08505 -11.0167 0
    endloop
  endfacet
  facet normal 0.775158 0.464638 -0.428068
    outer loop
      vertex 20.637 11.0307 26
      vertex 9.20437 6.15016 0
      vertex 19.4564 13.0003 26
    endloop
  endfacet
  facet normal 0.775168 0.464619 -0.428069
    outer loop
      vertex 9.76287 5.21836 0
      vertex 9.20437 6.15016 0
      vertex 20.637 11.0307 26
    endloop
  endfacet
  facet normal 0.304474 0.850913 -0.428069
    outer loop
      vertex 4.23631 10.2273 0
      vertex 3.21345 10.5933 0
      vertex 6.79266 22.3924 26
    endloop
  endfacet
  facet normal 0 0 -1
    outer loop
      vertex 8.71706 0 0
      vertex 11.07 0 0
      vertex 11.0167 -1.08505 0
    endloop
  endfacet
  facet normal 0 0 -1
    outer loop
      vertex 8.67393 -0.862201 0
      vertex 11.0167 -1.08505 0
      vertex 10.8573 -2.15965 0
    endloop
  endfacet
  facet normal 0 0 -1
    outer loop
      vertex 11.07 0 0
      vertex 8.71706 0 0
      vertex 11.0167 1.08505 0
    endloop
  endfacet
  facet normal 0 0 -1
    outer loop
      vertex 8.54765 -1.70824 0
      vertex 10.8573 -2.15965 0
      vertex 10.5933 -3.21345 0
    endloop
  endfacet
  facet normal 0 0 -1
    outer loop
      vertex 8.67547 0.846564 0
      vertex 11.0167 1.08505 0
      vertex 8.71706 0 0
    endloop
  endfacet
  facet normal 0 0 -1
    outer loop
      vertex 8.34171 -2.53043 0
      vertex 10.5933 -3.21345 0
      vertex 10.2273 -4.23631 0
    endloop
  endfacet
  facet normal 0 0 -1
    outer loop
      vertex 8.67509 0.85442 0
      vertex 11.0167 1.08505 0
      vertex 8.67547 0.846564 0
    endloop
  endfacet
  facet normal 0 0 -1
    outer loop
      vertex 8.05015 -3.34298 0
      vertex 10.2273 -4.23631 0
      vertex 9.76287 -5.21836 0
    endloop
  endfacet
  facet normal 0 0 -1
    outer loop
      vertex 8.67393 0.862201 0
      vertex 11.0167 1.08505 0
      vertex 8.67509 0.85442 0
    endloop
  endfacet
  facet normal 0 0 -1
    outer loop
      vertex 7.68776 -4.10919 0
      vertex 9.76287 -5.21836 0
      vertex 9.20437 -6.15016 0
    endloop
  endfacet
  facet normal -0 0 -1
    outer loop
      vertex 11.0167 1.08505 0
      vertex 8.67393 0.862201 0
      vertex 10.8573 2.15965 0
    endloop
  endfacet
  facet normal 0 0 -1
    outer loop
      vertex 8.54956 1.70061 0
      vertex 10.8573 2.15965 0
      vertex 8.67393 0.862201 0
    endloop
  endfacet
  facet normal 0 0 -1
    outer loop
      vertex 11.0167 -1.08505 0
      vertex 8.67547 -0.846564 0
      vertex 8.71706 0 0
    endloop
  endfacet
  facet normal 0 0 -1
    outer loop
      vertex 11.0167 -1.08505 0
      vertex 8.67509 -0.85442 0
      vertex 8.67547 -0.846564 0
    endloop
  endfacet
  facet normal 0 0 -1
    outer loop
      vertex 11.0167 -1.08505 0
      vertex 8.67393 -0.862201 0
      vertex 8.67509 -0.85442 0
    endloop
  endfacet
  facet normal 0 0 -1
    outer loop
      vertex 7.24329 -4.84926 0
      vertex 9.20437 -6.15016 0
      vertex 8.55723 -7.02273 0
    endloop
  endfacet
  facet normal 0 0 -1
    outer loop
      vertex 10.8573 -2.15965 0
      vertex 8.54956 -1.70061 0
      vertex 8.67393 -0.862201 0
    endloop
  endfacet
  facet normal 0 0 -1
    outer loop
      vertex 10.8573 -2.15965 0
      vertex 8.54765 -1.70824 0
      vertex 8.54956 -1.70061 0
    endloop
  endfacet
  facet normal 0 0 -1
    outer loop
      vertex 10.5933 -3.21345 0
      vertex 8.34171 -2.53043 0
      vertex 8.54765 -1.70824 0
    endloop
  endfacet
  facet normal 0 0 -1
    outer loop
      vertex 10.2273 -4.23631 0
      vertex 8.05616 -3.32847 0
      vertex 8.34171 -2.53043 0
    endloop
  endfacet
  facet normal 0 0 -1
    outer loop
      vertex 10.2273 -4.23631 0
      vertex 8.05351 -3.33587 0
      vertex 8.05616 -3.32847 0
    endloop
  endfacet
  facet normal 0 0 -1
    outer loop
      vertex 10.2273 -4.23631 0
      vertex 8.05015 -3.34298 0
      vertex 8.05351 -3.33587 0
    endloop
  endfacet
  facet normal 0 0 -1
    outer loop
      vertex 6.7331 -5.53587 0
      vertex 8.55723 -7.02273 0
      vertex 7.82767 -7.82767 0
    endloop
  endfacet
  facet normal 0 0 -1
    outer loop
      vertex 9.76287 -5.21836 0
      vertex 7.68776 -4.10919 0
      vertex 8.05015 -3.34298 0
    endloop
  endfacet
  facet normal 0 0 -1
    outer loop
      vertex 9.20437 -6.15016 0
      vertex 7.25201 -4.83619 0
      vertex 7.68776 -4.10919 0
    endloop
  endfacet
  facet normal 0 0 -1
    outer loop
      vertex 9.20437 -6.15016 0
      vertex 7.24797 -4.84294 0
      vertex 7.25201 -4.83619 0
    endloop
  endfacet
  facet normal 0 0 -1
    outer loop
      vertex 9.20437 -6.15016 0
      vertex 7.24329 -4.84926 0
      vertex 7.24797 -4.84294 0
    endloop
  endfacet
  facet normal 0 0 -1
    outer loop
      vertex 6.16389 -6.16389 0
      vertex 7.82767 -7.82767 0
      vertex 7.02273 -8.55723 0
    endloop
  endfacet
  facet normal 0 0 -1
    outer loop
      vertex 8.55723 -7.02273 0
      vertex 6.73838 -5.53004 0
      vertex 7.24329 -4.84926 0
    endloop
  endfacet
  facet normal 0 0 -1
    outer loop
      vertex 8.55723 -7.02273 0
      vertex 6.7331 -5.53587 0
      vertex 6.73838 -5.53004 0
    endloop
  endfacet
  facet normal 0 0 -1
    outer loop
      vertex 7.82767 -7.82767 0
      vertex 6.16389 -6.16389 0
      vertex 6.7331 -5.53587 0
    endloop
  endfacet
  facet normal 0 0 -1
    outer loop
      vertex 5.53004 -6.73838 0
      vertex 7.02273 -8.55723 0
      vertex 6.15016 -9.20437 0
    endloop
  endfacet
  facet normal 0 0 -1
    outer loop
      vertex 7.02273 -8.55723 0
      vertex 5.53587 -6.7331 0
      vertex 6.16389 -6.16389 0
    endloop
  endfacet
  facet normal 0 0 -1
    outer loop
      vertex 7.02273 -8.55723 0
      vertex 5.53004 -6.73838 0
      vertex 5.53587 -6.7331 0
    endloop
  endfacet
  facet normal 0 0 -1
    outer loop
      vertex 4.83619 -7.25201 0
      vertex 6.15016 -9.20437 0
      vertex 5.21836 -9.76287 0
    endloop
  endfacet
  facet normal 0 0 -1
    outer loop
      vertex 6.15016 -9.20437 0
      vertex 4.84926 -7.24329 0
      vertex 5.53004 -6.73838 0
    endloop
  endfacet
  facet normal 0 0 -1
    outer loop
      vertex 6.15016 -9.20437 0
      vertex 4.84294 -7.24797 0
      vertex 4.84926 -7.24329 0
    endloop
  endfacet
  facet normal 0 0 -1
    outer loop
      vertex 6.15016 -9.20437 0
      vertex 4.83619 -7.25201 0
      vertex 4.84294 -7.24797 0
    endloop
  endfacet
  facet normal 0 0 -1
    outer loop
      vertex 4.10919 -7.68776 0
      vertex 5.21836 -9.76287 0
      vertex 4.23631 -10.2273 0
    endloop
  endfacet
  facet normal 0 0 -1
    outer loop
      vertex 5.21836 -9.76287 0
      vertex 4.10919 -7.68776 0
      vertex 4.83619 -7.25201 0
    endloop
  endfacet
  facet normal 0 0 -1
    outer loop
      vertex 4.23631 -10.2273 0
      vertex 3.34298 -8.05015 0
      vertex 4.10919 -7.68776 0
    endloop
  endfacet
  facet normal 0 0 -1
    outer loop
      vertex 4.23631 -10.2273 0
      vertex 3.33587 -8.05351 0
      vertex 3.34298 -8.05015 0
    endloop
  endfacet
  facet normal 0 0 -1
    outer loop
      vertex 4.23631 -10.2273 0
      vertex 3.32847 -8.05616 0
      vertex 3.33587 -8.05351 0
    endloop
  endfacet
  facet normal 0 0 -1
    outer loop
      vertex 3.21345 -10.5933 0
      vertex 3.32847 -8.05616 0
      vertex 4.23631 -10.2273 0
    endloop
  endfacet
  facet normal 0 0 -1
    outer loop
      vertex 3.21345 -10.5933 0
      vertex 2.53043 -8.34171 0
      vertex 3.32847 -8.05616 0
    endloop
  endfacet
  facet normal 0 0 -1
    outer loop
      vertex 2.15965 -10.8573 0
      vertex 2.53043 -8.34171 0
      vertex 3.21345 -10.5933 0
    endloop
  endfacet
  facet normal 0 0 -1
    outer loop
      vertex 2.15965 -10.8573 0
      vertex 1.70824 -8.54765 0
      vertex 2.53043 -8.34171 0
    endloop
  endfacet
  facet normal 0 0 -1
    outer loop
      vertex 2.15965 -10.8573 0
      vertex 1.70061 -8.54956 0
      vertex 1.70824 -8.54765 0
    endloop
  endfacet
  facet normal 0 0 -1
    outer loop
      vertex 1.08505 -11.0167 0
      vertex 1.70061 -8.54956 0
      vertex 2.15965 -10.8573 0
    endloop
  endfacet
  facet normal 0 0 -1
    outer loop
      vertex 1.08505 -11.0167 0
      vertex 0.862201 -8.67393 0
      vertex 1.70061 -8.54956 0
    endloop
  endfacet
  facet normal 0 0 -1
    outer loop
      vertex 1.08505 -11.0167 0
      vertex 0.85442 -8.67509 0
      vertex 0.862201 -8.67393 0
    endloop
  endfacet
  facet normal 0 0 -1
    outer loop
      vertex 1.08505 -11.0167 0
      vertex 0.846564 -8.67547 0
      vertex 0.85442 -8.67509 0
    endloop
  endfacet
  facet normal 0 0 -1
    outer loop
      vertex 0 -11.07 0
      vertex 0.846564 -8.67547 0
      vertex 1.08505 -11.0167 0
    endloop
  endfacet
  facet normal 0 0 -1
    outer loop
      vertex 0 -11.07 0
      vertex 0 -8.71706 0
      vertex 0.846564 -8.67547 0
    endloop
  endfacet
  facet normal 0 0 -1
    outer loop
      vertex 0 -11.07 0
      vertex -0.846564 -8.67547 0
      vertex 0 -8.71706 0
    endloop
  endfacet
  facet normal 0 0 -1
    outer loop
      vertex -1.08505 -11.0167 0
      vertex -0.846564 -8.67547 0
      vertex 0 -11.07 0
    endloop
  endfacet
  facet normal -0 0 -1
    outer loop
      vertex -0.846564 -8.67547 0
      vertex -1.08505 -11.0167 0
      vertex -0.85442 -8.67509 0
    endloop
  endfacet
  facet normal -0 0 -1
    outer loop
      vertex -0.85442 -8.67509 0
      vertex -1.08505 -11.0167 0
      vertex -0.862201 -8.67393 0
    endloop
  endfacet
  facet normal 0 0 -1
    outer loop
      vertex -1.08505 -11.0167 0
      vertex -1.70061 -8.54956 0
      vertex -0.862201 -8.67393 0
    endloop
  endfacet
  facet normal 0 0 -1
    outer loop
      vertex -2.15965 -10.8573 0
      vertex -1.70061 -8.54956 0
      vertex -1.08505 -11.0167 0
    endloop
  endfacet
  facet normal -0 0 -1
    outer loop
      vertex -1.70061 -8.54956 0
      vertex -2.15965 -10.8573 0
      vertex -1.70824 -8.54765 0
    endloop
  endfacet
  facet normal 0 0 -1
    outer loop
      vertex -2.15965 -10.8573 0
      vertex -2.53043 -8.34171 0
      vertex -1.70824 -8.54765 0
    endloop
  endfacet
  facet normal 0 0 -1
    outer loop
      vertex -3.21345 -10.5933 0
      vertex -2.53043 -8.34171 0
      vertex -2.15965 -10.8573 0
    endloop
  endfacet
  facet normal 0 0 -1
    outer loop
      vertex -3.21345 -10.5933 0
      vertex -3.32847 -8.05616 0
      vertex -2.53043 -8.34171 0
    endloop
  endfacet
  facet normal 0 0 -1
    outer loop
      vertex -4.23631 -10.2273 0
      vertex -3.32847 -8.05616 0
      vertex -3.21345 -10.5933 0
    endloop
  endfacet
  facet normal -0 0 -1
    outer loop
      vertex -3.32847 -8.05616 0
      vertex -4.23631 -10.2273 0
      vertex -3.33587 -8.05351 0
    endloop
  endfacet
  facet normal -0 0 -1
    outer loop
      vertex -3.33587 -8.05351 0
      vertex -4.23631 -10.2273 0
      vertex -3.34298 -8.05015 0
    endloop
  endfacet
  facet normal -0 0 -1
    outer loop
      vertex -3.34298 -8.05015 0
      vertex -4.23631 -10.2273 0
      vertex -4.10919 -7.68776 0
    endloop
  endfacet
  facet normal 0 0 -1
    outer loop
      vertex -5.21836 -9.76287 0
      vertex -4.10919 -7.68776 0
      vertex -4.23631 -10.2273 0
    endloop
  endfacet
  facet normal -0 0 -1
    outer loop
      vertex -4.10919 -7.68776 0
      vertex -5.21836 -9.76287 0
      vertex -4.83619 -7.25201 0
    endloop
  endfacet
  facet normal 0 0 -1
    outer loop
      vertex -6.15016 -9.20437 0
      vertex -4.83619 -7.25201 0
      vertex -5.21836 -9.76287 0
    endloop
  endfacet
  facet normal -0 0 -1
    outer loop
      vertex -4.83619 -7.25201 0
      vertex -6.15016 -9.20437 0
      vertex -4.84294 -7.24797 0
    endloop
  endfacet
  facet normal -0 0 -1
    outer loop
      vertex -4.84294 -7.24797 0
      vertex -6.15016 -9.20437 0
      vertex -4.84926 -7.24329 0
    endloop
  endfacet
  facet normal -0 0 -1
    outer loop
      vertex -4.84926 -7.24329 0
      vertex -6.15016 -9.20437 0
      vertex -5.53004 -6.73838 0
    endloop
  endfacet
  facet normal 0 0 -1
    outer loop
      vertex -7.02273 -8.55723 0
      vertex -5.53004 -6.73838 0
      vertex -6.15016 -9.20437 0
    endloop
  endfacet
  facet normal -0 0 -1
    outer loop
      vertex -5.53004 -6.73838 0
      vertex -7.02273 -8.55723 0
      vertex -5.53587 -6.7331 0
    endloop
  endfacet
  facet normal -0 0 -1
    outer loop
      vertex -5.53587 -6.7331 0
      vertex -7.02273 -8.55723 0
      vertex -6.16389 -6.16389 0
    endloop
  endfacet
  facet normal 0 0 -1
    outer loop
      vertex -7.82767 -7.82767 0
      vertex -6.16389 -6.16389 0
      vertex -7.02273 -8.55723 0
    endloop
  endfacet
  facet normal -0 0 -1
    outer loop
      vertex -6.16389 -6.16389 0
      vertex -7.82767 -7.82767 0
      vertex -6.7331 -5.53587 0
    endloop
  endfacet
  facet normal 0 0 -1
    outer loop
      vertex -8.55723 -7.02273 0
      vertex -6.7331 -5.53587 0
      vertex -7.82767 -7.82767 0
    endloop
  endfacet
  facet normal -0 0 -1
    outer loop
      vertex -6.7331 -5.53587 0
      vertex -8.55723 -7.02273 0
      vertex -6.73838 -5.53004 0
    endloop
  endfacet
  facet normal -0 0 -1
    outer loop
      vertex -6.73838 -5.53004 0
      vertex -8.55723 -7.02273 0
      vertex -7.24329 -4.84926 0
    endloop
  endfacet
  facet normal 0 0 -1
    outer loop
      vertex -9.20437 -6.15016 0
      vertex -7.24329 -4.84926 0
      vertex -8.55723 -7.02273 0
    endloop
  endfacet
  facet normal -0 0 -1
    outer loop
      vertex -7.24329 -4.84926 0
      vertex -9.20437 -6.15016 0
      vertex -7.24797 -4.84294 0
    endloop
  endfacet
  facet normal -0 0 -1
    outer loop
      vertex -7.24797 -4.84294 0
      vertex -9.20437 -6.15016 0
      vertex -7.25201 -4.83619 0
    endloop
  endfacet
  facet normal -0 0 -1
    outer loop
      vertex -7.25201 -4.83619 0
      vertex -9.20437 -6.15016 0
      vertex -7.68776 -4.10919 0
    endloop
  endfacet
  facet normal 0 0 -1
    outer loop
      vertex -9.76287 -5.21836 0
      vertex -7.68776 -4.10919 0
      vertex -9.20437 -6.15016 0
    endloop
  endfacet
  facet normal -0 0 -1
    outer loop
      vertex -7.68776 -4.10919 0
      vertex -9.76287 -5.21836 0
      vertex -8.05015 -3.34298 0
    endloop
  endfacet
  facet normal 0 0 -1
    outer loop
      vertex -10.2273 -4.23631 0
      vertex -8.05015 -3.34298 0
      vertex -9.76287 -5.21836 0
    endloop
  endfacet
  facet normal -0 0 -1
    outer loop
      vertex -8.05015 -3.34298 0
      vertex -10.2273 -4.23631 0
      vertex -8.05351 -3.33587 0
    endloop
  endfacet
  facet normal -0 0 -1
    outer loop
      vertex -8.05351 -3.33587 0
      vertex -10.2273 -4.23631 0
      vertex -8.05616 -3.32847 0
    endloop
  endfacet
  facet normal -0 0 -1
    outer loop
      vertex -8.05616 -3.32847 0
      vertex -10.2273 -4.23631 0
      vertex -8.34171 -2.53043 0
    endloop
  endfacet
  facet normal 0 0 -1
    outer loop
      vertex -10.5933 -3.21345 0
      vertex -8.34171 -2.53043 0
      vertex -10.2273 -4.23631 0
    endloop
  endfacet
  facet normal -0 0 -1
    outer loop
      vertex -8.34171 -2.53043 0
      vertex -10.5933 -3.21345 0
      vertex -8.54765 -1.70824 0
    endloop
  endfacet
  facet normal 0 0 -1
    outer loop
      vertex -10.8573 -2.15965 0
      vertex -8.54765 -1.70824 0
      vertex -10.5933 -3.21345 0
    endloop
  endfacet
  facet normal -0 0 -1
    outer loop
      vertex -8.54765 -1.70824 0
      vertex -10.8573 -2.15965 0
      vertex -8.54956 -1.70061 0
    endloop
  endfacet
  facet normal 0 0 -1
    outer loop
      vertex 8.54765 1.70824 0
      vertex 10.8573 2.15965 0
      vertex 8.54956 1.70061 0
    endloop
  endfacet
  facet normal -0 0 -1
    outer loop
      vertex 10.8573 2.15965 0
      vertex 8.54765 1.70824 0
      vertex 10.5933 3.21345 0
    endloop
  endfacet
  facet normal 0 0 -1
    outer loop
      vertex 8.34171 2.53043 0
      vertex 10.5933 3.21345 0
      vertex 8.54765 1.70824 0
    endloop
  endfacet
  facet normal -0 0 -1
    outer loop
      vertex 10.5933 3.21345 0
      vertex 8.34171 2.53043 0
      vertex 10.2273 4.23631 0
    endloop
  endfacet
  facet normal 0 0 -1
    outer loop
      vertex 8.05616 3.32847 0
      vertex 10.2273 4.23631 0
      vertex 8.34171 2.53043 0
    endloop
  endfacet
  facet normal 0 0 -1
    outer loop
      vertex 8.05351 3.33587 0
      vertex 10.2273 4.23631 0
      vertex 8.05616 3.32847 0
    endloop
  endfacet
  facet normal 0 0 -1
    outer loop
      vertex 8.05015 3.34298 0
      vertex 10.2273 4.23631 0
      vertex 8.05351 3.33587 0
    endloop
  endfacet
  facet normal -0 0 -1
    outer loop
      vertex 10.2273 4.23631 0
      vertex 8.05015 3.34298 0
      vertex 9.76287 5.21836 0
    endloop
  endfacet
  facet normal 0 0 -1
    outer loop
      vertex 7.68776 4.10919 0
      vertex 9.76287 5.21836 0
      vertex 8.05015 3.34298 0
    endloop
  endfacet
  facet normal -0 0 -1
    outer loop
      vertex 9.76287 5.21836 0
      vertex 7.68776 4.10919 0
      vertex 9.20437 6.15016 0
    endloop
  endfacet
  facet normal 0 0 -1
    outer loop
      vertex 7.25201 4.83619 0
      vertex 9.20437 6.15016 0
      vertex 7.68776 4.10919 0
    endloop
  endfacet
  facet normal 0 0 -1
    outer loop
      vertex 7.24797 4.84294 0
      vertex 9.20437 6.15016 0
      vertex 7.25201 4.83619 0
    endloop
  endfacet
  facet normal 0 0 -1
    outer loop
      vertex 7.24329 4.84926 0
      vertex 9.20437 6.15016 0
      vertex 7.24797 4.84294 0
    endloop
  endfacet
  facet normal -0 0 -1
    outer loop
      vertex 9.20437 6.15016 0
      vertex 7.24329 4.84926 0
      vertex 8.55723 7.02273 0
    endloop
  endfacet
  facet normal 0 0 -1
    outer loop
      vertex 6.73838 5.53004 0
      vertex 8.55723 7.02273 0
      vertex 7.24329 4.84926 0
    endloop
  endfacet
  facet normal 0 0 -1
    outer loop
      vertex 6.7331 5.53587 0
      vertex 8.55723 7.02273 0
      vertex 6.73838 5.53004 0
    endloop
  endfacet
  facet normal -0 0 -1
    outer loop
      vertex 8.55723 7.02273 0
      vertex 6.7331 5.53587 0
      vertex 7.82767 7.82767 0
    endloop
  endfacet
  facet normal 0 0 -1
    outer loop
      vertex 6.16389 6.16389 0
      vertex 7.82767 7.82767 0
      vertex 6.7331 5.53587 0
    endloop
  endfacet
  facet normal -0 0 -1
    outer loop
      vertex 7.82767 7.82767 0
      vertex 6.16389 6.16389 0
      vertex 7.02273 8.55723 0
    endloop
  endfacet
  facet normal 0 0 -1
    outer loop
      vertex 5.53587 6.7331 0
      vertex 7.02273 8.55723 0
      vertex 6.16389 6.16389 0
    endloop
  endfacet
  facet normal 0 0 -1
    outer loop
      vertex 5.53004 6.73838 0
      vertex 7.02273 8.55723 0
      vertex 5.53587 6.7331 0
    endloop
  endfacet
  facet normal -0 0 -1
    outer loop
      vertex 7.02273 8.55723 0
      vertex 5.53004 6.73838 0
      vertex 6.15016 9.20437 0
    endloop
  endfacet
  facet normal 0 0 -1
    outer loop
      vertex 4.84926 7.24329 0
      vertex 6.15016 9.20437 0
      vertex 5.53004 6.73838 0
    endloop
  endfacet
  facet normal 0 0 -1
    outer loop
      vertex 4.84294 7.24797 0
      vertex 6.15016 9.20437 0
      vertex 4.84926 7.24329 0
    endloop
  endfacet
  facet normal 0 0 -1
    outer loop
      vertex 4.83619 7.25201 0
      vertex 6.15016 9.20437 0
      vertex 4.84294 7.24797 0
    endloop
  endfacet
  facet normal -0 0 -1
    outer loop
      vertex 6.15016 9.20437 0
      vertex 4.83619 7.25201 0
      vertex 5.21836 9.76287 0
    endloop
  endfacet
  facet normal 0 0 -1
    outer loop
      vertex 4.10919 7.68776 0
      vertex 5.21836 9.76287 0
      vertex 4.83619 7.25201 0
    endloop
  endfacet
  facet normal -0 0 -1
    outer loop
      vertex 5.21836 9.76287 0
      vertex 4.10919 7.68776 0
      vertex 4.23631 10.2273 0
    endloop
  endfacet
  facet normal 0 0 -1
    outer loop
      vertex 3.34298 8.05015 0
      vertex 4.23631 10.2273 0
      vertex 4.10919 7.68776 0
    endloop
  endfacet
  facet normal 0 0 -1
    outer loop
      vertex 3.33587 8.05351 0
      vertex 4.23631 10.2273 0
      vertex 3.34298 8.05015 0
    endloop
  endfacet
  facet normal 0 0 -1
    outer loop
      vertex 3.32847 8.05616 0
      vertex 4.23631 10.2273 0
      vertex 3.33587 8.05351 0
    endloop
  endfacet
  facet normal 0 0 -1
    outer loop
      vertex 3.32847 8.05616 0
      vertex 3.21345 10.5933 0
      vertex 4.23631 10.2273 0
    endloop
  endfacet
  facet normal 0 0 -1
    outer loop
      vertex 2.53043 8.34171 0
      vertex 3.21345 10.5933 0
      vertex 3.32847 8.05616 0
    endloop
  endfacet
  facet normal 0 0 -1
    outer loop
      vertex 2.53043 8.34171 0
      vertex 2.15965 10.8573 0
      vertex 3.21345 10.5933 0
    endloop
  endfacet
  facet normal 0 0 -1
    outer loop
      vertex 1.70824 8.54765 0
      vertex 2.15965 10.8573 0
      vertex 2.53043 8.34171 0
    endloop
  endfacet
  facet normal 0 0 -1
    outer loop
      vertex 1.70061 8.54956 0
      vertex 2.15965 10.8573 0
      vertex 1.70824 8.54765 0
    endloop
  endfacet
  facet normal 0 0 -1
    outer loop
      vertex 1.70061 8.54956 0
      vertex 1.08505 11.0167 0
      vertex 2.15965 10.8573 0
    endloop
  endfacet
  facet normal 0 0 -1
    outer loop
      vertex 0.862201 8.67393 0
      vertex 1.08505 11.0167 0
      vertex 1.70061 8.54956 0
    endloop
  endfacet
  facet normal 0 0 -1
    outer loop
      vertex 0.85442 8.67509 0
      vertex 1.08505 11.0167 0
      vertex 0.862201 8.67393 0
    endloop
  endfacet
  facet normal 0 0 -1
    outer loop
      vertex 0.846564 8.67547 0
      vertex 1.08505 11.0167 0
      vertex 0.85442 8.67509 0
    endloop
  endfacet
  facet normal 0 0 -1
    outer loop
      vertex 0 8.71706 0
      vertex 1.08505 11.0167 0
      vertex 0.846564 8.67547 0
    endloop
  endfacet
  facet normal 0 0 -1
    outer loop
      vertex 0 8.71706 0
      vertex 0 11.07 0
      vertex 1.08505 11.0167 0
    endloop
  endfacet
  facet normal 0 0 -1
    outer loop
      vertex -0.846564 8.67547 0
      vertex 0 11.07 0
      vertex 0 8.71706 0
    endloop
  endfacet
  facet normal 0 0 -1
    outer loop
      vertex -1.08505 11.0167 0
      vertex -0.846564 8.67547 0
      vertex -0.85442 8.67509 0
    endloop
  endfacet
  facet normal 0 0 -1
    outer loop
      vertex -1.08505 11.0167 0
      vertex -0.85442 8.67509 0
      vertex -0.862201 8.67393 0
    endloop
  endfacet
  facet normal 0 0 -1
    outer loop
      vertex -0.846564 8.67547 0
      vertex -1.08505 11.0167 0
      vertex 0 11.07 0
    endloop
  endfacet
  facet normal 0 0 -1
    outer loop
      vertex -1.70061 8.54956 0
      vertex -1.08505 11.0167 0
      vertex -0.862201 8.67393 0
    endloop
  endfacet
  facet normal 0 0 -1
    outer loop
      vertex -2.15965 10.8573 0
      vertex -1.70061 8.54956 0
      vertex -1.70824 8.54765 0
    endloop
  endfacet
  facet normal 0 0 -1
    outer loop
      vertex -1.70061 8.54956 0
      vertex -2.15965 10.8573 0
      vertex -1.08505 11.0167 0
    endloop
  endfacet
  facet normal 0 0 -1
    outer loop
      vertex -2.53043 8.34171 0
      vertex -2.15965 10.8573 0
      vertex -1.70824 8.54765 0
    endloop
  endfacet
  facet normal 0 0 -1
    outer loop
      vertex -2.53043 8.34171 0
      vertex -3.21345 10.5933 0
      vertex -2.15965 10.8573 0
    endloop
  endfacet
  facet normal 0 0 -1
    outer loop
      vertex -3.32847 8.05616 0
      vertex -3.21345 10.5933 0
      vertex -2.53043 8.34171 0
    endloop
  endfacet
  facet normal 0 0 -1
    outer loop
      vertex -4.23631 10.2273 0
      vertex -3.32847 8.05616 0
      vertex -3.33587 8.05351 0
    endloop
  endfacet
  facet normal 0 0 -1
    outer loop
      vertex -4.23631 10.2273 0
      vertex -3.33587 8.05351 0
      vertex -3.34298 8.05015 0
    endloop
  endfacet
  facet normal 0 0 -1
    outer loop
      vertex -4.23631 10.2273 0
      vertex -3.34298 8.05015 0
      vertex -4.10919 7.68776 0
    endloop
  endfacet
  facet normal 0 0 -1
    outer loop
      vertex -3.32847 8.05616 0
      vertex -4.23631 10.2273 0
      vertex -3.21345 10.5933 0
    endloop
  endfacet
  facet normal 0 0 -1
    outer loop
      vertex -5.21836 9.76287 0
      vertex -4.10919 7.68776 0
      vertex -4.83619 7.25201 0
    endloop
  endfacet
  facet normal 0 0 -1
    outer loop
      vertex -6.15016 9.20437 0
      vertex -4.83619 7.25201 0
      vertex -4.84294 7.24797 0
    endloop
  endfacet
  facet normal 0 0 -1
    outer loop
      vertex -6.15016 9.20437 0
      vertex -4.84294 7.24797 0
      vertex -4.84926 7.24329 0
    endloop
  endfacet
  facet normal 0 0 -1
    outer loop
      vertex -4.10919 7.68776 0
      vertex -5.21836 9.76287 0
      vertex -4.23631 10.2273 0
    endloop
  endfacet
  facet normal 0 0 -1
    outer loop
      vertex -6.15016 9.20437 0
      vertex -4.84926 7.24329 0
      vertex -5.53004 6.73838 0
    endloop
  endfacet
  facet normal 0 0 -1
    outer loop
      vertex -7.02273 8.55723 0
      vertex -5.53004 6.73838 0
      vertex -5.53587 6.7331 0
    endloop
  endfacet
  facet normal 0 0 -1
    outer loop
      vertex -4.83619 7.25201 0
      vertex -6.15016 9.20437 0
      vertex -5.21836 9.76287 0
    endloop
  endfacet
  facet normal 0 0 -1
    outer loop
      vertex -7.02273 8.55723 0
      vertex -5.53587 6.7331 0
      vertex -6.16389 6.16389 0
    endloop
  endfacet
  facet normal 0 0 -1
    outer loop
      vertex -7.82767 7.82767 0
      vertex -6.16389 6.16389 0
      vertex -6.7331 5.53587 0
    endloop
  endfacet
  facet normal 0 0 -1
    outer loop
      vertex -8.55723 7.02273 0
      vertex -6.7331 5.53587 0
      vertex -6.73838 5.53004 0
    endloop
  endfacet
  facet normal 0 0 -1
    outer loop
      vertex -5.53004 6.73838 0
      vertex -7.02273 8.55723 0
      vertex -6.15016 9.20437 0
    endloop
  endfacet
  facet normal 0 0 -1
    outer loop
      vertex -8.55723 7.02273 0
      vertex -6.73838 5.53004 0
      vertex -7.24329 4.84926 0
    endloop
  endfacet
  facet normal 0 0 -1
    outer loop
      vertex -9.20437 6.15016 0
      vertex -7.24329 4.84926 0
      vertex -7.24797 4.84294 0
    endloop
  endfacet
  facet normal 0 0 -1
    outer loop
      vertex -9.20437 6.15016 0
      vertex -7.24797 4.84294 0
      vertex -7.25201 4.83619 0
    endloop
  endfacet
  facet normal 0 0 -1
    outer loop
      vertex -9.20437 6.15016 0
      vertex -7.25201 4.83619 0
      vertex -7.68776 4.10919 0
    endloop
  endfacet
  facet normal 0 0 -1
    outer loop
      vertex -6.16389 6.16389 0
      vertex -7.82767 7.82767 0
      vertex -7.02273 8.55723 0
    endloop
  endfacet
  facet normal 0 0 -1
    outer loop
      vertex -9.76287 5.21836 0
      vertex -7.68776 4.10919 0
      vertex -8.05015 3.34298 0
    endloop
  endfacet
  facet normal 0 0 -1
    outer loop
      vertex -10.2273 4.23631 0
      vertex -8.05015 3.34298 0
      vertex -8.05351 3.33587 0
    endloop
  endfacet
  facet normal 0 0 -1
    outer loop
      vertex -10.2273 4.23631 0
      vertex -8.05351 3.33587 0
      vertex -8.05616 3.32847 0
    endloop
  endfacet
  facet normal 0 0 -1
    outer loop
      vertex -10.2273 4.23631 0
      vertex -8.05616 3.32847 0
      vertex -8.34171 2.53043 0
    endloop
  endfacet
  facet normal 0 0 -1
    outer loop
      vertex -10.5933 3.21345 0
      vertex -8.34171 2.53043 0
      vertex -8.54765 1.70824 0
    endloop
  endfacet
  facet normal 0 0 -1
    outer loop
      vertex -10.8573 2.15965 0
      vertex -8.54765 1.70824 0
      vertex -8.54956 1.70061 0
    endloop
  endfacet
  facet normal 0 0 -1
    outer loop
      vertex -6.7331 5.53587 0
      vertex -8.55723 7.02273 0
      vertex -7.82767 7.82767 0
    endloop
  endfacet
  facet normal 0 0 -1
    outer loop
      vertex -10.8573 2.15965 0
      vertex -8.54956 1.70061 0
      vertex -8.67393 0.862201 0
    endloop
  endfacet
  facet normal 0 0 -1
    outer loop
      vertex -11.0167 1.08505 0
      vertex -8.67393 0.862201 0
      vertex -8.67509 0.85442 0
    endloop
  endfacet
  facet normal 0 0 -1
    outer loop
      vertex -11.0167 1.08505 0
      vertex -8.67509 0.85442 0
      vertex -8.67547 0.846564 0
    endloop
  endfacet
  facet normal 0 0 -1
    outer loop
      vertex -11.0167 1.08505 0
      vertex -8.67547 0.846564 0
      vertex -8.71706 0 0
    endloop
  endfacet
  facet normal -0 0 -1
    outer loop
      vertex -8.54956 -1.70061 0
      vertex -10.8573 -2.15965 0
      vertex -8.67393 -0.862201 0
    endloop
  endfacet
  facet normal 0 0 -1
    outer loop
      vertex -7.24329 4.84926 0
      vertex -9.20437 6.15016 0
      vertex -8.55723 7.02273 0
    endloop
  endfacet
  facet normal 0 0 -1
    outer loop
      vertex -11.0167 -1.08505 0
      vertex -8.67393 -0.862201 0
      vertex -10.8573 -2.15965 0
    endloop
  endfacet
  facet normal 0 0 -1
    outer loop
      vertex -7.68776 4.10919 0
      vertex -9.76287 5.21836 0
      vertex -9.20437 6.15016 0
    endloop
  endfacet
  facet normal -0 0 -1
    outer loop
      vertex -8.67393 -0.862201 0
      vertex -11.0167 -1.08505 0
      vertex -8.67509 -0.85442 0
    endloop
  endfacet
  facet normal 0 0 -1
    outer loop
      vertex -8.05015 3.34298 0
      vertex -10.2273 4.23631 0
      vertex -9.76287 5.21836 0
    endloop
  endfacet
  facet normal -0 0 -1
    outer loop
      vertex -8.67509 -0.85442 0
      vertex -11.0167 -1.08505 0
      vertex -8.67547 -0.846564 0
    endloop
  endfacet
  facet normal 0 0 -1
    outer loop
      vertex -8.34171 2.53043 0
      vertex -10.5933 3.21345 0
      vertex -10.2273 4.23631 0
    endloop
  endfacet
  facet normal -0 0 -1
    outer loop
      vertex -8.67547 -0.846564 0
      vertex -11.0167 -1.08505 0
      vertex -8.71706 0 0
    endloop
  endfacet
  facet normal 0 0 -1
    outer loop
      vertex -8.54765 1.70824 0
      vertex -10.8573 2.15965 0
      vertex -10.5933 3.21345 0
    endloop
  endfacet
  facet normal 0 0 -1
    outer loop
      vertex -11.07 0 0
      vertex -8.71706 0 0
      vertex -11.0167 -1.08505 0
    endloop
  endfacet
  facet normal 0 0 -1
    outer loop
      vertex -8.67393 0.862201 0
      vertex -11.0167 1.08505 0
      vertex -10.8573 2.15965 0
    endloop
  endfacet
  facet normal 0 0 -1
    outer loop
      vertex -8.71706 0 0
      vertex -11.07 0 0
      vertex -11.0167 1.08505 0
    endloop
  endfacet
  facet normal -0.0443405 0.902658 -0.428067
    outer loop
      vertex -1.08505 11.0167 0
      vertex -2.2936 23.2873 26
      vertex 0 11.07 0
    endloop
  endfacet
  facet normal 0.850919 0.304455 -0.42807
    outer loop
      vertex 22.3924 6.79266 26
      vertex 10.2273 4.23631 0
      vertex 21.6188 8.95479 26
    endloop
  endfacet
  facet normal 0.669642 0.606908 -0.428068
    outer loop
      vertex 18.0884 14.8448 26
      vertex 7.82767 7.82767 0
      vertex 16.5463 16.5463 26
    endloop
  endfacet
  facet normal 0.606922 0.66963 -0.428067
    outer loop
      vertex 7.82767 7.82767 0
      vertex 7.02273 8.55723 0
      vertex 14.8448 18.0884 26
    endloop
  endfacet
  facet normal 0.876659 0.219603 -0.428069
    outer loop
      vertex 22.9504 4.56511 26
      vertex 10.5933 3.21345 0
      vertex 22.3924 6.79266 26
    endloop
  endfacet
  facet normal 0.816981 0.386391 -0.42807
    outer loop
      vertex 21.6188 8.95479 26
      vertex 10.2273 4.23631 0
      vertex 20.637 11.0307 26
    endloop
  endfacet
  facet normal 0.132606 0.893965 -0.428069
    outer loop
      vertex 2.15965 10.8573 0
      vertex 1.08505 11.0167 0
      vertex 4.56511 22.9504 26
    endloop
  endfacet
  facet normal 0.893968 0.132589 -0.428068
    outer loop
      vertex 23.2873 2.2936 26
      vertex 11.0167 1.08505 0
      vertex 22.9504 4.56511 26
    endloop
  endfacet
  facet normal 0.850913 0.304474 -0.428069
    outer loop
      vertex 10.5933 3.21345 0
      vertex 10.2273 4.23631 0
      vertex 22.3924 6.79266 26
    endloop
  endfacet
  facet normal 0.876655 0.219621 -0.428068
    outer loop
      vertex 10.8573 2.15965 0
      vertex 10.5933 3.21345 0
      vertex 22.9504 4.56511 26
    endloop
  endfacet
  facet normal 0.893965 0.132606 -0.428069
    outer loop
      vertex 11.0167 1.08505 0
      vertex 10.8573 2.15965 0
      vertex 22.9504 4.56511 26
    endloop
  endfacet
  facet normal -0.740927 0.671585 0
    outer loop
      vertex 14.8492 -14.8492 26
      vertex 16.2332 -13.3223 81
      vertex 16.2332 -13.3223 26
    endloop
  endfacet
  facet normal -0.740927 0.671585 0
    outer loop
      vertex 16.2332 -13.3223 81
      vertex 14.8492 -14.8492 26
      vertex 14.8492 -14.8492 81
    endloop
  endfacet
  facet normal -0.941556 0.336857 0
    outer loop
      vertex 19.4015 -8.03635 26
      vertex 20.0957 -6.09598 81
      vertex 20.0957 -6.09598 26
    endloop
  endfacet
  facet normal -0.941556 0.336857 0
    outer loop
      vertex 20.0957 -6.09598 81
      vertex 19.4015 -8.03635 26
      vertex 19.4015 -8.03635 81
    endloop
  endfacet
  facet normal -0.243006 0.970025 0
    outer loop
      vertex 6.09598 -20.0957 26
      vertex 4.0969 -20.5965 39.75
      vertex 6.09598 -20.0957 39.75
    endloop
  endfacet
  facet normal -0.243006 0.970025 0
    outer loop
      vertex 4.0969 -20.5965 39.75
      vertex 6.09598 -20.0957 26
      vertex 4.0969 -20.5965 26
    endloop
  endfacet
  facet normal -0.243006 0.970025 0
    outer loop
      vertex 6.09598 -20.0957 61.75
      vertex 4.0969 -20.5965 81
      vertex 6.09598 -20.0957 81
    endloop
  endfacet
  facet normal -0.243006 0.970025 0
    outer loop
      vertex 4.0969 -20.5965 81
      vertex 6.09598 -20.0957 61.75
      vertex 4.0969 -20.5965 61.75
    endloop
  endfacet
  facet normal -0.989176 -0.146736 0
    outer loop
      vertex 20.8989 2.05836 26
      vertex 20.5965 4.0969 81
      vertex 20.5965 4.0969 26
    endloop
  endfacet
  facet normal -0.989176 -0.146736 0
    outer loop
      vertex 20.5965 4.0969 81
      vertex 20.8989 2.05836 26
      vertex 20.8989 2.05836 81
    endloop
  endfacet
  facet normal -0.803197 0.595714 0
    outer loop
      vertex 16.2332 -13.3223 26
      vertex 17.4609 -11.667 81
      vertex 17.4609 -11.667 26
    endloop
  endfacet
  facet normal -0.803197 0.595714 0
    outer loop
      vertex 17.4609 -11.667 81
      vertex 16.2332 -13.3223 26
      vertex 16.2332 -13.3223 81
    endloop
  endfacet
  facet normal -0.85775 -0.514067 0
    outer loop
      vertex 18.5203 9.89933 26
      vertex 17.4609 11.667 81
      vertex 17.4609 11.667 26
    endloop
  endfacet
  facet normal -0.85775 -0.514067 0
    outer loop
      vertex 17.4609 11.667 81
      vertex 18.5203 9.89933 26
      vertex 18.5203 9.89933 81
    endloop
  endfacet
  facet normal 0.671585 -0.740927 0
    outer loop
      vertex -14.8492 14.8492 26
      vertex -13.3223 16.2332 81
      vertex -14.8492 14.8492 81
    endloop
  endfacet
  facet normal 0.671585 -0.740927 0
    outer loop
      vertex -13.3223 16.2332 81
      vertex -14.8492 14.8492 26
      vertex -13.3223 16.2332 26
    endloop
  endfacet
  facet normal -0.514067 -0.85775 0
    outer loop
      vertex 9.89933 18.5203 26
      vertex 11.667 17.4609 81
      vertex 9.89933 18.5203 81
    endloop
  endfacet
  facet normal -0.514067 -0.85775 -0
    outer loop
      vertex 11.667 17.4609 81
      vertex 9.89933 18.5203 26
      vertex 11.667 17.4609 26
    endloop
  endfacet
  facet normal 0.336857 -0.941556 0
    outer loop
      vertex -8.03635 19.4015 26
      vertex -6.09598 20.0957 81
      vertex -8.03635 19.4015 81
    endloop
  endfacet
  facet normal 0.336857 -0.941556 0
    outer loop
      vertex -6.09598 20.0957 81
      vertex -8.03635 19.4015 26
      vertex -6.09598 20.0957 26
    endloop
  endfacet
  facet normal -0.740927 -0.671585 0
    outer loop
      vertex 16.2332 13.3223 26
      vertex 14.8492 14.8492 81
      vertex 14.8492 14.8492 26
    endloop
  endfacet
  facet normal -0.740927 -0.671585 0
    outer loop
      vertex 14.8492 14.8492 81
      vertex 16.2332 13.3223 26
      vertex 16.2332 13.3223 81
    endloop
  endfacet
  facet normal 0.146736 -0.989176 0
    outer loop
      vertex -4.0969 20.5965 26
      vertex -2.05836 20.8989 81
      vertex -4.0969 20.5965 81
    endloop
  endfacet
  facet normal 0.146736 -0.989176 0
    outer loop
      vertex -2.05836 20.8989 81
      vertex -4.0969 20.5965 26
      vertex -2.05836 20.8989 26
    endloop
  endfacet
  facet normal 0.243006 -0.970025 0
    outer loop
      vertex -6.09598 20.0957 26
      vertex -4.0969 20.5965 81
      vertex -6.09598 20.0957 81
    endloop
  endfacet
  facet normal 0.243006 -0.970025 0
    outer loop
      vertex -4.0969 20.5965 81
      vertex -6.09598 20.0957 26
      vertex -4.0969 20.5965 26
    endloop
  endfacet
  facet normal 0.989176 0.146736 0
    outer loop
      vertex -20.5965 -4.0969 81
      vertex -20.8989 -2.05836 26
      vertex -20.8989 -2.05836 81
    endloop
  endfacet
  facet normal 0.989176 0.146736 0
    outer loop
      vertex -20.8989 -2.05836 26
      vertex -20.5965 -4.0969 81
      vertex -20.5965 -4.0969 26
    endloop
  endfacet
  facet normal -0.0490576 -0.998796 0
    outer loop
      vertex 0 21 26
      vertex 2.05836 20.8989 81
      vertex 0 21 81
    endloop
  endfacet
  facet normal -0.0490576 -0.998796 -0
    outer loop
      vertex 2.05836 20.8989 81
      vertex 0 21 26
      vertex 2.05836 20.8989 26
    endloop
  endfacet
  facet normal 0.595714 0.803197 -0
    outer loop
      vertex -11.667 -17.4609 26
      vertex -13.3223 -16.2332 81
      vertex -11.667 -17.4609 81
    endloop
  endfacet
  facet normal 0.595714 0.803197 0
    outer loop
      vertex -13.3223 -16.2332 81
      vertex -11.667 -17.4609 26
      vertex -13.3223 -16.2332 26
    endloop
  endfacet
  facet normal -0.998796 -0.0490576 0
    outer loop
      vertex 21 0 26
      vertex 20.8989 2.05836 81
      vertex 20.8989 2.05836 26
    endloop
  endfacet
  facet normal -0.998796 -0.0490576 0
    outer loop
      vertex 20.8989 2.05836 81
      vertex 21 0 26
      vertex 21 0 81
    endloop
  endfacet
  facet normal 0.970025 0.243006 0
    outer loop
      vertex -20.0957 -6.09598 81
      vertex -20.5965 -4.0969 26
      vertex -20.5965 -4.0969 81
    endloop
  endfacet
  facet normal 0.970025 0.243006 0
    outer loop
      vertex -20.5965 -4.0969 26
      vertex -20.0957 -6.09598 81
      vertex -20.0957 -6.09598 26
    endloop
  endfacet
  facet normal 0.0490576 -0.998796 0
    outer loop
      vertex -2.05836 20.8989 26
      vertex 0 21 81
      vertex -2.05836 20.8989 81
    endloop
  endfacet
  facet normal 0.0490576 -0.998796 0
    outer loop
      vertex 0 21 81
      vertex -2.05836 20.8989 26
      vertex 0 21 26
    endloop
  endfacet
  facet normal 0.243006 0.970025 -0
    outer loop
      vertex -4.0969 -20.5965 26
      vertex -6.09598 -20.0957 39.75
      vertex -4.0969 -20.5965 39.75
    endloop
  endfacet
  facet normal 0.243006 0.970025 0
    outer loop
      vertex -6.09598 -20.0957 39.75
      vertex -4.0969 -20.5965 26
      vertex -6.09598 -20.0957 26
    endloop
  endfacet
  facet normal 0.243006 0.970025 -0
    outer loop
      vertex -4.0969 -20.5965 61.75
      vertex -6.09598 -20.0957 81
      vertex -4.0969 -20.5965 81
    endloop
  endfacet
  facet normal 0.243006 0.970025 0
    outer loop
      vertex -6.09598 -20.0957 81
      vertex -4.0969 -20.5965 61.75
      vertex -6.09598 -20.0957 61.75
    endloop
  endfacet
  facet normal 0.85775 0.514067 0
    outer loop
      vertex -17.4609 -11.667 81
      vertex -18.5203 -9.89933 26
      vertex -18.5203 -9.89933 81
    endloop
  endfacet
  facet normal 0.85775 0.514067 0
    outer loop
      vertex -18.5203 -9.89933 26
      vertex -17.4609 -11.667 81
      vertex -17.4609 -11.667 26
    endloop
  endfacet
  facet normal -0.595714 -0.803197 0
    outer loop
      vertex 11.667 17.4609 26
      vertex 13.3223 16.2332 81
      vertex 11.667 17.4609 81
    endloop
  endfacet
  facet normal -0.595714 -0.803197 -0
    outer loop
      vertex 13.3223 16.2332 81
      vertex 11.667 17.4609 26
      vertex 13.3223 16.2332 26
    endloop
  endfacet
  facet normal 0.146736 0.989176 -0
    outer loop
      vertex -2.05836 -20.8989 26
      vertex -4.0969 -20.5965 39.75
      vertex -2.05836 -20.8989 39.75
    endloop
  endfacet
  facet normal 0.146736 0.989176 0
    outer loop
      vertex -4.0969 -20.5965 39.75
      vertex -2.05836 -20.8989 26
      vertex -4.0969 -20.5965 26
    endloop
  endfacet
  facet normal 0.146736 0.989176 -0
    outer loop
      vertex -2.05836 -20.8989 61.75
      vertex -4.0969 -20.5965 81
      vertex -2.05836 -20.8989 81
    endloop
  endfacet
  facet normal 0.146736 0.989176 0
    outer loop
      vertex -4.0969 -20.5965 81
      vertex -2.05836 -20.8989 61.75
      vertex -4.0969 -20.5965 61.75
    endloop
  endfacet
  facet normal -0.903975 -0.427585 0
    outer loop
      vertex 19.4015 8.03635 26
      vertex 18.5203 9.89933 81
      vertex 18.5203 9.89933 26
    endloop
  endfacet
  facet normal -0.903975 -0.427585 0
    outer loop
      vertex 18.5203 9.89933 81
      vertex 19.4015 8.03635 26
      vertex 19.4015 8.03635 81
    endloop
  endfacet
  facet normal -0.998796 0.0490576 0
    outer loop
      vertex 20.8989 -2.05836 26
      vertex 21 0 81
      vertex 21 0 26
    endloop
  endfacet
  facet normal -0.998796 0.0490576 0
    outer loop
      vertex 21 0 81
      vertex 20.8989 -2.05836 26
      vertex 20.8989 -2.05836 81
    endloop
  endfacet
  facet normal 0.903975 0.427585 0
    outer loop
      vertex -18.5203 -9.89933 81
      vertex -19.4015 -8.03635 26
      vertex -19.4015 -8.03635 81
    endloop
  endfacet
  facet normal 0.903975 0.427585 0
    outer loop
      vertex -19.4015 -8.03635 26
      vertex -18.5203 -9.89933 81
      vertex -18.5203 -9.89933 26
    endloop
  endfacet
  facet normal -0.970025 -0.243006 0
    outer loop
      vertex 20.5965 4.0969 26
      vertex 20.0957 6.09598 81
      vertex 20.0957 6.09598 26
    endloop
  endfacet
  facet normal -0.970025 -0.243006 0
    outer loop
      vertex 20.0957 6.09598 81
      vertex 20.5965 4.0969 26
      vertex 20.5965 4.0969 81
    endloop
  endfacet
  facet normal -0.243006 -0.970025 0
    outer loop
      vertex 4.0969 20.5965 26
      vertex 6.09598 20.0957 81
      vertex 4.0969 20.5965 81
    endloop
  endfacet
  facet normal -0.243006 -0.970025 -0
    outer loop
      vertex 6.09598 20.0957 81
      vertex 4.0969 20.5965 26
      vertex 6.09598 20.0957 26
    endloop
  endfacet
  facet normal 0.740927 0.671585 0
    outer loop
      vertex -14.8492 -14.8492 81
      vertex -16.2332 -13.3223 26
      vertex -16.2332 -13.3223 81
    endloop
  endfacet
  facet normal 0.740927 0.671585 0
    outer loop
      vertex -16.2332 -13.3223 26
      vertex -14.8492 -14.8492 81
      vertex -14.8492 -14.8492 26
    endloop
  endfacet
  facet normal -0.595714 0.803197 0
    outer loop
      vertex 13.3223 -16.2332 26
      vertex 11.667 -17.4609 81
      vertex 13.3223 -16.2332 81
    endloop
  endfacet
  facet normal -0.595714 0.803197 0
    outer loop
      vertex 11.667 -17.4609 81
      vertex 13.3223 -16.2332 26
      vertex 11.667 -17.4609 26
    endloop
  endfacet
  facet normal 0 0 1
    outer loop
      vertex 21 0 26
      vertex 20.9528 0.00324352 26
      vertex 20.9529 0 26
    endloop
  endfacet
  facet normal 0 0 1
    outer loop
      vertex 20.8989 2.05836 26
      vertex 20.9528 0.00324352 26
      vertex 21 0 26
    endloop
  endfacet
  facet normal 0 0 1
    outer loop
      vertex 20.8989 2.05836 26
      vertex 20.852 2.05375 26
      vertex 20.9528 0.00324352 26
    endloop
  endfacet
  facet normal -0 0 1
    outer loop
      vertex 20.5508 4.0845 26
      vertex 20.8989 2.05836 26
      vertex 20.5965 4.0969 26
    endloop
  endfacet
  facet normal 0 0 1
    outer loop
      vertex 20.8989 2.05836 26
      vertex 20.5508 4.0845 26
      vertex 20.852 2.05375 26
    endloop
  endfacet
  facet normal 0 0 1
    outer loop
      vertex 20.5965 4.0969 26
      vertex 20.5503 4.08772 26
      vertex 20.5508 4.0845 26
    endloop
  endfacet
  facet normal -0 0 1
    outer loop
      vertex 20.0515 6.07917 26
      vertex 20.5965 4.0969 26
      vertex 20.0957 6.09598 26
    endloop
  endfacet
  facet normal 0 0 1
    outer loop
      vertex 20.5965 4.0969 26
      vertex 20.0515 6.07917 26
      vertex 20.5503 4.08772 26
    endloop
  endfacet
  facet normal 0 0 1
    outer loop
      vertex 20.0957 6.09598 26
      vertex 20.0507 6.08232 26
      vertex 20.0515 6.07917 26
    endloop
  endfacet
  facet normal 0 0 1
    outer loop
      vertex 20.0957 6.09598 26
      vertex 20.0496 6.08537 26
      vertex 20.0507 6.08232 26
    endloop
  endfacet
  facet normal 0 0 1
    outer loop
      vertex 19.4015 8.03635 26
      vertex 20.0496 6.08537 26
      vertex 20.0957 6.09598 26
    endloop
  endfacet
  facet normal 0 0 1
    outer loop
      vertex 19.4015 8.03635 26
      vertex 19.358 8.01834 26
      vertex 20.0496 6.08537 26
    endloop
  endfacet
  facet normal -0 0 1
    outer loop
      vertex 18.4802 9.87421 26
      vertex 19.4015 8.03635 26
      vertex 18.5203 9.89933 26
    endloop
  endfacet
  facet normal 0 0 1
    outer loop
      vertex 19.4015 8.03635 26
      vertex 18.4802 9.87421 26
      vertex 19.358 8.01834 26
    endloop
  endfacet
  facet normal 0 0 1
    outer loop
      vertex 18.5203 9.89933 26
      vertex 18.4788 9.87715 26
      vertex 18.4802 9.87421 26
    endloop
  endfacet
  facet normal 0 0 1
    outer loop
      vertex 18.5203 9.89933 26
      vertex 18.4772 9.87993 26
      vertex 18.4788 9.87715 26
    endloop
  endfacet
  facet normal 0 0 1
    outer loop
      vertex 17.4609 11.667 26
      vertex 18.4772 9.87993 26
      vertex 18.5203 9.89933 26
    endloop
  endfacet
  facet normal 0 0 1
    outer loop
      vertex 17.4609 11.667 26
      vertex 17.4217 11.6408 26
      vertex 18.4772 9.87993 26
    endloop
  endfacet
  facet normal -0 0 1
    outer loop
      vertex 16.1988 13.2898 26
      vertex 17.4609 11.667 26
      vertex 16.2332 13.3223 26
    endloop
  endfacet
  facet normal 0 0 1
    outer loop
      vertex 17.4609 11.667 26
      vertex 16.1988 13.2898 26
      vertex 17.4217 11.6408 26
    endloop
  endfacet
  facet normal 0 0 1
    outer loop
      vertex 16.2332 13.3223 26
      vertex 16.1968 13.2924 26
      vertex 16.1988 13.2898 26
    endloop
  endfacet
  facet normal -0 0 1
    outer loop
      vertex 14.8181 14.8136 26
      vertex 16.2332 13.3223 26
      vertex 14.8492 14.8492 26
    endloop
  endfacet
  facet normal 0 0 1
    outer loop
      vertex 16.2332 13.3223 26
      vertex 14.8181 14.8136 26
      vertex 16.1968 13.2924 26
    endloop
  endfacet
  facet normal 0 0 1
    outer loop
      vertex 14.8492 14.8492 26
      vertex 14.816 14.816 26
      vertex 14.8181 14.8136 26
    endloop
  endfacet
  facet normal 0 0 1
    outer loop
      vertex 14.8492 14.8492 26
      vertex 14.8136 14.8181 26
      vertex 14.816 14.816 26
    endloop
  endfacet
  facet normal 0 0 1
    outer loop
      vertex 13.3223 16.2332 26
      vertex 14.8136 14.8181 26
      vertex 14.8492 14.8492 26
    endloop
  endfacet
  facet normal 0 0 1
    outer loop
      vertex 13.3223 16.2332 26
      vertex 13.2924 16.1968 26
      vertex 14.8136 14.8181 26
    endloop
  endfacet
  facet normal 0 0 1
    outer loop
      vertex 13.3223 16.2332 26
      vertex 13.2898 16.1988 26
      vertex 13.2924 16.1968 26
    endloop
  endfacet
  facet normal 0 0 1
    outer loop
      vertex 11.667 17.4609 26
      vertex 13.2898 16.1988 26
      vertex 13.3223 16.2332 26
    endloop
  endfacet
  facet normal 0 0 1
    outer loop
      vertex 11.667 17.4609 26
      vertex 11.6408 17.4217 26
      vertex 13.2898 16.1988 26
    endloop
  endfacet
  facet normal -0 0 1
    outer loop
      vertex 9.87993 18.4772 26
      vertex 11.667 17.4609 26
      vertex 9.89933 18.5203 26
    endloop
  endfacet
  facet normal 0 0 1
    outer loop
      vertex 11.667 17.4609 26
      vertex 9.87993 18.4772 26
      vertex 11.6408 17.4217 26
    endloop
  endfacet
  facet normal 0 0 1
    outer loop
      vertex 9.89933 18.5203 26
      vertex 9.87715 18.4788 26
      vertex 9.87993 18.4772 26
    endloop
  endfacet
  facet normal 0 0 1
    outer loop
      vertex 9.89933 18.5203 26
      vertex 9.87421 18.4802 26
      vertex 9.87715 18.4788 26
    endloop
  endfacet
  facet normal 0 0 1
    outer loop
      vertex 8.03635 19.4015 26
      vertex 9.87421 18.4802 26
      vertex 9.89933 18.5203 26
    endloop
  endfacet
  facet normal 0 0 1
    outer loop
      vertex 8.03635 19.4015 26
      vertex 8.01834 19.358 26
      vertex 9.87421 18.4802 26
    endloop
  endfacet
  facet normal -0 0 1
    outer loop
      vertex 6.08537 20.0496 26
      vertex 8.03635 19.4015 26
      vertex 6.09598 20.0957 26
    endloop
  endfacet
  facet normal 0 0 1
    outer loop
      vertex 8.03635 19.4015 26
      vertex 6.08537 20.0496 26
      vertex 8.01834 19.358 26
    endloop
  endfacet
  facet normal 0 0 1
    outer loop
      vertex 6.09598 20.0957 26
      vertex 6.08232 20.0507 26
      vertex 6.08537 20.0496 26
    endloop
  endfacet
  facet normal 0 0 1
    outer loop
      vertex 6.09598 20.0957 26
      vertex 6.07917 20.0515 26
      vertex 6.08232 20.0507 26
    endloop
  endfacet
  facet normal 0 0 1
    outer loop
      vertex 4.0969 20.5965 26
      vertex 6.07917 20.0515 26
      vertex 6.09598 20.0957 26
    endloop
  endfacet
  facet normal 0 0 1
    outer loop
      vertex 4.0969 20.5965 26
      vertex 4.08772 20.5503 26
      vertex 6.07917 20.0515 26
    endloop
  endfacet
  facet normal 0 0 1
    outer loop
      vertex 4.0969 20.5965 26
      vertex 4.0845 20.5508 26
      vertex 4.08772 20.5503 26
    endloop
  endfacet
  facet normal 0 0 1
    outer loop
      vertex 2.05836 20.8989 26
      vertex 4.0845 20.5508 26
      vertex 4.0969 20.5965 26
    endloop
  endfacet
  facet normal 0 0 1
    outer loop
      vertex 2.05836 20.8989 26
      vertex 2.05375 20.852 26
      vertex 4.0845 20.5508 26
    endloop
  endfacet
  facet normal 0 0 1
    outer loop
      vertex 2.05836 20.8989 26
      vertex 0.00324352 20.9528 26
      vertex 2.05375 20.852 26
    endloop
  endfacet
  facet normal 0 0 1
    outer loop
      vertex 0 21 26
      vertex 0.00324352 20.9528 26
      vertex 2.05836 20.8989 26
    endloop
  endfacet
  facet normal 0 0 1
    outer loop
      vertex 0 21 26
      vertex 0 20.9529 26
      vertex 0.00324352 20.9528 26
    endloop
  endfacet
  facet normal 0 0 1
    outer loop
      vertex 0 21 26
      vertex -0.00324352 20.9528 26
      vertex 0 20.9529 26
    endloop
  endfacet
  facet normal 0 0 1
    outer loop
      vertex -2.05836 20.8989 26
      vertex -0.00324352 20.9528 26
      vertex 0 21 26
    endloop
  endfacet
  facet normal 0 0 1
    outer loop
      vertex -0.00324352 20.9528 26
      vertex -2.05836 20.8989 26
      vertex -2.05375 20.852 26
    endloop
  endfacet
  facet normal 0 0 1
    outer loop
      vertex -2.05836 20.8989 26
      vertex -4.0845 20.5508 26
      vertex -2.05375 20.852 26
    endloop
  endfacet
  facet normal -0 0 1
    outer loop
      vertex -4.0969 20.5965 26
      vertex -4.0845 20.5508 26
      vertex -2.05836 20.8989 26
    endloop
  endfacet
  facet normal 0 0 1
    outer loop
      vertex -4.0845 20.5508 26
      vertex -4.0969 20.5965 26
      vertex -4.08772 20.5503 26
    endloop
  endfacet
  facet normal 0 0 1
    outer loop
      vertex -4.0969 20.5965 26
      vertex -6.07917 20.0515 26
      vertex -4.08772 20.5503 26
    endloop
  endfacet
  facet normal -0 0 1
    outer loop
      vertex -6.09598 20.0957 26
      vertex -6.07917 20.0515 26
      vertex -4.0969 20.5965 26
    endloop
  endfacet
  facet normal 0 0 1
    outer loop
      vertex -6.07917 20.0515 26
      vertex -6.09598 20.0957 26
      vertex -6.08232 20.0507 26
    endloop
  endfacet
  facet normal 0 0 1
    outer loop
      vertex -6.09598 20.0957 26
      vertex -6.08537 20.0496 26
      vertex -6.08232 20.0507 26
    endloop
  endfacet
  facet normal 0 0 1
    outer loop
      vertex -8.03635 19.4015 26
      vertex -6.08537 20.0496 26
      vertex -6.09598 20.0957 26
    endloop
  endfacet
  facet normal 0 0 1
    outer loop
      vertex -6.08537 20.0496 26
      vertex -8.03635 19.4015 26
      vertex -8.01834 19.358 26
    endloop
  endfacet
  facet normal 0 0 1
    outer loop
      vertex -8.03635 19.4015 26
      vertex -9.87421 18.4802 26
      vertex -8.01834 19.358 26
    endloop
  endfacet
  facet normal -0 0 1
    outer loop
      vertex -9.89933 18.5203 26
      vertex -9.87421 18.4802 26
      vertex -8.03635 19.4015 26
    endloop
  endfacet
  facet normal 0 0 1
    outer loop
      vertex -9.87421 18.4802 26
      vertex -9.89933 18.5203 26
      vertex -9.87715 18.4788 26
    endloop
  endfacet
  facet normal 0 0 1
    outer loop
      vertex -9.89933 18.5203 26
      vertex -9.87993 18.4772 26
      vertex -9.87715 18.4788 26
    endloop
  endfacet
  facet normal 0 0 1
    outer loop
      vertex -11.667 17.4609 26
      vertex -9.87993 18.4772 26
      vertex -9.89933 18.5203 26
    endloop
  endfacet
  facet normal 0 0 1
    outer loop
      vertex -9.87993 18.4772 26
      vertex -11.667 17.4609 26
      vertex -11.6408 17.4217 26
    endloop
  endfacet
  facet normal 0 0 1
    outer loop
      vertex -11.667 17.4609 26
      vertex -13.2898 16.1988 26
      vertex -11.6408 17.4217 26
    endloop
  endfacet
  facet normal -0 0 1
    outer loop
      vertex -13.3223 16.2332 26
      vertex -13.2898 16.1988 26
      vertex -11.667 17.4609 26
    endloop
  endfacet
  facet normal 0 0 1
    outer loop
      vertex -13.2898 16.1988 26
      vertex -13.3223 16.2332 26
      vertex -13.2924 16.1968 26
    endloop
  endfacet
  facet normal 0 0 1
    outer loop
      vertex -13.3223 16.2332 26
      vertex -14.8136 14.8181 26
      vertex -13.2924 16.1968 26
    endloop
  endfacet
  facet normal -0 0 1
    outer loop
      vertex -14.8492 14.8492 26
      vertex -14.8136 14.8181 26
      vertex -13.3223 16.2332 26
    endloop
  endfacet
  facet normal 0 0 1
    outer loop
      vertex -14.8136 14.8181 26
      vertex -14.8492 14.8492 26
      vertex -14.816 14.816 26
    endloop
  endfacet
  facet normal 0 0 1
    outer loop
      vertex -14.8492 14.8492 26
      vertex -14.8181 14.8136 26
      vertex -14.816 14.816 26
    endloop
  endfacet
  facet normal 0 0 1
    outer loop
      vertex -16.2332 13.3223 26
      vertex -14.8181 14.8136 26
      vertex -14.8492 14.8492 26
    endloop
  endfacet
  facet normal 0 0 1
    outer loop
      vertex -14.8181 14.8136 26
      vertex -16.2332 13.3223 26
      vertex -16.1968 13.2924 26
    endloop
  endfacet
  facet normal 0 0 1
    outer loop
      vertex -16.2332 13.3223 26
      vertex -16.1988 13.2898 26
      vertex -16.1968 13.2924 26
    endloop
  endfacet
  facet normal 0 0 1
    outer loop
      vertex -17.4609 11.667 26
      vertex -16.1988 13.2898 26
      vertex -16.2332 13.3223 26
    endloop
  endfacet
  facet normal 0 0 1
    outer loop
      vertex -16.1988 13.2898 26
      vertex -17.4609 11.667 26
      vertex -17.4217 11.6408 26
    endloop
  endfacet
  facet normal 0 0 1
    outer loop
      vertex -17.4609 11.667 26
      vertex -18.4772 9.87993 26
      vertex -17.4217 11.6408 26
    endloop
  endfacet
  facet normal -0 0 1
    outer loop
      vertex -18.5203 9.89933 26
      vertex -18.4772 9.87993 26
      vertex -17.4609 11.667 26
    endloop
  endfacet
  facet normal 0 0 1
    outer loop
      vertex -18.4772 9.87993 26
      vertex -18.5203 9.89933 26
      vertex -18.4788 9.87715 26
    endloop
  endfacet
  facet normal 0 0 1
    outer loop
      vertex -18.5203 9.89933 26
      vertex -18.4802 9.87421 26
      vertex -18.4788 9.87715 26
    endloop
  endfacet
  facet normal 0 0 1
    outer loop
      vertex -19.4015 8.03635 26
      vertex -18.4802 9.87421 26
      vertex -18.5203 9.89933 26
    endloop
  endfacet
  facet normal 0 0 1
    outer loop
      vertex -18.4802 9.87421 26
      vertex -19.4015 8.03635 26
      vertex -19.358 8.01834 26
    endloop
  endfacet
  facet normal 0 0 1
    outer loop
      vertex -19.4015 8.03635 26
      vertex -20.0496 6.08537 26
      vertex -19.358 8.01834 26
    endloop
  endfacet
  facet normal -0 0 1
    outer loop
      vertex -20.0957 6.09598 26
      vertex -20.0496 6.08537 26
      vertex -19.4015 8.03635 26
    endloop
  endfacet
  facet normal 0 0 1
    outer loop
      vertex -20.0496 6.08537 26
      vertex -20.0957 6.09598 26
      vertex -20.0507 6.08232 26
    endloop
  endfacet
  facet normal 0 0 1
    outer loop
      vertex -20.0957 6.09598 26
      vertex -20.0515 6.07917 26
      vertex -20.0507 6.08232 26
    endloop
  endfacet
  facet normal 0 0 1
    outer loop
      vertex -20.5965 4.0969 26
      vertex -20.0515 6.07917 26
      vertex -20.0957 6.09598 26
    endloop
  endfacet
  facet normal 0 0 1
    outer loop
      vertex -20.0515 6.07917 26
      vertex -20.5965 4.0969 26
      vertex -20.5503 4.08772 26
    endloop
  endfacet
  facet normal 0 0 1
    outer loop
      vertex -20.5965 4.0969 26
      vertex -20.5508 4.0845 26
      vertex -20.5503 4.08772 26
    endloop
  endfacet
  facet normal 0 0 1
    outer loop
      vertex -20.8989 2.05836 26
      vertex -20.5508 4.0845 26
      vertex -20.5965 4.0969 26
    endloop
  endfacet
  facet normal 0 0 1
    outer loop
      vertex -20.5508 4.0845 26
      vertex -20.8989 2.05836 26
      vertex -20.852 2.05375 26
    endloop
  endfacet
  facet normal 0 0 1
    outer loop
      vertex -20.8989 2.05836 26
      vertex -20.9528 0.00324352 26
      vertex -20.852 2.05375 26
    endloop
  endfacet
  facet normal 0 0 1
    outer loop
      vertex -21 0 26
      vertex -20.9528 0.00324352 26
      vertex -20.8989 2.05836 26
    endloop
  endfacet
  facet normal 0 0 1
    outer loop
      vertex -20.9528 0.00324352 26
      vertex -21 0 26
      vertex -20.9529 0 26
    endloop
  endfacet
  facet normal 0 0 1
    outer loop
      vertex 20.9528 -0.00324352 26
      vertex 21 0 26
      vertex 20.9529 0 26
    endloop
  endfacet
  facet normal -0 0 1
    outer loop
      vertex 20.9528 -0.00324352 26
      vertex 20.8989 -2.05836 26
      vertex 21 0 26
    endloop
  endfacet
  facet normal -0 0 1
    outer loop
      vertex 20.852 -2.05375 26
      vertex 20.8989 -2.05836 26
      vertex 20.9528 -0.00324352 26
    endloop
  endfacet
  facet normal 0 0 1
    outer loop
      vertex 20.5508 -4.0845 26
      vertex 20.8989 -2.05836 26
      vertex 20.852 -2.05375 26
    endloop
  endfacet
  facet normal 0 0 1
    outer loop
      vertex 20.8989 -2.05836 26
      vertex 20.5508 -4.0845 26
      vertex 20.5965 -4.0969 26
    endloop
  endfacet
  facet normal -0 0 1
    outer loop
      vertex 20.5503 -4.08772 26
      vertex 20.5965 -4.0969 26
      vertex 20.5508 -4.0845 26
    endloop
  endfacet
  facet normal 0 0 1
    outer loop
      vertex 20.0515 -6.07917 26
      vertex 20.5965 -4.0969 26
      vertex 20.5503 -4.08772 26
    endloop
  endfacet
  facet normal 0 0 1
    outer loop
      vertex 20.5965 -4.0969 26
      vertex 20.0515 -6.07917 26
      vertex 20.0957 -6.09598 26
    endloop
  endfacet
  facet normal -0 0 1
    outer loop
      vertex 20.0507 -6.08232 26
      vertex 20.0957 -6.09598 26
      vertex 20.0515 -6.07917 26
    endloop
  endfacet
  facet normal -0 0 1
    outer loop
      vertex 20.0496 -6.08537 26
      vertex 20.0957 -6.09598 26
      vertex 20.0507 -6.08232 26
    endloop
  endfacet
  facet normal 0 0 1
    outer loop
      vertex 20.0496 -6.08537 26
      vertex 19.4015 -8.03635 26
      vertex 20.0957 -6.09598 26
    endloop
  endfacet
  facet normal -0 0 1
    outer loop
      vertex 19.358 -8.01834 26
      vertex 19.4015 -8.03635 26
      vertex 20.0496 -6.08537 26
    endloop
  endfacet
  facet normal 0 0 1
    outer loop
      vertex 18.4802 -9.87421 26
      vertex 19.4015 -8.03635 26
      vertex 19.358 -8.01834 26
    endloop
  endfacet
  facet normal 0 0 1
    outer loop
      vertex 19.4015 -8.03635 26
      vertex 18.4802 -9.87421 26
      vertex 18.5203 -9.89933 26
    endloop
  endfacet
  facet normal -0 0 1
    outer loop
      vertex 18.4788 -9.87715 26
      vertex 18.5203 -9.89933 26
      vertex 18.4802 -9.87421 26
    endloop
  endfacet
  facet normal -0 0 1
    outer loop
      vertex 18.4772 -9.87993 26
      vertex 18.5203 -9.89933 26
      vertex 18.4788 -9.87715 26
    endloop
  endfacet
  facet normal 0 0 1
    outer loop
      vertex 18.4772 -9.87993 26
      vertex 17.4609 -11.667 26
      vertex 18.5203 -9.89933 26
    endloop
  endfacet
  facet normal -0 0 1
    outer loop
      vertex 17.4217 -11.6408 26
      vertex 17.4609 -11.667 26
      vertex 18.4772 -9.87993 26
    endloop
  endfacet
  facet normal 0 0 1
    outer loop
      vertex 16.1988 -13.2898 26
      vertex 17.4609 -11.667 26
      vertex 17.4217 -11.6408 26
    endloop
  endfacet
  facet normal 0 0 1
    outer loop
      vertex 17.4609 -11.667 26
      vertex 16.1988 -13.2898 26
      vertex 16.2332 -13.3223 26
    endloop
  endfacet
  facet normal -0 0 1
    outer loop
      vertex 16.1968 -13.2924 26
      vertex 16.2332 -13.3223 26
      vertex 16.1988 -13.2898 26
    endloop
  endfacet
  facet normal 0 0 1
    outer loop
      vertex 14.8181 -14.8136 26
      vertex 16.2332 -13.3223 26
      vertex 16.1968 -13.2924 26
    endloop
  endfacet
  facet normal 0 0 1
    outer loop
      vertex 16.2332 -13.3223 26
      vertex 14.8181 -14.8136 26
      vertex 14.8492 -14.8492 26
    endloop
  endfacet
  facet normal -0 0 1
    outer loop
      vertex 14.816 -14.816 26
      vertex 14.8492 -14.8492 26
      vertex 14.8181 -14.8136 26
    endloop
  endfacet
  facet normal -0 0 1
    outer loop
      vertex 14.8136 -14.8181 26
      vertex 14.8492 -14.8492 26
      vertex 14.816 -14.816 26
    endloop
  endfacet
  facet normal 0 0 1
    outer loop
      vertex 14.8136 -14.8181 26
      vertex 13.3223 -16.2332 26
      vertex 14.8492 -14.8492 26
    endloop
  endfacet
  facet normal -0 0 1
    outer loop
      vertex 13.2924 -16.1968 26
      vertex 13.3223 -16.2332 26
      vertex 14.8136 -14.8181 26
    endloop
  endfacet
  facet normal -0 0 1
    outer loop
      vertex 13.2898 -16.1988 26
      vertex 13.3223 -16.2332 26
      vertex 13.2924 -16.1968 26
    endloop
  endfacet
  facet normal 0 0 1
    outer loop
      vertex 13.2898 -16.1988 26
      vertex 11.667 -17.4609 26
      vertex 13.3223 -16.2332 26
    endloop
  endfacet
  facet normal -0 0 1
    outer loop
      vertex 11.6408 -17.4217 26
      vertex 11.667 -17.4609 26
      vertex 13.2898 -16.1988 26
    endloop
  endfacet
  facet normal 0 0 1
    outer loop
      vertex 9.87993 -18.4772 26
      vertex 11.667 -17.4609 26
      vertex 11.6408 -17.4217 26
    endloop
  endfacet
  facet normal 0 0 1
    outer loop
      vertex 11.667 -17.4609 26
      vertex 9.87993 -18.4772 26
      vertex 9.89933 -18.5203 26
    endloop
  endfacet
  facet normal -0 0 1
    outer loop
      vertex 9.87715 -18.4788 26
      vertex 9.89933 -18.5203 26
      vertex 9.87993 -18.4772 26
    endloop
  endfacet
  facet normal -0 0 1
    outer loop
      vertex 9.87421 -18.4802 26
      vertex 9.89933 -18.5203 26
      vertex 9.87715 -18.4788 26
    endloop
  endfacet
  facet normal 0 0 1
    outer loop
      vertex 9.87421 -18.4802 26
      vertex 8.03635 -19.4015 26
      vertex 9.89933 -18.5203 26
    endloop
  endfacet
  facet normal -0 0 1
    outer loop
      vertex 8.01834 -19.358 26
      vertex 8.03635 -19.4015 26
      vertex 9.87421 -18.4802 26
    endloop
  endfacet
  facet normal 0 0 1
    outer loop
      vertex 6.08537 -20.0496 26
      vertex 8.03635 -19.4015 26
      vertex 8.01834 -19.358 26
    endloop
  endfacet
  facet normal 0 0 1
    outer loop
      vertex 8.03635 -19.4015 26
      vertex 6.08537 -20.0496 26
      vertex 6.09598 -20.0957 26
    endloop
  endfacet
  facet normal -0 0 1
    outer loop
      vertex 6.08232 -20.0507 26
      vertex 6.09598 -20.0957 26
      vertex 6.08537 -20.0496 26
    endloop
  endfacet
  facet normal -0 0 1
    outer loop
      vertex 6.07917 -20.0515 26
      vertex 6.09598 -20.0957 26
      vertex 6.08232 -20.0507 26
    endloop
  endfacet
  facet normal 0 0 1
    outer loop
      vertex 6.07917 -20.0515 26
      vertex 4.0969 -20.5965 26
      vertex 6.09598 -20.0957 26
    endloop
  endfacet
  facet normal -0 0 1
    outer loop
      vertex 4.08772 -20.5503 26
      vertex 4.0969 -20.5965 26
      vertex 6.07917 -20.0515 26
    endloop
  endfacet
  facet normal -0 0 1
    outer loop
      vertex 4.0845 -20.5508 26
      vertex 4.0969 -20.5965 26
      vertex 4.08772 -20.5503 26
    endloop
  endfacet
  facet normal 0 0 1
    outer loop
      vertex 4.0845 -20.5508 26
      vertex 2.05836 -20.8989 26
      vertex 4.0969 -20.5965 26
    endloop
  endfacet
  facet normal -0 0 1
    outer loop
      vertex 2.05375 -20.852 26
      vertex 2.05836 -20.8989 26
      vertex 4.0845 -20.5508 26
    endloop
  endfacet
  facet normal 0 0 1
    outer loop
      vertex 0.00324352 -20.9528 26
      vertex 2.05836 -20.8989 26
      vertex 2.05375 -20.852 26
    endloop
  endfacet
  facet normal 0 0 1
    outer loop
      vertex 0 -21 26
      vertex 0.00324352 -20.9528 26
      vertex 0 -20.9529 26
    endloop
  endfacet
  facet normal -0 0 1
    outer loop
      vertex 0.00324352 -20.9528 26
      vertex 0 -21 26
      vertex 2.05836 -20.8989 26
    endloop
  endfacet
  facet normal 0 0 1
    outer loop
      vertex -0.00324352 -20.9528 26
      vertex 0 -21 26
      vertex 0 -20.9529 26
    endloop
  endfacet
  facet normal -0 0 1
    outer loop
      vertex -2.05836 -20.8989 26
      vertex -0.00324352 -20.9528 26
      vertex -2.05375 -20.852 26
    endloop
  endfacet
  facet normal 0 0 1
    outer loop
      vertex -0.00324352 -20.9528 26
      vertex -2.05836 -20.8989 26
      vertex 0 -21 26
    endloop
  endfacet
  facet normal 0 0 1
    outer loop
      vertex -4.0845 -20.5508 26
      vertex -2.05836 -20.8989 26
      vertex -2.05375 -20.852 26
    endloop
  endfacet
  facet normal 0 0 1
    outer loop
      vertex -4.0969 -20.5965 26
      vertex -4.0845 -20.5508 26
      vertex -4.08772 -20.5503 26
    endloop
  endfacet
  facet normal 0 0 1
    outer loop
      vertex -4.0845 -20.5508 26
      vertex -4.0969 -20.5965 26
      vertex -2.05836 -20.8989 26
    endloop
  endfacet
  facet normal 0 0 1
    outer loop
      vertex -6.07917 -20.0515 26
      vertex -4.0969 -20.5965 26
      vertex -4.08772 -20.5503 26
    endloop
  endfacet
  facet normal 0 0 1
    outer loop
      vertex -6.09598 -20.0957 26
      vertex -6.07917 -20.0515 26
      vertex -6.08232 -20.0507 26
    endloop
  endfacet
  facet normal 0 0 1
    outer loop
      vertex -6.07917 -20.0515 26
      vertex -6.09598 -20.0957 26
      vertex -4.0969 -20.5965 26
    endloop
  endfacet
  facet normal 0 0 1
    outer loop
      vertex -6.08537 -20.0496 26
      vertex -6.09598 -20.0957 26
      vertex -6.08232 -20.0507 26
    endloop
  endfacet
  facet normal -0 0 1
    outer loop
      vertex -8.03635 -19.4015 26
      vertex -6.08537 -20.0496 26
      vertex -8.01834 -19.358 26
    endloop
  endfacet
  facet normal 0 0 1
    outer loop
      vertex -6.08537 -20.0496 26
      vertex -8.03635 -19.4015 26
      vertex -6.09598 -20.0957 26
    endloop
  endfacet
  facet normal 0 0 1
    outer loop
      vertex -9.87421 -18.4802 26
      vertex -8.03635 -19.4015 26
      vertex -8.01834 -19.358 26
    endloop
  endfacet
  facet normal 0 0 1
    outer loop
      vertex -9.89933 -18.5203 26
      vertex -9.87421 -18.4802 26
      vertex -9.87715 -18.4788 26
    endloop
  endfacet
  facet normal 0 0 1
    outer loop
      vertex -9.87421 -18.4802 26
      vertex -9.89933 -18.5203 26
      vertex -8.03635 -19.4015 26
    endloop
  endfacet
  facet normal 0 0 1
    outer loop
      vertex -9.87993 -18.4772 26
      vertex -9.89933 -18.5203 26
      vertex -9.87715 -18.4788 26
    endloop
  endfacet
  facet normal -0 0 1
    outer loop
      vertex -11.667 -17.4609 26
      vertex -9.87993 -18.4772 26
      vertex -11.6408 -17.4217 26
    endloop
  endfacet
  facet normal 0 0 1
    outer loop
      vertex -9.87993 -18.4772 26
      vertex -11.667 -17.4609 26
      vertex -9.89933 -18.5203 26
    endloop
  endfacet
  facet normal 0 0 1
    outer loop
      vertex -13.2898 -16.1988 26
      vertex -11.667 -17.4609 26
      vertex -11.6408 -17.4217 26
    endloop
  endfacet
  facet normal 0 0 1
    outer loop
      vertex -13.3223 -16.2332 26
      vertex -13.2898 -16.1988 26
      vertex -13.2924 -16.1968 26
    endloop
  endfacet
  facet normal 0 0 1
    outer loop
      vertex -13.2898 -16.1988 26
      vertex -13.3223 -16.2332 26
      vertex -11.667 -17.4609 26
    endloop
  endfacet
  facet normal 0 0 1
    outer loop
      vertex -14.8136 -14.8181 26
      vertex -13.3223 -16.2332 26
      vertex -13.2924 -16.1968 26
    endloop
  endfacet
  facet normal 0 0 1
    outer loop
      vertex -14.8492 -14.8492 26
      vertex -14.8136 -14.8181 26
      vertex -14.816 -14.816 26
    endloop
  endfacet
  facet normal 0 0 1
    outer loop
      vertex -14.8136 -14.8181 26
      vertex -14.8492 -14.8492 26
      vertex -13.3223 -16.2332 26
    endloop
  endfacet
  facet normal 0 0 1
    outer loop
      vertex -14.8181 -14.8136 26
      vertex -14.8492 -14.8492 26
      vertex -14.816 -14.816 26
    endloop
  endfacet
  facet normal -0 0 1
    outer loop
      vertex -16.2332 -13.3223 26
      vertex -14.8181 -14.8136 26
      vertex -16.1968 -13.2924 26
    endloop
  endfacet
  facet normal 0 0 1
    outer loop
      vertex -14.8181 -14.8136 26
      vertex -16.2332 -13.3223 26
      vertex -14.8492 -14.8492 26
    endloop
  endfacet
  facet normal 0 0 1
    outer loop
      vertex -16.1988 -13.2898 26
      vertex -16.2332 -13.3223 26
      vertex -16.1968 -13.2924 26
    endloop
  endfacet
  facet normal -0 0 1
    outer loop
      vertex -17.4609 -11.667 26
      vertex -16.1988 -13.2898 26
      vertex -17.4217 -11.6408 26
    endloop
  endfacet
  facet normal 0 0 1
    outer loop
      vertex -16.1988 -13.2898 26
      vertex -17.4609 -11.667 26
      vertex -16.2332 -13.3223 26
    endloop
  endfacet
  facet normal 0 0 1
    outer loop
      vertex -18.4772 -9.87993 26
      vertex -17.4609 -11.667 26
      vertex -17.4217 -11.6408 26
    endloop
  endfacet
  facet normal 0 0 1
    outer loop
      vertex -18.5203 -9.89933 26
      vertex -18.4772 -9.87993 26
      vertex -18.4788 -9.87715 26
    endloop
  endfacet
  facet normal 0 0 1
    outer loop
      vertex -18.4772 -9.87993 26
      vertex -18.5203 -9.89933 26
      vertex -17.4609 -11.667 26
    endloop
  endfacet
  facet normal 0 0 1
    outer loop
      vertex -18.4802 -9.87421 26
      vertex -18.5203 -9.89933 26
      vertex -18.4788 -9.87715 26
    endloop
  endfacet
  facet normal -0 0 1
    outer loop
      vertex -19.4015 -8.03635 26
      vertex -18.4802 -9.87421 26
      vertex -19.358 -8.01834 26
    endloop
  endfacet
  facet normal 0 0 1
    outer loop
      vertex -18.4802 -9.87421 26
      vertex -19.4015 -8.03635 26
      vertex -18.5203 -9.89933 26
    endloop
  endfacet
  facet normal 0 0 1
    outer loop
      vertex -20.0496 -6.08537 26
      vertex -19.4015 -8.03635 26
      vertex -19.358 -8.01834 26
    endloop
  endfacet
  facet normal 0 0 1
    outer loop
      vertex -20.0957 -6.09598 26
      vertex -20.0496 -6.08537 26
      vertex -20.0507 -6.08232 26
    endloop
  endfacet
  facet normal 0 0 1
    outer loop
      vertex -20.0496 -6.08537 26
      vertex -20.0957 -6.09598 26
      vertex -19.4015 -8.03635 26
    endloop
  endfacet
  facet normal 0 0 1
    outer loop
      vertex -20.0515 -6.07917 26
      vertex -20.0957 -6.09598 26
      vertex -20.0507 -6.08232 26
    endloop
  endfacet
  facet normal -0 0 1
    outer loop
      vertex -20.5965 -4.0969 26
      vertex -20.0515 -6.07917 26
      vertex -20.5503 -4.08772 26
    endloop
  endfacet
  facet normal 0 0 1
    outer loop
      vertex -20.0515 -6.07917 26
      vertex -20.5965 -4.0969 26
      vertex -20.0957 -6.09598 26
    endloop
  endfacet
  facet normal 0 0 1
    outer loop
      vertex -20.5508 -4.0845 26
      vertex -20.5965 -4.0969 26
      vertex -20.5503 -4.08772 26
    endloop
  endfacet
  facet normal -0 0 1
    outer loop
      vertex -20.8989 -2.05836 26
      vertex -20.5508 -4.0845 26
      vertex -20.852 -2.05375 26
    endloop
  endfacet
  facet normal 0 0 1
    outer loop
      vertex -20.5508 -4.0845 26
      vertex -20.8989 -2.05836 26
      vertex -20.5965 -4.0969 26
    endloop
  endfacet
  facet normal 0 0 1
    outer loop
      vertex -20.9528 -0.00324352 26
      vertex -20.8989 -2.05836 26
      vertex -20.852 -2.05375 26
    endloop
  endfacet
  facet normal -0 0 1
    outer loop
      vertex -21 0 26
      vertex -20.9528 -0.00324352 26
      vertex -20.9529 0 26
    endloop
  endfacet
  facet normal 0 0 1
    outer loop
      vertex -20.9528 -0.00324352 26
      vertex -21 0 26
      vertex -20.8989 -2.05836 26
    endloop
  endfacet
  facet normal -0.903975 0.427585 0
    outer loop
      vertex 18.5203 -9.89933 26
      vertex 19.4015 -8.03635 81
      vertex 19.4015 -8.03635 26
    endloop
  endfacet
  facet normal -0.903975 0.427585 0
    outer loop
      vertex 19.4015 -8.03635 81
      vertex 18.5203 -9.89933 26
      vertex 18.5203 -9.89933 81
    endloop
  endfacet
  facet normal -0.514067 0.85775 2.87415e-07
    outer loop
      vertex 11.667 -17.4609 81
      vertex 10.5 -18.1603 61.75
      vertex 9.89933 -18.5203 81
    endloop
  endfacet
  facet normal -0.514063 0.857752 0
    outer loop
      vertex 11.667 -17.4609 26
      vertex 10.5 -18.1603 61.75
      vertex 11.667 -17.4609 81
    endloop
  endfacet
  facet normal -0.514063 0.857752 0
    outer loop
      vertex 10.5 -18.1603 61.75
      vertex 11.667 -17.4609 26
      vertex 10.5 -18.1603 39.75
    endloop
  endfacet
  facet normal -0.514067 0.85775 -4.02381e-07
    outer loop
      vertex 9.89933 -18.5203 26
      vertex 10.5 -18.1603 39.75
      vertex 11.667 -17.4609 26
    endloop
  endfacet
  facet normal -0.514074 0.857746 0
    outer loop
      vertex 10.5 -18.1603 39.75
      vertex 9.89933 -18.5203 26
      vertex 9.89933 -18.5203 39.75
    endloop
  endfacet
  facet normal -0.514074 0.857746 0
    outer loop
      vertex 9.89933 -18.5203 81
      vertex 10.5 -18.1603 61.75
      vertex 9.89933 -18.5203 61.75
    endloop
  endfacet
  facet normal 0.595714 -0.803197 0
    outer loop
      vertex -13.3223 16.2332 26
      vertex -11.667 17.4609 81
      vertex -13.3223 16.2332 81
    endloop
  endfacet
  facet normal 0.595714 -0.803197 0
    outer loop
      vertex -11.667 17.4609 81
      vertex -13.3223 16.2332 26
      vertex -11.667 17.4609 26
    endloop
  endfacet
  facet normal -0.336857 -0.941556 0
    outer loop
      vertex 6.09598 20.0957 26
      vertex 8.03635 19.4015 81
      vertex 6.09598 20.0957 81
    endloop
  endfacet
  facet normal -0.336857 -0.941556 -0
    outer loop
      vertex 8.03635 19.4015 81
      vertex 6.09598 20.0957 26
      vertex 8.03635 19.4015 26
    endloop
  endfacet
  facet normal 0.803197 0.595714 0
    outer loop
      vertex -16.2332 -13.3223 81
      vertex -17.4609 -11.667 26
      vertex -17.4609 -11.667 81
    endloop
  endfacet
  facet normal 0.803197 0.595714 0
    outer loop
      vertex -17.4609 -11.667 26
      vertex -16.2332 -13.3223 81
      vertex -16.2332 -13.3223 26
    endloop
  endfacet
  facet normal -0.146736 0.989176 0
    outer loop
      vertex 4.0969 -20.5965 26
      vertex 2.05836 -20.8989 39.75
      vertex 4.0969 -20.5965 39.75
    endloop
  endfacet
  facet normal -0.146736 0.989176 0
    outer loop
      vertex 2.05836 -20.8989 39.75
      vertex 4.0969 -20.5965 26
      vertex 2.05836 -20.8989 26
    endloop
  endfacet
  facet normal -0.146736 0.989176 0
    outer loop
      vertex 4.0969 -20.5965 61.75
      vertex 2.05836 -20.8989 81
      vertex 4.0969 -20.5965 81
    endloop
  endfacet
  facet normal -0.146736 0.989176 0
    outer loop
      vertex 2.05836 -20.8989 81
      vertex 4.0969 -20.5965 61.75
      vertex 2.05836 -20.8989 61.75
    endloop
  endfacet
  facet normal -0.0490576 0.998796 0
    outer loop
      vertex 2.05836 -20.8989 26
      vertex 0 -21 39.75
      vertex 2.05836 -20.8989 39.75
    endloop
  endfacet
  facet normal -0.0490576 0.998796 0
    outer loop
      vertex 0 -21 39.75
      vertex 2.05836 -20.8989 26
      vertex 0 -21 26
    endloop
  endfacet
  facet normal -0.0490576 0.998796 0
    outer loop
      vertex 2.05836 -20.8989 61.75
      vertex 0 -21 81
      vertex 2.05836 -20.8989 81
    endloop
  endfacet
  facet normal -0.0490576 0.998796 0
    outer loop
      vertex 0 -21 81
      vertex 2.05836 -20.8989 61.75
      vertex 0 -21 61.75
    endloop
  endfacet
  facet normal -0.989176 0.146736 0
    outer loop
      vertex 20.5965 -4.0969 26
      vertex 20.8989 -2.05836 81
      vertex 20.8989 -2.05836 26
    endloop
  endfacet
  facet normal -0.989176 0.146736 0
    outer loop
      vertex 20.8989 -2.05836 81
      vertex 20.5965 -4.0969 26
      vertex 20.5965 -4.0969 81
    endloop
  endfacet
  facet normal -0.427585 -0.903975 0
    outer loop
      vertex 8.03635 19.4015 26
      vertex 9.89933 18.5203 81
      vertex 8.03635 19.4015 81
    endloop
  endfacet
  facet normal -0.427585 -0.903975 -0
    outer loop
      vertex 9.89933 18.5203 81
      vertex 8.03635 19.4015 26
      vertex 9.89933 18.5203 26
    endloop
  endfacet
  facet normal -0.941556 -0.336857 0
    outer loop
      vertex 20.0957 6.09598 26
      vertex 19.4015 8.03635 81
      vertex 19.4015 8.03635 26
    endloop
  endfacet
  facet normal -0.941556 -0.336857 0
    outer loop
      vertex 19.4015 8.03635 81
      vertex 20.0957 6.09598 26
      vertex 20.0957 6.09598 81
    endloop
  endfacet
  facet normal -0.85775 0.514067 0
    outer loop
      vertex 17.4609 -11.667 26
      vertex 18.5203 -9.89933 81
      vertex 18.5203 -9.89933 26
    endloop
  endfacet
  facet normal -0.85775 0.514067 0
    outer loop
      vertex 18.5203 -9.89933 81
      vertex 17.4609 -11.667 26
      vertex 17.4609 -11.667 81
    endloop
  endfacet
  facet normal 0.998796 0.0490576 0
    outer loop
      vertex -20.8989 -2.05836 81
      vertex -21 0 26
      vertex -21 0 81
    endloop
  endfacet
  facet normal 0.998796 0.0490576 0
    outer loop
      vertex -21 0 26
      vertex -20.8989 -2.05836 81
      vertex -20.8989 -2.05836 26
    endloop
  endfacet
  facet normal -0.146736 -0.989176 0
    outer loop
      vertex 2.05836 20.8989 26
      vertex 4.0969 20.5965 81
      vertex 2.05836 20.8989 81
    endloop
  endfacet
  facet normal -0.146736 -0.989176 -0
    outer loop
      vertex 4.0969 20.5965 81
      vertex 2.05836 20.8989 26
      vertex 4.0969 20.5965 26
    endloop
  endfacet
  facet normal 0.903975 -0.427585 0
    outer loop
      vertex -19.4015 8.03635 81
      vertex -18.5203 9.89933 26
      vertex -18.5203 9.89933 81
    endloop
  endfacet
  facet normal 0.903975 -0.427585 0
    outer loop
      vertex -18.5203 9.89933 26
      vertex -19.4015 8.03635 81
      vertex -19.4015 8.03635 26
    endloop
  endfacet
  facet normal -0.803197 -0.595714 0
    outer loop
      vertex 17.4609 11.667 26
      vertex 16.2332 13.3223 81
      vertex 16.2332 13.3223 26
    endloop
  endfacet
  facet normal -0.803197 -0.595714 0
    outer loop
      vertex 16.2332 13.3223 81
      vertex 17.4609 11.667 26
      vertex 17.4609 11.667 81
    endloop
  endfacet
  facet normal 0.941556 0.336857 0
    outer loop
      vertex -19.4015 -8.03635 81
      vertex -20.0957 -6.09598 26
      vertex -20.0957 -6.09598 81
    endloop
  endfacet
  facet normal 0.941556 0.336857 0
    outer loop
      vertex -20.0957 -6.09598 26
      vertex -19.4015 -8.03635 81
      vertex -19.4015 -8.03635 26
    endloop
  endfacet
  facet normal -0.671585 -0.740927 0
    outer loop
      vertex 13.3223 16.2332 26
      vertex 14.8492 14.8492 81
      vertex 13.3223 16.2332 81
    endloop
  endfacet
  facet normal -0.671585 -0.740927 -0
    outer loop
      vertex 14.8492 14.8492 81
      vertex 13.3223 16.2332 26
      vertex 14.8492 14.8492 26
    endloop
  endfacet
  facet normal 0.941556 -0.336857 0
    outer loop
      vertex -20.0957 6.09598 81
      vertex -19.4015 8.03635 26
      vertex -19.4015 8.03635 81
    endloop
  endfacet
  facet normal 0.941556 -0.336857 0
    outer loop
      vertex -19.4015 8.03635 26
      vertex -20.0957 6.09598 81
      vertex -20.0957 6.09598 26
    endloop
  endfacet
  facet normal 0.514074 0.857746 0
    outer loop
      vertex -9.89933 -18.5203 39.75
      vertex -9.89933 -18.5203 26
      vertex -10.5 -18.1603 39.75
    endloop
  endfacet
  facet normal 0.514074 0.857746 0
    outer loop
      vertex -10.5 -18.1603 61.75
      vertex -9.89933 -18.5203 81
      vertex -9.89933 -18.5203 61.75
    endloop
  endfacet
  facet normal 0.514067 0.85775 2.87415e-07
    outer loop
      vertex -9.89933 -18.5203 81
      vertex -10.5 -18.1603 61.75
      vertex -11.667 -17.4609 81
    endloop
  endfacet
  facet normal 0.514063 0.857752 0
    outer loop
      vertex -11.667 -17.4609 26
      vertex -10.5 -18.1603 61.75
      vertex -10.5 -18.1603 39.75
    endloop
  endfacet
  facet normal 0.514063 0.857752 0
    outer loop
      vertex -10.5 -18.1603 61.75
      vertex -11.667 -17.4609 26
      vertex -11.667 -17.4609 81
    endloop
  endfacet
  facet normal 0.514067 0.85775 -4.02381e-07
    outer loop
      vertex -11.667 -17.4609 26
      vertex -10.5 -18.1603 39.75
      vertex -9.89933 -18.5203 26
    endloop
  endfacet
  facet normal 0.336857 0.941556 -0
    outer loop
      vertex -6.09598 -20.0957 26
      vertex -8.03635 -19.4015 39.75
      vertex -6.09598 -20.0957 39.75
    endloop
  endfacet
  facet normal 0.336857 0.941556 0
    outer loop
      vertex -8.03635 -19.4015 39.75
      vertex -6.09598 -20.0957 26
      vertex -8.03635 -19.4015 26
    endloop
  endfacet
  facet normal 0.336857 0.941556 -0
    outer loop
      vertex -6.09598 -20.0957 61.75
      vertex -8.03635 -19.4015 81
      vertex -6.09598 -20.0957 81
    endloop
  endfacet
  facet normal 0.336857 0.941556 0
    outer loop
      vertex -8.03635 -19.4015 81
      vertex -6.09598 -20.0957 61.75
      vertex -8.03635 -19.4015 61.75
    endloop
  endfacet
  facet normal 0.970025 -0.243006 0
    outer loop
      vertex -20.5965 4.0969 81
      vertex -20.0957 6.09598 26
      vertex -20.0957 6.09598 81
    endloop
  endfacet
  facet normal 0.970025 -0.243006 0
    outer loop
      vertex -20.0957 6.09598 26
      vertex -20.5965 4.0969 81
      vertex -20.5965 4.0969 26
    endloop
  endfacet
  facet normal -0.671585 0.740927 0
    outer loop
      vertex 14.8492 -14.8492 26
      vertex 13.3223 -16.2332 81
      vertex 14.8492 -14.8492 81
    endloop
  endfacet
  facet normal -0.671585 0.740927 0
    outer loop
      vertex 13.3223 -16.2332 81
      vertex 14.8492 -14.8492 26
      vertex 13.3223 -16.2332 26
    endloop
  endfacet
  facet normal -0.970025 0.243006 0
    outer loop
      vertex 20.0957 -6.09598 26
      vertex 20.5965 -4.0969 81
      vertex 20.5965 -4.0969 26
    endloop
  endfacet
  facet normal -0.970025 0.243006 0
    outer loop
      vertex 20.5965 -4.0969 81
      vertex 20.0957 -6.09598 26
      vertex 20.0957 -6.09598 81
    endloop
  endfacet
  facet normal 0.427585 0.903975 -0
    outer loop
      vertex -8.03635 -19.4015 26
      vertex -9.89933 -18.5203 39.75
      vertex -8.03635 -19.4015 39.75
    endloop
  endfacet
  facet normal 0.427585 0.903975 0
    outer loop
      vertex -9.89933 -18.5203 39.75
      vertex -8.03635 -19.4015 26
      vertex -9.89933 -18.5203 26
    endloop
  endfacet
  facet normal 0.427585 0.903975 -0
    outer loop
      vertex -8.03635 -19.4015 61.75
      vertex -9.89933 -18.5203 81
      vertex -8.03635 -19.4015 81
    endloop
  endfacet
  facet normal 0.427585 0.903975 0
    outer loop
      vertex -9.89933 -18.5203 81
      vertex -8.03635 -19.4015 61.75
      vertex -9.89933 -18.5203 61.75
    endloop
  endfacet
  facet normal 0.671585 0.740927 -0
    outer loop
      vertex -13.3223 -16.2332 26
      vertex -14.8492 -14.8492 81
      vertex -13.3223 -16.2332 81
    endloop
  endfacet
  facet normal 0.671585 0.740927 0
    outer loop
      vertex -14.8492 -14.8492 81
      vertex -13.3223 -16.2332 26
      vertex -14.8492 -14.8492 26
    endloop
  endfacet
  facet normal 0.0490576 0.998796 -0
    outer loop
      vertex 0 -21 26
      vertex -2.05836 -20.8989 39.75
      vertex 0 -21 39.75
    endloop
  endfacet
  facet normal 0.0490576 0.998796 0
    outer loop
      vertex -2.05836 -20.8989 39.75
      vertex 0 -21 26
      vertex -2.05836 -20.8989 26
    endloop
  endfacet
  facet normal 0.0490576 0.998796 -0
    outer loop
      vertex 0 -21 61.75
      vertex -2.05836 -20.8989 81
      vertex 0 -21 81
    endloop
  endfacet
  facet normal 0.0490576 0.998796 0
    outer loop
      vertex -2.05836 -20.8989 81
      vertex 0 -21 61.75
      vertex -2.05836 -20.8989 61.75
    endloop
  endfacet
  facet normal -0.336857 0.941556 0
    outer loop
      vertex 8.03635 -19.4015 26
      vertex 6.09598 -20.0957 39.75
      vertex 8.03635 -19.4015 39.75
    endloop
  endfacet
  facet normal -0.336857 0.941556 0
    outer loop
      vertex 6.09598 -20.0957 39.75
      vertex 8.03635 -19.4015 26
      vertex 6.09598 -20.0957 26
    endloop
  endfacet
  facet normal -0.336857 0.941556 0
    outer loop
      vertex 8.03635 -19.4015 61.75
      vertex 6.09598 -20.0957 81
      vertex 8.03635 -19.4015 81
    endloop
  endfacet
  facet normal -0.336857 0.941556 0
    outer loop
      vertex 6.09598 -20.0957 81
      vertex 8.03635 -19.4015 61.75
      vertex 6.09598 -20.0957 61.75
    endloop
  endfacet
  facet normal 0.803197 -0.595714 0
    outer loop
      vertex -17.4609 11.667 81
      vertex -16.2332 13.3223 26
      vertex -16.2332 13.3223 81
    endloop
  endfacet
  facet normal 0.803197 -0.595714 0
    outer loop
      vertex -16.2332 13.3223 26
      vertex -17.4609 11.667 81
      vertex -17.4609 11.667 26
    endloop
  endfacet
  facet normal 0.989176 -0.146736 0
    outer loop
      vertex -20.8989 2.05836 81
      vertex -20.5965 4.0969 26
      vertex -20.5965 4.0969 81
    endloop
  endfacet
  facet normal 0.989176 -0.146736 0
    outer loop
      vertex -20.5965 4.0969 26
      vertex -20.8989 2.05836 81
      vertex -20.8989 2.05836 26
    endloop
  endfacet
  facet normal 0.998796 -0.0490576 0
    outer loop
      vertex -21 0 81
      vertex -20.8989 2.05836 26
      vertex -20.8989 2.05836 81
    endloop
  endfacet
  facet normal 0.998796 -0.0490576 0
    outer loop
      vertex -20.8989 2.05836 26
      vertex -21 0 81
      vertex -21 0 26
    endloop
  endfacet
  facet normal -0.427585 0.903975 0
    outer loop
      vertex 9.89933 -18.5203 26
      vertex 8.03635 -19.4015 39.75
      vertex 9.89933 -18.5203 39.75
    endloop
  endfacet
  facet normal -0.427585 0.903975 0
    outer loop
      vertex 8.03635 -19.4015 39.75
      vertex 9.89933 -18.5203 26
      vertex 8.03635 -19.4015 26
    endloop
  endfacet
  facet normal -0.427585 0.903975 0
    outer loop
      vertex 9.89933 -18.5203 61.75
      vertex 8.03635 -19.4015 81
      vertex 9.89933 -18.5203 81
    endloop
  endfacet
  facet normal -0.427585 0.903975 0
    outer loop
      vertex 8.03635 -19.4015 81
      vertex 9.89933 -18.5203 61.75
      vertex 8.03635 -19.4015 61.75
    endloop
  endfacet
  facet normal 0.740927 -0.671585 0
    outer loop
      vertex -16.2332 13.3223 81
      vertex -14.8492 14.8492 26
      vertex -14.8492 14.8492 81
    endloop
  endfacet
  facet normal 0.740927 -0.671585 0
    outer loop
      vertex -14.8492 14.8492 26
      vertex -16.2332 13.3223 81
      vertex -16.2332 13.3223 26
    endloop
  endfacet
  facet normal 0.514067 -0.85775 0
    outer loop
      vertex -11.667 17.4609 26
      vertex -9.89933 18.5203 81
      vertex -11.667 17.4609 81
    endloop
  endfacet
  facet normal 0.514067 -0.85775 0
    outer loop
      vertex -9.89933 18.5203 81
      vertex -11.667 17.4609 26
      vertex -9.89933 18.5203 26
    endloop
  endfacet
  facet normal 0.427585 -0.903975 0
    outer loop
      vertex -9.89933 18.5203 26
      vertex -8.03635 19.4015 81
      vertex -9.89933 18.5203 81
    endloop
  endfacet
  facet normal 0.427585 -0.903975 0
    outer loop
      vertex -8.03635 19.4015 81
      vertex -9.89933 18.5203 26
      vertex -8.03635 19.4015 26
    endloop
  endfacet
  facet normal 0.85775 -0.514067 0
    outer loop
      vertex -18.5203 9.89933 81
      vertex -17.4609 11.667 26
      vertex -17.4609 11.667 81
    endloop
  endfacet
  facet normal 0.85775 -0.514067 0
    outer loop
      vertex -17.4609 11.667 26
      vertex -18.5203 9.89933 81
      vertex -18.5203 9.89933 26
    endloop
  endfacet
  facet normal -0.903918 -0.0444077 0.425394
    outer loop
      vertex 8.71706 0 0
      vertex 20.9528 0.00324352 26
      vertex 8.67547 0.846564 0
    endloop
  endfacet
  facet normal -0.90446 -0.0278851 0.425647
    outer loop
      vertex 20.9528 0.00324352 26
      vertex 8.71706 0 0
      vertex 20.9529 0 26
    endloop
  endfacet
  facet normal -0.219767 -0.877919 0.425395
    outer loop
      vertex 1.70824 8.54765 0
      vertex 4.08772 20.5503 26
      vertex 1.70061 8.54956 0
    endloop
  endfacet
  facet normal -0.219886 -0.87789 0.425393
    outer loop
      vertex 4.08772 20.5503 26
      vertex 1.70824 8.54765 0
      vertex 6.07917 20.0515 26
    endloop
  endfacet
  facet normal 0.877138 -0.222765 0.425447
    outer loop
      vertex -20.0515 6.07917 26
      vertex -8.34171 2.53043 0
      vertex -20.0507 6.08232 26
    endloop
  endfacet
  facet normal 0.877889 -0.219891 0.425393
    outer loop
      vertex -8.34171 2.53043 0
      vertex -20.0515 6.07917 26
      vertex -8.54765 1.70824 0
    endloop
  endfacet
  facet normal -0.818239 0.386678 0.425399
    outer loop
      vertex 8.05015 -3.34298 0
      vertex 19.358 -8.01834 26
      vertex 8.05351 -3.33587 0
    endloop
  endfacet
  facet normal -0.818111 0.386955 0.425394
    outer loop
      vertex 19.358 -8.01834 26
      vertex 8.05015 -3.34298 0
      vertex 18.4802 -9.87421 26
    endloop
  endfacet
  facet normal 0.726905 0.539119 0.425394
    outer loop
      vertex -16.1988 -13.2898 26
      vertex -6.73838 -5.53004 0
      vertex -7.24329 -4.84926 0
    endloop
  endfacet
  facet normal 0.71724 0.551723 0.425639
    outer loop
      vertex -6.73838 -5.53004 0
      vertex -16.1988 -13.2898 26
      vertex -16.1968 -13.2924 26
    endloop
  endfacet
  facet normal -0.307055 0.85138 0.425288
    outer loop
      vertex 3.32847 -8.05616 0
      vertex 6.08232 -20.0507 26
      vertex 6.08537 -20.0496 26
    endloop
  endfacet
  facet normal -0.304895 0.852103 0.425393
    outer loop
      vertex 6.08232 -20.0507 26
      vertex 3.32847 -8.05616 0
      vertex 2.53043 -8.34171 0
    endloop
  endfacet
  facet normal -0.670794 0.607512 0.425399
    outer loop
      vertex 6.7331 -5.53587 0
      vertex 16.1968 -13.2924 26
      vertex 6.73838 -5.53004 0
    endloop
  endfacet
  facet normal -0.670575 0.607758 0.425393
    outer loop
      vertex 16.1968 -13.2924 26
      vertex 6.7331 -5.53587 0
      vertex 14.8181 -14.8136 26
    endloop
  endfacet
  facet normal -0.71724 -0.551723 0.425639
    outer loop
      vertex 6.73838 5.53004 0
      vertex 16.1988 13.2898 26
      vertex 16.1968 13.2924 26
    endloop
  endfacet
  facet normal -0.726905 -0.539119 0.425394
    outer loop
      vertex 16.1988 13.2898 26
      vertex 6.73838 5.53004 0
      vertex 7.24329 4.84926 0
    endloop
  endfacet
  facet normal 0.727303 0.538573 0.425405
    outer loop
      vertex -17.4217 -11.6408 26
      vertex -7.24329 -4.84926 0
      vertex -7.24797 -4.84294 0
    endloop
  endfacet
  facet normal 0.726927 0.53909 0.425393
    outer loop
      vertex -7.24329 -4.84926 0
      vertex -17.4217 -11.6408 26
      vertex -16.1988 -13.2898 26
    endloop
  endfacet
  facet normal -0.0444077 0.903918 0.425394
    outer loop
      vertex 0 -8.71706 0
      vertex 0.00324352 -20.9528 26
      vertex 0.846564 -8.67547 0
    endloop
  endfacet
  facet normal -0.0278851 0.90446 0.425647
    outer loop
      vertex 0.00324352 -20.9528 26
      vertex 0 -8.71706 0
      vertex 0 -20.9529 26
    endloop
  endfacet
  facet normal -0.539119 -0.726905 0.425394
    outer loop
      vertex 5.53004 6.73838 0
      vertex 13.2898 16.1988 26
      vertex 4.84926 7.24329 0
    endloop
  endfacet
  facet normal -0.551723 -0.71724 0.425639
    outer loop
      vertex 13.2898 16.1988 26
      vertex 5.53004 6.73838 0
      vertex 13.2924 16.1968 26
    endloop
  endfacet
  facet normal 0.87789 -0.219886 0.425393
    outer loop
      vertex -20.5503 4.08772 26
      vertex -8.54765 1.70824 0
      vertex -20.0515 6.07917 26
    endloop
  endfacet
  facet normal 0.877919 -0.219767 0.425395
    outer loop
      vertex -8.54765 1.70824 0
      vertex -20.5503 4.08772 26
      vertex -8.54956 1.70061 0
    endloop
  endfacet
  facet normal -0.852029 0.305118 0.425382
    outer loop
      vertex 8.05351 -3.33587 0
      vertex 20.0496 -6.08537 26
      vertex 8.05616 -3.32847 0
    endloop
  endfacet
  facet normal -0.852109 0.304877 0.425394
    outer loop
      vertex 20.0496 -6.08537 26
      vertex 8.05351 -3.33587 0
      vertex 19.358 -8.01834 26
    endloop
  endfacet
  facet normal -0.043724 -0.903937 0.425425
    outer loop
      vertex 0.85442 8.67509 0
      vertex 0.00324352 20.9528 26
      vertex 0.846564 8.67547 0
    endloop
  endfacet
  facet normal -0.0444353 -0.903917 0.425393
    outer loop
      vertex 0.00324352 20.9528 26
      vertex 0.85442 8.67509 0
      vertex 2.05375 20.852 26
    endloop
  endfacet
  facet normal 0.138857 -0.894241 0.425501
    outer loop
      vertex -1.70061 8.54956 0
      vertex -4.0845 20.5508 26
      vertex -4.08772 20.5503 26
    endloop
  endfacet
  facet normal 0.132796 -0.895213 0.425394
    outer loop
      vertex -4.0845 20.5508 26
      vertex -1.70061 8.54956 0
      vertex -0.862201 8.67393 0
    endloop
  endfacet
  facet normal -0.726927 -0.53909 0.425393
    outer loop
      vertex 7.24329 4.84926 0
      vertex 17.4217 11.6408 26
      vertex 16.1988 13.2898 26
    endloop
  endfacet
  facet normal -0.727303 -0.538573 0.425405
    outer loop
      vertex 17.4217 11.6408 26
      vertex 7.24329 4.84926 0
      vertex 7.24797 4.84294 0
    endloop
  endfacet
  facet normal 0.71724 -0.551723 0.425639
    outer loop
      vertex -16.1988 13.2898 26
      vertex -6.73838 5.53004 0
      vertex -16.1968 13.2924 26
    endloop
  endfacet
  facet normal 0.726905 -0.539119 0.425394
    outer loop
      vertex -6.73838 5.53004 0
      vertex -16.1988 13.2898 26
      vertex -7.24329 4.84926 0
    endloop
  endfacet
  facet normal 0.132796 0.895213 0.425394
    outer loop
      vertex -1.70061 -8.54956 0
      vertex -4.0845 -20.5508 26
      vertex -0.862201 -8.67393 0
    endloop
  endfacet
  facet normal 0.138857 0.894241 0.425501
    outer loop
      vertex -4.0845 -20.5508 26
      vertex -1.70061 -8.54956 0
      vertex -4.08772 -20.5503 26
    endloop
  endfacet
  facet normal 0.60777 0.670564 0.425394
    outer loop
      vertex -6.16389 -6.16389 0
      vertex -14.8136 -14.8181 26
      vertex -5.53587 -6.7331 0
    endloop
  endfacet
  facet normal 0.596061 0.681212 0.425043
    outer loop
      vertex -14.8136 -14.8181 26
      vertex -6.16389 -6.16389 0
      vertex -14.816 -14.816 26
    endloop
  endfacet
  facet normal 0.877919 0.219767 0.425395
    outer loop
      vertex -20.5503 -4.08772 26
      vertex -8.54765 -1.70824 0
      vertex -8.54956 -1.70061 0
    endloop
  endfacet
  facet normal 0.87789 0.219886 0.425393
    outer loop
      vertex -8.54765 -1.70824 0
      vertex -20.5503 -4.08772 26
      vertex -20.0515 -6.07917 26
    endloop
  endfacet
  facet normal 0.133446 0.895123 0.42538
    outer loop
      vertex -0.862201 -8.67393 0
      vertex -2.05375 -20.852 26
      vertex -0.85442 -8.67509 0
    endloop
  endfacet
  facet normal 0.132778 0.895216 0.425393
    outer loop
      vertex -2.05375 -20.852 26
      vertex -0.862201 -8.67393 0
      vertex -4.0845 -20.5508 26
    endloop
  endfacet
  facet normal -0.0278851 -0.90446 0.425647
    outer loop
      vertex 0 8.71706 0
      vertex 0.00324352 20.9528 26
      vertex 0 20.9529 26
    endloop
  endfacet
  facet normal -0.0444077 -0.903918 0.425394
    outer loop
      vertex 0.00324352 20.9528 26
      vertex 0 8.71706 0
      vertex 0.846564 8.67547 0
    endloop
  endfacet
  facet normal -0.670564 0.60777 0.425394
    outer loop
      vertex 6.16389 -6.16389 0
      vertex 14.8181 -14.8136 26
      vertex 6.7331 -5.53587 0
    endloop
  endfacet
  facet normal -0.681212 0.596061 0.425043
    outer loop
      vertex 14.8181 -14.8136 26
      vertex 6.16389 -6.16389 0
      vertex 14.816 -14.816 26
    endloop
  endfacet
  facet normal -0.895216 -0.132778 0.425393
    outer loop
      vertex 8.67393 0.862201 0
      vertex 20.852 2.05375 26
      vertex 20.5508 4.0845 26
    endloop
  endfacet
  facet normal -0.895123 -0.133446 0.42538
    outer loop
      vertex 20.852 2.05375 26
      vertex 8.67393 0.862201 0
      vertex 8.67509 0.85442 0
    endloop
  endfacet
  facet normal -0.219886 0.87789 0.425393
    outer loop
      vertex 1.70824 -8.54765 0
      vertex 4.08772 -20.5503 26
      vertex 6.07917 -20.0515 26
    endloop
  endfacet
  facet normal -0.219767 0.877919 0.425395
    outer loop
      vertex 4.08772 -20.5503 26
      vertex 1.70824 -8.54765 0
      vertex 1.70061 -8.54956 0
    endloop
  endfacet
  facet normal -0.877919 0.219767 0.425395
    outer loop
      vertex 8.54765 -1.70824 0
      vertex 20.5503 -4.08772 26
      vertex 8.54956 -1.70061 0
    endloop
  endfacet
  facet normal -0.87789 0.219886 0.425393
    outer loop
      vertex 20.5503 -4.08772 26
      vertex 8.54765 -1.70824 0
      vertex 20.0515 -6.07917 26
    endloop
  endfacet
  facet normal 0.670794 0.607512 0.425399
    outer loop
      vertex -16.1968 -13.2924 26
      vertex -6.7331 -5.53587 0
      vertex -6.73838 -5.53004 0
    endloop
  endfacet
  facet normal 0.670575 0.607758 0.425393
    outer loop
      vertex -6.7331 -5.53587 0
      vertex -16.1968 -13.2924 26
      vertex -14.8181 -14.8136 26
    endloop
  endfacet
  facet normal 0.53909 -0.726927 0.425393
    outer loop
      vertex -4.84926 7.24329 0
      vertex -11.6408 17.4217 26
      vertex -13.2898 16.1988 26
    endloop
  endfacet
  facet normal 0.538573 -0.727303 0.425405
    outer loop
      vertex -11.6408 17.4217 26
      vertex -4.84926 7.24329 0
      vertex -4.84294 7.24797 0
    endloop
  endfacet
  facet normal 0.304877 -0.852109 0.425394
    outer loop
      vertex -3.33587 8.05351 0
      vertex -6.08537 20.0496 26
      vertex -8.01834 19.358 26
    endloop
  endfacet
  facet normal 0.305118 -0.852029 0.425382
    outer loop
      vertex -6.08537 20.0496 26
      vertex -3.33587 8.05351 0
      vertex -3.32847 8.05616 0
    endloop
  endfacet
  facet normal -0.670575 -0.607758 0.425393
    outer loop
      vertex 6.7331 5.53587 0
      vertex 16.1968 13.2924 26
      vertex 14.8181 14.8136 26
    endloop
  endfacet
  facet normal -0.670794 -0.607512 0.425399
    outer loop
      vertex 16.1968 13.2924 26
      vertex 6.7331 5.53587 0
      vertex 6.73838 5.53004 0
    endloop
  endfacet
  facet normal 0.132778 -0.895216 0.425393
    outer loop
      vertex -0.862201 8.67393 0
      vertex -2.05375 20.852 26
      vertex -4.0845 20.5508 26
    endloop
  endfacet
  facet normal 0.133446 -0.895123 0.42538
    outer loop
      vertex -2.05375 20.852 26
      vertex -0.862201 8.67393 0
      vertex -0.85442 8.67509 0
    endloop
  endfacet
  facet normal 0.818118 0.386941 0.425393
    outer loop
      vertex -18.4802 -9.87421 26
      vertex -7.68776 -4.10919 0
      vertex -8.05015 -3.34298 0
    endloop
  endfacet
  facet normal 0.817078 0.389085 0.425437
    outer loop
      vertex -7.68776 -4.10919 0
      vertex -18.4802 -9.87421 26
      vertex -18.4788 -9.87715 26
    endloop
  endfacet
  facet normal -0.219891 -0.877889 0.425393
    outer loop
      vertex 2.53043 8.34171 0
      vertex 6.07917 20.0515 26
      vertex 1.70824 8.54765 0
    endloop
  endfacet
  facet normal -0.222765 -0.877138 0.425447
    outer loop
      vertex 6.07917 20.0515 26
      vertex 2.53043 8.34171 0
      vertex 6.08232 20.0507 26
    endloop
  endfacet
  facet normal -0.0444353 0.903917 0.425393
    outer loop
      vertex 0.85442 -8.67509 0
      vertex 0.00324352 -20.9528 26
      vertex 2.05375 -20.852 26
    endloop
  endfacet
  facet normal -0.043724 0.903937 0.425425
    outer loop
      vertex 0.00324352 -20.9528 26
      vertex 0.85442 -8.67509 0
      vertex 0.846564 -8.67547 0
    endloop
  endfacet
  facet normal -0.817078 -0.389085 0.425437
    outer loop
      vertex 7.68776 4.10919 0
      vertex 18.4802 9.87421 26
      vertex 18.4788 9.87715 26
    endloop
  endfacet
  facet normal -0.818118 -0.386941 0.425393
    outer loop
      vertex 18.4802 9.87421 26
      vertex 7.68776 4.10919 0
      vertex 8.05015 3.34298 0
    endloop
  endfacet
  facet normal -0.727303 0.538573 0.425405
    outer loop
      vertex 7.24329 -4.84926 0
      vertex 17.4217 -11.6408 26
      vertex 7.24797 -4.84294 0
    endloop
  endfacet
  facet normal -0.726927 0.53909 0.425393
    outer loop
      vertex 17.4217 -11.6408 26
      vertex 7.24329 -4.84926 0
      vertex 16.1988 -13.2898 26
    endloop
  endfacet
  facet normal 0.894241 -0.138857 0.425501
    outer loop
      vertex -20.5508 4.0845 26
      vertex -8.54956 1.70061 0
      vertex -20.5503 4.08772 26
    endloop
  endfacet
  facet normal 0.895213 -0.132796 0.425394
    outer loop
      vertex -8.54956 1.70061 0
      vertex -20.5508 4.0845 26
      vertex -8.67393 0.862201 0
    endloop
  endfacet
  facet normal 0.817078 -0.389085 0.425437
    outer loop
      vertex -18.4802 9.87421 26
      vertex -7.68776 4.10919 0
      vertex -18.4788 9.87715 26
    endloop
  endfacet
  facet normal 0.818118 -0.386941 0.425393
    outer loop
      vertex -7.68776 4.10919 0
      vertex -18.4802 9.87421 26
      vertex -8.05015 3.34298 0
    endloop
  endfacet
  facet normal -0.852103 0.304895 0.425393
    outer loop
      vertex 8.05616 -3.32847 0
      vertex 20.0507 -6.08232 26
      vertex 8.34171 -2.53043 0
    endloop
  endfacet
  facet normal -0.85138 0.307055 0.425288
    outer loop
      vertex 20.0507 -6.08232 26
      vertex 8.05616 -3.32847 0
      vertex 20.0496 -6.08537 26
    endloop
  endfacet
  facet normal 0.538573 0.727303 0.425405
    outer loop
      vertex -4.84926 -7.24329 0
      vertex -11.6408 -17.4217 26
      vertex -4.84294 -7.24797 0
    endloop
  endfacet
  facet normal 0.53909 0.726927 0.425393
    outer loop
      vertex -11.6408 -17.4217 26
      vertex -4.84926 -7.24329 0
      vertex -13.2898 -16.1988 26
    endloop
  endfacet
  facet normal -0.53909 0.726927 0.425393
    outer loop
      vertex 4.84926 -7.24329 0
      vertex 11.6408 -17.4217 26
      vertex 13.2898 -16.1988 26
    endloop
  endfacet
  facet normal -0.538573 0.727303 0.425405
    outer loop
      vertex 11.6408 -17.4217 26
      vertex 4.84926 -7.24329 0
      vertex 4.84294 -7.24797 0
    endloop
  endfacet
  facet normal 0.389085 -0.817078 0.425437
    outer loop
      vertex -4.10919 7.68776 0
      vertex -9.87421 18.4802 26
      vertex -9.87715 18.4788 26
    endloop
  endfacet
  facet normal 0.386941 -0.818118 0.425393
    outer loop
      vertex -9.87421 18.4802 26
      vertex -4.10919 7.68776 0
      vertex -3.34298 8.05015 0
    endloop
  endfacet
  facet normal -0.903937 -0.043724 0.425425
    outer loop
      vertex 20.9528 0.00324352 26
      vertex 8.67509 0.85442 0
      vertex 8.67547 0.846564 0
    endloop
  endfacet
  facet normal -0.903917 -0.0444353 0.425393
    outer loop
      vertex 8.67509 0.85442 0
      vertex 20.9528 0.00324352 26
      vertex 20.852 2.05375 26
    endloop
  endfacet
  facet normal -0.90446 0.0278851 0.425647
    outer loop
      vertex 8.71706 0 0
      vertex 20.9528 -0.00324352 26
      vertex 20.9529 0 26
    endloop
  endfacet
  facet normal -0.903918 0.0444077 0.425394
    outer loop
      vertex 20.9528 -0.00324352 26
      vertex 8.71706 0 0
      vertex 8.67547 -0.846564 0
    endloop
  endfacet
  facet normal -0.895123 0.133446 0.42538
    outer loop
      vertex 8.67393 -0.862201 0
      vertex 20.852 -2.05375 26
      vertex 8.67509 -0.85442 0
    endloop
  endfacet
  facet normal -0.895216 0.132778 0.425393
    outer loop
      vertex 20.852 -2.05375 26
      vertex 8.67393 -0.862201 0
      vertex 20.5508 -4.0845 26
    endloop
  endfacet
  facet normal -0.538573 -0.727303 0.425405
    outer loop
      vertex 4.84926 7.24329 0
      vertex 11.6408 17.4217 26
      vertex 4.84294 7.24797 0
    endloop
  endfacet
  facet normal -0.53909 -0.726927 0.425393
    outer loop
      vertex 11.6408 17.4217 26
      vertex 4.84926 7.24329 0
      vertex 13.2898 16.1988 26
    endloop
  endfacet
  facet normal 0.0444077 -0.903918 0.425394
    outer loop
      vertex 0 8.71706 0
      vertex -0.00324352 20.9528 26
      vertex -0.846564 8.67547 0
    endloop
  endfacet
  facet normal 0.0278851 -0.90446 0.425647
    outer loop
      vertex -0.00324352 20.9528 26
      vertex 0 8.71706 0
      vertex 0 20.9529 26
    endloop
  endfacet
  facet normal -0.895213 0.132796 0.425394
    outer loop
      vertex 8.54956 -1.70061 0
      vertex 20.5508 -4.0845 26
      vertex 8.67393 -0.862201 0
    endloop
  endfacet
  facet normal -0.894241 0.138857 0.425501
    outer loop
      vertex 20.5508 -4.0845 26
      vertex 8.54956 -1.70061 0
      vertex 20.5503 -4.08772 26
    endloop
  endfacet
  facet normal -0.305118 -0.852029 0.425382
    outer loop
      vertex 3.33587 8.05351 0
      vertex 6.08537 20.0496 26
      vertex 3.32847 8.05616 0
    endloop
  endfacet
  facet normal -0.304877 -0.852109 0.425394
    outer loop
      vertex 6.08537 20.0496 26
      vertex 3.33587 8.05351 0
      vertex 8.01834 19.358 26
    endloop
  endfacet
  facet normal -0.784099 -0.45128 0.426069
    outer loop
      vertex 7.25201 4.83619 0
      vertex 18.4788 9.87715 26
      vertex 18.4772 9.87993 26
    endloop
  endfacet
  facet normal -0.776251 -0.46527 0.425393
    outer loop
      vertex 18.4788 9.87715 26
      vertex 7.25201 4.83619 0
      vertex 7.68776 4.10919 0
    endloop
  endfacet
  facet normal -0.852109 -0.304877 0.425394
    outer loop
      vertex 8.05351 3.33587 0
      vertex 20.0496 6.08537 26
      vertex 19.358 8.01834 26
    endloop
  endfacet
  facet normal -0.852029 -0.305118 0.425382
    outer loop
      vertex 20.0496 6.08537 26
      vertex 8.05351 3.33587 0
      vertex 8.05616 3.32847 0
    endloop
  endfacet
  facet normal 0.852109 -0.304877 0.425394
    outer loop
      vertex -20.0496 6.08537 26
      vertex -8.05351 3.33587 0
      vertex -19.358 8.01834 26
    endloop
  endfacet
  facet normal 0.852029 -0.305118 0.425382
    outer loop
      vertex -8.05351 3.33587 0
      vertex -20.0496 6.08537 26
      vertex -8.05616 3.32847 0
    endloop
  endfacet
  facet normal -0.726905 0.539119 0.425394
    outer loop
      vertex 6.73838 -5.53004 0
      vertex 16.1988 -13.2898 26
      vertex 7.24329 -4.84926 0
    endloop
  endfacet
  facet normal -0.71724 0.551723 0.425639
    outer loop
      vertex 16.1988 -13.2898 26
      vertex 6.73838 -5.53004 0
      vertex 16.1968 -13.2924 26
    endloop
  endfacet
  facet normal 0.386955 -0.818111 0.425394
    outer loop
      vertex -3.34298 8.05015 0
      vertex -8.01834 19.358 26
      vertex -9.87421 18.4802 26
    endloop
  endfacet
  facet normal 0.386678 -0.818239 0.425399
    outer loop
      vertex -8.01834 19.358 26
      vertex -3.34298 8.05015 0
      vertex -3.33587 8.05351 0
    endloop
  endfacet
  facet normal 0.386678 0.818239 0.425399
    outer loop
      vertex -3.34298 -8.05015 0
      vertex -8.01834 -19.358 26
      vertex -3.33587 -8.05351 0
    endloop
  endfacet
  facet normal 0.386955 0.818111 0.425394
    outer loop
      vertex -8.01834 -19.358 26
      vertex -3.34298 -8.05015 0
      vertex -9.87421 -18.4802 26
    endloop
  endfacet
  facet normal -0.304877 0.852109 0.425394
    outer loop
      vertex 3.33587 -8.05351 0
      vertex 6.08537 -20.0496 26
      vertex 8.01834 -19.358 26
    endloop
  endfacet
  facet normal -0.305118 0.852029 0.425382
    outer loop
      vertex 6.08537 -20.0496 26
      vertex 3.33587 -8.05351 0
      vertex 3.32847 -8.05616 0
    endloop
  endfacet
  facet normal 0.90446 0.0278851 0.425647
    outer loop
      vertex -20.9528 -0.00324352 26
      vertex -8.71706 0 0
      vertex -20.9529 0 26
    endloop
  endfacet
  facet normal 0.903918 0.0444077 0.425394
    outer loop
      vertex -8.71706 0 0
      vertex -20.9528 -0.00324352 26
      vertex -8.67547 -0.846564 0
    endloop
  endfacet
  facet normal -0.222765 0.877138 0.425447
    outer loop
      vertex 2.53043 -8.34171 0
      vertex 6.07917 -20.0515 26
      vertex 6.08232 -20.0507 26
    endloop
  endfacet
  facet normal -0.219891 0.877889 0.425393
    outer loop
      vertex 6.07917 -20.0515 26
      vertex 2.53043 -8.34171 0
      vertex 1.70824 -8.54765 0
    endloop
  endfacet
  facet normal 0.670575 -0.607758 0.425393
    outer loop
      vertex -16.1968 13.2924 26
      vertex -6.7331 5.53587 0
      vertex -14.8181 14.8136 26
    endloop
  endfacet
  facet normal 0.670794 -0.607512 0.425399
    outer loop
      vertex -6.7331 5.53587 0
      vertex -16.1968 13.2924 26
      vertex -6.73838 5.53004 0
    endloop
  endfacet
  facet normal 0.551723 -0.71724 0.425639
    outer loop
      vertex -5.53004 6.73838 0
      vertex -13.2898 16.1988 26
      vertex -13.2924 16.1968 26
    endloop
  endfacet
  facet normal 0.539119 -0.726905 0.425394
    outer loop
      vertex -13.2898 16.1988 26
      vertex -5.53004 6.73838 0
      vertex -4.84926 7.24329 0
    endloop
  endfacet
  facet normal 0.607512 0.670794 0.425399
    outer loop
      vertex -5.53587 -6.7331 0
      vertex -13.2924 -16.1968 26
      vertex -5.53004 -6.73838 0
    endloop
  endfacet
  facet normal 0.607758 0.670575 0.425393
    outer loop
      vertex -13.2924 -16.1968 26
      vertex -5.53587 -6.7331 0
      vertex -14.8136 -14.8181 26
    endloop
  endfacet
  facet normal -0.132796 -0.895213 0.425394
    outer loop
      vertex 1.70061 8.54956 0
      vertex 4.0845 20.5508 26
      vertex 0.862201 8.67393 0
    endloop
  endfacet
  facet normal -0.138857 -0.894241 0.425501
    outer loop
      vertex 4.0845 20.5508 26
      vertex 1.70061 8.54956 0
      vertex 4.08772 20.5503 26
    endloop
  endfacet
  facet normal -0.132778 0.895216 0.425393
    outer loop
      vertex 0.862201 -8.67393 0
      vertex 2.05375 -20.852 26
      vertex 4.0845 -20.5508 26
    endloop
  endfacet
  facet normal -0.133446 0.895123 0.42538
    outer loop
      vertex 2.05375 -20.852 26
      vertex 0.862201 -8.67393 0
      vertex 0.85442 -8.67509 0
    endloop
  endfacet
  facet normal -0.607512 -0.670794 0.425399
    outer loop
      vertex 5.53587 6.7331 0
      vertex 13.2924 16.1968 26
      vertex 5.53004 6.73838 0
    endloop
  endfacet
  facet normal -0.607758 -0.670575 0.425393
    outer loop
      vertex 13.2924 16.1968 26
      vertex 5.53587 6.7331 0
      vertex 14.8136 14.8181 26
    endloop
  endfacet
  facet normal -0.877889 0.219891 0.425393
    outer loop
      vertex 8.34171 -2.53043 0
      vertex 20.0515 -6.07917 26
      vertex 8.54765 -1.70824 0
    endloop
  endfacet
  facet normal -0.877138 0.222765 0.425447
    outer loop
      vertex 20.0515 -6.07917 26
      vertex 8.34171 -2.53043 0
      vertex 20.0507 -6.08232 26
    endloop
  endfacet
  facet normal -0.389085 0.817078 0.425437
    outer loop
      vertex 4.10919 -7.68776 0
      vertex 9.87421 -18.4802 26
      vertex 9.87715 -18.4788 26
    endloop
  endfacet
  facet normal -0.386941 0.818118 0.425393
    outer loop
      vertex 9.87421 -18.4802 26
      vertex 4.10919 -7.68776 0
      vertex 3.34298 -8.05015 0
    endloop
  endfacet
  facet normal 0.386941 0.818118 0.425393
    outer loop
      vertex -4.10919 -7.68776 0
      vertex -9.87421 -18.4802 26
      vertex -3.34298 -8.05015 0
    endloop
  endfacet
  facet normal 0.389085 0.817078 0.425437
    outer loop
      vertex -9.87421 -18.4802 26
      vertex -4.10919 -7.68776 0
      vertex -9.87715 -18.4788 26
    endloop
  endfacet
  facet normal -0.45128 0.784099 0.426069
    outer loop
      vertex 4.83619 -7.25201 0
      vertex 9.87715 -18.4788 26
      vertex 9.87993 -18.4772 26
    endloop
  endfacet
  facet normal -0.46527 0.776251 0.425393
    outer loop
      vertex 9.87715 -18.4788 26
      vertex 4.83619 -7.25201 0
      vertex 4.10919 -7.68776 0
    endloop
  endfacet
  facet normal 0.307055 -0.85138 0.425288
    outer loop
      vertex -3.32847 8.05616 0
      vertex -6.08232 20.0507 26
      vertex -6.08537 20.0496 26
    endloop
  endfacet
  facet normal 0.304895 -0.852103 0.425393
    outer loop
      vertex -6.08232 20.0507 26
      vertex -3.32847 8.05616 0
      vertex -2.53043 8.34171 0
    endloop
  endfacet
  facet normal -0.903937 0.043724 0.425425
    outer loop
      vertex 8.67509 -0.85442 0
      vertex 20.9528 -0.00324352 26
      vertex 8.67547 -0.846564 0
    endloop
  endfacet
  facet normal -0.903917 0.0444353 0.425393
    outer loop
      vertex 20.9528 -0.00324352 26
      vertex 8.67509 -0.85442 0
      vertex 20.852 -2.05375 26
    endloop
  endfacet
  facet normal 0.681212 -0.596061 0.425043
    outer loop
      vertex -14.8181 14.8136 26
      vertex -6.16389 6.16389 0
      vertex -14.816 14.816 26
    endloop
  endfacet
  facet normal 0.670564 -0.60777 0.425394
    outer loop
      vertex -6.16389 6.16389 0
      vertex -14.8181 14.8136 26
      vertex -6.7331 5.53587 0
    endloop
  endfacet
  facet normal 0.903937 0.043724 0.425425
    outer loop
      vertex -20.9528 -0.00324352 26
      vertex -8.67509 -0.85442 0
      vertex -8.67547 -0.846564 0
    endloop
  endfacet
  facet normal 0.903917 0.0444353 0.425393
    outer loop
      vertex -8.67509 -0.85442 0
      vertex -20.9528 -0.00324352 26
      vertex -20.852 -2.05375 26
    endloop
  endfacet
  facet normal -0.87789 -0.219886 0.425393
    outer loop
      vertex 8.54765 1.70824 0
      vertex 20.5503 4.08772 26
      vertex 20.0515 6.07917 26
    endloop
  endfacet
  facet normal -0.877919 -0.219767 0.425395
    outer loop
      vertex 20.5503 4.08772 26
      vertex 8.54765 1.70824 0
      vertex 8.54956 1.70061 0
    endloop
  endfacet
  facet normal -0.894241 -0.138857 0.425501
    outer loop
      vertex 8.54956 1.70061 0
      vertex 20.5508 4.0845 26
      vertex 20.5503 4.08772 26
    endloop
  endfacet
  facet normal -0.895213 -0.132796 0.425394
    outer loop
      vertex 20.5508 4.0845 26
      vertex 8.54956 1.70061 0
      vertex 8.67393 0.862201 0
    endloop
  endfacet
  facet normal -0.60777 -0.670564 0.425394
    outer loop
      vertex 6.16389 6.16389 0
      vertex 14.8136 14.8181 26
      vertex 5.53587 6.7331 0
    endloop
  endfacet
  facet normal -0.596061 -0.681212 0.425043
    outer loop
      vertex 14.8136 14.8181 26
      vertex 6.16389 6.16389 0
      vertex 14.816 14.816 26
    endloop
  endfacet
  facet normal 0.596061 -0.681212 0.425043
    outer loop
      vertex -6.16389 6.16389 0
      vertex -14.8136 14.8181 26
      vertex -14.816 14.816 26
    endloop
  endfacet
  facet normal 0.60777 -0.670564 0.425394
    outer loop
      vertex -14.8136 14.8181 26
      vertex -6.16389 6.16389 0
      vertex -5.53587 6.7331 0
    endloop
  endfacet
  facet normal 0.219767 0.877919 0.425395
    outer loop
      vertex -1.70824 -8.54765 0
      vertex -4.08772 -20.5503 26
      vertex -1.70061 -8.54956 0
    endloop
  endfacet
  facet normal 0.219886 0.87789 0.425393
    outer loop
      vertex -4.08772 -20.5503 26
      vertex -1.70824 -8.54765 0
      vertex -6.07917 -20.0515 26
    endloop
  endfacet
  facet normal 0.46477 0.776535 0.42542
    outer loop
      vertex -4.84294 -7.24797 0
      vertex -9.87993 -18.4772 26
      vertex -4.83619 -7.25201 0
    endloop
  endfacet
  facet normal 0.465292 0.776237 0.425393
    outer loop
      vertex -9.87993 -18.4772 26
      vertex -4.84294 -7.24797 0
      vertex -11.6408 -17.4217 26
    endloop
  endfacet
  facet normal 0.90446 -0.0278851 0.425647
    outer loop
      vertex -8.71706 0 0
      vertex -20.9528 0.00324352 26
      vertex -20.9529 0 26
    endloop
  endfacet
  facet normal 0.903918 -0.0444077 0.425394
    outer loop
      vertex -20.9528 0.00324352 26
      vertex -8.71706 0 0
      vertex -8.67547 0.846564 0
    endloop
  endfacet
  facet normal 0.877889 0.219891 0.425393
    outer loop
      vertex -20.0515 -6.07917 26
      vertex -8.34171 -2.53043 0
      vertex -8.54765 -1.70824 0
    endloop
  endfacet
  facet normal 0.877138 0.222765 0.425447
    outer loop
      vertex -8.34171 -2.53043 0
      vertex -20.0515 -6.07917 26
      vertex -20.0507 -6.08232 26
    endloop
  endfacet
  facet normal 0.85138 -0.307055 0.425288
    outer loop
      vertex -20.0507 6.08232 26
      vertex -8.05616 3.32847 0
      vertex -20.0496 6.08537 26
    endloop
  endfacet
  facet normal 0.852103 -0.304895 0.425393
    outer loop
      vertex -8.05616 3.32847 0
      vertex -20.0507 6.08232 26
      vertex -8.34171 2.53043 0
    endloop
  endfacet
  facet normal -0.133446 -0.895123 0.42538
    outer loop
      vertex 0.862201 8.67393 0
      vertex 2.05375 20.852 26
      vertex 0.85442 8.67509 0
    endloop
  endfacet
  facet normal -0.132778 -0.895216 0.425393
    outer loop
      vertex 2.05375 20.852 26
      vertex 0.862201 8.67393 0
      vertex 4.0845 20.5508 26
    endloop
  endfacet
  facet normal -0.386678 -0.818239 0.425399
    outer loop
      vertex 3.34298 8.05015 0
      vertex 8.01834 19.358 26
      vertex 3.33587 8.05351 0
    endloop
  endfacet
  facet normal -0.386955 -0.818111 0.425394
    outer loop
      vertex 8.01834 19.358 26
      vertex 3.34298 8.05015 0
      vertex 9.87421 18.4802 26
    endloop
  endfacet
  facet normal 0.304895 0.852103 0.425393
    outer loop
      vertex -3.32847 -8.05616 0
      vertex -6.08232 -20.0507 26
      vertex -2.53043 -8.34171 0
    endloop
  endfacet
  facet normal 0.307055 0.85138 0.425288
    outer loop
      vertex -6.08232 -20.0507 26
      vertex -3.32847 -8.05616 0
      vertex -6.08537 -20.0496 26
    endloop
  endfacet
  facet normal 0.903917 -0.0444353 0.425393
    outer loop
      vertex -20.9528 0.00324352 26
      vertex -8.67509 0.85442 0
      vertex -20.852 2.05375 26
    endloop
  endfacet
  facet normal 0.903937 -0.043724 0.425425
    outer loop
      vertex -8.67509 0.85442 0
      vertex -20.9528 0.00324352 26
      vertex -8.67547 0.846564 0
    endloop
  endfacet
  facet normal 0.895216 -0.132778 0.425393
    outer loop
      vertex -20.852 2.05375 26
      vertex -8.67393 0.862201 0
      vertex -20.5508 4.0845 26
    endloop
  endfacet
  facet normal 0.895123 -0.133446 0.42538
    outer loop
      vertex -8.67393 0.862201 0
      vertex -20.852 2.05375 26
      vertex -8.67509 0.85442 0
    endloop
  endfacet
  facet normal -0.818111 -0.386955 0.425394
    outer loop
      vertex 8.05015 3.34298 0
      vertex 19.358 8.01834 26
      vertex 18.4802 9.87421 26
    endloop
  endfacet
  facet normal -0.818239 -0.386678 0.425399
    outer loop
      vertex 19.358 8.01834 26
      vertex 8.05015 3.34298 0
      vertex 8.05351 3.33587 0
    endloop
  endfacet
  facet normal 0.305118 0.852029 0.425382
    outer loop
      vertex -3.33587 -8.05351 0
      vertex -6.08537 -20.0496 26
      vertex -3.32847 -8.05616 0
    endloop
  endfacet
  facet normal 0.304877 0.852109 0.425394
    outer loop
      vertex -6.08537 -20.0496 26
      vertex -3.33587 -8.05351 0
      vertex -8.01834 -19.358 26
    endloop
  endfacet
  facet normal -0.85138 -0.307055 0.425288
    outer loop
      vertex 8.05616 3.32847 0
      vertex 20.0507 6.08232 26
      vertex 20.0496 6.08537 26
    endloop
  endfacet
  facet normal -0.852103 -0.304895 0.425393
    outer loop
      vertex 20.0507 6.08232 26
      vertex 8.05616 3.32847 0
      vertex 8.34171 2.53043 0
    endloop
  endfacet
  facet normal -0.776237 -0.465292 0.425393
    outer loop
      vertex 7.24797 4.84294 0
      vertex 18.4772 9.87993 26
      vertex 17.4217 11.6408 26
    endloop
  endfacet
  facet normal -0.776535 -0.46477 0.42542
    outer loop
      vertex 18.4772 9.87993 26
      vertex 7.24797 4.84294 0
      vertex 7.25201 4.83619 0
    endloop
  endfacet
  facet normal 0.852029 0.305118 0.425382
    outer loop
      vertex -20.0496 -6.08537 26
      vertex -8.05351 -3.33587 0
      vertex -8.05616 -3.32847 0
    endloop
  endfacet
  facet normal 0.852109 0.304877 0.425394
    outer loop
      vertex -8.05351 -3.33587 0
      vertex -20.0496 -6.08537 26
      vertex -19.358 -8.01834 26
    endloop
  endfacet
  facet normal -0.776251 0.46527 0.425393
    outer loop
      vertex 7.25201 -4.83619 0
      vertex 18.4788 -9.87715 26
      vertex 7.68776 -4.10919 0
    endloop
  endfacet
  facet normal -0.784099 0.45128 0.426069
    outer loop
      vertex 18.4788 -9.87715 26
      vertex 7.25201 -4.83619 0
      vertex 18.4772 -9.87993 26
    endloop
  endfacet
  facet normal 0.043724 0.903937 0.425425
    outer loop
      vertex -0.85442 -8.67509 0
      vertex -0.00324352 -20.9528 26
      vertex -0.846564 -8.67547 0
    endloop
  endfacet
  facet normal 0.0444353 0.903917 0.425393
    outer loop
      vertex -0.00324352 -20.9528 26
      vertex -0.85442 -8.67509 0
      vertex -2.05375 -20.852 26
    endloop
  endfacet
  facet normal -0.304895 -0.852103 0.425393
    outer loop
      vertex 3.32847 8.05616 0
      vertex 6.08232 20.0507 26
      vertex 2.53043 8.34171 0
    endloop
  endfacet
  facet normal -0.307055 -0.85138 0.425288
    outer loop
      vertex 6.08232 20.0507 26
      vertex 3.32847 8.05616 0
      vertex 6.08537 20.0496 26
    endloop
  endfacet
  facet normal 0.818111 -0.386955 0.425394
    outer loop
      vertex -19.358 8.01834 26
      vertex -8.05015 3.34298 0
      vertex -18.4802 9.87421 26
    endloop
  endfacet
  facet normal 0.818239 -0.386678 0.425399
    outer loop
      vertex -8.05015 3.34298 0
      vertex -19.358 8.01834 26
      vertex -8.05351 3.33587 0
    endloop
  endfacet
  facet normal 0.539119 0.726905 0.425394
    outer loop
      vertex -5.53004 -6.73838 0
      vertex -13.2898 -16.1988 26
      vertex -4.84926 -7.24329 0
    endloop
  endfacet
  facet normal 0.551723 0.71724 0.425639
    outer loop
      vertex -13.2898 -16.1988 26
      vertex -5.53004 -6.73838 0
      vertex -13.2924 -16.1968 26
    endloop
  endfacet
  facet normal 0.219891 0.877889 0.425393
    outer loop
      vertex -2.53043 -8.34171 0
      vertex -6.07917 -20.0515 26
      vertex -1.70824 -8.54765 0
    endloop
  endfacet
  facet normal 0.222765 0.877138 0.425447
    outer loop
      vertex -6.07917 -20.0515 26
      vertex -2.53043 -8.34171 0
      vertex -6.08232 -20.0507 26
    endloop
  endfacet
  facet normal -0.46477 -0.776535 0.42542
    outer loop
      vertex 4.84294 7.24797 0
      vertex 9.87993 18.4772 26
      vertex 4.83619 7.25201 0
    endloop
  endfacet
  facet normal -0.465292 -0.776237 0.425393
    outer loop
      vertex 9.87993 18.4772 26
      vertex 4.84294 7.24797 0
      vertex 11.6408 17.4217 26
    endloop
  endfacet
  facet normal 0.607758 -0.670575 0.425393
    outer loop
      vertex -5.53587 6.7331 0
      vertex -13.2924 16.1968 26
      vertex -14.8136 14.8181 26
    endloop
  endfacet
  facet normal 0.607512 -0.670794 0.425399
    outer loop
      vertex -13.2924 16.1968 26
      vertex -5.53587 6.7331 0
      vertex -5.53004 6.73838 0
    endloop
  endfacet
  facet normal 0.0444353 -0.903917 0.425393
    outer loop
      vertex -0.85442 8.67509 0
      vertex -0.00324352 20.9528 26
      vertex -2.05375 20.852 26
    endloop
  endfacet
  facet normal 0.043724 -0.903937 0.425425
    outer loop
      vertex -0.00324352 20.9528 26
      vertex -0.85442 8.67509 0
      vertex -0.846564 8.67547 0
    endloop
  endfacet
  facet normal -0.607758 0.670575 0.425393
    outer loop
      vertex 5.53587 -6.7331 0
      vertex 13.2924 -16.1968 26
      vertex 14.8136 -14.8181 26
    endloop
  endfacet
  facet normal -0.607512 0.670794 0.425399
    outer loop
      vertex 13.2924 -16.1968 26
      vertex 5.53587 -6.7331 0
      vertex 5.53004 -6.73838 0
    endloop
  endfacet
  facet normal -0.596061 0.681212 0.425043
    outer loop
      vertex 6.16389 -6.16389 0
      vertex 14.8136 -14.8181 26
      vertex 14.816 -14.816 26
    endloop
  endfacet
  facet normal -0.60777 0.670564 0.425394
    outer loop
      vertex 14.8136 -14.8181 26
      vertex 6.16389 -6.16389 0
      vertex 5.53587 -6.7331 0
    endloop
  endfacet
  facet normal -0.138857 0.894241 0.425501
    outer loop
      vertex 1.70061 -8.54956 0
      vertex 4.0845 -20.5508 26
      vertex 4.08772 -20.5503 26
    endloop
  endfacet
  facet normal -0.132796 0.895213 0.425394
    outer loop
      vertex 4.0845 -20.5508 26
      vertex 1.70061 -8.54956 0
      vertex 0.862201 -8.67393 0
    endloop
  endfacet
  facet normal -0.818118 0.386941 0.425393
    outer loop
      vertex 7.68776 -4.10919 0
      vertex 18.4802 -9.87421 26
      vertex 8.05015 -3.34298 0
    endloop
  endfacet
  facet normal -0.817078 0.389085 0.425437
    outer loop
      vertex 18.4802 -9.87421 26
      vertex 7.68776 -4.10919 0
      vertex 18.4788 -9.87715 26
    endloop
  endfacet
  facet normal -0.877138 -0.222765 0.425447
    outer loop
      vertex 8.34171 2.53043 0
      vertex 20.0515 6.07917 26
      vertex 20.0507 6.08232 26
    endloop
  endfacet
  facet normal -0.877889 -0.219891 0.425393
    outer loop
      vertex 20.0515 6.07917 26
      vertex 8.34171 2.53043 0
      vertex 8.54765 1.70824 0
    endloop
  endfacet
  facet normal 0.45128 -0.784099 0.426069
    outer loop
      vertex -4.83619 7.25201 0
      vertex -9.87715 18.4788 26
      vertex -9.87993 18.4772 26
    endloop
  endfacet
  facet normal 0.46527 -0.776251 0.425393
    outer loop
      vertex -9.87715 18.4788 26
      vertex -4.83619 7.25201 0
      vertex -4.10919 7.68776 0
    endloop
  endfacet
  facet normal -0.386955 0.818111 0.425394
    outer loop
      vertex 3.34298 -8.05015 0
      vertex 8.01834 -19.358 26
      vertex 9.87421 -18.4802 26
    endloop
  endfacet
  facet normal -0.386678 0.818239 0.425399
    outer loop
      vertex 8.01834 -19.358 26
      vertex 3.34298 -8.05015 0
      vertex 3.33587 -8.05351 0
    endloop
  endfacet
  facet normal 0.465292 -0.776237 0.425393
    outer loop
      vertex -4.84294 7.24797 0
      vertex -9.87993 18.4772 26
      vertex -11.6408 17.4217 26
    endloop
  endfacet
  facet normal 0.46477 -0.776535 0.42542
    outer loop
      vertex -9.87993 18.4772 26
      vertex -4.84294 7.24797 0
      vertex -4.83619 7.25201 0
    endloop
  endfacet
  facet normal -0.681212 -0.596061 0.425043
    outer loop
      vertex 6.16389 6.16389 0
      vertex 14.8181 14.8136 26
      vertex 14.816 14.816 26
    endloop
  endfacet
  facet normal -0.670564 -0.60777 0.425394
    outer loop
      vertex 14.8181 14.8136 26
      vertex 6.16389 6.16389 0
      vertex 6.7331 5.53587 0
    endloop
  endfacet
  facet normal 0.776535 0.46477 0.42542
    outer loop
      vertex -18.4772 -9.87993 26
      vertex -7.24797 -4.84294 0
      vertex -7.25201 -4.83619 0
    endloop
  endfacet
  facet normal 0.776237 0.465292 0.425393
    outer loop
      vertex -7.24797 -4.84294 0
      vertex -18.4772 -9.87993 26
      vertex -17.4217 -11.6408 26
    endloop
  endfacet
  facet normal 0.895123 0.133446 0.42538
    outer loop
      vertex -20.852 -2.05375 26
      vertex -8.67393 -0.862201 0
      vertex -8.67509 -0.85442 0
    endloop
  endfacet
  facet normal 0.895216 0.132778 0.425393
    outer loop
      vertex -8.67393 -0.862201 0
      vertex -20.852 -2.05375 26
      vertex -20.5508 -4.0845 26
    endloop
  endfacet
  facet normal 0.0278851 0.90446 0.425647
    outer loop
      vertex 0 -8.71706 0
      vertex -0.00324352 -20.9528 26
      vertex 0 -20.9529 26
    endloop
  endfacet
  facet normal 0.0444077 0.903918 0.425394
    outer loop
      vertex -0.00324352 -20.9528 26
      vertex 0 -8.71706 0
      vertex -0.846564 -8.67547 0
    endloop
  endfacet
  facet normal 0.852103 0.304895 0.425393
    outer loop
      vertex -20.0507 -6.08232 26
      vertex -8.05616 -3.32847 0
      vertex -8.34171 -2.53043 0
    endloop
  endfacet
  facet normal 0.85138 0.307055 0.425288
    outer loop
      vertex -8.05616 -3.32847 0
      vertex -20.0507 -6.08232 26
      vertex -20.0496 -6.08537 26
    endloop
  endfacet
  facet normal 0.895213 0.132796 0.425394
    outer loop
      vertex -20.5508 -4.0845 26
      vertex -8.54956 -1.70061 0
      vertex -8.67393 -0.862201 0
    endloop
  endfacet
  facet normal 0.894241 0.138857 0.425501
    outer loop
      vertex -8.54956 -1.70061 0
      vertex -20.5508 -4.0845 26
      vertex -20.5503 -4.08772 26
    endloop
  endfacet
  facet normal 0.818239 0.386678 0.425399
    outer loop
      vertex -19.358 -8.01834 26
      vertex -8.05015 -3.34298 0
      vertex -8.05351 -3.33587 0
    endloop
  endfacet
  facet normal 0.818111 0.386955 0.425394
    outer loop
      vertex -8.05015 -3.34298 0
      vertex -19.358 -8.01834 26
      vertex -18.4802 -9.87421 26
    endloop
  endfacet
  facet normal 0.670564 0.60777 0.425394
    outer loop
      vertex -14.8181 -14.8136 26
      vertex -6.16389 -6.16389 0
      vertex -6.7331 -5.53587 0
    endloop
  endfacet
  facet normal 0.681212 0.596061 0.425043
    outer loop
      vertex -6.16389 -6.16389 0
      vertex -14.8181 -14.8136 26
      vertex -14.816 -14.816 26
    endloop
  endfacet
  facet normal -0.776535 0.46477 0.42542
    outer loop
      vertex 7.24797 -4.84294 0
      vertex 18.4772 -9.87993 26
      vertex 7.25201 -4.83619 0
    endloop
  endfacet
  facet normal -0.776237 0.465292 0.425393
    outer loop
      vertex 18.4772 -9.87993 26
      vertex 7.24797 -4.84294 0
      vertex 17.4217 -11.6408 26
    endloop
  endfacet
  facet normal 0.219886 -0.87789 0.425393
    outer loop
      vertex -1.70824 8.54765 0
      vertex -4.08772 20.5503 26
      vertex -6.07917 20.0515 26
    endloop
  endfacet
  facet normal 0.219767 -0.877919 0.425395
    outer loop
      vertex -4.08772 20.5503 26
      vertex -1.70824 8.54765 0
      vertex -1.70061 8.54956 0
    endloop
  endfacet
  facet normal 0.222765 -0.877138 0.425447
    outer loop
      vertex -2.53043 8.34171 0
      vertex -6.07917 20.0515 26
      vertex -6.08232 20.0507 26
    endloop
  endfacet
  facet normal 0.219891 -0.877889 0.425393
    outer loop
      vertex -6.07917 20.0515 26
      vertex -2.53043 8.34171 0
      vertex -1.70824 8.54765 0
    endloop
  endfacet
  facet normal -0.46527 -0.776251 0.425393
    outer loop
      vertex 4.83619 7.25201 0
      vertex 9.87715 18.4788 26
      vertex 4.10919 7.68776 0
    endloop
  endfacet
  facet normal -0.45128 -0.784099 0.426069
    outer loop
      vertex 9.87715 18.4788 26
      vertex 4.83619 7.25201 0
      vertex 9.87993 18.4772 26
    endloop
  endfacet
  facet normal 0.46527 0.776251 0.425393
    outer loop
      vertex -4.83619 -7.25201 0
      vertex -9.87715 -18.4788 26
      vertex -4.10919 -7.68776 0
    endloop
  endfacet
  facet normal 0.45128 0.784099 0.426069
    outer loop
      vertex -9.87715 -18.4788 26
      vertex -4.83619 -7.25201 0
      vertex -9.87993 -18.4772 26
    endloop
  endfacet
  facet normal -0.386941 -0.818118 0.425393
    outer loop
      vertex 4.10919 7.68776 0
      vertex 9.87421 18.4802 26
      vertex 3.34298 8.05015 0
    endloop
  endfacet
  facet normal -0.389085 -0.817078 0.425437
    outer loop
      vertex 9.87421 18.4802 26
      vertex 4.10919 7.68776 0
      vertex 9.87715 18.4788 26
    endloop
  endfacet
  facet normal 0.776237 -0.465292 0.425393
    outer loop
      vertex -18.4772 9.87993 26
      vertex -7.24797 4.84294 0
      vertex -17.4217 11.6408 26
    endloop
  endfacet
  facet normal 0.776535 -0.46477 0.42542
    outer loop
      vertex -7.24797 4.84294 0
      vertex -18.4772 9.87993 26
      vertex -7.25201 4.83619 0
    endloop
  endfacet
  facet normal 0.726927 -0.53909 0.425393
    outer loop
      vertex -17.4217 11.6408 26
      vertex -7.24329 4.84926 0
      vertex -16.1988 13.2898 26
    endloop
  endfacet
  facet normal 0.727303 -0.538573 0.425405
    outer loop
      vertex -7.24329 4.84926 0
      vertex -17.4217 11.6408 26
      vertex -7.24797 4.84294 0
    endloop
  endfacet
  facet normal 0.784099 -0.45128 0.426069
    outer loop
      vertex -18.4788 9.87715 26
      vertex -7.25201 4.83619 0
      vertex -18.4772 9.87993 26
    endloop
  endfacet
  facet normal 0.776251 -0.46527 0.425393
    outer loop
      vertex -7.25201 4.83619 0
      vertex -18.4788 9.87715 26
      vertex -7.68776 4.10919 0
    endloop
  endfacet
  facet normal -0.551723 0.71724 0.425639
    outer loop
      vertex 5.53004 -6.73838 0
      vertex 13.2898 -16.1988 26
      vertex 13.2924 -16.1968 26
    endloop
  endfacet
  facet normal -0.539119 0.726905 0.425394
    outer loop
      vertex 13.2898 -16.1988 26
      vertex 5.53004 -6.73838 0
      vertex 4.84926 -7.24329 0
    endloop
  endfacet
  facet normal -0.465292 0.776237 0.425393
    outer loop
      vertex 4.84294 -7.24797 0
      vertex 9.87993 -18.4772 26
      vertex 11.6408 -17.4217 26
    endloop
  endfacet
  facet normal -0.46477 0.776535 0.42542
    outer loop
      vertex 9.87993 -18.4772 26
      vertex 4.84294 -7.24797 0
      vertex 4.83619 -7.25201 0
    endloop
  endfacet
  facet normal 0.776251 0.46527 0.425393
    outer loop
      vertex -18.4788 -9.87715 26
      vertex -7.25201 -4.83619 0
      vertex -7.68776 -4.10919 0
    endloop
  endfacet
  facet normal 0.784099 0.45128 0.426069
    outer loop
      vertex -7.25201 -4.83619 0
      vertex -18.4788 -9.87715 26
      vertex -18.4772 -9.87993 26
    endloop
  endfacet
  facet normal 1 -0 0
    outer loop
      vertex -10.5 -20.888 61.75
      vertex -10.5 -18.1603 39.75
      vertex -10.5 -18.1603 61.75
    endloop
  endfacet
  facet normal 1 0 0
    outer loop
      vertex -10.5 -18.1603 39.75
      vertex -10.5 -20.888 61.75
      vertex -10.5 -20.888 39.75
    endloop
  endfacet
  facet normal -1 0 0
    outer loop
      vertex 10.5 -20.888 39.75
      vertex 10.5 -18.1603 61.75
      vertex 10.5 -18.1603 39.75
    endloop
  endfacet
  facet normal -1 -0 0
    outer loop
      vertex 10.5 -18.1603 61.75
      vertex 10.5 -20.888 39.75
      vertex 10.5 -20.888 61.75
    endloop
  endfacet
  facet normal -0 0 1
    outer loop
      vertex 9.89933 -18.5203 39.75
      vertex 10.5 -20.888 39.75
      vertex 10.5 -18.1603 39.75
    endloop
  endfacet
  facet normal -0 0 1
    outer loop
      vertex 8.03635 -19.4015 39.75
      vertex 10.5 -20.888 39.75
      vertex 9.89933 -18.5203 39.75
    endloop
  endfacet
  facet normal 0 0 1
    outer loop
      vertex 10.5 -20.888 39.75
      vertex 8.03635 -19.4015 39.75
      vertex 8.95479 -21.6188 39.75
    endloop
  endfacet
  facet normal 0 0 1
    outer loop
      vertex 8.03635 -19.4015 39.75
      vertex 6.79266 -22.3924 39.75
      vertex 8.95479 -21.6188 39.75
    endloop
  endfacet
  facet normal -0 0 1
    outer loop
      vertex 6.09598 -20.0957 39.75
      vertex 6.79266 -22.3924 39.75
      vertex 8.03635 -19.4015 39.75
    endloop
  endfacet
  facet normal 0 0 1
    outer loop
      vertex 6.09598 -20.0957 39.75
      vertex 4.56511 -22.9504 39.75
      vertex 6.79266 -22.3924 39.75
    endloop
  endfacet
  facet normal -0 0 1
    outer loop
      vertex 4.0969 -20.5965 39.75
      vertex 4.56511 -22.9504 39.75
      vertex 6.09598 -20.0957 39.75
    endloop
  endfacet
  facet normal 0 0 1
    outer loop
      vertex 4.0969 -20.5965 39.75
      vertex 2.2936 -23.2873 39.75
      vertex 4.56511 -22.9504 39.75
    endloop
  endfacet
  facet normal -0 0 1
    outer loop
      vertex 2.05836 -20.8989 39.75
      vertex 2.2936 -23.2873 39.75
      vertex 4.0969 -20.5965 39.75
    endloop
  endfacet
  facet normal -0 0 1
    outer loop
      vertex 0 -21 39.75
      vertex 2.2936 -23.2873 39.75
      vertex 2.05836 -20.8989 39.75
    endloop
  endfacet
  facet normal 0 0 1
    outer loop
      vertex 0 -21 39.75
      vertex 0 -23.4 39.75
      vertex 2.2936 -23.2873 39.75
    endloop
  endfacet
  facet normal 0 0 1
    outer loop
      vertex -2.05836 -20.8989 39.75
      vertex 0 -23.4 39.75
      vertex 0 -21 39.75
    endloop
  endfacet
  facet normal 0 0 1
    outer loop
      vertex -2.05836 -20.8989 39.75
      vertex -2.2936 -23.2873 39.75
      vertex 0 -23.4 39.75
    endloop
  endfacet
  facet normal 0 0 1
    outer loop
      vertex -4.0969 -20.5965 39.75
      vertex -2.2936 -23.2873 39.75
      vertex -2.05836 -20.8989 39.75
    endloop
  endfacet
  facet normal 0 0 1
    outer loop
      vertex -4.0969 -20.5965 39.75
      vertex -4.56511 -22.9504 39.75
      vertex -2.2936 -23.2873 39.75
    endloop
  endfacet
  facet normal 0 0 1
    outer loop
      vertex -6.09598 -20.0957 39.75
      vertex -4.56511 -22.9504 39.75
      vertex -4.0969 -20.5965 39.75
    endloop
  endfacet
  facet normal 0 0 1
    outer loop
      vertex -6.09598 -20.0957 39.75
      vertex -6.79266 -22.3924 39.75
      vertex -4.56511 -22.9504 39.75
    endloop
  endfacet
  facet normal 0 0 1
    outer loop
      vertex -8.03635 -19.4015 39.75
      vertex -6.79266 -22.3924 39.75
      vertex -6.09598 -20.0957 39.75
    endloop
  endfacet
  facet normal 0 0 1
    outer loop
      vertex -8.03635 -19.4015 39.75
      vertex -8.95479 -21.6188 39.75
      vertex -6.79266 -22.3924 39.75
    endloop
  endfacet
  facet normal 0 0 1
    outer loop
      vertex -10.5 -20.888 39.75
      vertex -8.03635 -19.4015 39.75
      vertex -9.89933 -18.5203 39.75
    endloop
  endfacet
  facet normal 0 0 1
    outer loop
      vertex -10.5 -20.888 39.75
      vertex -9.89933 -18.5203 39.75
      vertex -10.5 -18.1603 39.75
    endloop
  endfacet
  facet normal 0 0 1
    outer loop
      vertex -8.03635 -19.4015 39.75
      vertex -10.5 -20.888 39.75
      vertex -8.95479 -21.6188 39.75
    endloop
  endfacet
  facet normal 0 0 -1
    outer loop
      vertex 10.5 -20.888 61.75
      vertex 9.89933 -18.5203 61.75
      vertex 10.5 -18.1603 61.75
    endloop
  endfacet
  facet normal 0 0 -1
    outer loop
      vertex 8.03635 -19.4015 61.75
      vertex 10.5 -20.888 61.75
      vertex 8.95479 -21.6188 61.75
    endloop
  endfacet
  facet normal 0 0 -1
    outer loop
      vertex 10.5 -20.888 61.75
      vertex 8.03635 -19.4015 61.75
      vertex 9.89933 -18.5203 61.75
    endloop
  endfacet
  facet normal 0 0 -1
    outer loop
      vertex 6.79266 -22.3924 61.75
      vertex 8.03635 -19.4015 61.75
      vertex 8.95479 -21.6188 61.75
    endloop
  endfacet
  facet normal 0 0 -1
    outer loop
      vertex 6.79266 -22.3924 61.75
      vertex 6.09598 -20.0957 61.75
      vertex 8.03635 -19.4015 61.75
    endloop
  endfacet
  facet normal 0 0 -1
    outer loop
      vertex 4.56511 -22.9504 61.75
      vertex 6.09598 -20.0957 61.75
      vertex 6.79266 -22.3924 61.75
    endloop
  endfacet
  facet normal 0 0 -1
    outer loop
      vertex 4.56511 -22.9504 61.75
      vertex 4.0969 -20.5965 61.75
      vertex 6.09598 -20.0957 61.75
    endloop
  endfacet
  facet normal 0 0 -1
    outer loop
      vertex 2.2936 -23.2873 61.75
      vertex 4.0969 -20.5965 61.75
      vertex 4.56511 -22.9504 61.75
    endloop
  endfacet
  facet normal 0 0 -1
    outer loop
      vertex 2.2936 -23.2873 61.75
      vertex 2.05836 -20.8989 61.75
      vertex 4.0969 -20.5965 61.75
    endloop
  endfacet
  facet normal 0 0 -1
    outer loop
      vertex 0 -23.4 61.75
      vertex 2.05836 -20.8989 61.75
      vertex 2.2936 -23.2873 61.75
    endloop
  endfacet
  facet normal 0 0 -1
    outer loop
      vertex 0 -23.4 61.75
      vertex 0 -21 61.75
      vertex 2.05836 -20.8989 61.75
    endloop
  endfacet
  facet normal 0 0 -1
    outer loop
      vertex 0 -23.4 61.75
      vertex -2.05836 -20.8989 61.75
      vertex 0 -21 61.75
    endloop
  endfacet
  facet normal 0 0 -1
    outer loop
      vertex -2.2936 -23.2873 61.75
      vertex -2.05836 -20.8989 61.75
      vertex 0 -23.4 61.75
    endloop
  endfacet
  facet normal 0 0 -1
    outer loop
      vertex -2.2936 -23.2873 61.75
      vertex -4.0969 -20.5965 61.75
      vertex -2.05836 -20.8989 61.75
    endloop
  endfacet
  facet normal 0 0 -1
    outer loop
      vertex -4.56511 -22.9504 61.75
      vertex -4.0969 -20.5965 61.75
      vertex -2.2936 -23.2873 61.75
    endloop
  endfacet
  facet normal 0 0 -1
    outer loop
      vertex -4.56511 -22.9504 61.75
      vertex -6.09598 -20.0957 61.75
      vertex -4.0969 -20.5965 61.75
    endloop
  endfacet
  facet normal 0 0 -1
    outer loop
      vertex -6.79266 -22.3924 61.75
      vertex -6.09598 -20.0957 61.75
      vertex -4.56511 -22.9504 61.75
    endloop
  endfacet
  facet normal 0 0 -1
    outer loop
      vertex -6.79266 -22.3924 61.75
      vertex -8.03635 -19.4015 61.75
      vertex -6.09598 -20.0957 61.75
    endloop
  endfacet
  facet normal 0 0 -1
    outer loop
      vertex -8.95479 -21.6188 61.75
      vertex -8.03635 -19.4015 61.75
      vertex -6.79266 -22.3924 61.75
    endloop
  endfacet
  facet normal 0 0 -1
    outer loop
      vertex -10.5 -20.888 61.75
      vertex -8.03635 -19.4015 61.75
      vertex -8.95479 -21.6188 61.75
    endloop
  endfacet
  facet normal -0 0 -1
    outer loop
      vertex -8.03635 -19.4015 61.75
      vertex -10.5 -20.888 61.75
      vertex -9.89933 -18.5203 61.75
    endloop
  endfacet
  facet normal -0 0 -1
    outer loop
      vertex -9.89933 -18.5203 61.75
      vertex -10.5 -20.888 61.75
      vertex -10.5 -18.1603 61.75
    endloop
  endfacet
endsolid OpenSCAD_Model
