solid OpenSCAD_Model
  facet normal 0.998419 0.0490464 0.0274565
    outer loop
      vertex 9.95185 0.980171 0
      vertex 8.9 0 40
      vertex 10 0 0
    endloop
  endfacet
  facet normal 0.969666 0.242889 0.0274564
    outer loop
      vertex 9.80785 1.9509 0
      vertex 8.51677 2.58353 40
      vertex 8.72899 1.7363 40
    endloop
  endfacet
  facet normal 0.988803 0.146681 0.0274564
    outer loop
      vertex 9.80785 1.9509 0
      vertex 8.72899 1.7363 40
      vertex 9.95185 0.980171 0
    endloop
  endfacet
  facet normal 0.513906 -0.857407 0.0274565
    outer loop
      vertex 5.5557 -8.3147 0
      vertex 4.19543 -7.8491 40
      vertex 4.71397 -8.81921 0
    endloop
  endfacet
  facet normal -0.14667 0.988804 0.0274567
    outer loop
      vertex -0.980171 9.95185 0
      vertex -1.7363 8.72899 40
      vertex -0.872352 8.85714 40
    endloop
  endfacet
  facet normal -0.857404 -0.513911 0.0274566
    outer loop
      vertex -7.8491 -4.19543 40
      vertex -8.3147 -5.5557 0
      vertex -7.40008 -4.94457 40
    endloop
  endfacet
  facet normal -0.595475 -0.802905 0.0274566
    outer loop
      vertex -4.94457 -7.40008 40
      vertex -5.6461 -6.87979 40
      vertex -5.5557 -8.3147 0
    endloop
  endfacet
  facet normal 0.740678 0.671299 0.0274565
    outer loop
      vertex 7.07107 7.07107 0
      vertex 6.87979 5.6461 40
      vertex 7.7301 6.34393 0
    endloop
  endfacet
  facet normal 0.998419 -0.0490464 0.0274565
    outer loop
      vertex 10 0 0
      vertex 8.9 0 40
      vertex 9.95185 -0.980171 0
    endloop
  endfacet
  facet normal -0.595481 -0.8029 0.0274565
    outer loop
      vertex -5.6461 -6.87979 40
      vertex -6.34393 -7.7301 0
      vertex -5.5557 -8.3147 0
    endloop
  endfacet
  facet normal -0.903648 -0.427395 0.0274566
    outer loop
      vertex -8.22253 -3.40588 40
      vertex -9.2388 -3.82683 0
      vertex -7.8491 -4.19543 40
    endloop
  endfacet
  facet normal 0.595475 0.802905 0.0274566
    outer loop
      vertex 5.5557 8.3147 0
      vertex 4.94457 7.40008 40
      vertex 5.6461 6.87979 40
    endloop
  endfacet
  facet normal 0.146681 0.988803 0.0274564
    outer loop
      vertex 1.9509 9.80785 0
      vertex 0.980171 9.95185 0
      vertex 1.7363 8.72899 40
    endloop
  endfacet
  facet normal -0.427395 0.903648 0.0274566
    outer loop
      vertex -3.82683 9.2388 0
      vertex -4.19543 7.8491 40
      vertex -3.40588 8.22253 40
    endloop
  endfacet
  facet normal 0.0490464 0.998419 0.0274565
    outer loop
      vertex 0 10 0
      vertex 0 8.9 40
      vertex 0.980171 9.95185 0
    endloop
  endfacet
  facet normal -0.427397 0.903647 0.0274565
    outer loop
      vertex -3.82683 9.2388 0
      vertex -4.71397 8.81921 0
      vertex -4.19543 7.8491 40
    endloop
  endfacet
  facet normal 0.671304 0.740673 0.0274566
    outer loop
      vertex 7.07107 7.07107 0
      vertex 5.6461 6.87979 40
      vertex 6.29325 6.29325 40
    endloop
  endfacet
  facet normal -0.146681 -0.988803 0.0274564
    outer loop
      vertex -1.7363 -8.72899 40
      vertex -1.9509 -9.80785 0
      vertex -0.980171 -9.95185 0
    endloop
  endfacet
  facet normal 0.336761 0.94119 0.0274566
    outer loop
      vertex 3.82683 9.2388 0
      vertex 2.58353 8.51677 40
      vertex 3.40588 8.22253 40
    endloop
  endfacet
  facet normal 0.857407 0.513906 0.0274565
    outer loop
      vertex 8.3147 5.5557 0
      vertex 7.8491 4.19543 40
      vertex 8.81921 4.71397 0
    endloop
  endfacet
  facet normal 0.513906 0.857407 0.0274565
    outer loop
      vertex 4.71397 8.81921 0
      vertex 4.19543 7.8491 40
      vertex 5.5557 8.3147 0
    endloop
  endfacet
  facet normal 0.671304 -0.740673 0.0274566
    outer loop
      vertex 6.29325 -6.29325 40
      vertex 5.6461 -6.87979 40
      vertex 7.07107 -7.07107 0
    endloop
  endfacet
  facet normal -0.427395 -0.903648 0.0274566
    outer loop
      vertex -3.40588 -8.22253 40
      vertex -4.19543 -7.8491 40
      vertex -3.82683 -9.2388 0
    endloop
  endfacet
  facet normal 0.427397 0.903647 0.0274565
    outer loop
      vertex 4.71397 8.81921 0
      vertex 3.82683 9.2388 0
      vertex 4.19543 7.8491 40
    endloop
  endfacet
  facet normal 0.857404 -0.513911 0.0274566
    outer loop
      vertex 7.8491 -4.19543 40
      vertex 7.40008 -4.94457 40
      vertex 8.3147 -5.5557 0
    endloop
  endfacet
  facet normal -0.988804 -0.14667 0.0274567
    outer loop
      vertex -8.85714 -0.872352 40
      vertex -9.95185 -0.980171 0
      vertex -8.72899 -1.7363 40
    endloop
  endfacet
  facet normal -0.0490539 0.998419 0.0274567
    outer loop
      vertex 0 8.9 40
      vertex -0.980171 9.95185 0
      vertex -0.872352 8.85714 40
    endloop
  endfacet
  facet normal 0.336758 0.941191 0.0274565
    outer loop
      vertex 2.90285 9.5694 0
      vertex 2.58353 8.51677 40
      vertex 3.82683 9.2388 0
    endloop
  endfacet
  facet normal -0.8029 0.595481 0.0274565
    outer loop
      vertex -7.7301 6.34393 0
      vertex -8.3147 5.5557 0
      vertex -6.87979 5.6461 40
    endloop
  endfacet
  facet normal 0.903648 -0.427395 0.0274566
    outer loop
      vertex 8.22253 -3.40588 40
      vertex 7.8491 -4.19543 40
      vertex 9.2388 -3.82683 0
    endloop
  endfacet
  facet normal -0.336761 0.94119 0.0274566
    outer loop
      vertex -2.58353 8.51677 40
      vertex -3.82683 9.2388 0
      vertex -3.40588 8.22253 40
    endloop
  endfacet
  facet normal -0.802905 0.595475 0.0274566
    outer loop
      vertex -6.87979 5.6461 40
      vertex -8.3147 5.5557 0
      vertex -7.40008 4.94457 40
    endloop
  endfacet
  facet normal -0.242889 0.969666 0.0274564
    outer loop
      vertex -1.9509 9.80785 0
      vertex -2.58353 8.51677 40
      vertex -1.7363 8.72899 40
    endloop
  endfacet
  facet normal -0.242888 0.969666 0.0274565
    outer loop
      vertex -1.9509 9.80785 0
      vertex -2.90285 9.5694 0
      vertex -2.58353 8.51677 40
    endloop
  endfacet
  facet normal -0.595481 0.8029 0.0274565
    outer loop
      vertex -5.5557 8.3147 0
      vertex -6.34393 7.7301 0
      vertex -5.6461 6.87979 40
    endloop
  endfacet
  facet normal 0.941191 0.336758 0.0274565
    outer loop
      vertex 9.2388 3.82683 0
      vertex 8.51677 2.58353 40
      vertex 9.5694 2.90285 0
    endloop
  endfacet
  facet normal -0.94119 0.336761 0.0274566
    outer loop
      vertex -8.22253 3.40588 40
      vertex -9.2388 3.82683 0
      vertex -8.51677 2.58353 40
    endloop
  endfacet
  facet normal -0.998419 -0.0490539 0.0274567
    outer loop
      vertex -8.9 0 40
      vertex -9.95185 -0.980171 0
      vertex -8.85714 -0.872352 40
    endloop
  endfacet
  facet normal -0.802905 -0.595475 0.0274566
    outer loop
      vertex -7.40008 -4.94457 40
      vertex -8.3147 -5.5557 0
      vertex -6.87979 -5.6461 40
    endloop
  endfacet
  facet normal 0.903647 0.427397 0.0274565
    outer loop
      vertex 8.81921 4.71397 0
      vertex 7.8491 4.19543 40
      vertex 9.2388 3.82683 0
    endloop
  endfacet
  facet normal 0.969666 -0.242888 0.0274565
    outer loop
      vertex 9.80785 -1.9509 0
      vertex 8.51677 -2.58353 40
      vertex 9.5694 -2.90285 0
    endloop
  endfacet
  facet normal -0.146681 0.988803 0.0274564
    outer loop
      vertex -0.980171 9.95185 0
      vertex -1.9509 9.80785 0
      vertex -1.7363 8.72899 40
    endloop
  endfacet
  facet normal -0.969666 0.242889 0.0274564
    outer loop
      vertex -8.51677 2.58353 40
      vertex -9.80785 1.9509 0
      vertex -8.72899 1.7363 40
    endloop
  endfacet
  facet normal 0.0490539 0.998419 0.0274567
    outer loop
      vertex 0.980171 9.95185 0
      vertex 0 8.9 40
      vertex 0.872352 8.85714 40
    endloop
  endfacet
  facet normal 0.94119 -0.336761 0.0274566
    outer loop
      vertex 8.51677 -2.58353 40
      vertex 8.22253 -3.40588 40
      vertex 9.2388 -3.82683 0
    endloop
  endfacet
  facet normal -0.857407 -0.513906 0.0274565
    outer loop
      vertex -7.8491 -4.19543 40
      vertex -8.81921 -4.71397 0
      vertex -8.3147 -5.5557 0
    endloop
  endfacet
  facet normal 0.242889 0.969666 0.0274564
    outer loop
      vertex 1.9509 9.80785 0
      vertex 1.7363 8.72899 40
      vertex 2.58353 8.51677 40
    endloop
  endfacet
  facet normal 0.94119 0.336761 0.0274566
    outer loop
      vertex 9.2388 3.82683 0
      vertex 8.22253 3.40588 40
      vertex 8.51677 2.58353 40
    endloop
  endfacet
  facet normal 0.857404 0.513911 0.0274566
    outer loop
      vertex 8.3147 5.5557 0
      vertex 7.40008 4.94457 40
      vertex 7.8491 4.19543 40
    endloop
  endfacet
  facet normal 0.969666 0.242888 0.0274565
    outer loop
      vertex 9.5694 2.90285 0
      vertex 8.51677 2.58353 40
      vertex 9.80785 1.9509 0
    endloop
  endfacet
  facet normal -0.903647 -0.427397 0.0274565
    outer loop
      vertex -7.8491 -4.19543 40
      vertex -9.2388 -3.82683 0
      vertex -8.81921 -4.71397 0
    endloop
  endfacet
  facet normal -0.513911 -0.857404 0.0274566
    outer loop
      vertex -4.94457 -7.40008 40
      vertex -5.5557 -8.3147 0
      vertex -4.19543 -7.8491 40
    endloop
  endfacet
  facet normal 0.998419 -0.0490539 0.0274567
    outer loop
      vertex 8.9 0 40
      vertex 8.85714 -0.872352 40
      vertex 9.95185 -0.980171 0
    endloop
  endfacet
  facet normal 0.14667 0.988804 0.0274567
    outer loop
      vertex 0.980171 9.95185 0
      vertex 0.872352 8.85714 40
      vertex 1.7363 8.72899 40
    endloop
  endfacet
  facet normal 0.740673 0.671304 0.0274566
    outer loop
      vertex 7.07107 7.07107 0
      vertex 6.29325 6.29325 40
      vertex 6.87979 5.6461 40
    endloop
  endfacet
  facet normal -0.998419 0.0490464 0.0274565
    outer loop
      vertex -9.95185 0.980171 0
      vertex -10 0 0
      vertex -8.9 0 40
    endloop
  endfacet
  facet normal -0.0490464 -0.998419 0.0274565
    outer loop
      vertex 0 -8.9 40
      vertex -0.980171 -9.95185 0
      vertex 0 -10 0
    endloop
  endfacet
  facet normal 0.941191 -0.336758 0.0274565
    outer loop
      vertex 9.5694 -2.90285 0
      vertex 8.51677 -2.58353 40
      vertex 9.2388 -3.82683 0
    endloop
  endfacet
  facet normal -0.427397 -0.903647 0.0274565
    outer loop
      vertex -4.19543 -7.8491 40
      vertex -4.71397 -8.81921 0
      vertex -3.82683 -9.2388 0
    endloop
  endfacet
  facet normal -0.941191 0.336758 0.0274565
    outer loop
      vertex -9.2388 3.82683 0
      vertex -9.5694 2.90285 0
      vertex -8.51677 2.58353 40
    endloop
  endfacet
  facet normal 0.427397 -0.903647 0.0274565
    outer loop
      vertex 4.19543 -7.8491 40
      vertex 3.82683 -9.2388 0
      vertex 4.71397 -8.81921 0
    endloop
  endfacet
  facet normal -0.0490464 0.998419 0.0274565
    outer loop
      vertex 0 10 0
      vertex -0.980171 9.95185 0
      vertex 0 8.9 40
    endloop
  endfacet
  facet normal -0.94119 -0.336761 0.0274566
    outer loop
      vertex -8.51677 -2.58353 40
      vertex -9.2388 -3.82683 0
      vertex -8.22253 -3.40588 40
    endloop
  endfacet
  facet normal 0.969666 -0.242889 0.0274564
    outer loop
      vertex 8.72899 -1.7363 40
      vertex 8.51677 -2.58353 40
      vertex 9.80785 -1.9509 0
    endloop
  endfacet
  facet normal 0.988803 -0.146681 0.0274564
    outer loop
      vertex 9.95185 -0.980171 0
      vertex 8.72899 -1.7363 40
      vertex 9.80785 -1.9509 0
    endloop
  endfacet
  facet normal 0.903647 -0.427397 0.0274565
    outer loop
      vertex 9.2388 -3.82683 0
      vertex 7.8491 -4.19543 40
      vertex 8.81921 -4.71397 0
    endloop
  endfacet
  facet normal 0.0490539 -0.998419 0.0274567
    outer loop
      vertex 0.872352 -8.85714 40
      vertex 0 -8.9 40
      vertex 0.980171 -9.95185 0
    endloop
  endfacet
  facet normal 0.336758 -0.941191 0.0274565
    outer loop
      vertex 3.82683 -9.2388 0
      vertex 2.58353 -8.51677 40
      vertex 2.90285 -9.5694 0
    endloop
  endfacet
  facet normal 0.988804 -0.14667 0.0274567
    outer loop
      vertex 8.85714 -0.872352 40
      vertex 8.72899 -1.7363 40
      vertex 9.95185 -0.980171 0
    endloop
  endfacet
  facet normal 0.857407 -0.513906 0.0274565
    outer loop
      vertex 8.81921 -4.71397 0
      vertex 7.8491 -4.19543 40
      vertex 8.3147 -5.5557 0
    endloop
  endfacet
  facet normal 0.513911 0.857404 0.0274566
    outer loop
      vertex 5.5557 8.3147 0
      vertex 4.19543 7.8491 40
      vertex 4.94457 7.40008 40
    endloop
  endfacet
  facet normal -0.671304 -0.740673 0.0274566
    outer loop
      vertex -6.29325 -6.29325 40
      vertex -7.07107 -7.07107 0
      vertex -5.6461 -6.87979 40
    endloop
  endfacet
  facet normal -0.740678 0.671299 0.0274565
    outer loop
      vertex -7.07107 7.07107 0
      vertex -7.7301 6.34393 0
      vertex -6.87979 5.6461 40
    endloop
  endfacet
  facet normal -0.740673 0.671304 0.0274566
    outer loop
      vertex -6.29325 6.29325 40
      vertex -7.07107 7.07107 0
      vertex -6.87979 5.6461 40
    endloop
  endfacet
  facet normal 0.903648 0.427395 0.0274566
    outer loop
      vertex 9.2388 3.82683 0
      vertex 7.8491 4.19543 40
      vertex 8.22253 3.40588 40
    endloop
  endfacet
  facet normal 0.998419 0.0490539 0.0274567
    outer loop
      vertex 9.95185 0.980171 0
      vertex 8.85714 0.872352 40
      vertex 8.9 0 40
    endloop
  endfacet
  facet normal 0.595481 0.8029 0.0274565
    outer loop
      vertex 6.34393 7.7301 0
      vertex 5.5557 8.3147 0
      vertex 5.6461 6.87979 40
    endloop
  endfacet
  facet normal 0.146681 -0.988803 0.0274564
    outer loop
      vertex 1.7363 -8.72899 40
      vertex 0.980171 -9.95185 0
      vertex 1.9509 -9.80785 0
    endloop
  endfacet
  facet normal -0.336758 -0.941191 0.0274565
    outer loop
      vertex -2.58353 -8.51677 40
      vertex -3.82683 -9.2388 0
      vertex -2.90285 -9.5694 0
    endloop
  endfacet
  facet normal 0.242889 -0.969666 0.0274564
    outer loop
      vertex 2.58353 -8.51677 40
      vertex 1.7363 -8.72899 40
      vertex 1.9509 -9.80785 0
    endloop
  endfacet
  facet normal 0.336761 -0.94119 0.0274566
    outer loop
      vertex 3.40588 -8.22253 40
      vertex 2.58353 -8.51677 40
      vertex 3.82683 -9.2388 0
    endloop
  endfacet
  facet normal 0.671299 -0.740678 0.0274565
    outer loop
      vertex 7.07107 -7.07107 0
      vertex 5.6461 -6.87979 40
      vertex 6.34393 -7.7301 0
    endloop
  endfacet
  facet normal 0.988804 0.14667 0.0274567
    outer loop
      vertex 9.95185 0.980171 0
      vertex 8.72899 1.7363 40
      vertex 8.85714 0.872352 40
    endloop
  endfacet
  facet normal -0.671299 0.740678 0.0274565
    outer loop
      vertex -6.34393 7.7301 0
      vertex -7.07107 7.07107 0
      vertex -5.6461 6.87979 40
    endloop
  endfacet
  facet normal 0.740673 -0.671304 0.0274566
    outer loop
      vertex 6.87979 -5.6461 40
      vertex 6.29325 -6.29325 40
      vertex 7.07107 -7.07107 0
    endloop
  endfacet
  facet normal -0.336758 0.941191 0.0274565
    outer loop
      vertex -2.90285 9.5694 0
      vertex -3.82683 9.2388 0
      vertex -2.58353 8.51677 40
    endloop
  endfacet
  facet normal 0.242888 -0.969666 0.0274565
    outer loop
      vertex 2.58353 -8.51677 40
      vertex 1.9509 -9.80785 0
      vertex 2.90285 -9.5694 0
    endloop
  endfacet
  facet normal -0.857407 0.513906 0.0274565
    outer loop
      vertex -8.3147 5.5557 0
      vertex -8.81921 4.71397 0
      vertex -7.8491 4.19543 40
    endloop
  endfacet
  facet normal 0.242888 0.969666 0.0274565
    outer loop
      vertex 2.90285 9.5694 0
      vertex 1.9509 9.80785 0
      vertex 2.58353 8.51677 40
    endloop
  endfacet
  facet normal -0.857404 0.513911 0.0274566
    outer loop
      vertex -7.40008 4.94457 40
      vertex -8.3147 5.5557 0
      vertex -7.8491 4.19543 40
    endloop
  endfacet
  facet normal 0.802905 0.595475 0.0274566
    outer loop
      vertex 8.3147 5.5557 0
      vertex 6.87979 5.6461 40
      vertex 7.40008 4.94457 40
    endloop
  endfacet
  facet normal 0.8029 0.595481 0.0274565
    outer loop
      vertex 7.7301 6.34393 0
      vertex 6.87979 5.6461 40
      vertex 8.3147 5.5557 0
    endloop
  endfacet
  facet normal -0.242889 -0.969666 0.0274564
    outer loop
      vertex -1.7363 -8.72899 40
      vertex -2.58353 -8.51677 40
      vertex -1.9509 -9.80785 0
    endloop
  endfacet
  facet normal 0.671299 0.740678 0.0274565
    outer loop
      vertex 6.34393 7.7301 0
      vertex 5.6461 6.87979 40
      vertex 7.07107 7.07107 0
    endloop
  endfacet
  facet normal -0.0490539 -0.998419 0.0274567
    outer loop
      vertex -0.872352 -8.85714 40
      vertex -0.980171 -9.95185 0
      vertex 0 -8.9 40
    endloop
  endfacet
  facet normal -0.988804 0.14667 0.0274567
    outer loop
      vertex -8.72899 1.7363 40
      vertex -9.95185 0.980171 0
      vertex -8.85714 0.872352 40
    endloop
  endfacet
  facet normal -0.903647 0.427397 0.0274565
    outer loop
      vertex -8.81921 4.71397 0
      vertex -9.2388 3.82683 0
      vertex -7.8491 4.19543 40
    endloop
  endfacet
  facet normal -0.903648 0.427395 0.0274566
    outer loop
      vertex -7.8491 4.19543 40
      vertex -9.2388 3.82683 0
      vertex -8.22253 3.40588 40
    endloop
  endfacet
  facet normal -0.14667 -0.988804 0.0274567
    outer loop
      vertex -0.872352 -8.85714 40
      vertex -1.7363 -8.72899 40
      vertex -0.980171 -9.95185 0
    endloop
  endfacet
  facet normal -0.988803 -0.146681 0.0274564
    outer loop
      vertex -8.72899 -1.7363 40
      vertex -9.95185 -0.980171 0
      vertex -9.80785 -1.9509 0
    endloop
  endfacet
  facet normal 0.427395 0.903648 0.0274566
    outer loop
      vertex 3.82683 9.2388 0
      vertex 3.40588 8.22253 40
      vertex 4.19543 7.8491 40
    endloop
  endfacet
  facet normal 0.427395 -0.903648 0.0274566
    outer loop
      vertex 4.19543 -7.8491 40
      vertex 3.40588 -8.22253 40
      vertex 3.82683 -9.2388 0
    endloop
  endfacet
  facet normal -0.740673 -0.671304 0.0274566
    outer loop
      vertex -6.87979 -5.6461 40
      vertex -7.07107 -7.07107 0
      vertex -6.29325 -6.29325 40
    endloop
  endfacet
  facet normal -0.969666 -0.242889 0.0274564
    outer loop
      vertex -8.72899 -1.7363 40
      vertex -9.80785 -1.9509 0
      vertex -8.51677 -2.58353 40
    endloop
  endfacet
  facet normal -0.988803 0.146681 0.0274564
    outer loop
      vertex -9.80785 1.9509 0
      vertex -9.95185 0.980171 0
      vertex -8.72899 1.7363 40
    endloop
  endfacet
  facet normal -0.740678 -0.671299 0.0274565
    outer loop
      vertex -6.87979 -5.6461 40
      vertex -7.7301 -6.34393 0
      vertex -7.07107 -7.07107 0
    endloop
  endfacet
  facet normal -0.671304 0.740673 0.0274566
    outer loop
      vertex -5.6461 6.87979 40
      vertex -7.07107 7.07107 0
      vertex -6.29325 6.29325 40
    endloop
  endfacet
  facet normal 0.14667 -0.988804 0.0274567
    outer loop
      vertex 1.7363 -8.72899 40
      vertex 0.872352 -8.85714 40
      vertex 0.980171 -9.95185 0
    endloop
  endfacet
  facet normal 0.0490464 -0.998419 0.0274565
    outer loop
      vertex 0 -8.9 40
      vertex 0 -10 0
      vertex 0.980171 -9.95185 0
    endloop
  endfacet
  facet normal -0.513906 0.857407 0.0274565
    outer loop
      vertex -4.71397 8.81921 0
      vertex -5.5557 8.3147 0
      vertex -4.19543 7.8491 40
    endloop
  endfacet
  facet normal -0.8029 -0.595481 0.0274565
    outer loop
      vertex -6.87979 -5.6461 40
      vertex -8.3147 -5.5557 0
      vertex -7.7301 -6.34393 0
    endloop
  endfacet
  facet normal 0.595481 -0.8029 0.0274565
    outer loop
      vertex 5.6461 -6.87979 40
      vertex 5.5557 -8.3147 0
      vertex 6.34393 -7.7301 0
    endloop
  endfacet
  facet normal -0.969666 0.242888 0.0274565
    outer loop
      vertex -9.5694 2.90285 0
      vertex -9.80785 1.9509 0
      vertex -8.51677 2.58353 40
    endloop
  endfacet
  facet normal -0.998419 -0.0490464 0.0274565
    outer loop
      vertex -8.9 0 40
      vertex -10 0 0
      vertex -9.95185 -0.980171 0
    endloop
  endfacet
  facet normal 0.802905 -0.595475 0.0274566
    outer loop
      vertex 7.40008 -4.94457 40
      vertex 6.87979 -5.6461 40
      vertex 8.3147 -5.5557 0
    endloop
  endfacet
  facet normal -0.513906 -0.857407 0.0274565
    outer loop
      vertex -4.19543 -7.8491 40
      vertex -5.5557 -8.3147 0
      vertex -4.71397 -8.81921 0
    endloop
  endfacet
  facet normal -0.998419 0.0490539 0.0274567
    outer loop
      vertex -8.85714 0.872352 40
      vertex -9.95185 0.980171 0
      vertex -8.9 0 40
    endloop
  endfacet
  facet normal 0.8029 -0.595481 0.0274565
    outer loop
      vertex 8.3147 -5.5557 0
      vertex 6.87979 -5.6461 40
      vertex 7.7301 -6.34393 0
    endloop
  endfacet
  facet normal 0.740678 -0.671299 0.0274565
    outer loop
      vertex 7.7301 -6.34393 0
      vertex 6.87979 -5.6461 40
      vertex 7.07107 -7.07107 0
    endloop
  endfacet
  facet normal -0.242888 -0.969666 0.0274565
    outer loop
      vertex -2.58353 -8.51677 40
      vertex -2.90285 -9.5694 0
      vertex -1.9509 -9.80785 0
    endloop
  endfacet
  facet normal -0.671299 -0.740678 0.0274565
    outer loop
      vertex -5.6461 -6.87979 40
      vertex -7.07107 -7.07107 0
      vertex -6.34393 -7.7301 0
    endloop
  endfacet
  facet normal 0 0 -1
    outer loop
      vertex 7.59726 0 0
      vertex 10 0 0
      vertex 9.95185 -0.980171 0
    endloop
  endfacet
  facet normal 0 0 -1
    outer loop
      vertex 7.56068 -0.744661 0
      vertex 9.95185 -0.980171 0
      vertex 9.80785 -1.9509 0
    endloop
  endfacet
  facet normal 0 0 -1
    outer loop
      vertex 10 0 0
      vertex 7.59726 0 0
      vertex 9.95185 0.980171 0
    endloop
  endfacet
  facet normal 0 0 -1
    outer loop
      vertex 7.4509 -1.48369 0
      vertex 9.80785 -1.9509 0
      vertex 9.5694 -2.90285 0
    endloop
  endfacet
  facet normal 0 0 -1
    outer loop
      vertex 7.56076 0.743076 0
      vertex 9.95185 0.980171 0
      vertex 7.59726 0 0
    endloop
  endfacet
  facet normal 0 0 -1
    outer loop
      vertex 7.27013 -2.20537 0
      vertex 9.5694 -2.90285 0
      vertex 9.2388 -3.82683 0
    endloop
  endfacet
  facet normal 0 0 -1
    outer loop
      vertex 7.56068 0.744661 0
      vertex 9.95185 0.980171 0
      vertex 7.56076 0.743076 0
    endloop
  endfacet
  facet normal 0 0 -1
    outer loop
      vertex 7.01896 -2.90735 0
      vertex 9.2388 -3.82683 0
      vertex 8.81921 -4.71397 0
    endloop
  endfacet
  facet normal -0 0 -1
    outer loop
      vertex 9.95185 0.980171 0
      vertex 7.56068 0.744661 0
      vertex 9.80785 1.9509 0
    endloop
  endfacet
  facet normal 0 0 -1
    outer loop
      vertex 6.69937 -3.58269 0
      vertex 8.81921 -4.71397 0
      vertex 8.3147 -5.5557 0
    endloop
  endfacet
  facet normal 0 0 -1
    outer loop
      vertex 7.45152 1.48058 0
      vertex 9.80785 1.9509 0
      vertex 7.56068 0.744661 0
    endloop
  endfacet
  facet normal 0 0 -1
    outer loop
      vertex 6.31595 -4.22209 0
      vertex 8.3147 -5.5557 0
      vertex 7.7301 -6.34393 0
    endloop
  endfacet
  facet normal 0 0 -1
    outer loop
      vertex 7.45128 1.48215 0
      vertex 9.80785 1.9509 0
      vertex 7.45152 1.48058 0
    endloop
  endfacet
  facet normal 0 0 -1
    outer loop
      vertex 7.4509 1.48369 0
      vertex 9.80785 1.9509 0
      vertex 7.45128 1.48215 0
    endloop
  endfacet
  facet normal 0 0 -1
    outer loop
      vertex 9.95185 -0.980171 0
      vertex 7.56076 -0.743076 0
      vertex 7.59726 0 0
    endloop
  endfacet
  facet normal 0 0 -1
    outer loop
      vertex 9.95185 -0.980171 0
      vertex 7.56068 -0.744661 0
      vertex 7.56076 -0.743076 0
    endloop
  endfacet
  facet normal 0 0 -1
    outer loop
      vertex 9.80785 -1.9509 0
      vertex 7.45152 -1.48058 0
      vertex 7.56068 -0.744661 0
    endloop
  endfacet
  facet normal 0 0 -1
    outer loop
      vertex 9.80785 -1.9509 0
      vertex 7.45128 -1.48215 0
      vertex 7.45152 -1.48058 0
    endloop
  endfacet
  facet normal 0 0 -1
    outer loop
      vertex 9.80785 -1.9509 0
      vertex 7.4509 -1.48369 0
      vertex 7.45128 -1.48215 0
    endloop
  endfacet
  facet normal 0 0 -1
    outer loop
      vertex 9.5694 -2.90285 0
      vertex 7.27013 -2.20537 0
      vertex 7.4509 -1.48369 0
    endloop
  endfacet
  facet normal 0 0 -1
    outer loop
      vertex 5.87276 -4.81965 0
      vertex 7.7301 -6.34393 0
      vertex 7.07107 -7.07107 0
    endloop
  endfacet
  facet normal 0 0 -1
    outer loop
      vertex 9.2388 -3.82683 0
      vertex 7.01949 -2.90585 0
      vertex 7.27013 -2.20537 0
    endloop
  endfacet
  facet normal 0 0 -1
    outer loop
      vertex 9.2388 -3.82683 0
      vertex 7.01896 -2.90735 0
      vertex 7.01949 -2.90585 0
    endloop
  endfacet
  facet normal 0 0 -1
    outer loop
      vertex 8.81921 -4.71397 0
      vertex 6.70087 -3.57989 0
      vertex 7.01896 -2.90735 0
    endloop
  endfacet
  facet normal 0 0 -1
    outer loop
      vertex 8.81921 -4.71397 0
      vertex 6.70019 -3.58133 0
      vertex 6.70087 -3.57989 0
    endloop
  endfacet
  facet normal 0 0 -1
    outer loop
      vertex 8.81921 -4.71397 0
      vertex 6.69937 -3.58269 0
      vertex 6.70019 -3.58133 0
    endloop
  endfacet
  facet normal 0 0 -1
    outer loop
      vertex 5.3709 -5.37314 0
      vertex 7.07107 -7.07107 0
      vertex 6.34393 -7.7301 0
    endloop
  endfacet
  facet normal 0 0 -1
    outer loop
      vertex 8.3147 -5.5557 0
      vertex 6.31689 -4.22081 0
      vertex 6.69937 -3.58269 0
    endloop
  endfacet
  facet normal 0 0 -1
    outer loop
      vertex 8.3147 -5.5557 0
      vertex 6.31595 -4.22209 0
      vertex 6.31689 -4.22081 0
    endloop
  endfacet
  facet normal 0 0 -1
    outer loop
      vertex 7.7301 -6.34393 0
      vertex 5.87276 -4.81965 0
      vertex 6.31595 -4.22209 0
    endloop
  endfacet
  facet normal 0 0 -1
    outer loop
      vertex 4.81965 -5.87276 0
      vertex 6.34393 -7.7301 0
      vertex 5.5557 -8.3147 0
    endloop
  endfacet
  facet normal 0 0 -1
    outer loop
      vertex 7.07107 -7.07107 0
      vertex 5.37314 -5.3709 0
      vertex 5.87276 -4.81965 0
    endloop
  endfacet
  facet normal 0 0 -1
    outer loop
      vertex 7.07107 -7.07107 0
      vertex 5.37208 -5.37208 0
      vertex 5.37314 -5.3709 0
    endloop
  endfacet
  facet normal 0 0 -1
    outer loop
      vertex 7.07107 -7.07107 0
      vertex 5.3709 -5.37314 0
      vertex 5.37208 -5.37208 0
    endloop
  endfacet
  facet normal 0 0 -1
    outer loop
      vertex 6.34393 -7.7301 0
      vertex 4.81965 -5.87276 0
      vertex 5.3709 -5.37314 0
    endloop
  endfacet
  facet normal 0 0 -1
    outer loop
      vertex 4.22081 -6.31689 0
      vertex 5.5557 -8.3147 0
      vertex 4.71397 -8.81921 0
    endloop
  endfacet
  facet normal 0 0 -1
    outer loop
      vertex 5.5557 -8.3147 0
      vertex 4.22209 -6.31595 0
      vertex 4.81965 -5.87276 0
    endloop
  endfacet
  facet normal 0 0 -1
    outer loop
      vertex 5.5557 -8.3147 0
      vertex 4.22081 -6.31689 0
      vertex 4.22209 -6.31595 0
    endloop
  endfacet
  facet normal 0 0 -1
    outer loop
      vertex 3.57989 -6.70087 0
      vertex 4.71397 -8.81921 0
      vertex 3.82683 -9.2388 0
    endloop
  endfacet
  facet normal 0 0 -1
    outer loop
      vertex 4.71397 -8.81921 0
      vertex 3.58269 -6.69937 0
      vertex 4.22081 -6.31689 0
    endloop
  endfacet
  facet normal 0 0 -1
    outer loop
      vertex 4.71397 -8.81921 0
      vertex 3.58133 -6.70019 0
      vertex 3.58269 -6.69937 0
    endloop
  endfacet
  facet normal 0 0 -1
    outer loop
      vertex 4.71397 -8.81921 0
      vertex 3.57989 -6.70087 0
      vertex 3.58133 -6.70019 0
    endloop
  endfacet
  facet normal 0 0 -1
    outer loop
      vertex 3.82683 -9.2388 0
      vertex 2.90735 -7.01896 0
      vertex 3.57989 -6.70087 0
    endloop
  endfacet
  facet normal 0 0 -1
    outer loop
      vertex 3.82683 -9.2388 0
      vertex 2.90585 -7.01949 0
      vertex 2.90735 -7.01896 0
    endloop
  endfacet
  facet normal 0 0 -1
    outer loop
      vertex 2.90285 -9.5694 0
      vertex 2.90585 -7.01949 0
      vertex 3.82683 -9.2388 0
    endloop
  endfacet
  facet normal 0 0 -1
    outer loop
      vertex 2.90285 -9.5694 0
      vertex 2.20537 -7.27013 0
      vertex 2.90585 -7.01949 0
    endloop
  endfacet
  facet normal 0 0 -1
    outer loop
      vertex 1.9509 -9.80785 0
      vertex 2.20537 -7.27013 0
      vertex 2.90285 -9.5694 0
    endloop
  endfacet
  facet normal 0 0 -1
    outer loop
      vertex 1.9509 -9.80785 0
      vertex 1.48369 -7.4509 0
      vertex 2.20537 -7.27013 0
    endloop
  endfacet
  facet normal 0 0 -1
    outer loop
      vertex 1.9509 -9.80785 0
      vertex 1.48215 -7.45128 0
      vertex 1.48369 -7.4509 0
    endloop
  endfacet
  facet normal 0 0 -1
    outer loop
      vertex 1.9509 -9.80785 0
      vertex 1.48058 -7.45152 0
      vertex 1.48215 -7.45128 0
    endloop
  endfacet
  facet normal 0 0 -1
    outer loop
      vertex 0.980171 -9.95185 0
      vertex 1.48058 -7.45152 0
      vertex 1.9509 -9.80785 0
    endloop
  endfacet
  facet normal 0 0 -1
    outer loop
      vertex 0.980171 -9.95185 0
      vertex 0.744661 -7.56068 0
      vertex 1.48058 -7.45152 0
    endloop
  endfacet
  facet normal 0 0 -1
    outer loop
      vertex 0.980171 -9.95185 0
      vertex 0.743076 -7.56076 0
      vertex 0.744661 -7.56068 0
    endloop
  endfacet
  facet normal 0 0 -1
    outer loop
      vertex 0 -10 0
      vertex 0.743076 -7.56076 0
      vertex 0.980171 -9.95185 0
    endloop
  endfacet
  facet normal 0 0 -1
    outer loop
      vertex 0 -10 0
      vertex 0 -7.59726 0
      vertex 0.743076 -7.56076 0
    endloop
  endfacet
  facet normal 0 0 -1
    outer loop
      vertex 0 -10 0
      vertex -0.743076 -7.56076 0
      vertex 0 -7.59726 0
    endloop
  endfacet
  facet normal 0 0 -1
    outer loop
      vertex -0.980171 -9.95185 0
      vertex -0.743076 -7.56076 0
      vertex 0 -10 0
    endloop
  endfacet
  facet normal -0 0 -1
    outer loop
      vertex -0.743076 -7.56076 0
      vertex -0.980171 -9.95185 0
      vertex -0.744661 -7.56068 0
    endloop
  endfacet
  facet normal 0 0 -1
    outer loop
      vertex -0.980171 -9.95185 0
      vertex -1.48058 -7.45152 0
      vertex -0.744661 -7.56068 0
    endloop
  endfacet
  facet normal 0 0 -1
    outer loop
      vertex -1.9509 -9.80785 0
      vertex -1.48058 -7.45152 0
      vertex -0.980171 -9.95185 0
    endloop
  endfacet
  facet normal -0 0 -1
    outer loop
      vertex -1.48058 -7.45152 0
      vertex -1.9509 -9.80785 0
      vertex -1.48215 -7.45128 0
    endloop
  endfacet
  facet normal -0 0 -1
    outer loop
      vertex -1.48215 -7.45128 0
      vertex -1.9509 -9.80785 0
      vertex -1.48369 -7.4509 0
    endloop
  endfacet
  facet normal 0 0 -1
    outer loop
      vertex -1.9509 -9.80785 0
      vertex -2.20537 -7.27013 0
      vertex -1.48369 -7.4509 0
    endloop
  endfacet
  facet normal 0 0 -1
    outer loop
      vertex -2.90285 -9.5694 0
      vertex -2.20537 -7.27013 0
      vertex -1.9509 -9.80785 0
    endloop
  endfacet
  facet normal 0 0 -1
    outer loop
      vertex -2.90285 -9.5694 0
      vertex -2.90585 -7.01949 0
      vertex -2.20537 -7.27013 0
    endloop
  endfacet
  facet normal 0 0 -1
    outer loop
      vertex -3.82683 -9.2388 0
      vertex -2.90585 -7.01949 0
      vertex -2.90285 -9.5694 0
    endloop
  endfacet
  facet normal -0 0 -1
    outer loop
      vertex -2.90585 -7.01949 0
      vertex -3.82683 -9.2388 0
      vertex -2.90735 -7.01896 0
    endloop
  endfacet
  facet normal -0 0 -1
    outer loop
      vertex -2.90735 -7.01896 0
      vertex -3.82683 -9.2388 0
      vertex -3.57989 -6.70087 0
    endloop
  endfacet
  facet normal 0 0 -1
    outer loop
      vertex -4.71397 -8.81921 0
      vertex -3.57989 -6.70087 0
      vertex -3.82683 -9.2388 0
    endloop
  endfacet
  facet normal -0 0 -1
    outer loop
      vertex -3.57989 -6.70087 0
      vertex -4.71397 -8.81921 0
      vertex -3.58133 -6.70019 0
    endloop
  endfacet
  facet normal -0 0 -1
    outer loop
      vertex -3.58133 -6.70019 0
      vertex -4.71397 -8.81921 0
      vertex -3.58269 -6.69937 0
    endloop
  endfacet
  facet normal -0 0 -1
    outer loop
      vertex -3.58269 -6.69937 0
      vertex -4.71397 -8.81921 0
      vertex -4.22081 -6.31689 0
    endloop
  endfacet
  facet normal 0 0 -1
    outer loop
      vertex -5.5557 -8.3147 0
      vertex -4.22081 -6.31689 0
      vertex -4.71397 -8.81921 0
    endloop
  endfacet
  facet normal -0 0 -1
    outer loop
      vertex -4.22081 -6.31689 0
      vertex -5.5557 -8.3147 0
      vertex -4.22209 -6.31595 0
    endloop
  endfacet
  facet normal -0 0 -1
    outer loop
      vertex -4.22209 -6.31595 0
      vertex -5.5557 -8.3147 0
      vertex -4.81965 -5.87276 0
    endloop
  endfacet
  facet normal 0 0 -1
    outer loop
      vertex -6.34393 -7.7301 0
      vertex -4.81965 -5.87276 0
      vertex -5.5557 -8.3147 0
    endloop
  endfacet
  facet normal -0 0 -1
    outer loop
      vertex -4.81965 -5.87276 0
      vertex -6.34393 -7.7301 0
      vertex -5.3709 -5.37314 0
    endloop
  endfacet
  facet normal 0 0 -1
    outer loop
      vertex -7.07107 -7.07107 0
      vertex -5.3709 -5.37314 0
      vertex -6.34393 -7.7301 0
    endloop
  endfacet
  facet normal -0 0 -1
    outer loop
      vertex -5.3709 -5.37314 0
      vertex -7.07107 -7.07107 0
      vertex -5.37208 -5.37208 0
    endloop
  endfacet
  facet normal -0 0 -1
    outer loop
      vertex -5.37208 -5.37208 0
      vertex -7.07107 -7.07107 0
      vertex -5.37314 -5.3709 0
    endloop
  endfacet
  facet normal -0 0 -1
    outer loop
      vertex -5.37314 -5.3709 0
      vertex -7.07107 -7.07107 0
      vertex -5.87276 -4.81965 0
    endloop
  endfacet
  facet normal 0 0 -1
    outer loop
      vertex -7.7301 -6.34393 0
      vertex -5.87276 -4.81965 0
      vertex -7.07107 -7.07107 0
    endloop
  endfacet
  facet normal -0 0 -1
    outer loop
      vertex -5.87276 -4.81965 0
      vertex -7.7301 -6.34393 0
      vertex -6.31595 -4.22209 0
    endloop
  endfacet
  facet normal 0 0 -1
    outer loop
      vertex -8.3147 -5.5557 0
      vertex -6.31595 -4.22209 0
      vertex -7.7301 -6.34393 0
    endloop
  endfacet
  facet normal -0 0 -1
    outer loop
      vertex -6.31595 -4.22209 0
      vertex -8.3147 -5.5557 0
      vertex -6.31689 -4.22081 0
    endloop
  endfacet
  facet normal -0 0 -1
    outer loop
      vertex -6.31689 -4.22081 0
      vertex -8.3147 -5.5557 0
      vertex -6.69937 -3.58269 0
    endloop
  endfacet
  facet normal 0 0 -1
    outer loop
      vertex -8.81921 -4.71397 0
      vertex -6.69937 -3.58269 0
      vertex -8.3147 -5.5557 0
    endloop
  endfacet
  facet normal -0 0 -1
    outer loop
      vertex -6.69937 -3.58269 0
      vertex -8.81921 -4.71397 0
      vertex -6.70019 -3.58133 0
    endloop
  endfacet
  facet normal -0 0 -1
    outer loop
      vertex -6.70019 -3.58133 0
      vertex -8.81921 -4.71397 0
      vertex -6.70087 -3.57989 0
    endloop
  endfacet
  facet normal -0 0 -1
    outer loop
      vertex -6.70087 -3.57989 0
      vertex -8.81921 -4.71397 0
      vertex -7.01896 -2.90735 0
    endloop
  endfacet
  facet normal 0 0 -1
    outer loop
      vertex -9.2388 -3.82683 0
      vertex -7.01896 -2.90735 0
      vertex -8.81921 -4.71397 0
    endloop
  endfacet
  facet normal -0 0 -1
    outer loop
      vertex -7.01896 -2.90735 0
      vertex -9.2388 -3.82683 0
      vertex -7.01949 -2.90585 0
    endloop
  endfacet
  facet normal -0 0 -1
    outer loop
      vertex -7.01949 -2.90585 0
      vertex -9.2388 -3.82683 0
      vertex -7.27013 -2.20537 0
    endloop
  endfacet
  facet normal 0 0 -1
    outer loop
      vertex -9.95185 -0.980171 0
      vertex -7.56076 -0.743076 0
      vertex -7.56068 -0.744661 0
    endloop
  endfacet
  facet normal -0 0 -1
    outer loop
      vertex -7.27013 -2.20537 0
      vertex -9.5694 -2.90285 0
      vertex -7.4509 -1.48369 0
    endloop
  endfacet
  facet normal 0 0 -1
    outer loop
      vertex -9.5694 -2.90285 0
      vertex -7.27013 -2.20537 0
      vertex -9.2388 -3.82683 0
    endloop
  endfacet
  facet normal -0 0 -1
    outer loop
      vertex 9.80785 1.9509 0
      vertex 7.4509 1.48369 0
      vertex 9.5694 2.90285 0
    endloop
  endfacet
  facet normal 0 0 -1
    outer loop
      vertex 7.27013 2.20537 0
      vertex 9.5694 2.90285 0
      vertex 7.4509 1.48369 0
    endloop
  endfacet
  facet normal -0 0 -1
    outer loop
      vertex 9.5694 2.90285 0
      vertex 7.27013 2.20537 0
      vertex 9.2388 3.82683 0
    endloop
  endfacet
  facet normal 0 0 -1
    outer loop
      vertex 7.01949 2.90585 0
      vertex 9.2388 3.82683 0
      vertex 7.27013 2.20537 0
    endloop
  endfacet
  facet normal 0 0 -1
    outer loop
      vertex 7.01896 2.90735 0
      vertex 9.2388 3.82683 0
      vertex 7.01949 2.90585 0
    endloop
  endfacet
  facet normal -0 0 -1
    outer loop
      vertex 9.2388 3.82683 0
      vertex 7.01896 2.90735 0
      vertex 8.81921 4.71397 0
    endloop
  endfacet
  facet normal 0 0 -1
    outer loop
      vertex 6.70087 3.57989 0
      vertex 8.81921 4.71397 0
      vertex 7.01896 2.90735 0
    endloop
  endfacet
  facet normal 0 0 -1
    outer loop
      vertex 6.70019 3.58133 0
      vertex 8.81921 4.71397 0
      vertex 6.70087 3.57989 0
    endloop
  endfacet
  facet normal 0 0 -1
    outer loop
      vertex 6.69937 3.58269 0
      vertex 8.81921 4.71397 0
      vertex 6.70019 3.58133 0
    endloop
  endfacet
  facet normal -0 0 -1
    outer loop
      vertex 8.81921 4.71397 0
      vertex 6.69937 3.58269 0
      vertex 8.3147 5.5557 0
    endloop
  endfacet
  facet normal 0 0 -1
    outer loop
      vertex 6.31689 4.22081 0
      vertex 8.3147 5.5557 0
      vertex 6.69937 3.58269 0
    endloop
  endfacet
  facet normal 0 0 -1
    outer loop
      vertex 6.31595 4.22209 0
      vertex 8.3147 5.5557 0
      vertex 6.31689 4.22081 0
    endloop
  endfacet
  facet normal -0 0 -1
    outer loop
      vertex 8.3147 5.5557 0
      vertex 6.31595 4.22209 0
      vertex 7.7301 6.34393 0
    endloop
  endfacet
  facet normal 0 0 -1
    outer loop
      vertex 5.87276 4.81965 0
      vertex 7.7301 6.34393 0
      vertex 6.31595 4.22209 0
    endloop
  endfacet
  facet normal -0 0 -1
    outer loop
      vertex 7.7301 6.34393 0
      vertex 5.87276 4.81965 0
      vertex 7.07107 7.07107 0
    endloop
  endfacet
  facet normal 0 0 -1
    outer loop
      vertex 5.37314 5.3709 0
      vertex 7.07107 7.07107 0
      vertex 5.87276 4.81965 0
    endloop
  endfacet
  facet normal 0 0 -1
    outer loop
      vertex 5.37208 5.37208 0
      vertex 7.07107 7.07107 0
      vertex 5.37314 5.3709 0
    endloop
  endfacet
  facet normal 0 0 -1
    outer loop
      vertex 5.3709 5.37314 0
      vertex 7.07107 7.07107 0
      vertex 5.37208 5.37208 0
    endloop
  endfacet
  facet normal -0 0 -1
    outer loop
      vertex 7.07107 7.07107 0
      vertex 5.3709 5.37314 0
      vertex 6.34393 7.7301 0
    endloop
  endfacet
  facet normal 0 0 -1
    outer loop
      vertex 4.81965 5.87276 0
      vertex 6.34393 7.7301 0
      vertex 5.3709 5.37314 0
    endloop
  endfacet
  facet normal -0 0 -1
    outer loop
      vertex 6.34393 7.7301 0
      vertex 4.81965 5.87276 0
      vertex 5.5557 8.3147 0
    endloop
  endfacet
  facet normal 0 0 -1
    outer loop
      vertex 4.22209 6.31595 0
      vertex 5.5557 8.3147 0
      vertex 4.81965 5.87276 0
    endloop
  endfacet
  facet normal 0 0 -1
    outer loop
      vertex 4.22081 6.31689 0
      vertex 5.5557 8.3147 0
      vertex 4.22209 6.31595 0
    endloop
  endfacet
  facet normal -0 0 -1
    outer loop
      vertex 5.5557 8.3147 0
      vertex 4.22081 6.31689 0
      vertex 4.71397 8.81921 0
    endloop
  endfacet
  facet normal 0 0 -1
    outer loop
      vertex 3.58269 6.69937 0
      vertex 4.71397 8.81921 0
      vertex 4.22081 6.31689 0
    endloop
  endfacet
  facet normal 0 0 -1
    outer loop
      vertex 3.58133 6.70019 0
      vertex 4.71397 8.81921 0
      vertex 3.58269 6.69937 0
    endloop
  endfacet
  facet normal 0 0 -1
    outer loop
      vertex 3.57989 6.70087 0
      vertex 4.71397 8.81921 0
      vertex 3.58133 6.70019 0
    endloop
  endfacet
  facet normal -0 0 -1
    outer loop
      vertex 4.71397 8.81921 0
      vertex 3.57989 6.70087 0
      vertex 3.82683 9.2388 0
    endloop
  endfacet
  facet normal 0 0 -1
    outer loop
      vertex 2.90735 7.01896 0
      vertex 3.82683 9.2388 0
      vertex 3.57989 6.70087 0
    endloop
  endfacet
  facet normal 0 0 -1
    outer loop
      vertex 2.90585 7.01949 0
      vertex 3.82683 9.2388 0
      vertex 2.90735 7.01896 0
    endloop
  endfacet
  facet normal 0 0 -1
    outer loop
      vertex 2.90585 7.01949 0
      vertex 2.90285 9.5694 0
      vertex 3.82683 9.2388 0
    endloop
  endfacet
  facet normal 0 0 -1
    outer loop
      vertex 2.20537 7.27013 0
      vertex 2.90285 9.5694 0
      vertex 2.90585 7.01949 0
    endloop
  endfacet
  facet normal 0 0 -1
    outer loop
      vertex 2.20537 7.27013 0
      vertex 1.9509 9.80785 0
      vertex 2.90285 9.5694 0
    endloop
  endfacet
  facet normal 0 0 -1
    outer loop
      vertex 1.48369 7.4509 0
      vertex 1.9509 9.80785 0
      vertex 2.20537 7.27013 0
    endloop
  endfacet
  facet normal 0 0 -1
    outer loop
      vertex 1.48215 7.45128 0
      vertex 1.9509 9.80785 0
      vertex 1.48369 7.4509 0
    endloop
  endfacet
  facet normal 0 0 -1
    outer loop
      vertex 1.48058 7.45152 0
      vertex 1.9509 9.80785 0
      vertex 1.48215 7.45128 0
    endloop
  endfacet
  facet normal 0 0 -1
    outer loop
      vertex 1.48058 7.45152 0
      vertex 0.980171 9.95185 0
      vertex 1.9509 9.80785 0
    endloop
  endfacet
  facet normal 0 0 -1
    outer loop
      vertex 0.744661 7.56068 0
      vertex 0.980171 9.95185 0
      vertex 1.48058 7.45152 0
    endloop
  endfacet
  facet normal 0 0 -1
    outer loop
      vertex 0.743076 7.56076 0
      vertex 0.980171 9.95185 0
      vertex 0.744661 7.56068 0
    endloop
  endfacet
  facet normal 0 0 -1
    outer loop
      vertex 0 7.59726 0
      vertex 0.980171 9.95185 0
      vertex 0.743076 7.56076 0
    endloop
  endfacet
  facet normal 0 0 -1
    outer loop
      vertex 0 7.59726 0
      vertex 0 10 0
      vertex 0.980171 9.95185 0
    endloop
  endfacet
  facet normal 0 0 -1
    outer loop
      vertex -0.743076 7.56076 0
      vertex 0 10 0
      vertex 0 7.59726 0
    endloop
  endfacet
  facet normal 0 0 -1
    outer loop
      vertex -0.980171 9.95185 0
      vertex -0.743076 7.56076 0
      vertex -0.744661 7.56068 0
    endloop
  endfacet
  facet normal 0 0 -1
    outer loop
      vertex -0.743076 7.56076 0
      vertex -0.980171 9.95185 0
      vertex 0 10 0
    endloop
  endfacet
  facet normal 0 0 -1
    outer loop
      vertex -1.48058 7.45152 0
      vertex -0.980171 9.95185 0
      vertex -0.744661 7.56068 0
    endloop
  endfacet
  facet normal 0 0 -1
    outer loop
      vertex -1.9509 9.80785 0
      vertex -1.48058 7.45152 0
      vertex -1.48215 7.45128 0
    endloop
  endfacet
  facet normal 0 0 -1
    outer loop
      vertex -1.9509 9.80785 0
      vertex -1.48215 7.45128 0
      vertex -1.48369 7.4509 0
    endloop
  endfacet
  facet normal 0 0 -1
    outer loop
      vertex -1.48058 7.45152 0
      vertex -1.9509 9.80785 0
      vertex -0.980171 9.95185 0
    endloop
  endfacet
  facet normal 0 0 -1
    outer loop
      vertex -2.20537 7.27013 0
      vertex -1.9509 9.80785 0
      vertex -1.48369 7.4509 0
    endloop
  endfacet
  facet normal 0 0 -1
    outer loop
      vertex -2.20537 7.27013 0
      vertex -2.90285 9.5694 0
      vertex -1.9509 9.80785 0
    endloop
  endfacet
  facet normal 0 0 -1
    outer loop
      vertex -2.90585 7.01949 0
      vertex -2.90285 9.5694 0
      vertex -2.20537 7.27013 0
    endloop
  endfacet
  facet normal 0 0 -1
    outer loop
      vertex -3.82683 9.2388 0
      vertex -2.90585 7.01949 0
      vertex -2.90735 7.01896 0
    endloop
  endfacet
  facet normal 0 0 -1
    outer loop
      vertex -3.82683 9.2388 0
      vertex -2.90735 7.01896 0
      vertex -3.57989 6.70087 0
    endloop
  endfacet
  facet normal 0 0 -1
    outer loop
      vertex -4.71397 8.81921 0
      vertex -3.57989 6.70087 0
      vertex -3.58133 6.70019 0
    endloop
  endfacet
  facet normal 0 0 -1
    outer loop
      vertex -4.71397 8.81921 0
      vertex -3.58133 6.70019 0
      vertex -3.58269 6.69937 0
    endloop
  endfacet
  facet normal 0 0 -1
    outer loop
      vertex -2.90585 7.01949 0
      vertex -3.82683 9.2388 0
      vertex -2.90285 9.5694 0
    endloop
  endfacet
  facet normal 0 0 -1
    outer loop
      vertex -4.71397 8.81921 0
      vertex -3.58269 6.69937 0
      vertex -4.22081 6.31689 0
    endloop
  endfacet
  facet normal 0 0 -1
    outer loop
      vertex -5.5557 8.3147 0
      vertex -4.22081 6.31689 0
      vertex -4.22209 6.31595 0
    endloop
  endfacet
  facet normal 0 0 -1
    outer loop
      vertex -3.57989 6.70087 0
      vertex -4.71397 8.81921 0
      vertex -3.82683 9.2388 0
    endloop
  endfacet
  facet normal 0 0 -1
    outer loop
      vertex -5.5557 8.3147 0
      vertex -4.22209 6.31595 0
      vertex -4.81965 5.87276 0
    endloop
  endfacet
  facet normal 0 0 -1
    outer loop
      vertex -6.34393 7.7301 0
      vertex -4.81965 5.87276 0
      vertex -5.3709 5.37314 0
    endloop
  endfacet
  facet normal 0 0 -1
    outer loop
      vertex -7.07107 7.07107 0
      vertex -5.3709 5.37314 0
      vertex -5.37208 5.37208 0
    endloop
  endfacet
  facet normal 0 0 -1
    outer loop
      vertex -7.07107 7.07107 0
      vertex -5.37208 5.37208 0
      vertex -5.37314 5.3709 0
    endloop
  endfacet
  facet normal 0 0 -1
    outer loop
      vertex -4.22081 6.31689 0
      vertex -5.5557 8.3147 0
      vertex -4.71397 8.81921 0
    endloop
  endfacet
  facet normal 0 0 -1
    outer loop
      vertex -7.07107 7.07107 0
      vertex -5.37314 5.3709 0
      vertex -5.87276 4.81965 0
    endloop
  endfacet
  facet normal 0 0 -1
    outer loop
      vertex -7.7301 6.34393 0
      vertex -5.87276 4.81965 0
      vertex -6.31595 4.22209 0
    endloop
  endfacet
  facet normal 0 0 -1
    outer loop
      vertex -8.3147 5.5557 0
      vertex -6.31595 4.22209 0
      vertex -6.31689 4.22081 0
    endloop
  endfacet
  facet normal 0 0 -1
    outer loop
      vertex -4.81965 5.87276 0
      vertex -6.34393 7.7301 0
      vertex -5.5557 8.3147 0
    endloop
  endfacet
  facet normal 0 0 -1
    outer loop
      vertex -8.3147 5.5557 0
      vertex -6.31689 4.22081 0
      vertex -6.69937 3.58269 0
    endloop
  endfacet
  facet normal 0 0 -1
    outer loop
      vertex -8.81921 4.71397 0
      vertex -6.69937 3.58269 0
      vertex -6.70019 3.58133 0
    endloop
  endfacet
  facet normal 0 0 -1
    outer loop
      vertex -8.81921 4.71397 0
      vertex -6.70019 3.58133 0
      vertex -6.70087 3.57989 0
    endloop
  endfacet
  facet normal 0 0 -1
    outer loop
      vertex -8.81921 4.71397 0
      vertex -6.70087 3.57989 0
      vertex -7.01896 2.90735 0
    endloop
  endfacet
  facet normal 0 0 -1
    outer loop
      vertex -9.2388 3.82683 0
      vertex -7.01896 2.90735 0
      vertex -7.01949 2.90585 0
    endloop
  endfacet
  facet normal 0 0 -1
    outer loop
      vertex -5.3709 5.37314 0
      vertex -7.07107 7.07107 0
      vertex -6.34393 7.7301 0
    endloop
  endfacet
  facet normal 0 0 -1
    outer loop
      vertex -9.2388 3.82683 0
      vertex -7.01949 2.90585 0
      vertex -7.27013 2.20537 0
    endloop
  endfacet
  facet normal 0 0 -1
    outer loop
      vertex -9.5694 2.90285 0
      vertex -7.27013 2.20537 0
      vertex -7.4509 1.48369 0
    endloop
  endfacet
  facet normal 0 0 -1
    outer loop
      vertex -9.80785 1.9509 0
      vertex -7.4509 1.48369 0
      vertex -7.45128 1.48215 0
    endloop
  endfacet
  facet normal 0 0 -1
    outer loop
      vertex -9.80785 1.9509 0
      vertex -7.45128 1.48215 0
      vertex -7.45152 1.48058 0
    endloop
  endfacet
  facet normal 0 0 -1
    outer loop
      vertex -9.80785 1.9509 0
      vertex -7.45152 1.48058 0
      vertex -7.56068 0.744661 0
    endloop
  endfacet
  facet normal 0 0 -1
    outer loop
      vertex -9.95185 0.980171 0
      vertex -7.56076 0.743076 0
      vertex -7.59726 0 0
    endloop
  endfacet
  facet normal 0 0 -1
    outer loop
      vertex -5.87276 4.81965 0
      vertex -7.7301 6.34393 0
      vertex -7.07107 7.07107 0
    endloop
  endfacet
  facet normal 0 0 -1
    outer loop
      vertex -7.56076 0.743076 0
      vertex -9.95185 0.980171 0
      vertex -7.56068 0.744661 0
    endloop
  endfacet
  facet normal 0 0 -1
    outer loop
      vertex -9.80785 -1.9509 0
      vertex -7.4509 -1.48369 0
      vertex -9.5694 -2.90285 0
    endloop
  endfacet
  facet normal -0 0 -1
    outer loop
      vertex -7.4509 -1.48369 0
      vertex -9.80785 -1.9509 0
      vertex -7.45128 -1.48215 0
    endloop
  endfacet
  facet normal 0 0 -1
    outer loop
      vertex -6.31595 4.22209 0
      vertex -8.3147 5.5557 0
      vertex -7.7301 6.34393 0
    endloop
  endfacet
  facet normal -0 0 -1
    outer loop
      vertex -7.45128 -1.48215 0
      vertex -9.80785 -1.9509 0
      vertex -7.45152 -1.48058 0
    endloop
  endfacet
  facet normal 0 0 -1
    outer loop
      vertex -6.69937 3.58269 0
      vertex -8.81921 4.71397 0
      vertex -8.3147 5.5557 0
    endloop
  endfacet
  facet normal -0 0 -1
    outer loop
      vertex -7.45152 -1.48058 0
      vertex -9.80785 -1.9509 0
      vertex -7.56068 -0.744661 0
    endloop
  endfacet
  facet normal 0 0 -1
    outer loop
      vertex -7.01896 2.90735 0
      vertex -9.2388 3.82683 0
      vertex -8.81921 4.71397 0
    endloop
  endfacet
  facet normal 0 0 -1
    outer loop
      vertex -9.95185 -0.980171 0
      vertex -7.56068 -0.744661 0
      vertex -9.80785 -1.9509 0
    endloop
  endfacet
  facet normal 0 0 -1
    outer loop
      vertex -7.27013 2.20537 0
      vertex -9.5694 2.90285 0
      vertex -9.2388 3.82683 0
    endloop
  endfacet
  facet normal -0 0 -1
    outer loop
      vertex -7.56076 -0.743076 0
      vertex -9.95185 -0.980171 0
      vertex -7.59726 0 0
    endloop
  endfacet
  facet normal 0 0 -1
    outer loop
      vertex -7.4509 1.48369 0
      vertex -9.80785 1.9509 0
      vertex -9.5694 2.90285 0
    endloop
  endfacet
  facet normal 0 0 -1
    outer loop
      vertex -10 0 0
      vertex -7.59726 0 0
      vertex -9.95185 -0.980171 0
    endloop
  endfacet
  facet normal 0 0 -1
    outer loop
      vertex -7.56068 0.744661 0
      vertex -9.95185 0.980171 0
      vertex -9.80785 1.9509 0
    endloop
  endfacet
  facet normal 0 0 -1
    outer loop
      vertex -7.59726 0 0
      vertex -10 0 0
      vertex -9.95185 0.980171 0
    endloop
  endfacet
  facet normal -0.595475 0.802905 0.0274566
    outer loop
      vertex -5.5557 8.3147 0
      vertex -5.6461 6.87979 40
      vertex -4.94457 7.40008 40
    endloop
  endfacet
  facet normal 0.513911 -0.857404 0.0274566
    outer loop
      vertex 4.94457 -7.40008 40
      vertex 4.19543 -7.8491 40
      vertex 5.5557 -8.3147 0
    endloop
  endfacet
  facet normal 0.595475 -0.802905 0.0274566
    outer loop
      vertex 5.6461 -6.87979 40
      vertex 4.94457 -7.40008 40
      vertex 5.5557 -8.3147 0
    endloop
  endfacet
  facet normal -0.941191 -0.336758 0.0274565
    outer loop
      vertex -8.51677 -2.58353 40
      vertex -9.5694 -2.90285 0
      vertex -9.2388 -3.82683 0
    endloop
  endfacet
  facet normal -0.969666 -0.242888 0.0274565
    outer loop
      vertex -8.51677 -2.58353 40
      vertex -9.80785 -1.9509 0
      vertex -9.5694 -2.90285 0
    endloop
  endfacet
  facet normal -0.513911 0.857404 0.0274566
    outer loop
      vertex -4.19543 7.8491 40
      vertex -5.5557 8.3147 0
      vertex -4.94457 7.40008 40
    endloop
  endfacet
  facet normal -0 0 1
    outer loop
      vertex 6.50265 0.00185305 40
      vertex 8.9 0 40
      vertex 8.85714 0.872352 40
    endloop
  endfacet
  facet normal 0 0 1
    outer loop
      vertex 6.47115 0.639214 40
      vertex 8.85714 0.872352 40
      vertex 8.72899 1.7363 40
    endloop
  endfacet
  facet normal 0 0 1
    outer loop
      vertex 8.9 0 40
      vertex 6.50265 0.00185305 40
      vertex 6.50274 0 40
    endloop
  endfacet
  facet normal 0 0 1
    outer loop
      vertex 6.37779 1.26862 40
      vertex 8.72899 1.7363 40
      vertex 8.51677 2.58353 40
    endloop
  endfacet
  facet normal 0 0 1
    outer loop
      vertex 6.50265 -0.00185305 40
      vertex 8.9 0 40
      vertex 6.50274 0 40
    endloop
  endfacet
  facet normal 0 0 1
    outer loop
      vertex 6.22211 1.88939 40
      vertex 8.51677 2.58353 40
      vertex 8.22253 3.40588 40
    endloop
  endfacet
  facet normal 0 0 1
    outer loop
      vertex 8.9 0 40
      vertex 6.50265 -0.00185305 40
      vertex 8.85714 -0.872352 40
    endloop
  endfacet
  facet normal 0 0 1
    outer loop
      vertex 6.00695 2.49017 40
      vertex 8.22253 3.40588 40
      vertex 7.8491 4.19543 40
    endloop
  endfacet
  facet normal -0 0 1
    outer loop
      vertex 6.47142 -0.637379 40
      vertex 8.85714 -0.872352 40
      vertex 6.50265 -0.00185305 40
    endloop
  endfacet
  facet normal 0 0 1
    outer loop
      vertex 5.7349 3.06537 40
      vertex 7.8491 4.19543 40
      vertex 7.40008 4.94457 40
    endloop
  endfacet
  facet normal -0 0 1
    outer loop
      vertex 6.47115 -0.639214 40
      vertex 8.85714 -0.872352 40
      vertex 6.47142 -0.637379 40
    endloop
  endfacet
  facet normal 0 0 1
    outer loop
      vertex 5.40683 3.61273 40
      vertex 7.40008 4.94457 40
      vertex 6.87979 5.6461 40
    endloop
  endfacet
  facet normal 0 0 1
    outer loop
      vertex 8.85714 -0.872352 40
      vertex 6.47115 -0.639214 40
      vertex 8.72899 -1.7363 40
    endloop
  endfacet
  facet normal 0 0 1
    outer loop
      vertex 8.72899 -1.7363 40
      vertex 6.37779 -1.26862 40
      vertex 8.51677 -2.58353 40
    endloop
  endfacet
  facet normal -0 0 1
    outer loop
      vertex 6.37779 -1.26862 40
      vertex 8.72899 -1.7363 40
      vertex 6.47115 -0.639214 40
    endloop
  endfacet
  facet normal 0 0 1
    outer loop
      vertex 8.85714 0.872352 40
      vertex 6.47142 0.637379 40
      vertex 6.50265 0.00185305 40
    endloop
  endfacet
  facet normal 0 0 1
    outer loop
      vertex 8.85714 0.872352 40
      vertex 6.47115 0.639214 40
      vertex 6.47142 0.637379 40
    endloop
  endfacet
  facet normal 0 0 1
    outer loop
      vertex 8.72899 1.7363 40
      vertex 6.37779 1.26862 40
      vertex 6.47115 0.639214 40
    endloop
  endfacet
  facet normal 0 0 1
    outer loop
      vertex 5.02544 4.12667 40
      vertex 6.87979 5.6461 40
      vertex 6.29325 6.29325 40
    endloop
  endfacet
  facet normal 0 0 1
    outer loop
      vertex 8.51677 2.58353 40
      vertex 6.22318 1.88584 40
      vertex 6.37779 1.26862 40
    endloop
  endfacet
  facet normal 0 0 1
    outer loop
      vertex 8.51677 2.58353 40
      vertex 6.22273 1.88764 40
      vertex 6.22318 1.88584 40
    endloop
  endfacet
  facet normal 0 0 1
    outer loop
      vertex 8.51677 2.58353 40
      vertex 6.22211 1.88939 40
      vertex 6.22273 1.88764 40
    endloop
  endfacet
  facet normal 0 0 1
    outer loop
      vertex 8.22253 3.40588 40
      vertex 6.00774 2.48849 40
      vertex 6.22211 1.88939 40
    endloop
  endfacet
  facet normal 0 0 1
    outer loop
      vertex 8.22253 3.40588 40
      vertex 6.00695 2.49017 40
      vertex 6.00774 2.48849 40
    endloop
  endfacet
  facet normal 0 0 1
    outer loop
      vertex 7.8491 4.19543 40
      vertex 5.7349 3.06537 40
      vertex 6.00695 2.49017 40
    endloop
  endfacet
  facet normal 0 0 1
    outer loop
      vertex 4.59813 4.59813 40
      vertex 6.29325 6.29325 40
      vertex 5.6461 6.87979 40
    endloop
  endfacet
  facet normal 0 0 1
    outer loop
      vertex 7.40008 4.94457 40
      vertex 5.40778 3.61114 40
      vertex 5.7349 3.06537 40
    endloop
  endfacet
  facet normal 0 0 1
    outer loop
      vertex 7.40008 4.94457 40
      vertex 5.40683 3.61273 40
      vertex 5.40778 3.61114 40
    endloop
  endfacet
  facet normal 0 0 1
    outer loop
      vertex 6.87979 5.6461 40
      vertex 5.02779 4.1238 40
      vertex 5.40683 3.61273 40
    endloop
  endfacet
  facet normal 0 0 1
    outer loop
      vertex 6.87979 5.6461 40
      vertex 5.02668 4.12529 40
      vertex 5.02779 4.1238 40
    endloop
  endfacet
  facet normal 0 0 1
    outer loop
      vertex 6.87979 5.6461 40
      vertex 5.02544 4.12667 40
      vertex 5.02668 4.12529 40
    endloop
  endfacet
  facet normal 0 0 1
    outer loop
      vertex 4.1238 5.02779 40
      vertex 5.6461 6.87979 40
      vertex 4.94457 7.40008 40
    endloop
  endfacet
  facet normal 0 0 1
    outer loop
      vertex 6.29325 6.29325 40
      vertex 4.59813 4.59813 40
      vertex 5.02544 4.12667 40
    endloop
  endfacet
  facet normal 0 0 1
    outer loop
      vertex 3.61114 5.40778 40
      vertex 4.94457 7.40008 40
      vertex 4.19543 7.8491 40
    endloop
  endfacet
  facet normal 0 0 1
    outer loop
      vertex 5.6461 6.87979 40
      vertex 4.12667 5.02544 40
      vertex 4.59813 4.59813 40
    endloop
  endfacet
  facet normal 0 0 1
    outer loop
      vertex 5.6461 6.87979 40
      vertex 4.12529 5.02668 40
      vertex 4.12667 5.02544 40
    endloop
  endfacet
  facet normal 0 0 1
    outer loop
      vertex 5.6461 6.87979 40
      vertex 4.1238 5.02779 40
      vertex 4.12529 5.02668 40
    endloop
  endfacet
  facet normal 0 0 1
    outer loop
      vertex 4.94457 7.40008 40
      vertex 3.61273 5.40683 40
      vertex 4.1238 5.02779 40
    endloop
  endfacet
  facet normal 0 0 1
    outer loop
      vertex 4.94457 7.40008 40
      vertex 3.61114 5.40778 40
      vertex 3.61273 5.40683 40
    endloop
  endfacet
  facet normal 0 0 1
    outer loop
      vertex 3.06537 5.7349 40
      vertex 4.19543 7.8491 40
      vertex 3.40588 8.22253 40
    endloop
  endfacet
  facet normal 0 0 1
    outer loop
      vertex 4.19543 7.8491 40
      vertex 3.06537 5.7349 40
      vertex 3.61114 5.40778 40
    endloop
  endfacet
  facet normal 0 0 1
    outer loop
      vertex 2.48849 6.00774 40
      vertex 3.40588 8.22253 40
      vertex 2.58353 8.51677 40
    endloop
  endfacet
  facet normal 0 0 1
    outer loop
      vertex 3.40588 8.22253 40
      vertex 2.49017 6.00695 40
      vertex 3.06537 5.7349 40
    endloop
  endfacet
  facet normal 0 0 1
    outer loop
      vertex 3.40588 8.22253 40
      vertex 2.48849 6.00774 40
      vertex 2.49017 6.00695 40
    endloop
  endfacet
  facet normal 0 0 1
    outer loop
      vertex 2.58353 8.51677 40
      vertex 1.88939 6.22211 40
      vertex 2.48849 6.00774 40
    endloop
  endfacet
  facet normal 0 0 1
    outer loop
      vertex 2.58353 8.51677 40
      vertex 1.88764 6.22273 40
      vertex 1.88939 6.22211 40
    endloop
  endfacet
  facet normal 0 0 1
    outer loop
      vertex 2.58353 8.51677 40
      vertex 1.88584 6.22318 40
      vertex 1.88764 6.22273 40
    endloop
  endfacet
  facet normal 0 0 1
    outer loop
      vertex 1.7363 8.72899 40
      vertex 1.88584 6.22318 40
      vertex 2.58353 8.51677 40
    endloop
  endfacet
  facet normal 0 0 1
    outer loop
      vertex 1.7363 8.72899 40
      vertex 1.26862 6.37779 40
      vertex 1.88584 6.22318 40
    endloop
  endfacet
  facet normal 0 0 1
    outer loop
      vertex 0.872352 8.85714 40
      vertex 1.26862 6.37779 40
      vertex 1.7363 8.72899 40
    endloop
  endfacet
  facet normal 0 0 1
    outer loop
      vertex 0.872352 8.85714 40
      vertex 0.639214 6.47115 40
      vertex 1.26862 6.37779 40
    endloop
  endfacet
  facet normal 0 0 1
    outer loop
      vertex 0.872352 8.85714 40
      vertex 0.637379 6.47142 40
      vertex 0.639214 6.47115 40
    endloop
  endfacet
  facet normal 0 0 1
    outer loop
      vertex 0.872352 8.85714 40
      vertex 0.00185305 6.50265 40
      vertex 0.637379 6.47142 40
    endloop
  endfacet
  facet normal 0 0 1
    outer loop
      vertex 0 8.9 40
      vertex 0.00185305 6.50265 40
      vertex 0.872352 8.85714 40
    endloop
  endfacet
  facet normal 0 0 1
    outer loop
      vertex 0 8.9 40
      vertex 0 6.50274 40
      vertex 0.00185305 6.50265 40
    endloop
  endfacet
  facet normal 0 0 1
    outer loop
      vertex 0 8.9 40
      vertex -0.00185305 6.50265 40
      vertex 0 6.50274 40
    endloop
  endfacet
  facet normal 0 0 1
    outer loop
      vertex 0 8.9 40
      vertex -0.637379 6.47142 40
      vertex -0.00185305 6.50265 40
    endloop
  endfacet
  facet normal -0 0 1
    outer loop
      vertex -0.872352 8.85714 40
      vertex -0.637379 6.47142 40
      vertex 0 8.9 40
    endloop
  endfacet
  facet normal 0 0 1
    outer loop
      vertex -0.637379 6.47142 40
      vertex -0.872352 8.85714 40
      vertex -0.639214 6.47115 40
    endloop
  endfacet
  facet normal 0 0 1
    outer loop
      vertex -0.872352 8.85714 40
      vertex -1.26862 6.37779 40
      vertex -0.639214 6.47115 40
    endloop
  endfacet
  facet normal -0 0 1
    outer loop
      vertex -1.7363 8.72899 40
      vertex -1.26862 6.37779 40
      vertex -0.872352 8.85714 40
    endloop
  endfacet
  facet normal 0 0 1
    outer loop
      vertex -1.7363 8.72899 40
      vertex -1.88584 6.22318 40
      vertex -1.26862 6.37779 40
    endloop
  endfacet
  facet normal -0 0 1
    outer loop
      vertex -2.58353 8.51677 40
      vertex -1.88584 6.22318 40
      vertex -1.7363 8.72899 40
    endloop
  endfacet
  facet normal 0 0 1
    outer loop
      vertex -1.88584 6.22318 40
      vertex -2.58353 8.51677 40
      vertex -1.88764 6.22273 40
    endloop
  endfacet
  facet normal 0 0 1
    outer loop
      vertex -1.88764 6.22273 40
      vertex -2.58353 8.51677 40
      vertex -1.88939 6.22211 40
    endloop
  endfacet
  facet normal 0 0 1
    outer loop
      vertex -1.88939 6.22211 40
      vertex -2.58353 8.51677 40
      vertex -2.48849 6.00774 40
    endloop
  endfacet
  facet normal -0 0 1
    outer loop
      vertex -3.40588 8.22253 40
      vertex -2.48849 6.00774 40
      vertex -2.58353 8.51677 40
    endloop
  endfacet
  facet normal 0 0 1
    outer loop
      vertex -2.48849 6.00774 40
      vertex -3.40588 8.22253 40
      vertex -2.49017 6.00695 40
    endloop
  endfacet
  facet normal 0 0 1
    outer loop
      vertex -2.49017 6.00695 40
      vertex -3.40588 8.22253 40
      vertex -3.06537 5.7349 40
    endloop
  endfacet
  facet normal -0 0 1
    outer loop
      vertex -4.19543 7.8491 40
      vertex -3.06537 5.7349 40
      vertex -3.40588 8.22253 40
    endloop
  endfacet
  facet normal 0 0 1
    outer loop
      vertex -3.06537 5.7349 40
      vertex -4.19543 7.8491 40
      vertex -3.61114 5.40778 40
    endloop
  endfacet
  facet normal -0 0 1
    outer loop
      vertex -4.94457 7.40008 40
      vertex -3.61114 5.40778 40
      vertex -4.19543 7.8491 40
    endloop
  endfacet
  facet normal 0 0 1
    outer loop
      vertex -3.61114 5.40778 40
      vertex -4.94457 7.40008 40
      vertex -3.61273 5.40683 40
    endloop
  endfacet
  facet normal 0 0 1
    outer loop
      vertex -3.61273 5.40683 40
      vertex -4.94457 7.40008 40
      vertex -4.1238 5.02779 40
    endloop
  endfacet
  facet normal -0 0 1
    outer loop
      vertex -5.6461 6.87979 40
      vertex -4.1238 5.02779 40
      vertex -4.94457 7.40008 40
    endloop
  endfacet
  facet normal 0 0 1
    outer loop
      vertex -4.1238 5.02779 40
      vertex -5.6461 6.87979 40
      vertex -4.12529 5.02668 40
    endloop
  endfacet
  facet normal 0 0 1
    outer loop
      vertex -4.12529 5.02668 40
      vertex -5.6461 6.87979 40
      vertex -4.12667 5.02544 40
    endloop
  endfacet
  facet normal 0 0 1
    outer loop
      vertex -4.12667 5.02544 40
      vertex -5.6461 6.87979 40
      vertex -4.59813 4.59813 40
    endloop
  endfacet
  facet normal -0 0 1
    outer loop
      vertex -6.29325 6.29325 40
      vertex -4.59813 4.59813 40
      vertex -5.6461 6.87979 40
    endloop
  endfacet
  facet normal 0 0 1
    outer loop
      vertex -4.59813 4.59813 40
      vertex -6.29325 6.29325 40
      vertex -5.02544 4.12667 40
    endloop
  endfacet
  facet normal -0 0 1
    outer loop
      vertex -6.87979 5.6461 40
      vertex -5.02544 4.12667 40
      vertex -6.29325 6.29325 40
    endloop
  endfacet
  facet normal 0 0 1
    outer loop
      vertex -5.02544 4.12667 40
      vertex -6.87979 5.6461 40
      vertex -5.02668 4.12529 40
    endloop
  endfacet
  facet normal 0 0 1
    outer loop
      vertex -5.02668 4.12529 40
      vertex -6.87979 5.6461 40
      vertex -5.02779 4.1238 40
    endloop
  endfacet
  facet normal 0 0 1
    outer loop
      vertex -5.02779 4.1238 40
      vertex -6.87979 5.6461 40
      vertex -5.40683 3.61273 40
    endloop
  endfacet
  facet normal -0 0 1
    outer loop
      vertex -7.40008 4.94457 40
      vertex -5.40683 3.61273 40
      vertex -6.87979 5.6461 40
    endloop
  endfacet
  facet normal 0 0 1
    outer loop
      vertex -5.40683 3.61273 40
      vertex -7.40008 4.94457 40
      vertex -5.40778 3.61114 40
    endloop
  endfacet
  facet normal 0 0 1
    outer loop
      vertex -5.40778 3.61114 40
      vertex -7.40008 4.94457 40
      vertex -5.7349 3.06537 40
    endloop
  endfacet
  facet normal -0 0 1
    outer loop
      vertex -7.8491 4.19543 40
      vertex -5.7349 3.06537 40
      vertex -7.40008 4.94457 40
    endloop
  endfacet
  facet normal 0 0 1
    outer loop
      vertex -5.7349 3.06537 40
      vertex -7.8491 4.19543 40
      vertex -6.00695 2.49017 40
    endloop
  endfacet
  facet normal -0 0 1
    outer loop
      vertex -8.22253 3.40588 40
      vertex -6.00695 2.49017 40
      vertex -7.8491 4.19543 40
    endloop
  endfacet
  facet normal 0 0 1
    outer loop
      vertex -6.00695 2.49017 40
      vertex -8.22253 3.40588 40
      vertex -6.00774 2.48849 40
    endloop
  endfacet
  facet normal 0 0 1
    outer loop
      vertex -6.00774 2.48849 40
      vertex -8.22253 3.40588 40
      vertex -6.22211 1.88939 40
    endloop
  endfacet
  facet normal -0 0 1
    outer loop
      vertex -8.51677 2.58353 40
      vertex -6.22211 1.88939 40
      vertex -8.22253 3.40588 40
    endloop
  endfacet
  facet normal 0 0 1
    outer loop
      vertex -6.22211 1.88939 40
      vertex -8.51677 2.58353 40
      vertex -6.22273 1.88764 40
    endloop
  endfacet
  facet normal 0 0 1
    outer loop
      vertex -6.22273 1.88764 40
      vertex -8.51677 2.58353 40
      vertex -6.22318 1.88584 40
    endloop
  endfacet
  facet normal 0 0 1
    outer loop
      vertex -6.22318 1.88584 40
      vertex -8.51677 2.58353 40
      vertex -6.37779 1.26862 40
    endloop
  endfacet
  facet normal -0 0 1
    outer loop
      vertex 6.22318 -1.88584 40
      vertex 8.51677 -2.58353 40
      vertex 6.37779 -1.26862 40
    endloop
  endfacet
  facet normal -0 0 1
    outer loop
      vertex 6.22273 -1.88764 40
      vertex 8.51677 -2.58353 40
      vertex 6.22318 -1.88584 40
    endloop
  endfacet
  facet normal -0 0 1
    outer loop
      vertex 6.22211 -1.88939 40
      vertex 8.51677 -2.58353 40
      vertex 6.22273 -1.88764 40
    endloop
  endfacet
  facet normal 0 0 1
    outer loop
      vertex 8.51677 -2.58353 40
      vertex 6.22211 -1.88939 40
      vertex 8.22253 -3.40588 40
    endloop
  endfacet
  facet normal -0 0 1
    outer loop
      vertex 6.00774 -2.48849 40
      vertex 8.22253 -3.40588 40
      vertex 6.22211 -1.88939 40
    endloop
  endfacet
  facet normal -0 0 1
    outer loop
      vertex 6.00695 -2.49017 40
      vertex 8.22253 -3.40588 40
      vertex 6.00774 -2.48849 40
    endloop
  endfacet
  facet normal 0 0 1
    outer loop
      vertex 8.22253 -3.40588 40
      vertex 6.00695 -2.49017 40
      vertex 7.8491 -4.19543 40
    endloop
  endfacet
  facet normal -0 0 1
    outer loop
      vertex 5.7349 -3.06537 40
      vertex 7.8491 -4.19543 40
      vertex 6.00695 -2.49017 40
    endloop
  endfacet
  facet normal 0 0 1
    outer loop
      vertex 7.8491 -4.19543 40
      vertex 5.7349 -3.06537 40
      vertex 7.40008 -4.94457 40
    endloop
  endfacet
  facet normal -0 0 1
    outer loop
      vertex 5.40778 -3.61114 40
      vertex 7.40008 -4.94457 40
      vertex 5.7349 -3.06537 40
    endloop
  endfacet
  facet normal -0 0 1
    outer loop
      vertex 5.40683 -3.61273 40
      vertex 7.40008 -4.94457 40
      vertex 5.40778 -3.61114 40
    endloop
  endfacet
  facet normal 0 0 1
    outer loop
      vertex 7.40008 -4.94457 40
      vertex 5.40683 -3.61273 40
      vertex 6.87979 -5.6461 40
    endloop
  endfacet
  facet normal -0 0 1
    outer loop
      vertex 5.02779 -4.1238 40
      vertex 6.87979 -5.6461 40
      vertex 5.40683 -3.61273 40
    endloop
  endfacet
  facet normal -0 0 1
    outer loop
      vertex 5.02668 -4.12529 40
      vertex 6.87979 -5.6461 40
      vertex 5.02779 -4.1238 40
    endloop
  endfacet
  facet normal -0 0 1
    outer loop
      vertex 5.02544 -4.12667 40
      vertex 6.87979 -5.6461 40
      vertex 5.02668 -4.12529 40
    endloop
  endfacet
  facet normal 0 0 1
    outer loop
      vertex 6.87979 -5.6461 40
      vertex 5.02544 -4.12667 40
      vertex 6.29325 -6.29325 40
    endloop
  endfacet
  facet normal -0 0 1
    outer loop
      vertex 4.59813 -4.59813 40
      vertex 6.29325 -6.29325 40
      vertex 5.02544 -4.12667 40
    endloop
  endfacet
  facet normal 0 0 1
    outer loop
      vertex 6.29325 -6.29325 40
      vertex 4.59813 -4.59813 40
      vertex 5.6461 -6.87979 40
    endloop
  endfacet
  facet normal -0 0 1
    outer loop
      vertex 4.12667 -5.02544 40
      vertex 5.6461 -6.87979 40
      vertex 4.59813 -4.59813 40
    endloop
  endfacet
  facet normal -0 0 1
    outer loop
      vertex 4.12529 -5.02668 40
      vertex 5.6461 -6.87979 40
      vertex 4.12667 -5.02544 40
    endloop
  endfacet
  facet normal -0 0 1
    outer loop
      vertex 4.1238 -5.02779 40
      vertex 5.6461 -6.87979 40
      vertex 4.12529 -5.02668 40
    endloop
  endfacet
  facet normal 0 0 1
    outer loop
      vertex 5.6461 -6.87979 40
      vertex 4.1238 -5.02779 40
      vertex 4.94457 -7.40008 40
    endloop
  endfacet
  facet normal -0 0 1
    outer loop
      vertex 3.61273 -5.40683 40
      vertex 4.94457 -7.40008 40
      vertex 4.1238 -5.02779 40
    endloop
  endfacet
  facet normal -0 0 1
    outer loop
      vertex 3.61114 -5.40778 40
      vertex 4.94457 -7.40008 40
      vertex 3.61273 -5.40683 40
    endloop
  endfacet
  facet normal 0 0 1
    outer loop
      vertex 4.94457 -7.40008 40
      vertex 3.61114 -5.40778 40
      vertex 4.19543 -7.8491 40
    endloop
  endfacet
  facet normal -0 0 1
    outer loop
      vertex 3.06537 -5.7349 40
      vertex 4.19543 -7.8491 40
      vertex 3.61114 -5.40778 40
    endloop
  endfacet
  facet normal 0 0 1
    outer loop
      vertex 4.19543 -7.8491 40
      vertex 3.06537 -5.7349 40
      vertex 3.40588 -8.22253 40
    endloop
  endfacet
  facet normal -0 0 1
    outer loop
      vertex 2.49017 -6.00695 40
      vertex 3.40588 -8.22253 40
      vertex 3.06537 -5.7349 40
    endloop
  endfacet
  facet normal -0 0 1
    outer loop
      vertex 2.48849 -6.00774 40
      vertex 3.40588 -8.22253 40
      vertex 2.49017 -6.00695 40
    endloop
  endfacet
  facet normal 0 0 1
    outer loop
      vertex 3.40588 -8.22253 40
      vertex 2.48849 -6.00774 40
      vertex 2.58353 -8.51677 40
    endloop
  endfacet
  facet normal -0 0 1
    outer loop
      vertex 1.88939 -6.22211 40
      vertex 2.58353 -8.51677 40
      vertex 2.48849 -6.00774 40
    endloop
  endfacet
  facet normal -0 0 1
    outer loop
      vertex 1.88764 -6.22273 40
      vertex 2.58353 -8.51677 40
      vertex 1.88939 -6.22211 40
    endloop
  endfacet
  facet normal -0 0 1
    outer loop
      vertex 1.88584 -6.22318 40
      vertex 2.58353 -8.51677 40
      vertex 1.88764 -6.22273 40
    endloop
  endfacet
  facet normal 0 0 1
    outer loop
      vertex 1.88584 -6.22318 40
      vertex 1.7363 -8.72899 40
      vertex 2.58353 -8.51677 40
    endloop
  endfacet
  facet normal -0 0 1
    outer loop
      vertex 1.26862 -6.37779 40
      vertex 1.7363 -8.72899 40
      vertex 1.88584 -6.22318 40
    endloop
  endfacet
  facet normal 0 0 1
    outer loop
      vertex 1.26862 -6.37779 40
      vertex 0.872352 -8.85714 40
      vertex 1.7363 -8.72899 40
    endloop
  endfacet
  facet normal -0 0 1
    outer loop
      vertex 0.639214 -6.47115 40
      vertex 0.872352 -8.85714 40
      vertex 1.26862 -6.37779 40
    endloop
  endfacet
  facet normal -0 0 1
    outer loop
      vertex 0.637379 -6.47142 40
      vertex 0.872352 -8.85714 40
      vertex 0.639214 -6.47115 40
    endloop
  endfacet
  facet normal -0 0 1
    outer loop
      vertex 0.00185305 -6.50265 40
      vertex 0.872352 -8.85714 40
      vertex 0.637379 -6.47142 40
    endloop
  endfacet
  facet normal 0 0 1
    outer loop
      vertex 0 -8.9 40
      vertex 0.00185305 -6.50265 40
      vertex 0 -6.50274 40
    endloop
  endfacet
  facet normal 0 0 1
    outer loop
      vertex 0.00185305 -6.50265 40
      vertex 0 -8.9 40
      vertex 0.872352 -8.85714 40
    endloop
  endfacet
  facet normal 0 0 1
    outer loop
      vertex -0.00185305 -6.50265 40
      vertex 0 -8.9 40
      vertex 0 -6.50274 40
    endloop
  endfacet
  facet normal 0 0 1
    outer loop
      vertex -0.637379 -6.47142 40
      vertex 0 -8.9 40
      vertex -0.00185305 -6.50265 40
    endloop
  endfacet
  facet normal 0 0 1
    outer loop
      vertex -0.872352 -8.85714 40
      vertex -0.637379 -6.47142 40
      vertex -0.639214 -6.47115 40
    endloop
  endfacet
  facet normal 0 0 1
    outer loop
      vertex -0.637379 -6.47142 40
      vertex -0.872352 -8.85714 40
      vertex 0 -8.9 40
    endloop
  endfacet
  facet normal 0 0 1
    outer loop
      vertex -1.26862 -6.37779 40
      vertex -0.872352 -8.85714 40
      vertex -0.639214 -6.47115 40
    endloop
  endfacet
  facet normal 0 0 1
    outer loop
      vertex -1.26862 -6.37779 40
      vertex -1.7363 -8.72899 40
      vertex -0.872352 -8.85714 40
    endloop
  endfacet
  facet normal 0 0 1
    outer loop
      vertex -1.88584 -6.22318 40
      vertex -1.7363 -8.72899 40
      vertex -1.26862 -6.37779 40
    endloop
  endfacet
  facet normal 0 0 1
    outer loop
      vertex -2.58353 -8.51677 40
      vertex -1.88584 -6.22318 40
      vertex -1.88764 -6.22273 40
    endloop
  endfacet
  facet normal 0 0 1
    outer loop
      vertex -2.58353 -8.51677 40
      vertex -1.88764 -6.22273 40
      vertex -1.88939 -6.22211 40
    endloop
  endfacet
  facet normal 0 0 1
    outer loop
      vertex -2.58353 -8.51677 40
      vertex -1.88939 -6.22211 40
      vertex -2.48849 -6.00774 40
    endloop
  endfacet
  facet normal 0 0 1
    outer loop
      vertex -3.40588 -8.22253 40
      vertex -2.48849 -6.00774 40
      vertex -2.49017 -6.00695 40
    endloop
  endfacet
  facet normal 0 0 1
    outer loop
      vertex -1.88584 -6.22318 40
      vertex -2.58353 -8.51677 40
      vertex -1.7363 -8.72899 40
    endloop
  endfacet
  facet normal 0 0 1
    outer loop
      vertex -3.40588 -8.22253 40
      vertex -2.49017 -6.00695 40
      vertex -3.06537 -5.7349 40
    endloop
  endfacet
  facet normal 0 0 1
    outer loop
      vertex -2.48849 -6.00774 40
      vertex -3.40588 -8.22253 40
      vertex -2.58353 -8.51677 40
    endloop
  endfacet
  facet normal 0 0 1
    outer loop
      vertex -4.19543 -7.8491 40
      vertex -3.06537 -5.7349 40
      vertex -3.61114 -5.40778 40
    endloop
  endfacet
  facet normal 0 0 1
    outer loop
      vertex -4.94457 -7.40008 40
      vertex -3.61114 -5.40778 40
      vertex -3.61273 -5.40683 40
    endloop
  endfacet
  facet normal 0 0 1
    outer loop
      vertex -4.94457 -7.40008 40
      vertex -3.61273 -5.40683 40
      vertex -4.1238 -5.02779 40
    endloop
  endfacet
  facet normal 0 0 1
    outer loop
      vertex -5.6461 -6.87979 40
      vertex -4.1238 -5.02779 40
      vertex -4.12529 -5.02668 40
    endloop
  endfacet
  facet normal 0 0 1
    outer loop
      vertex -5.6461 -6.87979 40
      vertex -4.12529 -5.02668 40
      vertex -4.12667 -5.02544 40
    endloop
  endfacet
  facet normal 0 0 1
    outer loop
      vertex -3.06537 -5.7349 40
      vertex -4.19543 -7.8491 40
      vertex -3.40588 -8.22253 40
    endloop
  endfacet
  facet normal 0 0 1
    outer loop
      vertex -5.6461 -6.87979 40
      vertex -4.12667 -5.02544 40
      vertex -4.59813 -4.59813 40
    endloop
  endfacet
  facet normal 0 0 1
    outer loop
      vertex -3.61114 -5.40778 40
      vertex -4.94457 -7.40008 40
      vertex -4.19543 -7.8491 40
    endloop
  endfacet
  facet normal 0 0 1
    outer loop
      vertex -6.29325 -6.29325 40
      vertex -4.59813 -4.59813 40
      vertex -5.02544 -4.12667 40
    endloop
  endfacet
  facet normal 0 0 1
    outer loop
      vertex -6.87979 -5.6461 40
      vertex -5.02544 -4.12667 40
      vertex -5.02668 -4.12529 40
    endloop
  endfacet
  facet normal 0 0 1
    outer loop
      vertex -6.87979 -5.6461 40
      vertex -5.02668 -4.12529 40
      vertex -5.02779 -4.1238 40
    endloop
  endfacet
  facet normal 0 0 1
    outer loop
      vertex -6.87979 -5.6461 40
      vertex -5.02779 -4.1238 40
      vertex -5.40683 -3.61273 40
    endloop
  endfacet
  facet normal 0 0 1
    outer loop
      vertex -7.40008 -4.94457 40
      vertex -5.40683 -3.61273 40
      vertex -5.40778 -3.61114 40
    endloop
  endfacet
  facet normal 0 0 1
    outer loop
      vertex -4.1238 -5.02779 40
      vertex -5.6461 -6.87979 40
      vertex -4.94457 -7.40008 40
    endloop
  endfacet
  facet normal 0 0 1
    outer loop
      vertex -7.40008 -4.94457 40
      vertex -5.40778 -3.61114 40
      vertex -5.7349 -3.06537 40
    endloop
  endfacet
  facet normal 0 0 1
    outer loop
      vertex -7.8491 -4.19543 40
      vertex -5.7349 -3.06537 40
      vertex -6.00695 -2.49017 40
    endloop
  endfacet
  facet normal 0 0 1
    outer loop
      vertex -8.22253 -3.40588 40
      vertex -6.00695 -2.49017 40
      vertex -6.00774 -2.48849 40
    endloop
  endfacet
  facet normal 0 0 1
    outer loop
      vertex -8.22253 -3.40588 40
      vertex -6.00774 -2.48849 40
      vertex -6.22211 -1.88939 40
    endloop
  endfacet
  facet normal 0 0 1
    outer loop
      vertex -8.51677 -2.58353 40
      vertex -6.22211 -1.88939 40
      vertex -6.22273 -1.88764 40
    endloop
  endfacet
  facet normal 0 0 1
    outer loop
      vertex -8.51677 -2.58353 40
      vertex -6.22273 -1.88764 40
      vertex -6.22318 -1.88584 40
    endloop
  endfacet
  facet normal 0 0 1
    outer loop
      vertex -4.59813 -4.59813 40
      vertex -6.29325 -6.29325 40
      vertex -5.6461 -6.87979 40
    endloop
  endfacet
  facet normal 0 0 1
    outer loop
      vertex -8.51677 -2.58353 40
      vertex -6.22318 -1.88584 40
      vertex -6.37779 -1.26862 40
    endloop
  endfacet
  facet normal 0 0 1
    outer loop
      vertex -8.72899 -1.7363 40
      vertex -6.37779 -1.26862 40
      vertex -6.47115 -0.639214 40
    endloop
  endfacet
  facet normal 0 0 1
    outer loop
      vertex -8.85714 -0.872352 40
      vertex -6.47115 -0.639214 40
      vertex -6.47142 -0.637379 40
    endloop
  endfacet
  facet normal 0 0 1
    outer loop
      vertex -8.85714 -0.872352 40
      vertex -6.47142 -0.637379 40
      vertex -6.50265 -0.00185305 40
    endloop
  endfacet
  facet normal -0 0 1
    outer loop
      vertex -8.9 0 40
      vertex -6.50265 -0.00185305 40
      vertex -6.50274 0 40
    endloop
  endfacet
  facet normal -0 0 1
    outer loop
      vertex -8.72899 1.7363 40
      vertex -6.37779 1.26862 40
      vertex -8.51677 2.58353 40
    endloop
  endfacet
  facet normal 0 0 1
    outer loop
      vertex -5.02544 -4.12667 40
      vertex -6.87979 -5.6461 40
      vertex -6.29325 -6.29325 40
    endloop
  endfacet
  facet normal 0 0 1
    outer loop
      vertex -6.37779 1.26862 40
      vertex -8.72899 1.7363 40
      vertex -6.47115 0.639214 40
    endloop
  endfacet
  facet normal 0 0 1
    outer loop
      vertex -5.40683 -3.61273 40
      vertex -7.40008 -4.94457 40
      vertex -6.87979 -5.6461 40
    endloop
  endfacet
  facet normal -0 0 1
    outer loop
      vertex -8.85714 0.872352 40
      vertex -6.47115 0.639214 40
      vertex -8.72899 1.7363 40
    endloop
  endfacet
  facet normal 0 0 1
    outer loop
      vertex -5.7349 -3.06537 40
      vertex -7.8491 -4.19543 40
      vertex -7.40008 -4.94457 40
    endloop
  endfacet
  facet normal 0 0 1
    outer loop
      vertex -6.47115 0.639214 40
      vertex -8.85714 0.872352 40
      vertex -6.47142 0.637379 40
    endloop
  endfacet
  facet normal 0 0 1
    outer loop
      vertex -6.00695 -2.49017 40
      vertex -8.22253 -3.40588 40
      vertex -7.8491 -4.19543 40
    endloop
  endfacet
  facet normal 0 0 1
    outer loop
      vertex -6.47142 0.637379 40
      vertex -8.85714 0.872352 40
      vertex -6.50265 0.00185305 40
    endloop
  endfacet
  facet normal 0 0 1
    outer loop
      vertex -6.22211 -1.88939 40
      vertex -8.51677 -2.58353 40
      vertex -8.22253 -3.40588 40
    endloop
  endfacet
  facet normal 0 0 1
    outer loop
      vertex -8.9 0 40
      vertex -6.50265 0.00185305 40
      vertex -8.85714 0.872352 40
    endloop
  endfacet
  facet normal 0 0 1
    outer loop
      vertex -6.37779 -1.26862 40
      vertex -8.72899 -1.7363 40
      vertex -8.51677 -2.58353 40
    endloop
  endfacet
  facet normal 0 0 1
    outer loop
      vertex -6.50265 0.00185305 40
      vertex -8.9 0 40
      vertex -6.50274 0 40
    endloop
  endfacet
  facet normal 0 0 1
    outer loop
      vertex -6.47115 -0.639214 40
      vertex -8.85714 -0.872352 40
      vertex -8.72899 -1.7363 40
    endloop
  endfacet
  facet normal 0 0 1
    outer loop
      vertex -6.50265 -0.00185305 40
      vertex -8.9 0 40
      vertex -8.85714 -0.872352 40
    endloop
  endfacet
  facet normal -0.336761 -0.94119 0.0274566
    outer loop
      vertex -3.40588 -8.22253 40
      vertex -3.82683 -9.2388 0
      vertex -2.58353 -8.51677 40
    endloop
  endfacet
  facet normal -0.998423 -0.0490427 -0.0273198
    outer loop
      vertex 7.59726 0 0
      vertex 6.50265 0.00185305 40
      vertex 7.56076 0.743076 0
    endloop
  endfacet
  facet normal -0.99845 -0.0484933 -0.0273206
    outer loop
      vertex 6.50265 0.00185305 40
      vertex 7.59726 0 0
      vertex 6.50274 0 40
    endloop
  endfacet
  facet normal 0.998356 -0.0503902 -0.0273219
    outer loop
      vertex -6.47142 0.637379 40
      vertex -7.56076 0.743076 0
      vertex -7.56068 0.744661 0
    endloop
  endfacet
  facet normal 0.998422 -0.0490629 -0.0273202
    outer loop
      vertex -7.56076 0.743076 0
      vertex -6.47142 0.637379 40
      vertex -6.50265 0.00185305 40
    endloop
  endfacet
  facet normal 0.941188 0.336776 -0.0273201
    outer loop
      vertex -6.00774 -2.48849 40
      vertex -7.01949 -2.90585 0
      vertex -6.22211 -1.88939 40
    endloop
  endfacet
  facet normal 0.942522 0.333025 -0.0273147
    outer loop
      vertex -7.01949 -2.90585 0
      vertex -6.00774 -2.48849 40
      vertex -7.01896 -2.90735 0
    endloop
  endfacet
  facet normal 0.903911 -0.426847 -0.0273193
    outer loop
      vertex -5.7349 3.06537 40
      vertex -6.70087 3.57989 0
      vertex -6.70019 3.58133 0
    endloop
  endfacet
  facet normal 0.903651 -0.427396 -0.0273201
    outer loop
      vertex -6.70087 3.57989 0
      vertex -5.7349 3.06537 40
      vertex -6.00695 2.49017 40
    endloop
  endfacet
  facet normal -0.998422 0.0490629 -0.0273202
    outer loop
      vertex 7.56076 -0.743076 0
      vertex 6.47142 -0.637379 40
      vertex 6.50265 -0.00185305 40
    endloop
  endfacet
  facet normal -0.998356 0.0503902 -0.0273219
    outer loop
      vertex 6.47142 -0.637379 40
      vertex 7.56076 -0.743076 0
      vertex 7.56068 -0.744661 0
    endloop
  endfacet
  facet normal -0.802902 -0.595485 -0.02732
    outer loop
      vertex 6.31595 4.22209 0
      vertex 5.02668 4.12529 40
      vertex 5.87276 4.81965 0
    endloop
  endfacet
  facet normal -0.801635 -0.597191 -0.0272833
    outer loop
      vertex 5.02668 4.12529 40
      vertex 6.31595 4.22209 0
      vertex 5.02779 4.1238 40
    endloop
  endfacet
  facet normal -0.988978 0.145517 -0.0273216
    outer loop
      vertex 7.56068 -0.744661 0
      vertex 6.47115 -0.639214 40
      vertex 6.47142 -0.637379 40
    endloop
  endfacet
  facet normal -0.988808 0.146671 -0.02732
    outer loop
      vertex 6.47115 -0.639214 40
      vertex 7.56068 -0.744661 0
      vertex 7.45152 -1.48058 0
    endloop
  endfacet
  facet normal 0.941191 -0.336769 -0.02732
    outer loop
      vertex -6.22211 1.88939 40
      vertex -7.27013 2.20537 0
      vertex -7.01949 2.90585 0
    endloop
  endfacet
  facet normal 0.94224 -0.333822 -0.0273242
    outer loop
      vertex -7.27013 2.20537 0
      vertex -6.22211 1.88939 40
      vertex -6.22273 1.88764 40
    endloop
  endfacet
  facet normal -0.425379 -0.904603 -0.0273232
    outer loop
      vertex 2.90735 7.01896 0
      vertex 2.49017 6.00695 40
      vertex 2.48849 6.00774 40
    endloop
  endfacet
  facet normal -0.427398 -0.903651 -0.0273201
    outer loop
      vertex 2.49017 6.00695 40
      vertex 2.90735 7.01896 0
      vertex 3.57989 6.70087 0
    endloop
  endfacet
  facet normal -0.336776 -0.941188 -0.0273201
    outer loop
      vertex 2.90585 7.01949 0
      vertex 2.48849 6.00774 40
      vertex 1.88939 6.22211 40
    endloop
  endfacet
  facet normal -0.333025 -0.942522 -0.0273147
    outer loop
      vertex 2.48849 6.00774 40
      vertex 2.90585 7.01949 0
      vertex 2.90735 7.01896 0
    endloop
  endfacet
  facet normal 0.242445 -0.96978 -0.0273195
    outer loop
      vertex -2.20537 7.27013 0
      vertex -1.88584 6.22318 40
      vertex -1.88764 6.22273 40
    endloop
  endfacet
  facet normal 0.242888 -0.96967 -0.0273201
    outer loop
      vertex -1.88584 6.22318 40
      vertex -2.20537 7.27013 0
      vertex -1.48369 7.4509 0
    endloop
  endfacet
  facet normal 0.99845 -0.0484933 -0.0273206
    outer loop
      vertex -7.59726 0 0
      vertex -6.50265 0.00185305 40
      vertex -6.50274 0 40
    endloop
  endfacet
  facet normal 0.998423 -0.0490427 -0.0273198
    outer loop
      vertex -6.50265 0.00185305 40
      vertex -7.59726 0 0
      vertex -7.56076 0.743076 0
    endloop
  endfacet
  facet normal 0.242896 0.969668 -0.0273198
    outer loop
      vertex -1.48215 -7.45128 0
      vertex -1.88584 -6.22318 40
      vertex -1.26862 -6.37779 40
    endloop
  endfacet
  facet normal 0.239478 0.970516 -0.0273804
    outer loop
      vertex -1.88584 -6.22318 40
      vertex -1.48215 -7.45128 0
      vertex -1.48369 -7.4509 0
    endloop
  endfacet
  facet normal -0.242896 -0.969668 -0.0273198
    outer loop
      vertex 1.48215 7.45128 0
      vertex 1.88584 6.22318 40
      vertex 1.26862 6.37779 40
    endloop
  endfacet
  facet normal -0.239478 -0.970516 -0.0273804
    outer loop
      vertex 1.88584 6.22318 40
      vertex 1.48215 7.45128 0
      vertex 1.48369 7.4509 0
    endloop
  endfacet
  facet normal 0.668119 0.743552 -0.0273255
    outer loop
      vertex -4.81965 -5.87276 0
      vertex -4.12667 -5.02544 40
      vertex -4.12529 -5.02668 40
    endloop
  endfacet
  facet normal 0.671305 0.740677 -0.0273198
    outer loop
      vertex -4.12667 -5.02544 40
      vertex -4.81965 -5.87276 0
      vertex -5.3709 -5.37314 0
    endloop
  endfacet
  facet normal 0.242896 -0.969668 -0.02732
    outer loop
      vertex -1.48369 7.4509 0
      vertex -1.26862 6.37779 40
      vertex -1.88584 6.22318 40
    endloop
  endfacet
  facet normal 0.239478 -0.970517 -0.0273244
    outer loop
      vertex -1.26862 6.37779 40
      vertex -1.48369 7.4509 0
      vertex -1.48215 7.45128 0
    endloop
  endfacet
  facet normal -0.904603 0.425379 -0.0273232
    outer loop
      vertex 7.01896 -2.90735 0
      vertex 6.00695 -2.49017 40
      vertex 6.00774 -2.48849 40
    endloop
  endfacet
  facet normal -0.903651 0.427398 -0.0273201
    outer loop
      vertex 6.00695 -2.49017 40
      vertex 7.01896 -2.90735 0
      vertex 6.70087 -3.57989 0
    endloop
  endfacet
  facet normal -0.903651 -0.427398 -0.0273201
    outer loop
      vertex 7.01896 2.90735 0
      vertex 6.00695 2.49017 40
      vertex 6.70087 3.57989 0
    endloop
  endfacet
  facet normal -0.904603 -0.425379 -0.0273232
    outer loop
      vertex 6.00695 2.49017 40
      vertex 7.01896 2.90735 0
      vertex 6.00774 2.48849 40
    endloop
  endfacet
  facet normal 0.0484933 0.99845 -0.0273206
    outer loop
      vertex 0 -7.59726 0
      vertex -0.00185305 -6.50265 40
      vertex 0 -6.50274 40
    endloop
  endfacet
  facet normal 0.0490427 0.998423 -0.0273198
    outer loop
      vertex -0.00185305 -6.50265 40
      vertex 0 -7.59726 0
      vertex -0.743076 -7.56076 0
    endloop
  endfacet
  facet normal 0.597191 0.801635 -0.0272833
    outer loop
      vertex -4.22209 -6.31595 0
      vertex -4.12529 -5.02668 40
      vertex -4.1238 -5.02779 40
    endloop
  endfacet
  facet normal 0.595485 0.802902 -0.02732
    outer loop
      vertex -4.12529 -5.02668 40
      vertex -4.22209 -6.31595 0
      vertex -4.81965 -5.87276 0
    endloop
  endfacet
  facet normal 0.96978 0.242445 -0.027328
    outer loop
      vertex -6.22273 -1.88764 40
      vertex -7.4509 -1.48369 0
      vertex -6.22318 -1.88584 40
    endloop
  endfacet
  facet normal 0.96967 0.242888 -0.0273201
    outer loop
      vertex -7.4509 -1.48369 0
      vertex -6.22273 -1.88764 40
      vertex -7.27013 -2.20537 0
    endloop
  endfacet
  facet normal -0.99845 0.0484933 -0.0273206
    outer loop
      vertex 7.59726 0 0
      vertex 6.50265 -0.00185305 40
      vertex 6.50274 0 40
    endloop
  endfacet
  facet normal -0.998423 0.0490427 -0.0273198
    outer loop
      vertex 6.50265 -0.00185305 40
      vertex 7.59726 0 0
      vertex 7.56076 -0.743076 0
    endloop
  endfacet
  facet normal -0.14667 -0.988808 -0.02732
    outer loop
      vertex 1.48058 7.45152 0
      vertex 1.26862 6.37779 40
      vertex 0.639214 6.47115 40
    endloop
  endfacet
  facet normal -0.151054 -0.988148 -0.0273255
    outer loop
      vertex 1.26862 6.37779 40
      vertex 1.48058 7.45152 0
      vertex 1.48215 7.45128 0
    endloop
  endfacet
  facet normal -0.903651 0.427396 -0.0273201
    outer loop
      vertex 6.70087 -3.57989 0
      vertex 5.7349 -3.06537 40
      vertex 6.00695 -2.49017 40
    endloop
  endfacet
  facet normal -0.903911 0.426847 -0.0273193
    outer loop
      vertex 5.7349 -3.06537 40
      vertex 6.70087 -3.57989 0
      vertex 6.70019 -3.58133 0
    endloop
  endfacet
  facet normal -0.856061 -0.516154 -0.0272749
    outer loop
      vertex 6.70019 3.58133 0
      vertex 5.40778 3.61114 40
      vertex 6.69937 3.58269 0
    endloop
  endfacet
  facet normal -0.85741 -0.513909 -0.0273201
    outer loop
      vertex 5.40778 3.61114 40
      vertex 6.70019 3.58133 0
      vertex 5.7349 3.06537 40
    endloop
  endfacet
  facet normal 0.242445 0.96978 -0.027328
    outer loop
      vertex -1.48369 -7.4509 0
      vertex -1.88764 -6.22273 40
      vertex -1.88584 -6.22318 40
    endloop
  endfacet
  facet normal 0.242888 0.96967 -0.0273201
    outer loop
      vertex -1.88764 -6.22273 40
      vertex -1.48369 -7.4509 0
      vertex -2.20537 -7.27013 0
    endloop
  endfacet
  facet normal -0.242445 0.96978 -0.0273195
    outer loop
      vertex 2.20537 -7.27013 0
      vertex 1.88584 -6.22318 40
      vertex 1.88764 -6.22273 40
    endloop
  endfacet
  facet normal -0.242888 0.96967 -0.0273201
    outer loop
      vertex 1.88584 -6.22318 40
      vertex 2.20537 -7.27013 0
      vertex 1.48369 -7.4509 0
    endloop
  endfacet
  facet normal -0.857405 -0.513916 -0.0273198
    outer loop
      vertex 6.69937 3.58269 0
      vertex 5.40683 3.61273 40
      vertex 6.31689 4.22081 0
    endloop
  endfacet
  facet normal -0.858123 -0.512715 -0.0273439
    outer loop
      vertex 5.40683 3.61273 40
      vertex 6.69937 3.58269 0
      vertex 5.40778 3.61114 40
    endloop
  endfacet
  facet normal 0.743643 -0.668018 -0.0273139
    outer loop
      vertex -4.59813 4.59813 40
      vertex -5.37314 5.3709 0
      vertex -5.37208 5.37208 0
    endloop
  endfacet
  facet normal 0.740672 -0.671311 -0.0273199
    outer loop
      vertex -5.37314 5.3709 0
      vertex -4.59813 4.59813 40
      vertex -5.02544 4.12667 40
    endloop
  endfacet
  facet normal -0.805702 -0.591687 -0.0274007
    outer loop
      vertex 6.31689 4.22081 0
      vertex 5.02779 4.1238 40
      vertex 6.31595 4.22209 0
    endloop
  endfacet
  facet normal -0.802904 -0.595482 -0.0273198
    outer loop
      vertex 5.02779 4.1238 40
      vertex 6.31689 4.22081 0
      vertex 5.40683 3.61273 40
    endloop
  endfacet
  facet normal -0.96978 -0.242445 -0.0273195
    outer loop
      vertex 7.27013 2.20537 0
      vertex 6.22318 1.88584 40
      vertex 6.22273 1.88764 40
    endloop
  endfacet
  facet normal -0.96967 -0.242888 -0.0273201
    outer loop
      vertex 6.22318 1.88584 40
      vertex 7.27013 2.20537 0
      vertex 7.4509 1.48369 0
    endloop
  endfacet
  facet normal 0.903651 0.427396 -0.0273201
    outer loop
      vertex -5.7349 -3.06537 40
      vertex -6.70087 -3.57989 0
      vertex -6.00695 -2.49017 40
    endloop
  endfacet
  facet normal 0.903911 0.426847 -0.0273193
    outer loop
      vertex -6.70087 -3.57989 0
      vertex -5.7349 -3.06537 40
      vertex -6.70019 -3.58133 0
    endloop
  endfacet
  facet normal -0.336769 0.941191 -0.02732
    outer loop
      vertex 2.20537 -7.27013 0
      vertex 1.88939 -6.22211 40
      vertex 2.90585 -7.01949 0
    endloop
  endfacet
  facet normal -0.333822 0.94224 -0.0273242
    outer loop
      vertex 1.88939 -6.22211 40
      vertex 2.20537 -7.27013 0
      vertex 1.88764 -6.22273 40
    endloop
  endfacet
  facet normal -0.427398 0.903651 -0.0273201
    outer loop
      vertex 2.90735 -7.01896 0
      vertex 2.49017 -6.00695 40
      vertex 3.57989 -6.70087 0
    endloop
  endfacet
  facet normal -0.425379 0.904603 -0.0273232
    outer loop
      vertex 2.49017 -6.00695 40
      vertex 2.90735 -7.01896 0
      vertex 2.48849 -6.00774 40
    endloop
  endfacet
  facet normal 0.740672 0.671311 -0.0273199
    outer loop
      vertex -4.59813 -4.59813 40
      vertex -5.37314 -5.3709 0
      vertex -5.02544 -4.12667 40
    endloop
  endfacet
  facet normal 0.743643 0.668018 -0.0273139
    outer loop
      vertex -5.37314 -5.3709 0
      vertex -4.59813 -4.59813 40
      vertex -5.37208 -5.37208 0
    endloop
  endfacet
  facet normal -0.988808 0.14667 -0.02732
    outer loop
      vertex 7.45152 -1.48058 0
      vertex 6.37779 -1.26862 40
      vertex 6.47115 -0.639214 40
    endloop
  endfacet
  facet normal -0.988148 0.151054 -0.0273255
    outer loop
      vertex 6.37779 -1.26862 40
      vertex 7.45152 -1.48058 0
      vertex 7.45128 -1.48215 0
    endloop
  endfacet
  facet normal -0.740672 0.671311 -0.0273199
    outer loop
      vertex 5.37314 -5.3709 0
      vertex 4.59813 -4.59813 40
      vertex 5.02544 -4.12667 40
    endloop
  endfacet
  facet normal -0.743643 0.668018 -0.0273139
    outer loop
      vertex 4.59813 -4.59813 40
      vertex 5.37314 -5.3709 0
      vertex 5.37208 -5.37208 0
    endloop
  endfacet
  facet normal -0.94224 0.333822 -0.0273242
    outer loop
      vertex 7.27013 -2.20537 0
      vertex 6.22211 -1.88939 40
      vertex 6.22273 -1.88764 40
    endloop
  endfacet
  facet normal -0.941191 0.336769 -0.02732
    outer loop
      vertex 6.22211 -1.88939 40
      vertex 7.27013 -2.20537 0
      vertex 7.01949 -2.90585 0
    endloop
  endfacet
  facet normal -0.668119 -0.743552 -0.0273255
    outer loop
      vertex 4.81965 5.87276 0
      vertex 4.12667 5.02544 40
      vertex 4.12529 5.02668 40
    endloop
  endfacet
  facet normal -0.671305 -0.740677 -0.0273198
    outer loop
      vertex 4.12667 5.02544 40
      vertex 4.81965 5.87276 0
      vertex 5.3709 5.37314 0
    endloop
  endfacet
  facet normal 0.516154 -0.856061 -0.0272749
    outer loop
      vertex -3.58133 6.70019 0
      vertex -3.61114 5.40778 40
      vertex -3.58269 6.69937 0
    endloop
  endfacet
  facet normal 0.513909 -0.85741 -0.0273201
    outer loop
      vertex -3.61114 5.40778 40
      vertex -3.58133 6.70019 0
      vertex -3.06537 5.7349 40
    endloop
  endfacet
  facet normal -0.801635 0.597191 -0.0272833
    outer loop
      vertex 6.31595 -4.22209 0
      vertex 5.02668 -4.12529 40
      vertex 5.02779 -4.1238 40
    endloop
  endfacet
  facet normal -0.802902 0.595485 -0.02732
    outer loop
      vertex 5.02668 -4.12529 40
      vertex 6.31595 -4.22209 0
      vertex 5.87276 -4.81965 0
    endloop
  endfacet
  facet normal -0.941188 0.336776 -0.0273201
    outer loop
      vertex 7.01949 -2.90585 0
      vertex 6.00774 -2.48849 40
      vertex 6.22211 -1.88939 40
    endloop
  endfacet
  facet normal -0.942522 0.333025 -0.0273147
    outer loop
      vertex 6.00774 -2.48849 40
      vertex 7.01949 -2.90585 0
      vertex 7.01896 -2.90735 0
    endloop
  endfacet
  facet normal -0.0490427 0.998423 -0.0273198
    outer loop
      vertex 0 -7.59726 0
      vertex 0.00185305 -6.50265 40
      vertex 0.743076 -7.56076 0
    endloop
  endfacet
  facet normal -0.0484933 0.99845 -0.0273206
    outer loop
      vertex 0.00185305 -6.50265 40
      vertex 0 -7.59726 0
      vertex 0 -6.50274 40
    endloop
  endfacet
  facet normal 0.427398 -0.903651 -0.0273201
    outer loop
      vertex -2.90735 7.01896 0
      vertex -2.49017 6.00695 40
      vertex -3.57989 6.70087 0
    endloop
  endfacet
  facet normal 0.425379 -0.904603 -0.0273232
    outer loop
      vertex -2.49017 6.00695 40
      vertex -2.90735 7.01896 0
      vertex -2.48849 6.00774 40
    endloop
  endfacet
  facet normal 0.151054 -0.988148 -0.0273255
    outer loop
      vertex -1.48058 7.45152 0
      vertex -1.26862 6.37779 40
      vertex -1.48215 7.45128 0
    endloop
  endfacet
  facet normal 0.14667 -0.988808 -0.02732
    outer loop
      vertex -1.26862 6.37779 40
      vertex -1.48058 7.45152 0
      vertex -0.639214 6.47115 40
    endloop
  endfacet
  facet normal -0.333822 -0.94224 -0.0273242
    outer loop
      vertex 2.20537 7.27013 0
      vertex 1.88939 6.22211 40
      vertex 1.88764 6.22273 40
    endloop
  endfacet
  facet normal -0.336769 -0.941191 -0.02732
    outer loop
      vertex 1.88939 6.22211 40
      vertex 2.20537 7.27013 0
      vertex 2.90585 7.01949 0
    endloop
  endfacet
  facet normal 0.743552 0.668119 -0.0273255
    outer loop
      vertex -5.02544 -4.12667 40
      vertex -5.87276 -4.81965 0
      vertex -5.02668 -4.12529 40
    endloop
  endfacet
  facet normal 0.740677 0.671305 -0.0273198
    outer loop
      vertex -5.87276 -4.81965 0
      vertex -5.02544 -4.12667 40
      vertex -5.37314 -5.3709 0
    endloop
  endfacet
  facet normal -0.591687 0.805702 -0.0274007
    outer loop
      vertex 4.22081 -6.31689 0
      vertex 4.1238 -5.02779 40
      vertex 4.22209 -6.31595 0
    endloop
  endfacet
  facet normal -0.595482 0.802904 -0.0273198
    outer loop
      vertex 4.1238 -5.02779 40
      vertex 4.22081 -6.31689 0
      vertex 3.61273 -5.40683 40
    endloop
  endfacet
  facet normal 0.0490427 -0.998423 -0.0273198
    outer loop
      vertex 0 7.59726 0
      vertex -0.00185305 6.50265 40
      vertex -0.743076 7.56076 0
    endloop
  endfacet
  facet normal 0.0484933 -0.99845 -0.0273206
    outer loop
      vertex -0.00185305 6.50265 40
      vertex 0 7.59726 0
      vertex 0 6.50274 40
    endloop
  endfacet
  facet normal -0.426847 0.903911 -0.0273193
    outer loop
      vertex 3.57989 -6.70087 0
      vertex 3.06537 -5.7349 40
      vertex 3.58133 -6.70019 0
    endloop
  endfacet
  facet normal -0.427396 0.903651 -0.0273201
    outer loop
      vertex 3.06537 -5.7349 40
      vertex 3.57989 -6.70087 0
      vertex 2.49017 -6.00695 40
    endloop
  endfacet
  facet normal -0.513916 0.857405 -0.0273198
    outer loop
      vertex 3.58269 -6.69937 0
      vertex 3.61273 -5.40683 40
      vertex 4.22081 -6.31689 0
    endloop
  endfacet
  facet normal -0.512715 0.858123 -0.0273439
    outer loop
      vertex 3.61273 -5.40683 40
      vertex 3.58269 -6.69937 0
      vertex 3.61114 -5.40778 40
    endloop
  endfacet
  facet normal -0.743643 -0.668018 -0.0273139
    outer loop
      vertex 5.37314 5.3709 0
      vertex 4.59813 4.59813 40
      vertex 5.37208 5.37208 0
    endloop
  endfacet
  facet normal -0.740672 -0.671311 -0.0273199
    outer loop
      vertex 4.59813 4.59813 40
      vertex 5.37314 5.3709 0
      vertex 5.02544 4.12667 40
    endloop
  endfacet
  facet normal -0.970517 0.239478 -0.0273244
    outer loop
      vertex 7.4509 -1.48369 0
      vertex 6.37779 -1.26862 40
      vertex 7.45128 -1.48215 0
    endloop
  endfacet
  facet normal -0.969668 0.242896 -0.02732
    outer loop
      vertex 6.37779 -1.26862 40
      vertex 7.4509 -1.48369 0
      vertex 6.22318 -1.88584 40
    endloop
  endfacet
  facet normal -0.0503902 0.998356 -0.0273219
    outer loop
      vertex 0.743076 -7.56076 0
      vertex 0.637379 -6.47142 40
      vertex 0.744661 -7.56068 0
    endloop
  endfacet
  facet normal -0.0490629 0.998422 -0.0273202
    outer loop
      vertex 0.637379 -6.47142 40
      vertex 0.743076 -7.56076 0
      vertex 0.00185305 -6.50265 40
    endloop
  endfacet
  facet normal 0.805702 -0.591687 -0.0274007
    outer loop
      vertex -5.02779 4.1238 40
      vertex -6.31689 4.22081 0
      vertex -6.31595 4.22209 0
    endloop
  endfacet
  facet normal 0.802904 -0.595482 -0.0273198
    outer loop
      vertex -6.31689 4.22081 0
      vertex -5.02779 4.1238 40
      vertex -5.40683 3.61273 40
    endloop
  endfacet
  facet normal -0.512715 -0.858123 -0.0273439
    outer loop
      vertex 3.58269 6.69937 0
      vertex 3.61273 5.40683 40
      vertex 3.61114 5.40778 40
    endloop
  endfacet
  facet normal -0.513916 -0.857405 -0.0273198
    outer loop
      vertex 3.61273 5.40683 40
      vertex 3.58269 6.69937 0
      vertex 4.22081 6.31689 0
    endloop
  endfacet
  facet normal -0.427396 -0.903651 -0.0273201
    outer loop
      vertex 3.57989 6.70087 0
      vertex 3.06537 5.7349 40
      vertex 2.49017 6.00695 40
    endloop
  endfacet
  facet normal -0.426847 -0.903911 -0.0273193
    outer loop
      vertex 3.06537 5.7349 40
      vertex 3.57989 6.70087 0
      vertex 3.58133 6.70019 0
    endloop
  endfacet
  facet normal -0.516154 0.856061 -0.0272749
    outer loop
      vertex 3.58133 -6.70019 0
      vertex 3.61114 -5.40778 40
      vertex 3.58269 -6.69937 0
    endloop
  endfacet
  facet normal -0.513909 0.85741 -0.0273201
    outer loop
      vertex 3.61114 -5.40778 40
      vertex 3.58133 -6.70019 0
      vertex 3.06537 -5.7349 40
    endloop
  endfacet
  facet normal 0.856061 -0.516154 -0.0272749
    outer loop
      vertex -5.40778 3.61114 40
      vertex -6.70019 3.58133 0
      vertex -6.69937 3.58269 0
    endloop
  endfacet
  facet normal 0.85741 -0.513909 -0.0273201
    outer loop
      vertex -6.70019 3.58133 0
      vertex -5.40778 3.61114 40
      vertex -5.7349 3.06537 40
    endloop
  endfacet
  facet normal 0.988808 -0.146671 -0.02732
    outer loop
      vertex -6.47115 0.639214 40
      vertex -7.56068 0.744661 0
      vertex -7.45152 1.48058 0
    endloop
  endfacet
  facet normal 0.988978 -0.145517 -0.0273216
    outer loop
      vertex -7.56068 0.744661 0
      vertex -6.47115 0.639214 40
      vertex -6.47142 0.637379 40
    endloop
  endfacet
  facet normal -0.941191 -0.336769 -0.02732
    outer loop
      vertex 7.27013 2.20537 0
      vertex 6.22211 1.88939 40
      vertex 7.01949 2.90585 0
    endloop
  endfacet
  facet normal -0.94224 -0.333822 -0.0273242
    outer loop
      vertex 6.22211 1.88939 40
      vertex 7.27013 2.20537 0
      vertex 6.22273 1.88764 40
    endloop
  endfacet
  facet normal 0.970516 -0.239478 -0.0273804
    outer loop
      vertex -6.22318 1.88584 40
      vertex -7.45128 1.48215 0
      vertex -7.4509 1.48369 0
    endloop
  endfacet
  facet normal 0.969668 -0.242896 -0.0273198
    outer loop
      vertex -7.45128 1.48215 0
      vertex -6.22318 1.88584 40
      vertex -6.37779 1.26862 40
    endloop
  endfacet
  facet normal 0.96978 -0.242445 -0.0273195
    outer loop
      vertex -6.22318 1.88584 40
      vertex -7.27013 2.20537 0
      vertex -6.22273 1.88764 40
    endloop
  endfacet
  facet normal 0.96967 -0.242888 -0.0273201
    outer loop
      vertex -7.27013 2.20537 0
      vertex -6.22318 1.88584 40
      vertex -7.4509 1.48369 0
    endloop
  endfacet
  facet normal -0.145517 -0.988978 -0.0273216
    outer loop
      vertex 0.744661 7.56068 0
      vertex 0.639214 6.47115 40
      vertex 0.637379 6.47142 40
    endloop
  endfacet
  facet normal -0.146671 -0.988808 -0.02732
    outer loop
      vertex 0.639214 6.47115 40
      vertex 0.744661 7.56068 0
      vertex 1.48058 7.45152 0
    endloop
  endfacet
  facet normal 0.802902 -0.595485 -0.02732
    outer loop
      vertex -5.02668 4.12529 40
      vertex -6.31595 4.22209 0
      vertex -5.87276 4.81965 0
    endloop
  endfacet
  facet normal 0.801635 -0.597191 -0.0272833
    outer loop
      vertex -6.31595 4.22209 0
      vertex -5.02668 4.12529 40
      vertex -5.02779 4.1238 40
    endloop
  endfacet
  facet normal 0.904603 0.425379 -0.0273232
    outer loop
      vertex -6.00695 -2.49017 40
      vertex -7.01896 -2.90735 0
      vertex -6.00774 -2.48849 40
    endloop
  endfacet
  facet normal 0.903651 0.427398 -0.0273201
    outer loop
      vertex -7.01896 -2.90735 0
      vertex -6.00695 -2.49017 40
      vertex -6.70087 -3.57989 0
    endloop
  endfacet
  facet normal 0.336769 -0.941191 -0.02732
    outer loop
      vertex -2.20537 7.27013 0
      vertex -1.88939 6.22211 40
      vertex -2.90585 7.01949 0
    endloop
  endfacet
  facet normal 0.333822 -0.94224 -0.0273242
    outer loop
      vertex -1.88939 6.22211 40
      vertex -2.20537 7.27013 0
      vertex -1.88764 6.22273 40
    endloop
  endfacet
  facet normal -0.970516 -0.239478 -0.0273804
    outer loop
      vertex 7.45128 1.48215 0
      vertex 6.22318 1.88584 40
      vertex 7.4509 1.48369 0
    endloop
  endfacet
  facet normal -0.969668 -0.242896 -0.0273198
    outer loop
      vertex 6.22318 1.88584 40
      vertex 7.45128 1.48215 0
      vertex 6.37779 1.26862 40
    endloop
  endfacet
  facet normal -0.802904 0.595482 -0.0273198
    outer loop
      vertex 6.31689 -4.22081 0
      vertex 5.02779 -4.1238 40
      vertex 5.40683 -3.61273 40
    endloop
  endfacet
  facet normal -0.805702 0.591687 -0.0274007
    outer loop
      vertex 5.02779 -4.1238 40
      vertex 6.31689 -4.22081 0
      vertex 6.31595 -4.22209 0
    endloop
  endfacet
  facet normal -0.96978 0.242445 -0.027328
    outer loop
      vertex 7.4509 -1.48369 0
      vertex 6.22273 -1.88764 40
      vertex 6.22318 -1.88584 40
    endloop
  endfacet
  facet normal -0.96967 0.242888 -0.0273201
    outer loop
      vertex 6.22273 -1.88764 40
      vertex 7.4509 -1.48369 0
      vertex 7.27013 -2.20537 0
    endloop
  endfacet
  facet normal -0.597191 -0.801635 -0.0272833
    outer loop
      vertex 4.22209 6.31595 0
      vertex 4.12529 5.02668 40
      vertex 4.1238 5.02779 40
    endloop
  endfacet
  facet normal -0.595485 -0.802902 -0.02732
    outer loop
      vertex 4.12529 5.02668 40
      vertex 4.22209 6.31595 0
      vertex 4.81965 5.87276 0
    endloop
  endfacet
  facet normal -0.858123 0.512715 -0.0273439
    outer loop
      vertex 6.69937 -3.58269 0
      vertex 5.40683 -3.61273 40
      vertex 5.40778 -3.61114 40
    endloop
  endfacet
  facet normal -0.857405 0.513916 -0.0273198
    outer loop
      vertex 5.40683 -3.61273 40
      vertex 6.69937 -3.58269 0
      vertex 6.31689 -4.22081 0
    endloop
  endfacet
  facet normal -0.942522 -0.333025 -0.0273147
    outer loop
      vertex 7.01949 2.90585 0
      vertex 6.00774 2.48849 40
      vertex 7.01896 2.90735 0
    endloop
  endfacet
  facet normal -0.941188 -0.336776 -0.0273201
    outer loop
      vertex 6.00774 2.48849 40
      vertex 7.01949 2.90585 0
      vertex 6.22211 1.88939 40
    endloop
  endfacet
  facet normal 0.591687 -0.805702 -0.0274007
    outer loop
      vertex -4.22081 6.31689 0
      vertex -4.1238 5.02779 40
      vertex -4.22209 6.31595 0
    endloop
  endfacet
  facet normal 0.595482 -0.802904 -0.0273198
    outer loop
      vertex -4.1238 5.02779 40
      vertex -4.22081 6.31689 0
      vertex -3.61273 5.40683 40
    endloop
  endfacet
  facet normal -0.242445 -0.96978 -0.027328
    outer loop
      vertex 1.48369 7.4509 0
      vertex 1.88764 6.22273 40
      vertex 1.88584 6.22318 40
    endloop
  endfacet
  facet normal -0.242888 -0.96967 -0.0273201
    outer loop
      vertex 1.88764 6.22273 40
      vertex 1.48369 7.4509 0
      vertex 2.20537 7.27013 0
    endloop
  endfacet
  facet normal -0.595482 -0.802904 -0.0273198
    outer loop
      vertex 4.22081 6.31689 0
      vertex 4.1238 5.02779 40
      vertex 3.61273 5.40683 40
    endloop
  endfacet
  facet normal -0.591687 -0.805702 -0.0274007
    outer loop
      vertex 4.1238 5.02779 40
      vertex 4.22081 6.31689 0
      vertex 4.22209 6.31595 0
    endloop
  endfacet
  facet normal 0.740677 -0.671305 -0.0273198
    outer loop
      vertex -5.02544 4.12667 40
      vertex -5.87276 4.81965 0
      vertex -5.37314 5.3709 0
    endloop
  endfacet
  facet normal 0.743552 -0.668119 -0.0273255
    outer loop
      vertex -5.87276 4.81965 0
      vertex -5.02544 4.12667 40
      vertex -5.02668 4.12529 40
    endloop
  endfacet
  facet normal -0.513909 -0.85741 -0.0273201
    outer loop
      vertex 3.58133 6.70019 0
      vertex 3.61114 5.40778 40
      vertex 3.06537 5.7349 40
    endloop
  endfacet
  facet normal -0.516154 -0.856061 -0.0272749
    outer loop
      vertex 3.61114 5.40778 40
      vertex 3.58133 6.70019 0
      vertex 3.58269 6.69937 0
    endloop
  endfacet
  facet normal 0.998422 0.0490629 -0.0273202
    outer loop
      vertex -6.47142 -0.637379 40
      vertex -7.56076 -0.743076 0
      vertex -6.50265 -0.00185305 40
    endloop
  endfacet
  facet normal 0.998356 0.0503902 -0.0273219
    outer loop
      vertex -7.56076 -0.743076 0
      vertex -6.47142 -0.637379 40
      vertex -7.56068 -0.744661 0
    endloop
  endfacet
  facet normal 0.970517 0.239478 -0.0273244
    outer loop
      vertex -6.37779 -1.26862 40
      vertex -7.4509 -1.48369 0
      vertex -7.45128 -1.48215 0
    endloop
  endfacet
  facet normal 0.969668 0.242896 -0.02732
    outer loop
      vertex -7.4509 -1.48369 0
      vertex -6.37779 -1.26862 40
      vertex -6.22318 -1.88584 40
    endloop
  endfacet
  facet normal -0.740677 -0.671305 -0.0273198
    outer loop
      vertex 5.87276 4.81965 0
      vertex 5.02544 4.12667 40
      vertex 5.37314 5.3709 0
    endloop
  endfacet
  facet normal -0.743552 -0.668119 -0.0273255
    outer loop
      vertex 5.02544 4.12667 40
      vertex 5.87276 4.81965 0
      vertex 5.02668 4.12529 40
    endloop
  endfacet
  facet normal 0.942522 -0.333025 -0.0273147
    outer loop
      vertex -6.00774 2.48849 40
      vertex -7.01949 2.90585 0
      vertex -7.01896 2.90735 0
    endloop
  endfacet
  facet normal 0.941188 -0.336776 -0.0273201
    outer loop
      vertex -7.01949 2.90585 0
      vertex -6.00774 2.48849 40
      vertex -6.22211 1.88939 40
    endloop
  endfacet
  facet normal 0.425379 0.904603 -0.0273232
    outer loop
      vertex -2.90735 -7.01896 0
      vertex -2.49017 -6.00695 40
      vertex -2.48849 -6.00774 40
    endloop
  endfacet
  facet normal 0.427398 0.903651 -0.0273201
    outer loop
      vertex -2.49017 -6.00695 40
      vertex -2.90735 -7.01896 0
      vertex -3.57989 -6.70087 0
    endloop
  endfacet
  facet normal 0.0490629 0.998422 -0.0273202
    outer loop
      vertex -0.743076 -7.56076 0
      vertex -0.637379 -6.47142 40
      vertex -0.00185305 -6.50265 40
    endloop
  endfacet
  facet normal 0.0503902 0.998356 -0.0273219
    outer loop
      vertex -0.637379 -6.47142 40
      vertex -0.743076 -7.56076 0
      vertex -0.744661 -7.56068 0
    endloop
  endfacet
  facet normal -0.0490629 -0.998422 -0.0273202
    outer loop
      vertex 0.743076 7.56076 0
      vertex 0.637379 6.47142 40
      vertex 0.00185305 6.50265 40
    endloop
  endfacet
  facet normal -0.0503902 -0.998356 -0.0273219
    outer loop
      vertex 0.637379 6.47142 40
      vertex 0.743076 7.56076 0
      vertex 0.744661 7.56068 0
    endloop
  endfacet
  facet normal 0.858123 -0.512715 -0.0273439
    outer loop
      vertex -6.69937 3.58269 0
      vertex -5.40683 3.61273 40
      vertex -5.40778 3.61114 40
    endloop
  endfacet
  facet normal 0.857405 -0.513916 -0.0273198
    outer loop
      vertex -5.40683 3.61273 40
      vertex -6.69937 3.58269 0
      vertex -6.31689 4.22081 0
    endloop
  endfacet
  facet normal -0.0484933 -0.99845 -0.0273206
    outer loop
      vertex 0 7.59726 0
      vertex 0.00185305 6.50265 40
      vertex 0 6.50274 40
    endloop
  endfacet
  facet normal -0.0490427 -0.998423 -0.0273198
    outer loop
      vertex 0.00185305 6.50265 40
      vertex 0 7.59726 0
      vertex 0.743076 7.56076 0
    endloop
  endfacet
  facet normal 0.333025 -0.942522 -0.0273147
    outer loop
      vertex -2.90585 7.01949 0
      vertex -2.48849 6.00774 40
      vertex -2.90735 7.01896 0
    endloop
  endfacet
  facet normal 0.336776 -0.941188 -0.0273201
    outer loop
      vertex -2.48849 6.00774 40
      vertex -2.90585 7.01949 0
      vertex -1.88939 6.22211 40
    endloop
  endfacet
  facet normal 0.99845 0.0484933 -0.0273206
    outer loop
      vertex -6.50265 -0.00185305 40
      vertex -7.59726 0 0
      vertex -6.50274 0 40
    endloop
  endfacet
  facet normal 0.998423 0.0490427 -0.0273198
    outer loop
      vertex -7.59726 0 0
      vertex -6.50265 -0.00185305 40
      vertex -7.56076 -0.743076 0
    endloop
  endfacet
  facet normal 0.988978 0.145517 -0.0273216
    outer loop
      vertex -6.47115 -0.639214 40
      vertex -7.56068 -0.744661 0
      vertex -6.47142 -0.637379 40
    endloop
  endfacet
  facet normal 0.988808 0.146671 -0.02732
    outer loop
      vertex -7.56068 -0.744661 0
      vertex -6.47115 -0.639214 40
      vertex -7.45152 -1.48058 0
    endloop
  endfacet
  facet normal -0.998356 -0.0503902 -0.0273219
    outer loop
      vertex 7.56076 0.743076 0
      vertex 6.47142 0.637379 40
      vertex 7.56068 0.744661 0
    endloop
  endfacet
  facet normal -0.998422 -0.0490629 -0.0273202
    outer loop
      vertex 6.47142 0.637379 40
      vertex 7.56076 0.743076 0
      vertex 6.50265 0.00185305 40
    endloop
  endfacet
  facet normal -0.988148 -0.151054 -0.0273255
    outer loop
      vertex 7.45152 1.48058 0
      vertex 6.37779 1.26862 40
      vertex 7.45128 1.48215 0
    endloop
  endfacet
  facet normal -0.988808 -0.14667 -0.02732
    outer loop
      vertex 6.37779 1.26862 40
      vertex 7.45152 1.48058 0
      vertex 6.47115 0.639214 40
    endloop
  endfacet
  facet normal 0.671311 0.740672 -0.0273199
    outer loop
      vertex -5.3709 -5.37314 0
      vertex -4.59813 -4.59813 40
      vertex -4.12667 -5.02544 40
    endloop
  endfacet
  facet normal 0.668018 0.743643 -0.0273139
    outer loop
      vertex -4.59813 -4.59813 40
      vertex -5.3709 -5.37314 0
      vertex -5.37208 -5.37208 0
    endloop
  endfacet
  facet normal 0.903651 -0.427398 -0.0273201
    outer loop
      vertex -6.00695 2.49017 40
      vertex -7.01896 2.90735 0
      vertex -6.70087 3.57989 0
    endloop
  endfacet
  facet normal 0.904603 -0.425379 -0.0273232
    outer loop
      vertex -7.01896 2.90735 0
      vertex -6.00695 2.49017 40
      vertex -6.00774 2.48849 40
    endloop
  endfacet
  facet normal 0.988148 -0.151054 -0.0273255
    outer loop
      vertex -6.37779 1.26862 40
      vertex -7.45152 1.48058 0
      vertex -7.45128 1.48215 0
    endloop
  endfacet
  facet normal 0.988808 -0.14667 -0.02732
    outer loop
      vertex -7.45152 1.48058 0
      vertex -6.37779 1.26862 40
      vertex -6.47115 0.639214 40
    endloop
  endfacet
  facet normal -0.671311 -0.740672 -0.0273199
    outer loop
      vertex 5.3709 5.37314 0
      vertex 4.59813 4.59813 40
      vertex 4.12667 5.02544 40
    endloop
  endfacet
  facet normal -0.668018 -0.743643 -0.0273139
    outer loop
      vertex 4.59813 4.59813 40
      vertex 5.3709 5.37314 0
      vertex 5.37208 5.37208 0
    endloop
  endfacet
  facet normal 0.595482 0.802904 -0.0273198
    outer loop
      vertex -4.22081 -6.31689 0
      vertex -4.1238 -5.02779 40
      vertex -3.61273 -5.40683 40
    endloop
  endfacet
  facet normal 0.591687 0.805702 -0.0274007
    outer loop
      vertex -4.1238 -5.02779 40
      vertex -4.22081 -6.31689 0
      vertex -4.22209 -6.31595 0
    endloop
  endfacet
  facet normal 0.94224 0.333822 -0.0273242
    outer loop
      vertex -6.22211 -1.88939 40
      vertex -7.27013 -2.20537 0
      vertex -6.22273 -1.88764 40
    endloop
  endfacet
  facet normal 0.941191 0.336769 -0.02732
    outer loop
      vertex -7.27013 -2.20537 0
      vertex -6.22211 -1.88939 40
      vertex -7.01949 -2.90585 0
    endloop
  endfacet
  facet normal 0.801635 0.597191 -0.0272833
    outer loop
      vertex -5.02668 -4.12529 40
      vertex -6.31595 -4.22209 0
      vertex -5.02779 -4.1238 40
    endloop
  endfacet
  facet normal 0.802902 0.595485 -0.02732
    outer loop
      vertex -6.31595 -4.22209 0
      vertex -5.02668 -4.12529 40
      vertex -5.87276 -4.81965 0
    endloop
  endfacet
  facet normal 0.512715 0.858123 -0.0273439
    outer loop
      vertex -3.58269 -6.69937 0
      vertex -3.61273 -5.40683 40
      vertex -3.61114 -5.40778 40
    endloop
  endfacet
  facet normal 0.513916 0.857405 -0.0273198
    outer loop
      vertex -3.61273 -5.40683 40
      vertex -3.58269 -6.69937 0
      vertex -4.22081 -6.31689 0
    endloop
  endfacet
  facet normal -0.988808 -0.146671 -0.02732
    outer loop
      vertex 7.56068 0.744661 0
      vertex 6.47115 0.639214 40
      vertex 7.45152 1.48058 0
    endloop
  endfacet
  facet normal -0.988978 -0.145517 -0.0273216
    outer loop
      vertex 6.47115 0.639214 40
      vertex 7.56068 0.744661 0
      vertex 6.47142 0.637379 40
    endloop
  endfacet
  facet normal -0.856061 0.516154 -0.0272749
    outer loop
      vertex 5.40778 -3.61114 40
      vertex 6.70019 -3.58133 0
      vertex 6.69937 -3.58269 0
    endloop
  endfacet
  facet normal -0.85741 0.513909 -0.0273201
    outer loop
      vertex 6.70019 -3.58133 0
      vertex 5.40778 -3.61114 40
      vertex 5.7349 -3.06537 40
    endloop
  endfacet
  facet normal -0.671305 0.740677 -0.0273198
    outer loop
      vertex 4.81965 -5.87276 0
      vertex 4.12667 -5.02544 40
      vertex 5.3709 -5.37314 0
    endloop
  endfacet
  facet normal -0.668119 0.743552 -0.0273255
    outer loop
      vertex 4.12667 -5.02544 40
      vertex 4.81965 -5.87276 0
      vertex 4.12529 -5.02668 40
    endloop
  endfacet
  facet normal -0.595485 0.802902 -0.02732
    outer loop
      vertex 4.22209 -6.31595 0
      vertex 4.12529 -5.02668 40
      vertex 4.81965 -5.87276 0
    endloop
  endfacet
  facet normal -0.597191 0.801635 -0.0272833
    outer loop
      vertex 4.12529 -5.02668 40
      vertex 4.22209 -6.31595 0
      vertex 4.1238 -5.02779 40
    endloop
  endfacet
  facet normal -0.903911 -0.426847 -0.0273193
    outer loop
      vertex 6.70087 3.57989 0
      vertex 5.7349 3.06537 40
      vertex 6.70019 3.58133 0
    endloop
  endfacet
  facet normal -0.903651 -0.427396 -0.0273201
    outer loop
      vertex 5.7349 3.06537 40
      vertex 6.70087 3.57989 0
      vertex 6.00695 2.49017 40
    endloop
  endfacet
  facet normal 0.513916 -0.857405 -0.0273198
    outer loop
      vertex -3.58269 6.69937 0
      vertex -3.61273 5.40683 40
      vertex -4.22081 6.31689 0
    endloop
  endfacet
  facet normal 0.512715 -0.858123 -0.0273439
    outer loop
      vertex -3.61273 5.40683 40
      vertex -3.58269 6.69937 0
      vertex -3.61114 5.40778 40
    endloop
  endfacet
  facet normal 0.595485 -0.802902 -0.02732
    outer loop
      vertex -4.22209 6.31595 0
      vertex -4.12529 5.02668 40
      vertex -4.81965 5.87276 0
    endloop
  endfacet
  facet normal 0.597191 -0.801635 -0.0272833
    outer loop
      vertex -4.12529 5.02668 40
      vertex -4.22209 6.31595 0
      vertex -4.1238 5.02779 40
    endloop
  endfacet
  facet normal 0.0503902 -0.998356 -0.0273219
    outer loop
      vertex -0.743076 7.56076 0
      vertex -0.637379 6.47142 40
      vertex -0.744661 7.56068 0
    endloop
  endfacet
  facet normal 0.0490629 -0.998422 -0.0273202
    outer loop
      vertex -0.637379 6.47142 40
      vertex -0.743076 7.56076 0
      vertex -0.00185305 6.50265 40
    endloop
  endfacet
  facet normal 0.988808 0.14667 -0.02732
    outer loop
      vertex -6.37779 -1.26862 40
      vertex -7.45152 -1.48058 0
      vertex -6.47115 -0.639214 40
    endloop
  endfacet
  facet normal 0.988148 0.151054 -0.0273255
    outer loop
      vertex -7.45152 -1.48058 0
      vertex -6.37779 -1.26862 40
      vertex -7.45128 -1.48215 0
    endloop
  endfacet
  facet normal -0.743552 0.668119 -0.0273255
    outer loop
      vertex 5.87276 -4.81965 0
      vertex 5.02544 -4.12667 40
      vertex 5.02668 -4.12529 40
    endloop
  endfacet
  facet normal -0.740677 0.671305 -0.0273198
    outer loop
      vertex 5.02544 -4.12667 40
      vertex 5.87276 -4.81965 0
      vertex 5.37314 -5.3709 0
    endloop
  endfacet
  facet normal -0.146671 0.988808 -0.02732
    outer loop
      vertex 0.744661 -7.56068 0
      vertex 0.639214 -6.47115 40
      vertex 1.48058 -7.45152 0
    endloop
  endfacet
  facet normal -0.145517 0.988978 -0.0273216
    outer loop
      vertex 0.639214 -6.47115 40
      vertex 0.744661 -7.56068 0
      vertex 0.637379 -6.47142 40
    endloop
  endfacet
  facet normal 0.426847 -0.903911 -0.0273193
    outer loop
      vertex -3.57989 6.70087 0
      vertex -3.06537 5.7349 40
      vertex -3.58133 6.70019 0
    endloop
  endfacet
  facet normal 0.427396 -0.903651 -0.0273201
    outer loop
      vertex -3.06537 5.7349 40
      vertex -3.57989 6.70087 0
      vertex -2.49017 6.00695 40
    endloop
  endfacet
  facet normal -0.333025 0.942522 -0.0273147
    outer loop
      vertex 2.90585 -7.01949 0
      vertex 2.48849 -6.00774 40
      vertex 2.90735 -7.01896 0
    endloop
  endfacet
  facet normal -0.336776 0.941188 -0.0273201
    outer loop
      vertex 2.48849 -6.00774 40
      vertex 2.90585 -7.01949 0
      vertex 1.88939 -6.22211 40
    endloop
  endfacet
  facet normal 0.14667 0.988808 -0.02732
    outer loop
      vertex -1.48058 -7.45152 0
      vertex -1.26862 -6.37779 40
      vertex -0.639214 -6.47115 40
    endloop
  endfacet
  facet normal 0.151054 0.988148 -0.0273255
    outer loop
      vertex -1.26862 -6.37779 40
      vertex -1.48058 -7.45152 0
      vertex -1.48215 -7.45128 0
    endloop
  endfacet
  facet normal 0.427396 0.903651 -0.0273201
    outer loop
      vertex -3.57989 -6.70087 0
      vertex -3.06537 -5.7349 40
      vertex -2.49017 -6.00695 40
    endloop
  endfacet
  facet normal 0.426847 0.903911 -0.0273193
    outer loop
      vertex -3.06537 -5.7349 40
      vertex -3.57989 -6.70087 0
      vertex -3.58133 -6.70019 0
    endloop
  endfacet
  facet normal 0.145517 0.988978 -0.0273216
    outer loop
      vertex -0.744661 -7.56068 0
      vertex -0.639214 -6.47115 40
      vertex -0.637379 -6.47142 40
    endloop
  endfacet
  facet normal 0.146671 0.988808 -0.02732
    outer loop
      vertex -0.639214 -6.47115 40
      vertex -0.744661 -7.56068 0
      vertex -1.48058 -7.45152 0
    endloop
  endfacet
  facet normal -0.151054 0.988148 -0.0273255
    outer loop
      vertex 1.48058 -7.45152 0
      vertex 1.26862 -6.37779 40
      vertex 1.48215 -7.45128 0
    endloop
  endfacet
  facet normal -0.14667 0.988808 -0.02732
    outer loop
      vertex 1.26862 -6.37779 40
      vertex 1.48058 -7.45152 0
      vertex 0.639214 -6.47115 40
    endloop
  endfacet
  facet normal 0.668018 -0.743643 -0.0273139
    outer loop
      vertex -5.3709 5.37314 0
      vertex -4.59813 4.59813 40
      vertex -5.37208 5.37208 0
    endloop
  endfacet
  facet normal 0.671311 -0.740672 -0.0273199
    outer loop
      vertex -4.59813 4.59813 40
      vertex -5.3709 5.37314 0
      vertex -4.12667 5.02544 40
    endloop
  endfacet
  facet normal 0.671305 -0.740677 -0.0273198
    outer loop
      vertex -4.81965 5.87276 0
      vertex -4.12667 5.02544 40
      vertex -5.3709 5.37314 0
    endloop
  endfacet
  facet normal 0.668119 -0.743552 -0.0273255
    outer loop
      vertex -4.12667 5.02544 40
      vertex -4.81965 5.87276 0
      vertex -4.12529 5.02668 40
    endloop
  endfacet
  facet normal 0.146671 -0.988808 -0.02732
    outer loop
      vertex -0.744661 7.56068 0
      vertex -0.639214 6.47115 40
      vertex -1.48058 7.45152 0
    endloop
  endfacet
  facet normal 0.145517 -0.988978 -0.0273216
    outer loop
      vertex -0.639214 6.47115 40
      vertex -0.744661 7.56068 0
      vertex -0.637379 6.47142 40
    endloop
  endfacet
  facet normal 0.513909 0.85741 -0.0273201
    outer loop
      vertex -3.58133 -6.70019 0
      vertex -3.61114 -5.40778 40
      vertex -3.06537 -5.7349 40
    endloop
  endfacet
  facet normal 0.516154 0.856061 -0.0272749
    outer loop
      vertex -3.61114 -5.40778 40
      vertex -3.58133 -6.70019 0
      vertex -3.58269 -6.69937 0
    endloop
  endfacet
  facet normal 0.333822 0.94224 -0.0273242
    outer loop
      vertex -2.20537 -7.27013 0
      vertex -1.88939 -6.22211 40
      vertex -1.88764 -6.22273 40
    endloop
  endfacet
  facet normal 0.336769 0.941191 -0.02732
    outer loop
      vertex -1.88939 -6.22211 40
      vertex -2.20537 -7.27013 0
      vertex -2.90585 -7.01949 0
    endloop
  endfacet
  facet normal -0.668018 0.743643 -0.0273139
    outer loop
      vertex 5.3709 -5.37314 0
      vertex 4.59813 -4.59813 40
      vertex 5.37208 -5.37208 0
    endloop
  endfacet
  facet normal -0.671311 0.740672 -0.0273199
    outer loop
      vertex 4.59813 -4.59813 40
      vertex 5.3709 -5.37314 0
      vertex 4.12667 -5.02544 40
    endloop
  endfacet
  facet normal -0.242896 0.969668 -0.02732
    outer loop
      vertex 1.48369 -7.4509 0
      vertex 1.26862 -6.37779 40
      vertex 1.88584 -6.22318 40
    endloop
  endfacet
  facet normal -0.239478 0.970517 -0.0273244
    outer loop
      vertex 1.26862 -6.37779 40
      vertex 1.48369 -7.4509 0
      vertex 1.48215 -7.45128 0
    endloop
  endfacet
  facet normal 0.85741 0.513909 -0.0273201
    outer loop
      vertex -5.40778 -3.61114 40
      vertex -6.70019 -3.58133 0
      vertex -5.7349 -3.06537 40
    endloop
  endfacet
  facet normal 0.856061 0.516154 -0.0272749
    outer loop
      vertex -6.70019 -3.58133 0
      vertex -5.40778 -3.61114 40
      vertex -6.69937 -3.58269 0
    endloop
  endfacet
  facet normal 0.858123 0.512715 -0.0273439
    outer loop
      vertex -5.40683 -3.61273 40
      vertex -6.69937 -3.58269 0
      vertex -5.40778 -3.61114 40
    endloop
  endfacet
  facet normal 0.857405 0.513916 -0.0273198
    outer loop
      vertex -6.69937 -3.58269 0
      vertex -5.40683 -3.61273 40
      vertex -6.31689 -4.22081 0
    endloop
  endfacet
  facet normal 0.802904 0.595482 -0.0273198
    outer loop
      vertex -5.02779 -4.1238 40
      vertex -6.31689 -4.22081 0
      vertex -5.40683 -3.61273 40
    endloop
  endfacet
  facet normal 0.805702 0.591687 -0.0274007
    outer loop
      vertex -6.31689 -4.22081 0
      vertex -5.02779 -4.1238 40
      vertex -6.31595 -4.22209 0
    endloop
  endfacet
  facet normal 0.336776 0.941188 -0.0273201
    outer loop
      vertex -2.90585 -7.01949 0
      vertex -2.48849 -6.00774 40
      vertex -1.88939 -6.22211 40
    endloop
  endfacet
  facet normal 0.333025 0.942522 -0.0273147
    outer loop
      vertex -2.48849 -6.00774 40
      vertex -2.90585 -7.01949 0
      vertex -2.90735 -7.01896 0
    endloop
  endfacet
  facet normal 0.998417 0.0490972 0.0274565
    outer loop
      vertex 64.3518 0.980171 0
      vertex 63.3 0 40
      vertex 64.4 0 0
    endloop
  endfacet
  facet normal 0.969671 0.242867 0.0274574
    outer loop
      vertex 64.2079 1.9509 0
      vertex 62.9168 2.58353 40
      vertex 63.129 1.7363 40
    endloop
  endfacet
  facet normal 0.988817 0.146581 0.0274573
    outer loop
      vertex 64.2079 1.9509 0
      vertex 63.129 1.7363 40
      vertex 64.3518 0.980171 0
    endloop
  endfacet
  facet normal 0.51392 -0.857399 0.0274572
    outer loop
      vertex 59.9557 -8.3147 0
      vertex 58.5954 -7.8491 40
      vertex 59.114 -8.81921 0
    endloop
  endfacet
  facet normal -0.146678 0.988803 0.0274566
    outer loop
      vertex 53.4198 9.95185 0
      vertex 52.6637 8.72899 40
      vertex 53.5276 8.85714 40
    endloop
  endfacet
  facet normal -0.857414 -0.513894 0.0274562
    outer loop
      vertex 46.5509 -4.19543 40
      vertex 46.0853 -5.5557 0
      vertex 46.9999 -4.94457 40
    endloop
  endfacet
  facet normal -0.595491 -0.802893 0.0274562
    outer loop
      vertex 49.4554 -7.40008 40
      vertex 48.7539 -6.87979 40
      vertex 48.8443 -8.3147 0
    endloop
  endfacet
  facet normal 0.740693 0.671283 0.0274563
    outer loop
      vertex 61.4711 7.07107 0
      vertex 61.2798 5.6461 40
      vertex 62.1301 6.34393 0
    endloop
  endfacet
  facet normal 0.998417 -0.0490972 0.0274565
    outer loop
      vertex 64.4 0 0
      vertex 63.3 0 40
      vertex 64.3518 -0.980171 0
    endloop
  endfacet
  facet normal -0.595495 -0.80289 0.027456
    outer loop
      vertex 48.7539 -6.87979 40
      vertex 48.0561 -7.7301 0
      vertex 48.8443 -8.3147 0
    endloop
  endfacet
  facet normal -0.903661 -0.427366 0.0274573
    outer loop
      vertex 46.1775 -3.40588 40
      vertex 45.1612 -3.82683 0
      vertex 46.5509 -4.19543 40
    endloop
  endfacet
  facet normal 0.595491 0.802893 0.0274562
    outer loop
      vertex 59.9557 8.3147 0
      vertex 59.3446 7.40008 40
      vertex 60.0461 6.87979 40
    endloop
  endfacet
  facet normal 0.146685 0.988802 0.0274564
    outer loop
      vertex 56.3509 9.80785 0
      vertex 55.3802 9.95185 0
      vertex 56.1363 8.72899 40
    endloop
  endfacet
  facet normal -0.427417 0.903638 0.027456
    outer loop
      vertex 50.5732 9.2388 0
      vertex 50.2046 7.8491 40
      vertex 50.9941 8.22253 40
    endloop
  endfacet
  facet normal 0.049045 0.998419 0.0274565
    outer loop
      vertex 54.4 10 0
      vertex 54.4 8.9 40
      vertex 55.3802 9.95185 0
    endloop
  endfacet
  facet normal -0.427374 0.903658 0.0274571
    outer loop
      vertex 50.5732 9.2388 0
      vertex 49.686 8.81921 0
      vertex 50.2046 7.8491 40
    endloop
  endfacet
  facet normal 0.671333 0.740647 0.027458
    outer loop
      vertex 61.4711 7.07107 0
      vertex 60.0461 6.87979 40
      vertex 60.6932 6.29325 40
    endloop
  endfacet
  facet normal -0.146685 -0.988802 0.0274564
    outer loop
      vertex 52.6637 -8.72899 40
      vertex 52.4491 -9.80785 0
      vertex 53.4198 -9.95185 0
    endloop
  endfacet
  facet normal 0.336743 0.941196 0.0274561
    outer loop
      vertex 58.2268 9.2388 0
      vertex 56.9835 8.51677 40
      vertex 57.8059 8.22253 40
    endloop
  endfacet
  facet normal 0.857411 0.513899 0.0274563
    outer loop
      vertex 62.7147 5.5557 0
      vertex 62.2491 4.19543 40
      vertex 63.2192 4.71397 0
    endloop
  endfacet
  facet normal 0.51392 0.857399 0.0274572
    outer loop
      vertex 59.114 8.81921 0
      vertex 58.5954 7.8491 40
      vertex 59.9557 8.3147 0
    endloop
  endfacet
  facet normal 0.671333 -0.740647 0.027458
    outer loop
      vertex 60.6932 -6.29325 40
      vertex 60.0461 -6.87979 40
      vertex 61.4711 -7.07107 0
    endloop
  endfacet
  facet normal -0.427417 -0.903638 0.027456
    outer loop
      vertex 50.9941 -8.22253 40
      vertex 50.2046 -7.8491 40
      vertex 50.5732 -9.2388 0
    endloop
  endfacet
  facet normal 0.427374 0.903658 0.0274571
    outer loop
      vertex 59.114 8.81921 0
      vertex 58.2268 9.2388 0
      vertex 58.5954 7.8491 40
    endloop
  endfacet
  facet normal 0.857414 -0.513894 0.0274562
    outer loop
      vertex 62.2491 -4.19543 40
      vertex 61.8001 -4.94457 40
      vertex 62.7147 -5.5557 0
    endloop
  endfacet
  facet normal -0.988813 -0.146614 0.0274565
    outer loop
      vertex 45.5429 -0.872352 40
      vertex 44.4482 -0.980171 0
      vertex 45.671 -1.7363 40
    endloop
  endfacet
  facet normal -0.0490512 0.998419 0.0274567
    outer loop
      vertex 54.4 8.9 40
      vertex 53.4198 9.95185 0
      vertex 53.5276 8.85714 40
    endloop
  endfacet
  facet normal 0.336752 0.941193 0.0274563
    outer loop
      vertex 57.3028 9.5694 0
      vertex 56.9835 8.51677 40
      vertex 58.2268 9.2388 0
    endloop
  endfacet
  facet normal -0.8029 0.595481 0.0274563
    outer loop
      vertex 46.6699 6.34393 0
      vertex 46.0853 5.5557 0
      vertex 47.5202 5.6461 40
    endloop
  endfacet
  facet normal 0.903661 -0.427366 0.0274573
    outer loop
      vertex 62.6225 -3.40588 40
      vertex 62.2491 -4.19543 40
      vertex 63.6388 -3.82683 0
    endloop
  endfacet
  facet normal -0.336743 0.941196 0.0274561
    outer loop
      vertex 51.8165 8.51677 40
      vertex 50.5732 9.2388 0
      vertex 50.9941 8.22253 40
    endloop
  endfacet
  facet normal -0.802899 0.595482 0.0274562
    outer loop
      vertex 47.5202 5.6461 40
      vertex 46.0853 5.5557 0
      vertex 46.9999 4.94457 40
    endloop
  endfacet
  facet normal -0.242897 0.969664 0.0274564
    outer loop
      vertex 52.4491 9.80785 0
      vertex 51.8165 8.51677 40
      vertex 52.6637 8.72899 40
    endloop
  endfacet
  facet normal -0.2429 0.969663 0.0274563
    outer loop
      vertex 52.4491 9.80785 0
      vertex 51.4972 9.5694 0
      vertex 51.8165 8.51677 40
    endloop
  endfacet
  facet normal -0.595495 0.80289 0.027456
    outer loop
      vertex 48.8443 8.3147 0
      vertex 48.0561 7.7301 0
      vertex 48.7539 6.87979 40
    endloop
  endfacet
  facet normal 0.941191 0.336758 0.0274558
    outer loop
      vertex 63.6388 3.82683 0
      vertex 62.9168 2.58353 40
      vertex 63.9694 2.90285 0
    endloop
  endfacet
  facet normal -0.941168 0.336822 0.0274574
    outer loop
      vertex 46.1775 3.40588 40
      vertex 45.1612 3.82683 0
      vertex 45.8832 2.58353 40
    endloop
  endfacet
  facet normal -0.998416 -0.0490995 0.0274565
    outer loop
      vertex 45.5 0 40
      vertex 44.4482 -0.980171 0
      vertex 45.5429 -0.872352 40
    endloop
  endfacet
  facet normal -0.802899 -0.595482 0.0274562
    outer loop
      vertex 46.9999 -4.94457 40
      vertex 46.0853 -5.5557 0
      vertex 47.5202 -5.6461 40
    endloop
  endfacet
  facet normal 0.903643 0.427406 0.0274563
    outer loop
      vertex 63.2192 4.71397 0
      vertex 62.2491 4.19543 40
      vertex 63.6388 3.82683 0
    endloop
  endfacet
  facet normal 0.969654 -0.242935 0.0274558
    outer loop
      vertex 64.2079 -1.9509 0
      vertex 62.9168 -2.58353 40
      vertex 63.9694 -2.90285 0
    endloop
  endfacet
  facet normal -0.146685 0.988802 0.0274564
    outer loop
      vertex 53.4198 9.95185 0
      vertex 52.4491 9.80785 0
      vertex 52.6637 8.72899 40
    endloop
  endfacet
  facet normal -0.969671 0.242867 0.0274574
    outer loop
      vertex 45.8832 2.58353 40
      vertex 44.5921 1.9509 0
      vertex 45.671 1.7363 40
    endloop
  endfacet
  facet normal 0.0490512 0.998419 0.0274567
    outer loop
      vertex 55.3802 9.95185 0
      vertex 54.4 8.9 40
      vertex 55.2724 8.85714 40
    endloop
  endfacet
  facet normal 0.941168 -0.336822 0.0274574
    outer loop
      vertex 62.9168 -2.58353 40
      vertex 62.6225 -3.40588 40
      vertex 63.6388 -3.82683 0
    endloop
  endfacet
  facet normal -0.857411 -0.513899 0.0274563
    outer loop
      vertex 46.5509 -4.19543 40
      vertex 45.5808 -4.71397 0
      vertex 46.0853 -5.5557 0
    endloop
  endfacet
  facet normal 0.242897 0.969664 0.0274564
    outer loop
      vertex 56.3509 9.80785 0
      vertex 56.1363 8.72899 40
      vertex 56.9835 8.51677 40
    endloop
  endfacet
  facet normal 0.941168 0.336822 0.0274574
    outer loop
      vertex 63.6388 3.82683 0
      vertex 62.6225 3.40588 40
      vertex 62.9168 2.58353 40
    endloop
  endfacet
  facet normal 0.857414 0.513894 0.0274562
    outer loop
      vertex 62.7147 5.5557 0
      vertex 61.8001 4.94457 40
      vertex 62.2491 4.19543 40
    endloop
  endfacet
  facet normal 0.969654 0.242935 0.0274558
    outer loop
      vertex 63.9694 2.90285 0
      vertex 62.9168 2.58353 40
      vertex 64.2079 1.9509 0
    endloop
  endfacet
  facet normal -0.903643 -0.427406 0.0274563
    outer loop
      vertex 46.5509 -4.19543 40
      vertex 45.1612 -3.82683 0
      vertex 45.5808 -4.71397 0
    endloop
  endfacet
  facet normal -0.513881 -0.857422 0.0274562
    outer loop
      vertex 49.4554 -7.40008 40
      vertex 48.8443 -8.3147 0
      vertex 50.2046 -7.8491 40
    endloop
  endfacet
  facet normal 0.998416 -0.0490995 0.0274565
    outer loop
      vertex 63.3 0 40
      vertex 63.2571 -0.872352 40
      vertex 64.3518 -0.980171 0
    endloop
  endfacet
  facet normal 0.146678 0.988803 0.0274566
    outer loop
      vertex 55.3802 9.95185 0
      vertex 55.2724 8.85714 40
      vertex 56.1363 8.72899 40
    endloop
  endfacet
  facet normal 0.740639 0.671342 0.0274582
    outer loop
      vertex 61.4711 7.07107 0
      vertex 60.6932 6.29325 40
      vertex 61.2798 5.6461 40
    endloop
  endfacet
  facet normal -0.998417 0.0490972 0.0274565
    outer loop
      vertex 44.4482 0.980171 0
      vertex 44.4 0 0
      vertex 45.5 0 40
    endloop
  endfacet
  facet normal -0.049045 -0.998419 0.0274565
    outer loop
      vertex 54.4 -8.9 40
      vertex 53.4198 -9.95185 0
      vertex 54.4 -10 0
    endloop
  endfacet
  facet normal 0.941191 -0.336758 0.0274558
    outer loop
      vertex 63.9694 -2.90285 0
      vertex 62.9168 -2.58353 40
      vertex 63.6388 -3.82683 0
    endloop
  endfacet
  facet normal -0.427374 -0.903658 0.0274571
    outer loop
      vertex 50.2046 -7.8491 40
      vertex 49.686 -8.81921 0
      vertex 50.5732 -9.2388 0
    endloop
  endfacet
  facet normal -0.941191 0.336758 0.0274558
    outer loop
      vertex 45.1612 3.82683 0
      vertex 44.8306 2.90285 0
      vertex 45.8832 2.58353 40
    endloop
  endfacet
  facet normal 0.427374 -0.903658 0.0274571
    outer loop
      vertex 58.5954 -7.8491 40
      vertex 58.2268 -9.2388 0
      vertex 59.114 -8.81921 0
    endloop
  endfacet
  facet normal -0.049045 0.998419 0.0274565
    outer loop
      vertex 54.4 10 0
      vertex 53.4198 9.95185 0
      vertex 54.4 8.9 40
    endloop
  endfacet
  facet normal -0.941168 -0.336822 0.0274574
    outer loop
      vertex 45.8832 -2.58353 40
      vertex 45.1612 -3.82683 0
      vertex 46.1775 -3.40588 40
    endloop
  endfacet
  facet normal 0.969671 -0.242867 0.0274574
    outer loop
      vertex 63.129 -1.7363 40
      vertex 62.9168 -2.58353 40
      vertex 64.2079 -1.9509 0
    endloop
  endfacet
  facet normal 0.988817 -0.146581 0.0274573
    outer loop
      vertex 64.3518 -0.980171 0
      vertex 63.129 -1.7363 40
      vertex 64.2079 -1.9509 0
    endloop
  endfacet
  facet normal 0.903643 -0.427406 0.0274563
    outer loop
      vertex 63.6388 -3.82683 0
      vertex 62.2491 -4.19543 40
      vertex 63.2192 -4.71397 0
    endloop
  endfacet
  facet normal 0.0490512 -0.998419 0.0274567
    outer loop
      vertex 55.2724 -8.85714 40
      vertex 54.4 -8.9 40
      vertex 55.3802 -9.95185 0
    endloop
  endfacet
  facet normal 0.336752 -0.941193 0.0274563
    outer loop
      vertex 58.2268 -9.2388 0
      vertex 56.9835 -8.51677 40
      vertex 57.3028 -9.5694 0
    endloop
  endfacet
  facet normal 0.988813 -0.146614 0.0274565
    outer loop
      vertex 63.2571 -0.872352 40
      vertex 63.129 -1.7363 40
      vertex 64.3518 -0.980171 0
    endloop
  endfacet
  facet normal 0.857411 -0.513899 0.0274563
    outer loop
      vertex 63.2192 -4.71397 0
      vertex 62.2491 -4.19543 40
      vertex 62.7147 -5.5557 0
    endloop
  endfacet
  facet normal 0.513881 0.857422 0.0274562
    outer loop
      vertex 59.9557 8.3147 0
      vertex 58.5954 7.8491 40
      vertex 59.3446 7.40008 40
    endloop
  endfacet
  facet normal -0.671333 -0.740647 0.027458
    outer loop
      vertex 48.1068 -6.29325 40
      vertex 47.3289 -7.07107 0
      vertex 48.7539 -6.87979 40
    endloop
  endfacet
  facet normal -0.740693 0.671283 0.0274563
    outer loop
      vertex 47.3289 7.07107 0
      vertex 46.6699 6.34393 0
      vertex 47.5202 5.6461 40
    endloop
  endfacet
  facet normal -0.740639 0.671342 0.0274582
    outer loop
      vertex 48.1068 6.29325 40
      vertex 47.3289 7.07107 0
      vertex 47.5202 5.6461 40
    endloop
  endfacet
  facet normal 0.903661 0.427366 0.0274573
    outer loop
      vertex 63.6388 3.82683 0
      vertex 62.2491 4.19543 40
      vertex 62.6225 3.40588 40
    endloop
  endfacet
  facet normal 0.998416 0.0490995 0.0274565
    outer loop
      vertex 64.3518 0.980171 0
      vertex 63.2571 0.872352 40
      vertex 63.3 0 40
    endloop
  endfacet
  facet normal 0.595495 0.80289 0.027456
    outer loop
      vertex 60.7439 7.7301 0
      vertex 59.9557 8.3147 0
      vertex 60.0461 6.87979 40
    endloop
  endfacet
  facet normal 0.146685 -0.988802 0.0274564
    outer loop
      vertex 56.1363 -8.72899 40
      vertex 55.3802 -9.95185 0
      vertex 56.3509 -9.80785 0
    endloop
  endfacet
  facet normal -0.336752 -0.941193 0.0274563
    outer loop
      vertex 51.8165 -8.51677 40
      vertex 50.5732 -9.2388 0
      vertex 51.4972 -9.5694 0
    endloop
  endfacet
  facet normal 0.242897 -0.969664 0.0274564
    outer loop
      vertex 56.9835 -8.51677 40
      vertex 56.1363 -8.72899 40
      vertex 56.3509 -9.80785 0
    endloop
  endfacet
  facet normal 0.336743 -0.941196 0.0274561
    outer loop
      vertex 57.8059 -8.22253 40
      vertex 56.9835 -8.51677 40
      vertex 58.2268 -9.2388 0
    endloop
  endfacet
  facet normal 0.671269 -0.740705 0.027456
    outer loop
      vertex 61.4711 -7.07107 0
      vertex 60.0461 -6.87979 40
      vertex 60.7439 -7.7301 0
    endloop
  endfacet
  facet normal 0.988813 0.146614 0.0274565
    outer loop
      vertex 64.3518 0.980171 0
      vertex 63.129 1.7363 40
      vertex 63.2571 0.872352 40
    endloop
  endfacet
  facet normal -0.671269 0.740705 0.027456
    outer loop
      vertex 48.0561 7.7301 0
      vertex 47.3289 7.07107 0
      vertex 48.7539 6.87979 40
    endloop
  endfacet
  facet normal 0.740639 -0.671342 0.0274582
    outer loop
      vertex 61.2798 -5.6461 40
      vertex 60.6932 -6.29325 40
      vertex 61.4711 -7.07107 0
    endloop
  endfacet
  facet normal -0.336752 0.941193 0.0274563
    outer loop
      vertex 51.4972 9.5694 0
      vertex 50.5732 9.2388 0
      vertex 51.8165 8.51677 40
    endloop
  endfacet
  facet normal 0.2429 -0.969663 0.0274563
    outer loop
      vertex 56.9835 -8.51677 40
      vertex 56.3509 -9.80785 0
      vertex 57.3028 -9.5694 0
    endloop
  endfacet
  facet normal -0.857411 0.513899 0.0274563
    outer loop
      vertex 46.0853 5.5557 0
      vertex 45.5808 4.71397 0
      vertex 46.5509 4.19543 40
    endloop
  endfacet
  facet normal 0.2429 0.969663 0.0274563
    outer loop
      vertex 57.3028 9.5694 0
      vertex 56.3509 9.80785 0
      vertex 56.9835 8.51677 40
    endloop
  endfacet
  facet normal -0.857414 0.513894 0.0274562
    outer loop
      vertex 46.9999 4.94457 40
      vertex 46.0853 5.5557 0
      vertex 46.5509 4.19543 40
    endloop
  endfacet
  facet normal 0.802899 0.595482 0.0274562
    outer loop
      vertex 62.7147 5.5557 0
      vertex 61.2798 5.6461 40
      vertex 61.8001 4.94457 40
    endloop
  endfacet
  facet normal 0.8029 0.595481 0.0274563
    outer loop
      vertex 62.1301 6.34393 0
      vertex 61.2798 5.6461 40
      vertex 62.7147 5.5557 0
    endloop
  endfacet
  facet normal -0.242897 -0.969664 0.0274564
    outer loop
      vertex 52.6637 -8.72899 40
      vertex 51.8165 -8.51677 40
      vertex 52.4491 -9.80785 0
    endloop
  endfacet
  facet normal 0.671269 0.740705 0.027456
    outer loop
      vertex 60.7439 7.7301 0
      vertex 60.0461 6.87979 40
      vertex 61.4711 7.07107 0
    endloop
  endfacet
  facet normal -0.0490512 -0.998419 0.0274567
    outer loop
      vertex 53.5276 -8.85714 40
      vertex 53.4198 -9.95185 0
      vertex 54.4 -8.9 40
    endloop
  endfacet
  facet normal -0.988813 0.146614 0.0274565
    outer loop
      vertex 45.671 1.7363 40
      vertex 44.4482 0.980171 0
      vertex 45.5429 0.872352 40
    endloop
  endfacet
  facet normal -0.903643 0.427406 0.0274563
    outer loop
      vertex 45.5808 4.71397 0
      vertex 45.1612 3.82683 0
      vertex 46.5509 4.19543 40
    endloop
  endfacet
  facet normal -0.903661 0.427366 0.0274573
    outer loop
      vertex 46.5509 4.19543 40
      vertex 45.1612 3.82683 0
      vertex 46.1775 3.40588 40
    endloop
  endfacet
  facet normal -0.146678 -0.988803 0.0274566
    outer loop
      vertex 53.5276 -8.85714 40
      vertex 52.6637 -8.72899 40
      vertex 53.4198 -9.95185 0
    endloop
  endfacet
  facet normal -0.988817 -0.146581 0.0274573
    outer loop
      vertex 45.671 -1.7363 40
      vertex 44.4482 -0.980171 0
      vertex 44.5921 -1.9509 0
    endloop
  endfacet
  facet normal 0.427417 0.903638 0.027456
    outer loop
      vertex 58.2268 9.2388 0
      vertex 57.8059 8.22253 40
      vertex 58.5954 7.8491 40
    endloop
  endfacet
  facet normal 0.427417 -0.903638 0.027456
    outer loop
      vertex 58.5954 -7.8491 40
      vertex 57.8059 -8.22253 40
      vertex 58.2268 -9.2388 0
    endloop
  endfacet
  facet normal -0.740639 -0.671342 0.0274582
    outer loop
      vertex 47.5202 -5.6461 40
      vertex 47.3289 -7.07107 0
      vertex 48.1068 -6.29325 40
    endloop
  endfacet
  facet normal -0.969671 -0.242867 0.0274574
    outer loop
      vertex 45.671 -1.7363 40
      vertex 44.5921 -1.9509 0
      vertex 45.8832 -2.58353 40
    endloop
  endfacet
  facet normal -0.988817 0.146581 0.0274573
    outer loop
      vertex 44.5921 1.9509 0
      vertex 44.4482 0.980171 0
      vertex 45.671 1.7363 40
    endloop
  endfacet
  facet normal -0.740693 -0.671283 0.0274563
    outer loop
      vertex 47.5202 -5.6461 40
      vertex 46.6699 -6.34393 0
      vertex 47.3289 -7.07107 0
    endloop
  endfacet
  facet normal -0.671333 0.740647 0.027458
    outer loop
      vertex 48.7539 6.87979 40
      vertex 47.3289 7.07107 0
      vertex 48.1068 6.29325 40
    endloop
  endfacet
  facet normal 0.146678 -0.988803 0.0274566
    outer loop
      vertex 56.1363 -8.72899 40
      vertex 55.2724 -8.85714 40
      vertex 55.3802 -9.95185 0
    endloop
  endfacet
  facet normal 0.049045 -0.998419 0.0274565
    outer loop
      vertex 54.4 -8.9 40
      vertex 54.4 -10 0
      vertex 55.3802 -9.95185 0
    endloop
  endfacet
  facet normal -0.51392 0.857399 0.0274572
    outer loop
      vertex 49.686 8.81921 0
      vertex 48.8443 8.3147 0
      vertex 50.2046 7.8491 40
    endloop
  endfacet
  facet normal -0.8029 -0.595481 0.0274563
    outer loop
      vertex 47.5202 -5.6461 40
      vertex 46.0853 -5.5557 0
      vertex 46.6699 -6.34393 0
    endloop
  endfacet
  facet normal 0.595495 -0.80289 0.027456
    outer loop
      vertex 60.0461 -6.87979 40
      vertex 59.9557 -8.3147 0
      vertex 60.7439 -7.7301 0
    endloop
  endfacet
  facet normal -0.969654 0.242935 0.0274558
    outer loop
      vertex 44.8306 2.90285 0
      vertex 44.5921 1.9509 0
      vertex 45.8832 2.58353 40
    endloop
  endfacet
  facet normal -0.998417 -0.0490972 0.0274565
    outer loop
      vertex 45.5 0 40
      vertex 44.4 0 0
      vertex 44.4482 -0.980171 0
    endloop
  endfacet
  facet normal 0.802899 -0.595482 0.0274562
    outer loop
      vertex 61.8001 -4.94457 40
      vertex 61.2798 -5.6461 40
      vertex 62.7147 -5.5557 0
    endloop
  endfacet
  facet normal -0.51392 -0.857399 0.0274572
    outer loop
      vertex 50.2046 -7.8491 40
      vertex 48.8443 -8.3147 0
      vertex 49.686 -8.81921 0
    endloop
  endfacet
  facet normal -0.998416 0.0490995 0.0274565
    outer loop
      vertex 45.5429 0.872352 40
      vertex 44.4482 0.980171 0
      vertex 45.5 0 40
    endloop
  endfacet
  facet normal 0.8029 -0.595481 0.0274563
    outer loop
      vertex 62.7147 -5.5557 0
      vertex 61.2798 -5.6461 40
      vertex 62.1301 -6.34393 0
    endloop
  endfacet
  facet normal 0.740693 -0.671283 0.0274563
    outer loop
      vertex 62.1301 -6.34393 0
      vertex 61.2798 -5.6461 40
      vertex 61.4711 -7.07107 0
    endloop
  endfacet
  facet normal -0.2429 -0.969663 0.0274563
    outer loop
      vertex 51.8165 -8.51677 40
      vertex 51.4972 -9.5694 0
      vertex 52.4491 -9.80785 0
    endloop
  endfacet
  facet normal -0.671269 -0.740705 0.027456
    outer loop
      vertex 48.7539 -6.87979 40
      vertex 47.3289 -7.07107 0
      vertex 48.0561 -7.7301 0
    endloop
  endfacet
  facet normal 0 0 -1
    outer loop
      vertex 61.9973 0 0
      vertex 64.4 0 0
      vertex 64.3518 -0.980171 0
    endloop
  endfacet
  facet normal 0 0 -1
    outer loop
      vertex 61.9607 -0.744661 0
      vertex 64.3518 -0.980171 0
      vertex 64.2079 -1.9509 0
    endloop
  endfacet
  facet normal 0 0 -1
    outer loop
      vertex 64.4 0 0
      vertex 61.9973 0 0
      vertex 64.3518 0.980171 0
    endloop
  endfacet
  facet normal 0 0 -1
    outer loop
      vertex 61.8509 -1.48369 0
      vertex 64.2079 -1.9509 0
      vertex 63.9694 -2.90285 0
    endloop
  endfacet
  facet normal 0 0 -1
    outer loop
      vertex 61.9608 0.743076 0
      vertex 64.3518 0.980171 0
      vertex 61.9973 0 0
    endloop
  endfacet
  facet normal 0 0 -1
    outer loop
      vertex 61.6701 -2.20537 0
      vertex 63.9694 -2.90285 0
      vertex 63.6388 -3.82683 0
    endloop
  endfacet
  facet normal 0 0 -1
    outer loop
      vertex 61.9607 0.744661 0
      vertex 64.3518 0.980171 0
      vertex 61.9608 0.743076 0
    endloop
  endfacet
  facet normal 0 0 -1
    outer loop
      vertex 61.419 -2.90735 0
      vertex 63.6388 -3.82683 0
      vertex 63.2192 -4.71397 0
    endloop
  endfacet
  facet normal -0 0 -1
    outer loop
      vertex 64.3518 0.980171 0
      vertex 61.9607 0.744661 0
      vertex 64.2079 1.9509 0
    endloop
  endfacet
  facet normal 0 0 -1
    outer loop
      vertex 61.0994 -3.58269 0
      vertex 63.2192 -4.71397 0
      vertex 62.7147 -5.5557 0
    endloop
  endfacet
  facet normal 0 0 -1
    outer loop
      vertex 61.8515 1.48058 0
      vertex 64.2079 1.9509 0
      vertex 61.9607 0.744661 0
    endloop
  endfacet
  facet normal 0 0 -1
    outer loop
      vertex 60.716 -4.22209 0
      vertex 62.7147 -5.5557 0
      vertex 62.1301 -6.34393 0
    endloop
  endfacet
  facet normal 0 0 -1
    outer loop
      vertex 61.8513 1.48215 0
      vertex 64.2079 1.9509 0
      vertex 61.8515 1.48058 0
    endloop
  endfacet
  facet normal 0 0 -1
    outer loop
      vertex 61.8509 1.48369 0
      vertex 64.2079 1.9509 0
      vertex 61.8513 1.48215 0
    endloop
  endfacet
  facet normal 0 0 -1
    outer loop
      vertex 64.3518 -0.980171 0
      vertex 61.9608 -0.743076 0
      vertex 61.9973 0 0
    endloop
  endfacet
  facet normal 0 0 -1
    outer loop
      vertex 64.3518 -0.980171 0
      vertex 61.9607 -0.744661 0
      vertex 61.9608 -0.743076 0
    endloop
  endfacet
  facet normal 0 0 -1
    outer loop
      vertex 64.2079 -1.9509 0
      vertex 61.8515 -1.48058 0
      vertex 61.9607 -0.744661 0
    endloop
  endfacet
  facet normal 0 0 -1
    outer loop
      vertex 64.2079 -1.9509 0
      vertex 61.8513 -1.48215 0
      vertex 61.8515 -1.48058 0
    endloop
  endfacet
  facet normal 0 0 -1
    outer loop
      vertex 64.2079 -1.9509 0
      vertex 61.8509 -1.48369 0
      vertex 61.8513 -1.48215 0
    endloop
  endfacet
  facet normal 0 0 -1
    outer loop
      vertex 63.9694 -2.90285 0
      vertex 61.6701 -2.20537 0
      vertex 61.8509 -1.48369 0
    endloop
  endfacet
  facet normal 0 0 -1
    outer loop
      vertex 60.2728 -4.81965 0
      vertex 62.1301 -6.34393 0
      vertex 61.4711 -7.07107 0
    endloop
  endfacet
  facet normal 0 0 -1
    outer loop
      vertex 63.6388 -3.82683 0
      vertex 61.4195 -2.90585 0
      vertex 61.6701 -2.20537 0
    endloop
  endfacet
  facet normal 0 0 -1
    outer loop
      vertex 63.6388 -3.82683 0
      vertex 61.419 -2.90735 0
      vertex 61.4195 -2.90585 0
    endloop
  endfacet
  facet normal 0 0 -1
    outer loop
      vertex 63.2192 -4.71397 0
      vertex 61.1009 -3.57989 0
      vertex 61.419 -2.90735 0
    endloop
  endfacet
  facet normal 0 0 -1
    outer loop
      vertex 63.2192 -4.71397 0
      vertex 61.1002 -3.58133 0
      vertex 61.1009 -3.57989 0
    endloop
  endfacet
  facet normal 0 0 -1
    outer loop
      vertex 63.2192 -4.71397 0
      vertex 61.0994 -3.58269 0
      vertex 61.1002 -3.58133 0
    endloop
  endfacet
  facet normal 0 0 -1
    outer loop
      vertex 59.7709 -5.37314 0
      vertex 61.4711 -7.07107 0
      vertex 60.7439 -7.7301 0
    endloop
  endfacet
  facet normal 0 0 -1
    outer loop
      vertex 62.7147 -5.5557 0
      vertex 60.7169 -4.22081 0
      vertex 61.0994 -3.58269 0
    endloop
  endfacet
  facet normal 0 0 -1
    outer loop
      vertex 62.7147 -5.5557 0
      vertex 60.716 -4.22209 0
      vertex 60.7169 -4.22081 0
    endloop
  endfacet
  facet normal 0 0 -1
    outer loop
      vertex 62.1301 -6.34393 0
      vertex 60.2728 -4.81965 0
      vertex 60.716 -4.22209 0
    endloop
  endfacet
  facet normal 0 0 -1
    outer loop
      vertex 59.2197 -5.87276 0
      vertex 60.7439 -7.7301 0
      vertex 59.9557 -8.3147 0
    endloop
  endfacet
  facet normal 0 0 -1
    outer loop
      vertex 61.4711 -7.07107 0
      vertex 59.7731 -5.3709 0
      vertex 60.2728 -4.81965 0
    endloop
  endfacet
  facet normal 0 0 -1
    outer loop
      vertex 61.4711 -7.07107 0
      vertex 59.7721 -5.37208 0
      vertex 59.7731 -5.3709 0
    endloop
  endfacet
  facet normal 0 0 -1
    outer loop
      vertex 61.4711 -7.07107 0
      vertex 59.7709 -5.37314 0
      vertex 59.7721 -5.37208 0
    endloop
  endfacet
  facet normal 0 0 -1
    outer loop
      vertex 60.7439 -7.7301 0
      vertex 59.2197 -5.87276 0
      vertex 59.7709 -5.37314 0
    endloop
  endfacet
  facet normal 0 0 -1
    outer loop
      vertex 58.6208 -6.31689 0
      vertex 59.9557 -8.3147 0
      vertex 59.114 -8.81921 0
    endloop
  endfacet
  facet normal 0 0 -1
    outer loop
      vertex 59.9557 -8.3147 0
      vertex 58.6221 -6.31595 0
      vertex 59.2197 -5.87276 0
    endloop
  endfacet
  facet normal 0 0 -1
    outer loop
      vertex 59.9557 -8.3147 0
      vertex 58.6208 -6.31689 0
      vertex 58.6221 -6.31595 0
    endloop
  endfacet
  facet normal 0 0 -1
    outer loop
      vertex 57.9799 -6.70087 0
      vertex 59.114 -8.81921 0
      vertex 58.2268 -9.2388 0
    endloop
  endfacet
  facet normal 0 0 -1
    outer loop
      vertex 59.114 -8.81921 0
      vertex 57.9827 -6.69937 0
      vertex 58.6208 -6.31689 0
    endloop
  endfacet
  facet normal 0 0 -1
    outer loop
      vertex 59.114 -8.81921 0
      vertex 57.9813 -6.70019 0
      vertex 57.9827 -6.69937 0
    endloop
  endfacet
  facet normal 0 0 -1
    outer loop
      vertex 59.114 -8.81921 0
      vertex 57.9799 -6.70087 0
      vertex 57.9813 -6.70019 0
    endloop
  endfacet
  facet normal 0 0 -1
    outer loop
      vertex 58.2268 -9.2388 0
      vertex 57.3073 -7.01896 0
      vertex 57.9799 -6.70087 0
    endloop
  endfacet
  facet normal 0 0 -1
    outer loop
      vertex 58.2268 -9.2388 0
      vertex 57.3059 -7.01949 0
      vertex 57.3073 -7.01896 0
    endloop
  endfacet
  facet normal 0 0 -1
    outer loop
      vertex 57.3028 -9.5694 0
      vertex 57.3059 -7.01949 0
      vertex 58.2268 -9.2388 0
    endloop
  endfacet
  facet normal 0 0 -1
    outer loop
      vertex 57.3028 -9.5694 0
      vertex 56.6054 -7.27013 0
      vertex 57.3059 -7.01949 0
    endloop
  endfacet
  facet normal 0 0 -1
    outer loop
      vertex 56.3509 -9.80785 0
      vertex 56.6054 -7.27013 0
      vertex 57.3028 -9.5694 0
    endloop
  endfacet
  facet normal 0 0 -1
    outer loop
      vertex 56.3509 -9.80785 0
      vertex 55.8837 -7.4509 0
      vertex 56.6054 -7.27013 0
    endloop
  endfacet
  facet normal 0 0 -1
    outer loop
      vertex 56.3509 -9.80785 0
      vertex 55.8822 -7.45128 0
      vertex 55.8837 -7.4509 0
    endloop
  endfacet
  facet normal 0 0 -1
    outer loop
      vertex 56.3509 -9.80785 0
      vertex 55.8806 -7.45152 0
      vertex 55.8822 -7.45128 0
    endloop
  endfacet
  facet normal 0 0 -1
    outer loop
      vertex 55.3802 -9.95185 0
      vertex 55.8806 -7.45152 0
      vertex 56.3509 -9.80785 0
    endloop
  endfacet
  facet normal 0 0 -1
    outer loop
      vertex 55.3802 -9.95185 0
      vertex 55.1447 -7.56068 0
      vertex 55.8806 -7.45152 0
    endloop
  endfacet
  facet normal 0 0 -1
    outer loop
      vertex 55.3802 -9.95185 0
      vertex 55.1431 -7.56076 0
      vertex 55.1447 -7.56068 0
    endloop
  endfacet
  facet normal 0 0 -1
    outer loop
      vertex 54.4 -10 0
      vertex 55.1431 -7.56076 0
      vertex 55.3802 -9.95185 0
    endloop
  endfacet
  facet normal 0 0 -1
    outer loop
      vertex 54.4 -10 0
      vertex 54.4 -7.59726 0
      vertex 55.1431 -7.56076 0
    endloop
  endfacet
  facet normal 0 0 -1
    outer loop
      vertex 54.4 -10 0
      vertex 53.6569 -7.56076 0
      vertex 54.4 -7.59726 0
    endloop
  endfacet
  facet normal 0 0 -1
    outer loop
      vertex 53.4198 -9.95185 0
      vertex 53.6569 -7.56076 0
      vertex 54.4 -10 0
    endloop
  endfacet
  facet normal -0 0 -1
    outer loop
      vertex 53.6569 -7.56076 0
      vertex 53.4198 -9.95185 0
      vertex 53.6553 -7.56068 0
    endloop
  endfacet
  facet normal 0 0 -1
    outer loop
      vertex 53.4198 -9.95185 0
      vertex 52.9194 -7.45152 0
      vertex 53.6553 -7.56068 0
    endloop
  endfacet
  facet normal 0 0 -1
    outer loop
      vertex 52.4491 -9.80785 0
      vertex 52.9194 -7.45152 0
      vertex 53.4198 -9.95185 0
    endloop
  endfacet
  facet normal -0 0 -1
    outer loop
      vertex 52.9194 -7.45152 0
      vertex 52.4491 -9.80785 0
      vertex 52.9178 -7.45128 0
    endloop
  endfacet
  facet normal -0 0 -1
    outer loop
      vertex 52.9178 -7.45128 0
      vertex 52.4491 -9.80785 0
      vertex 52.9163 -7.4509 0
    endloop
  endfacet
  facet normal 0 0 -1
    outer loop
      vertex 52.4491 -9.80785 0
      vertex 52.1946 -7.27013 0
      vertex 52.9163 -7.4509 0
    endloop
  endfacet
  facet normal 0 0 -1
    outer loop
      vertex 51.4972 -9.5694 0
      vertex 52.1946 -7.27013 0
      vertex 52.4491 -9.80785 0
    endloop
  endfacet
  facet normal 0 0 -1
    outer loop
      vertex 51.4972 -9.5694 0
      vertex 51.4941 -7.01949 0
      vertex 52.1946 -7.27013 0
    endloop
  endfacet
  facet normal 0 0 -1
    outer loop
      vertex 50.5732 -9.2388 0
      vertex 51.4941 -7.01949 0
      vertex 51.4972 -9.5694 0
    endloop
  endfacet
  facet normal -0 0 -1
    outer loop
      vertex 51.4941 -7.01949 0
      vertex 50.5732 -9.2388 0
      vertex 51.4927 -7.01896 0
    endloop
  endfacet
  facet normal -0 0 -1
    outer loop
      vertex 51.4927 -7.01896 0
      vertex 50.5732 -9.2388 0
      vertex 50.8201 -6.70087 0
    endloop
  endfacet
  facet normal 0 0 -1
    outer loop
      vertex 49.686 -8.81921 0
      vertex 50.8201 -6.70087 0
      vertex 50.5732 -9.2388 0
    endloop
  endfacet
  facet normal -0 0 -1
    outer loop
      vertex 50.8201 -6.70087 0
      vertex 49.686 -8.81921 0
      vertex 50.8187 -6.70019 0
    endloop
  endfacet
  facet normal -0 0 -1
    outer loop
      vertex 50.8187 -6.70019 0
      vertex 49.686 -8.81921 0
      vertex 50.8173 -6.69937 0
    endloop
  endfacet
  facet normal -0 0 -1
    outer loop
      vertex 50.8173 -6.69937 0
      vertex 49.686 -8.81921 0
      vertex 50.1792 -6.31689 0
    endloop
  endfacet
  facet normal 0 0 -1
    outer loop
      vertex 48.8443 -8.3147 0
      vertex 50.1792 -6.31689 0
      vertex 49.686 -8.81921 0
    endloop
  endfacet
  facet normal -0 0 -1
    outer loop
      vertex 50.1792 -6.31689 0
      vertex 48.8443 -8.3147 0
      vertex 50.1779 -6.31595 0
    endloop
  endfacet
  facet normal -0 0 -1
    outer loop
      vertex 50.1779 -6.31595 0
      vertex 48.8443 -8.3147 0
      vertex 49.5803 -5.87276 0
    endloop
  endfacet
  facet normal 0 0 -1
    outer loop
      vertex 48.0561 -7.7301 0
      vertex 49.5803 -5.87276 0
      vertex 48.8443 -8.3147 0
    endloop
  endfacet
  facet normal -0 0 -1
    outer loop
      vertex 49.5803 -5.87276 0
      vertex 48.0561 -7.7301 0
      vertex 49.0291 -5.37314 0
    endloop
  endfacet
  facet normal 0 0 -1
    outer loop
      vertex 47.3289 -7.07107 0
      vertex 49.0291 -5.37314 0
      vertex 48.0561 -7.7301 0
    endloop
  endfacet
  facet normal -0 0 -1
    outer loop
      vertex 49.0291 -5.37314 0
      vertex 47.3289 -7.07107 0
      vertex 49.0279 -5.37208 0
    endloop
  endfacet
  facet normal -0 0 -1
    outer loop
      vertex 49.0279 -5.37208 0
      vertex 47.3289 -7.07107 0
      vertex 49.0269 -5.3709 0
    endloop
  endfacet
  facet normal -0 0 -1
    outer loop
      vertex 49.0269 -5.3709 0
      vertex 47.3289 -7.07107 0
      vertex 48.5272 -4.81965 0
    endloop
  endfacet
  facet normal 0 0 -1
    outer loop
      vertex 46.6699 -6.34393 0
      vertex 48.5272 -4.81965 0
      vertex 47.3289 -7.07107 0
    endloop
  endfacet
  facet normal -0 0 -1
    outer loop
      vertex 48.5272 -4.81965 0
      vertex 46.6699 -6.34393 0
      vertex 48.0841 -4.22209 0
    endloop
  endfacet
  facet normal 0 0 -1
    outer loop
      vertex 46.0853 -5.5557 0
      vertex 48.0841 -4.22209 0
      vertex 46.6699 -6.34393 0
    endloop
  endfacet
  facet normal -0 0 -1
    outer loop
      vertex 48.0841 -4.22209 0
      vertex 46.0853 -5.5557 0
      vertex 48.0831 -4.22081 0
    endloop
  endfacet
  facet normal -0 0 -1
    outer loop
      vertex 48.0831 -4.22081 0
      vertex 46.0853 -5.5557 0
      vertex 47.7006 -3.58269 0
    endloop
  endfacet
  facet normal 0 0 -1
    outer loop
      vertex 45.5808 -4.71397 0
      vertex 47.7006 -3.58269 0
      vertex 46.0853 -5.5557 0
    endloop
  endfacet
  facet normal -0 0 -1
    outer loop
      vertex 47.7006 -3.58269 0
      vertex 45.5808 -4.71397 0
      vertex 47.6998 -3.58133 0
    endloop
  endfacet
  facet normal -0 0 -1
    outer loop
      vertex 47.6998 -3.58133 0
      vertex 45.5808 -4.71397 0
      vertex 47.6991 -3.57989 0
    endloop
  endfacet
  facet normal -0 0 -1
    outer loop
      vertex 47.6991 -3.57989 0
      vertex 45.5808 -4.71397 0
      vertex 47.381 -2.90735 0
    endloop
  endfacet
  facet normal 0 0 -1
    outer loop
      vertex 45.1612 -3.82683 0
      vertex 47.381 -2.90735 0
      vertex 45.5808 -4.71397 0
    endloop
  endfacet
  facet normal -0 0 -1
    outer loop
      vertex 47.381 -2.90735 0
      vertex 45.1612 -3.82683 0
      vertex 47.3805 -2.90585 0
    endloop
  endfacet
  facet normal -0 0 -1
    outer loop
      vertex 47.3805 -2.90585 0
      vertex 45.1612 -3.82683 0
      vertex 47.1299 -2.20537 0
    endloop
  endfacet
  facet normal 0 0 -1
    outer loop
      vertex 44.5921 -1.9509 0
      vertex 46.9491 -1.48369 0
      vertex 44.8306 -2.90285 0
    endloop
  endfacet
  facet normal -0 0 -1
    outer loop
      vertex 47.1299 -2.20537 0
      vertex 44.8306 -2.90285 0
      vertex 46.9491 -1.48369 0
    endloop
  endfacet
  facet normal 0 0 -1
    outer loop
      vertex 44.8306 -2.90285 0
      vertex 47.1299 -2.20537 0
      vertex 45.1612 -3.82683 0
    endloop
  endfacet
  facet normal -0 0 -1
    outer loop
      vertex 64.2079 1.9509 0
      vertex 61.8509 1.48369 0
      vertex 63.9694 2.90285 0
    endloop
  endfacet
  facet normal 0 0 -1
    outer loop
      vertex 61.6701 2.20537 0
      vertex 63.9694 2.90285 0
      vertex 61.8509 1.48369 0
    endloop
  endfacet
  facet normal -0 0 -1
    outer loop
      vertex 63.9694 2.90285 0
      vertex 61.6701 2.20537 0
      vertex 63.6388 3.82683 0
    endloop
  endfacet
  facet normal 0 0 -1
    outer loop
      vertex 61.4195 2.90585 0
      vertex 63.6388 3.82683 0
      vertex 61.6701 2.20537 0
    endloop
  endfacet
  facet normal 0 0 -1
    outer loop
      vertex 61.419 2.90735 0
      vertex 63.6388 3.82683 0
      vertex 61.4195 2.90585 0
    endloop
  endfacet
  facet normal -0 0 -1
    outer loop
      vertex 63.6388 3.82683 0
      vertex 61.419 2.90735 0
      vertex 63.2192 4.71397 0
    endloop
  endfacet
  facet normal 0 0 -1
    outer loop
      vertex 61.1009 3.57989 0
      vertex 63.2192 4.71397 0
      vertex 61.419 2.90735 0
    endloop
  endfacet
  facet normal 0 0 -1
    outer loop
      vertex 61.1002 3.58133 0
      vertex 63.2192 4.71397 0
      vertex 61.1009 3.57989 0
    endloop
  endfacet
  facet normal 0 0 -1
    outer loop
      vertex 61.0994 3.58269 0
      vertex 63.2192 4.71397 0
      vertex 61.1002 3.58133 0
    endloop
  endfacet
  facet normal -0 0 -1
    outer loop
      vertex 63.2192 4.71397 0
      vertex 61.0994 3.58269 0
      vertex 62.7147 5.5557 0
    endloop
  endfacet
  facet normal 0 0 -1
    outer loop
      vertex 60.7169 4.22081 0
      vertex 62.7147 5.5557 0
      vertex 61.0994 3.58269 0
    endloop
  endfacet
  facet normal 0 0 -1
    outer loop
      vertex 60.716 4.22209 0
      vertex 62.7147 5.5557 0
      vertex 60.7169 4.22081 0
    endloop
  endfacet
  facet normal -0 0 -1
    outer loop
      vertex 62.7147 5.5557 0
      vertex 60.716 4.22209 0
      vertex 62.1301 6.34393 0
    endloop
  endfacet
  facet normal 0 0 -1
    outer loop
      vertex 60.2728 4.81965 0
      vertex 62.1301 6.34393 0
      vertex 60.716 4.22209 0
    endloop
  endfacet
  facet normal -0 0 -1
    outer loop
      vertex 62.1301 6.34393 0
      vertex 60.2728 4.81965 0
      vertex 61.4711 7.07107 0
    endloop
  endfacet
  facet normal 0 0 -1
    outer loop
      vertex 59.7731 5.3709 0
      vertex 61.4711 7.07107 0
      vertex 60.2728 4.81965 0
    endloop
  endfacet
  facet normal 0 0 -1
    outer loop
      vertex 59.7721 5.37208 0
      vertex 61.4711 7.07107 0
      vertex 59.7731 5.3709 0
    endloop
  endfacet
  facet normal 0 0 -1
    outer loop
      vertex 59.7709 5.37314 0
      vertex 61.4711 7.07107 0
      vertex 59.7721 5.37208 0
    endloop
  endfacet
  facet normal -0 0 -1
    outer loop
      vertex 61.4711 7.07107 0
      vertex 59.7709 5.37314 0
      vertex 60.7439 7.7301 0
    endloop
  endfacet
  facet normal 0 0 -1
    outer loop
      vertex 59.2197 5.87276 0
      vertex 60.7439 7.7301 0
      vertex 59.7709 5.37314 0
    endloop
  endfacet
  facet normal -0 0 -1
    outer loop
      vertex 60.7439 7.7301 0
      vertex 59.2197 5.87276 0
      vertex 59.9557 8.3147 0
    endloop
  endfacet
  facet normal 0 0 -1
    outer loop
      vertex 58.6221 6.31595 0
      vertex 59.9557 8.3147 0
      vertex 59.2197 5.87276 0
    endloop
  endfacet
  facet normal 0 0 -1
    outer loop
      vertex 58.6208 6.31689 0
      vertex 59.9557 8.3147 0
      vertex 58.6221 6.31595 0
    endloop
  endfacet
  facet normal -0 0 -1
    outer loop
      vertex 59.9557 8.3147 0
      vertex 58.6208 6.31689 0
      vertex 59.114 8.81921 0
    endloop
  endfacet
  facet normal 0 0 -1
    outer loop
      vertex 57.9827 6.69937 0
      vertex 59.114 8.81921 0
      vertex 58.6208 6.31689 0
    endloop
  endfacet
  facet normal 0 0 -1
    outer loop
      vertex 57.9813 6.70019 0
      vertex 59.114 8.81921 0
      vertex 57.9827 6.69937 0
    endloop
  endfacet
  facet normal 0 0 -1
    outer loop
      vertex 57.9799 6.70087 0
      vertex 59.114 8.81921 0
      vertex 57.9813 6.70019 0
    endloop
  endfacet
  facet normal -0 0 -1
    outer loop
      vertex 59.114 8.81921 0
      vertex 57.9799 6.70087 0
      vertex 58.2268 9.2388 0
    endloop
  endfacet
  facet normal 0 0 -1
    outer loop
      vertex 57.3073 7.01896 0
      vertex 58.2268 9.2388 0
      vertex 57.9799 6.70087 0
    endloop
  endfacet
  facet normal 0 0 -1
    outer loop
      vertex 57.3059 7.01949 0
      vertex 58.2268 9.2388 0
      vertex 57.3073 7.01896 0
    endloop
  endfacet
  facet normal 0 0 -1
    outer loop
      vertex 57.3059 7.01949 0
      vertex 57.3028 9.5694 0
      vertex 58.2268 9.2388 0
    endloop
  endfacet
  facet normal 0 0 -1
    outer loop
      vertex 56.6054 7.27013 0
      vertex 57.3028 9.5694 0
      vertex 57.3059 7.01949 0
    endloop
  endfacet
  facet normal 0 0 -1
    outer loop
      vertex 56.6054 7.27013 0
      vertex 56.3509 9.80785 0
      vertex 57.3028 9.5694 0
    endloop
  endfacet
  facet normal 0 0 -1
    outer loop
      vertex 55.8837 7.4509 0
      vertex 56.3509 9.80785 0
      vertex 56.6054 7.27013 0
    endloop
  endfacet
  facet normal 0 0 -1
    outer loop
      vertex 55.8822 7.45128 0
      vertex 56.3509 9.80785 0
      vertex 55.8837 7.4509 0
    endloop
  endfacet
  facet normal 0 0 -1
    outer loop
      vertex 55.8806 7.45152 0
      vertex 56.3509 9.80785 0
      vertex 55.8822 7.45128 0
    endloop
  endfacet
  facet normal 0 0 -1
    outer loop
      vertex 55.8806 7.45152 0
      vertex 55.3802 9.95185 0
      vertex 56.3509 9.80785 0
    endloop
  endfacet
  facet normal 0 0 -1
    outer loop
      vertex 55.1447 7.56068 0
      vertex 55.3802 9.95185 0
      vertex 55.8806 7.45152 0
    endloop
  endfacet
  facet normal 0 0 -1
    outer loop
      vertex 55.1431 7.56076 0
      vertex 55.3802 9.95185 0
      vertex 55.1447 7.56068 0
    endloop
  endfacet
  facet normal 0 0 -1
    outer loop
      vertex 54.4 7.59726 0
      vertex 55.3802 9.95185 0
      vertex 55.1431 7.56076 0
    endloop
  endfacet
  facet normal 0 0 -1
    outer loop
      vertex 54.4 7.59726 0
      vertex 54.4 10 0
      vertex 55.3802 9.95185 0
    endloop
  endfacet
  facet normal 0 0 -1
    outer loop
      vertex 53.6569 7.56076 0
      vertex 54.4 10 0
      vertex 54.4 7.59726 0
    endloop
  endfacet
  facet normal 0 0 -1
    outer loop
      vertex 53.4198 9.95185 0
      vertex 53.6569 7.56076 0
      vertex 53.6553 7.56068 0
    endloop
  endfacet
  facet normal 0 0 -1
    outer loop
      vertex 53.6569 7.56076 0
      vertex 53.4198 9.95185 0
      vertex 54.4 10 0
    endloop
  endfacet
  facet normal 0 0 -1
    outer loop
      vertex 52.9194 7.45152 0
      vertex 53.4198 9.95185 0
      vertex 53.6553 7.56068 0
    endloop
  endfacet
  facet normal 0 0 -1
    outer loop
      vertex 52.4491 9.80785 0
      vertex 52.9194 7.45152 0
      vertex 52.9178 7.45128 0
    endloop
  endfacet
  facet normal 0 0 -1
    outer loop
      vertex 52.4491 9.80785 0
      vertex 52.9178 7.45128 0
      vertex 52.9163 7.4509 0
    endloop
  endfacet
  facet normal 0 0 -1
    outer loop
      vertex 52.9194 7.45152 0
      vertex 52.4491 9.80785 0
      vertex 53.4198 9.95185 0
    endloop
  endfacet
  facet normal 0 0 -1
    outer loop
      vertex 52.1946 7.27013 0
      vertex 52.4491 9.80785 0
      vertex 52.9163 7.4509 0
    endloop
  endfacet
  facet normal 0 0 -1
    outer loop
      vertex 52.1946 7.27013 0
      vertex 51.4972 9.5694 0
      vertex 52.4491 9.80785 0
    endloop
  endfacet
  facet normal 0 0 -1
    outer loop
      vertex 51.4941 7.01949 0
      vertex 51.4972 9.5694 0
      vertex 52.1946 7.27013 0
    endloop
  endfacet
  facet normal 0 0 -1
    outer loop
      vertex 50.5732 9.2388 0
      vertex 51.4941 7.01949 0
      vertex 51.4927 7.01896 0
    endloop
  endfacet
  facet normal 0 0 -1
    outer loop
      vertex 50.5732 9.2388 0
      vertex 51.4927 7.01896 0
      vertex 50.8201 6.70087 0
    endloop
  endfacet
  facet normal 0 0 -1
    outer loop
      vertex 49.686 8.81921 0
      vertex 50.8201 6.70087 0
      vertex 50.8187 6.70019 0
    endloop
  endfacet
  facet normal 0 0 -1
    outer loop
      vertex 49.686 8.81921 0
      vertex 50.8187 6.70019 0
      vertex 50.8173 6.69937 0
    endloop
  endfacet
  facet normal 0 0 -1
    outer loop
      vertex 51.4941 7.01949 0
      vertex 50.5732 9.2388 0
      vertex 51.4972 9.5694 0
    endloop
  endfacet
  facet normal 0 0 -1
    outer loop
      vertex 49.686 8.81921 0
      vertex 50.8173 6.69937 0
      vertex 50.1792 6.31689 0
    endloop
  endfacet
  facet normal 0 0 -1
    outer loop
      vertex 48.8443 8.3147 0
      vertex 50.1792 6.31689 0
      vertex 50.1779 6.31595 0
    endloop
  endfacet
  facet normal 0 0 -1
    outer loop
      vertex 50.8201 6.70087 0
      vertex 49.686 8.81921 0
      vertex 50.5732 9.2388 0
    endloop
  endfacet
  facet normal 0 0 -1
    outer loop
      vertex 48.8443 8.3147 0
      vertex 50.1779 6.31595 0
      vertex 49.5803 5.87276 0
    endloop
  endfacet
  facet normal 0 0 -1
    outer loop
      vertex 48.0561 7.7301 0
      vertex 49.5803 5.87276 0
      vertex 49.0291 5.37314 0
    endloop
  endfacet
  facet normal 0 0 -1
    outer loop
      vertex 47.3289 7.07107 0
      vertex 49.0291 5.37314 0
      vertex 49.0279 5.37208 0
    endloop
  endfacet
  facet normal 0 0 -1
    outer loop
      vertex 47.3289 7.07107 0
      vertex 49.0279 5.37208 0
      vertex 49.0269 5.3709 0
    endloop
  endfacet
  facet normal 0 0 -1
    outer loop
      vertex 50.1792 6.31689 0
      vertex 48.8443 8.3147 0
      vertex 49.686 8.81921 0
    endloop
  endfacet
  facet normal 0 0 -1
    outer loop
      vertex 47.3289 7.07107 0
      vertex 49.0269 5.3709 0
      vertex 48.5272 4.81965 0
    endloop
  endfacet
  facet normal 0 0 -1
    outer loop
      vertex 46.6699 6.34393 0
      vertex 48.5272 4.81965 0
      vertex 48.0841 4.22209 0
    endloop
  endfacet
  facet normal 0 0 -1
    outer loop
      vertex 46.0853 5.5557 0
      vertex 48.0841 4.22209 0
      vertex 48.0831 4.22081 0
    endloop
  endfacet
  facet normal 0 0 -1
    outer loop
      vertex 49.5803 5.87276 0
      vertex 48.0561 7.7301 0
      vertex 48.8443 8.3147 0
    endloop
  endfacet
  facet normal 0 0 -1
    outer loop
      vertex 46.0853 5.5557 0
      vertex 48.0831 4.22081 0
      vertex 47.7006 3.58269 0
    endloop
  endfacet
  facet normal 0 0 -1
    outer loop
      vertex 45.5808 4.71397 0
      vertex 47.7006 3.58269 0
      vertex 47.6998 3.58133 0
    endloop
  endfacet
  facet normal 0 0 -1
    outer loop
      vertex 45.5808 4.71397 0
      vertex 47.6998 3.58133 0
      vertex 47.6991 3.57989 0
    endloop
  endfacet
  facet normal 0 0 -1
    outer loop
      vertex 45.5808 4.71397 0
      vertex 47.6991 3.57989 0
      vertex 47.381 2.90735 0
    endloop
  endfacet
  facet normal 0 0 -1
    outer loop
      vertex 45.1612 3.82683 0
      vertex 47.381 2.90735 0
      vertex 47.3805 2.90585 0
    endloop
  endfacet
  facet normal 0 0 -1
    outer loop
      vertex 49.0291 5.37314 0
      vertex 47.3289 7.07107 0
      vertex 48.0561 7.7301 0
    endloop
  endfacet
  facet normal 0 0 -1
    outer loop
      vertex 45.1612 3.82683 0
      vertex 47.3805 2.90585 0
      vertex 47.1299 2.20537 0
    endloop
  endfacet
  facet normal 0 0 -1
    outer loop
      vertex 44.8306 2.90285 0
      vertex 47.1299 2.20537 0
      vertex 46.9491 1.48369 0
    endloop
  endfacet
  facet normal 0 0 -1
    outer loop
      vertex 44.5921 1.9509 0
      vertex 46.9491 1.48369 0
      vertex 46.9487 1.48215 0
    endloop
  endfacet
  facet normal 0 0 -1
    outer loop
      vertex 44.5921 1.9509 0
      vertex 46.9487 1.48215 0
      vertex 46.9485 1.48058 0
    endloop
  endfacet
  facet normal 0 0 -1
    outer loop
      vertex 44.5921 1.9509 0
      vertex 46.9485 1.48058 0
      vertex 46.8393 0.744661 0
    endloop
  endfacet
  facet normal 0 0 -1
    outer loop
      vertex 48.5272 4.81965 0
      vertex 46.6699 6.34393 0
      vertex 47.3289 7.07107 0
    endloop
  endfacet
  facet normal 0 0 -1
    outer loop
      vertex 44.4482 0.980171 0
      vertex 46.8393 0.744661 0
      vertex 46.8392 0.743076 0
    endloop
  endfacet
  facet normal 0 0 -1
    outer loop
      vertex 44.4482 0.980171 0
      vertex 46.8392 0.743076 0
      vertex 46.8027 0 0
    endloop
  endfacet
  facet normal -0 0 -1
    outer loop
      vertex 46.9491 -1.48369 0
      vertex 44.5921 -1.9509 0
      vertex 46.9487 -1.48215 0
    endloop
  endfacet
  facet normal -0 0 -1
    outer loop
      vertex 46.9487 -1.48215 0
      vertex 44.5921 -1.9509 0
      vertex 46.9485 -1.48058 0
    endloop
  endfacet
  facet normal 0 0 -1
    outer loop
      vertex 48.0841 4.22209 0
      vertex 46.0853 5.5557 0
      vertex 46.6699 6.34393 0
    endloop
  endfacet
  facet normal -0 0 -1
    outer loop
      vertex 46.9485 -1.48058 0
      vertex 44.5921 -1.9509 0
      vertex 46.8393 -0.744661 0
    endloop
  endfacet
  facet normal 0 0 -1
    outer loop
      vertex 47.7006 3.58269 0
      vertex 45.5808 4.71397 0
      vertex 46.0853 5.5557 0
    endloop
  endfacet
  facet normal 0 0 -1
    outer loop
      vertex 44.4482 -0.980171 0
      vertex 46.8393 -0.744661 0
      vertex 44.5921 -1.9509 0
    endloop
  endfacet
  facet normal 0 0 -1
    outer loop
      vertex 47.381 2.90735 0
      vertex 45.1612 3.82683 0
      vertex 45.5808 4.71397 0
    endloop
  endfacet
  facet normal -0 0 -1
    outer loop
      vertex 46.8393 -0.744661 0
      vertex 44.4482 -0.980171 0
      vertex 46.8392 -0.743076 0
    endloop
  endfacet
  facet normal 0 0 -1
    outer loop
      vertex 47.1299 2.20537 0
      vertex 44.8306 2.90285 0
      vertex 45.1612 3.82683 0
    endloop
  endfacet
  facet normal -0 0 -1
    outer loop
      vertex 46.8392 -0.743076 0
      vertex 44.4482 -0.980171 0
      vertex 46.8027 0 0
    endloop
  endfacet
  facet normal 0 0 -1
    outer loop
      vertex 46.9491 1.48369 0
      vertex 44.5921 1.9509 0
      vertex 44.8306 2.90285 0
    endloop
  endfacet
  facet normal 0 0 -1
    outer loop
      vertex 44.4 0 0
      vertex 46.8027 0 0
      vertex 44.4482 -0.980171 0
    endloop
  endfacet
  facet normal 0 0 -1
    outer loop
      vertex 46.8393 0.744661 0
      vertex 44.4482 0.980171 0
      vertex 44.5921 1.9509 0
    endloop
  endfacet
  facet normal 0 0 -1
    outer loop
      vertex 46.8027 0 0
      vertex 44.4 0 0
      vertex 44.4482 0.980171 0
    endloop
  endfacet
  facet normal -0.595491 0.802893 0.0274562
    outer loop
      vertex 48.8443 8.3147 0
      vertex 48.7539 6.87979 40
      vertex 49.4554 7.40008 40
    endloop
  endfacet
  facet normal 0.513881 -0.857422 0.0274562
    outer loop
      vertex 59.3446 -7.40008 40
      vertex 58.5954 -7.8491 40
      vertex 59.9557 -8.3147 0
    endloop
  endfacet
  facet normal 0.595491 -0.802893 0.0274562
    outer loop
      vertex 60.0461 -6.87979 40
      vertex 59.3446 -7.40008 40
      vertex 59.9557 -8.3147 0
    endloop
  endfacet
  facet normal -0.941191 -0.336758 0.0274558
    outer loop
      vertex 45.8832 -2.58353 40
      vertex 44.8306 -2.90285 0
      vertex 45.1612 -3.82683 0
    endloop
  endfacet
  facet normal -0.969654 -0.242935 0.0274558
    outer loop
      vertex 45.8832 -2.58353 40
      vertex 44.5921 -1.9509 0
      vertex 44.8306 -2.90285 0
    endloop
  endfacet
  facet normal -0.513881 0.857422 0.0274562
    outer loop
      vertex 50.2046 7.8491 40
      vertex 48.8443 8.3147 0
      vertex 49.4554 7.40008 40
    endloop
  endfacet
  facet normal -0 0 1
    outer loop
      vertex 60.9026 0.00185305 40
      vertex 63.3 0 40
      vertex 63.2571 0.872352 40
    endloop
  endfacet
  facet normal 0 0 1
    outer loop
      vertex 60.8712 0.639214 40
      vertex 63.2571 0.872352 40
      vertex 63.129 1.7363 40
    endloop
  endfacet
  facet normal 0 0 1
    outer loop
      vertex 63.3 0 40
      vertex 60.9026 0.00185305 40
      vertex 60.9027 0 40
    endloop
  endfacet
  facet normal 0 0 1
    outer loop
      vertex 60.7778 1.26862 40
      vertex 63.129 1.7363 40
      vertex 62.9168 2.58353 40
    endloop
  endfacet
  facet normal 0 0 1
    outer loop
      vertex 60.9026 -0.00185305 40
      vertex 63.3 0 40
      vertex 60.9027 0 40
    endloop
  endfacet
  facet normal 0 0 1
    outer loop
      vertex 60.6221 1.88939 40
      vertex 62.9168 2.58353 40
      vertex 62.6225 3.40588 40
    endloop
  endfacet
  facet normal 0 0 1
    outer loop
      vertex 63.3 0 40
      vertex 60.9026 -0.00185305 40
      vertex 63.2571 -0.872352 40
    endloop
  endfacet
  facet normal 0 0 1
    outer loop
      vertex 60.407 2.49017 40
      vertex 62.6225 3.40588 40
      vertex 62.2491 4.19543 40
    endloop
  endfacet
  facet normal -0 0 1
    outer loop
      vertex 60.8714 -0.637379 40
      vertex 63.2571 -0.872352 40
      vertex 60.9026 -0.00185305 40
    endloop
  endfacet
  facet normal 0 0 1
    outer loop
      vertex 60.1349 3.06537 40
      vertex 62.2491 4.19543 40
      vertex 61.8001 4.94457 40
    endloop
  endfacet
  facet normal -0 0 1
    outer loop
      vertex 60.8712 -0.639214 40
      vertex 63.2571 -0.872352 40
      vertex 60.8714 -0.637379 40
    endloop
  endfacet
  facet normal 0 0 1
    outer loop
      vertex 59.8068 3.61273 40
      vertex 61.8001 4.94457 40
      vertex 61.2798 5.6461 40
    endloop
  endfacet
  facet normal 0 0 1
    outer loop
      vertex 63.2571 -0.872352 40
      vertex 60.8712 -0.639214 40
      vertex 63.129 -1.7363 40
    endloop
  endfacet
  facet normal 0 0 1
    outer loop
      vertex 63.129 -1.7363 40
      vertex 60.7778 -1.26862 40
      vertex 62.9168 -2.58353 40
    endloop
  endfacet
  facet normal -0 0 1
    outer loop
      vertex 60.7778 -1.26862 40
      vertex 63.129 -1.7363 40
      vertex 60.8712 -0.639214 40
    endloop
  endfacet
  facet normal 0 0 1
    outer loop
      vertex 63.2571 0.872352 40
      vertex 60.8714 0.637379 40
      vertex 60.9026 0.00185305 40
    endloop
  endfacet
  facet normal 0 0 1
    outer loop
      vertex 63.2571 0.872352 40
      vertex 60.8712 0.639214 40
      vertex 60.8714 0.637379 40
    endloop
  endfacet
  facet normal 0 0 1
    outer loop
      vertex 63.129 1.7363 40
      vertex 60.7778 1.26862 40
      vertex 60.8712 0.639214 40
    endloop
  endfacet
  facet normal 0 0 1
    outer loop
      vertex 59.4254 4.12667 40
      vertex 61.2798 5.6461 40
      vertex 60.6932 6.29325 40
    endloop
  endfacet
  facet normal 0 0 1
    outer loop
      vertex 62.9168 2.58353 40
      vertex 60.6232 1.88584 40
      vertex 60.7778 1.26862 40
    endloop
  endfacet
  facet normal 0 0 1
    outer loop
      vertex 62.9168 2.58353 40
      vertex 60.6227 1.88764 40
      vertex 60.6232 1.88584 40
    endloop
  endfacet
  facet normal 0 0 1
    outer loop
      vertex 62.9168 2.58353 40
      vertex 60.6221 1.88939 40
      vertex 60.6227 1.88764 40
    endloop
  endfacet
  facet normal 0 0 1
    outer loop
      vertex 62.6225 3.40588 40
      vertex 60.4077 2.48849 40
      vertex 60.6221 1.88939 40
    endloop
  endfacet
  facet normal 0 0 1
    outer loop
      vertex 62.6225 3.40588 40
      vertex 60.407 2.49017 40
      vertex 60.4077 2.48849 40
    endloop
  endfacet
  facet normal 0 0 1
    outer loop
      vertex 62.2491 4.19543 40
      vertex 60.1349 3.06537 40
      vertex 60.407 2.49017 40
    endloop
  endfacet
  facet normal 0 0 1
    outer loop
      vertex 58.9981 4.59813 40
      vertex 60.6932 6.29325 40
      vertex 60.0461 6.87979 40
    endloop
  endfacet
  facet normal 0 0 1
    outer loop
      vertex 61.8001 4.94457 40
      vertex 59.8078 3.61114 40
      vertex 60.1349 3.06537 40
    endloop
  endfacet
  facet normal 0 0 1
    outer loop
      vertex 61.8001 4.94457 40
      vertex 59.8068 3.61273 40
      vertex 59.8078 3.61114 40
    endloop
  endfacet
  facet normal 0 0 1
    outer loop
      vertex 61.2798 5.6461 40
      vertex 59.4278 4.1238 40
      vertex 59.8068 3.61273 40
    endloop
  endfacet
  facet normal 0 0 1
    outer loop
      vertex 61.2798 5.6461 40
      vertex 59.4267 4.12529 40
      vertex 59.4278 4.1238 40
    endloop
  endfacet
  facet normal 0 0 1
    outer loop
      vertex 61.2798 5.6461 40
      vertex 59.4254 4.12667 40
      vertex 59.4267 4.12529 40
    endloop
  endfacet
  facet normal 0 0 1
    outer loop
      vertex 58.5238 5.02779 40
      vertex 60.0461 6.87979 40
      vertex 59.3446 7.40008 40
    endloop
  endfacet
  facet normal 0 0 1
    outer loop
      vertex 60.6932 6.29325 40
      vertex 58.9981 4.59813 40
      vertex 59.4254 4.12667 40
    endloop
  endfacet
  facet normal 0 0 1
    outer loop
      vertex 58.0111 5.40778 40
      vertex 59.3446 7.40008 40
      vertex 58.5954 7.8491 40
    endloop
  endfacet
  facet normal 0 0 1
    outer loop
      vertex 60.0461 6.87979 40
      vertex 58.5267 5.02544 40
      vertex 58.9981 4.59813 40
    endloop
  endfacet
  facet normal 0 0 1
    outer loop
      vertex 60.0461 6.87979 40
      vertex 58.5253 5.02668 40
      vertex 58.5267 5.02544 40
    endloop
  endfacet
  facet normal 0 0 1
    outer loop
      vertex 60.0461 6.87979 40
      vertex 58.5238 5.02779 40
      vertex 58.5253 5.02668 40
    endloop
  endfacet
  facet normal 0 0 1
    outer loop
      vertex 59.3446 7.40008 40
      vertex 58.0127 5.40683 40
      vertex 58.5238 5.02779 40
    endloop
  endfacet
  facet normal 0 0 1
    outer loop
      vertex 59.3446 7.40008 40
      vertex 58.0111 5.40778 40
      vertex 58.0127 5.40683 40
    endloop
  endfacet
  facet normal 0 0 1
    outer loop
      vertex 57.4654 5.7349 40
      vertex 58.5954 7.8491 40
      vertex 57.8059 8.22253 40
    endloop
  endfacet
  facet normal 0 0 1
    outer loop
      vertex 58.5954 7.8491 40
      vertex 57.4654 5.7349 40
      vertex 58.0111 5.40778 40
    endloop
  endfacet
  facet normal 0 0 1
    outer loop
      vertex 56.8885 6.00774 40
      vertex 57.8059 8.22253 40
      vertex 56.9835 8.51677 40
    endloop
  endfacet
  facet normal 0 0 1
    outer loop
      vertex 57.8059 8.22253 40
      vertex 56.8902 6.00695 40
      vertex 57.4654 5.7349 40
    endloop
  endfacet
  facet normal 0 0 1
    outer loop
      vertex 57.8059 8.22253 40
      vertex 56.8885 6.00774 40
      vertex 56.8902 6.00695 40
    endloop
  endfacet
  facet normal 0 0 1
    outer loop
      vertex 56.9835 8.51677 40
      vertex 56.2894 6.22211 40
      vertex 56.8885 6.00774 40
    endloop
  endfacet
  facet normal 0 0 1
    outer loop
      vertex 56.9835 8.51677 40
      vertex 56.2876 6.22273 40
      vertex 56.2894 6.22211 40
    endloop
  endfacet
  facet normal 0 0 1
    outer loop
      vertex 56.9835 8.51677 40
      vertex 56.2858 6.22318 40
      vertex 56.2876 6.22273 40
    endloop
  endfacet
  facet normal 0 0 1
    outer loop
      vertex 56.1363 8.72899 40
      vertex 56.2858 6.22318 40
      vertex 56.9835 8.51677 40
    endloop
  endfacet
  facet normal 0 0 1
    outer loop
      vertex 56.1363 8.72899 40
      vertex 55.6686 6.37779 40
      vertex 56.2858 6.22318 40
    endloop
  endfacet
  facet normal 0 0 1
    outer loop
      vertex 55.2724 8.85714 40
      vertex 55.6686 6.37779 40
      vertex 56.1363 8.72899 40
    endloop
  endfacet
  facet normal 0 0 1
    outer loop
      vertex 55.2724 8.85714 40
      vertex 55.0392 6.47115 40
      vertex 55.6686 6.37779 40
    endloop
  endfacet
  facet normal 0 0 1
    outer loop
      vertex 55.2724 8.85714 40
      vertex 55.0374 6.47142 40
      vertex 55.0392 6.47115 40
    endloop
  endfacet
  facet normal 0 0 1
    outer loop
      vertex 55.2724 8.85714 40
      vertex 54.4019 6.50265 40
      vertex 55.0374 6.47142 40
    endloop
  endfacet
  facet normal 0 0 1
    outer loop
      vertex 54.4 8.9 40
      vertex 54.4019 6.50265 40
      vertex 55.2724 8.85714 40
    endloop
  endfacet
  facet normal 0 0 1
    outer loop
      vertex 54.4 8.9 40
      vertex 54.4 6.50274 40
      vertex 54.4019 6.50265 40
    endloop
  endfacet
  facet normal 0 0 1
    outer loop
      vertex 54.4 8.9 40
      vertex 54.3981 6.50265 40
      vertex 54.4 6.50274 40
    endloop
  endfacet
  facet normal 0 0 1
    outer loop
      vertex 54.4 8.9 40
      vertex 53.7626 6.47142 40
      vertex 54.3981 6.50265 40
    endloop
  endfacet
  facet normal -0 0 1
    outer loop
      vertex 53.5276 8.85714 40
      vertex 53.7626 6.47142 40
      vertex 54.4 8.9 40
    endloop
  endfacet
  facet normal 0 0 1
    outer loop
      vertex 53.7626 6.47142 40
      vertex 53.5276 8.85714 40
      vertex 53.7608 6.47115 40
    endloop
  endfacet
  facet normal 0 0 1
    outer loop
      vertex 53.5276 8.85714 40
      vertex 53.1314 6.37779 40
      vertex 53.7608 6.47115 40
    endloop
  endfacet
  facet normal -0 0 1
    outer loop
      vertex 52.6637 8.72899 40
      vertex 53.1314 6.37779 40
      vertex 53.5276 8.85714 40
    endloop
  endfacet
  facet normal 0 0 1
    outer loop
      vertex 52.6637 8.72899 40
      vertex 52.5142 6.22318 40
      vertex 53.1314 6.37779 40
    endloop
  endfacet
  facet normal -0 0 1
    outer loop
      vertex 51.8165 8.51677 40
      vertex 52.5142 6.22318 40
      vertex 52.6637 8.72899 40
    endloop
  endfacet
  facet normal 0 0 1
    outer loop
      vertex 52.5142 6.22318 40
      vertex 51.8165 8.51677 40
      vertex 52.5124 6.22273 40
    endloop
  endfacet
  facet normal 0 0 1
    outer loop
      vertex 52.5124 6.22273 40
      vertex 51.8165 8.51677 40
      vertex 52.5106 6.22211 40
    endloop
  endfacet
  facet normal 0 0 1
    outer loop
      vertex 52.5106 6.22211 40
      vertex 51.8165 8.51677 40
      vertex 51.9115 6.00774 40
    endloop
  endfacet
  facet normal -0 0 1
    outer loop
      vertex 50.9941 8.22253 40
      vertex 51.9115 6.00774 40
      vertex 51.8165 8.51677 40
    endloop
  endfacet
  facet normal 0 0 1
    outer loop
      vertex 51.9115 6.00774 40
      vertex 50.9941 8.22253 40
      vertex 51.9098 6.00695 40
    endloop
  endfacet
  facet normal 0 0 1
    outer loop
      vertex 51.9098 6.00695 40
      vertex 50.9941 8.22253 40
      vertex 51.3346 5.7349 40
    endloop
  endfacet
  facet normal -0 0 1
    outer loop
      vertex 50.2046 7.8491 40
      vertex 51.3346 5.7349 40
      vertex 50.9941 8.22253 40
    endloop
  endfacet
  facet normal 0 0 1
    outer loop
      vertex 51.3346 5.7349 40
      vertex 50.2046 7.8491 40
      vertex 50.7889 5.40778 40
    endloop
  endfacet
  facet normal -0 0 1
    outer loop
      vertex 49.4554 7.40008 40
      vertex 50.7889 5.40778 40
      vertex 50.2046 7.8491 40
    endloop
  endfacet
  facet normal 0 0 1
    outer loop
      vertex 50.7889 5.40778 40
      vertex 49.4554 7.40008 40
      vertex 50.7873 5.40683 40
    endloop
  endfacet
  facet normal 0 0 1
    outer loop
      vertex 50.7873 5.40683 40
      vertex 49.4554 7.40008 40
      vertex 50.2762 5.02779 40
    endloop
  endfacet
  facet normal -0 0 1
    outer loop
      vertex 48.7539 6.87979 40
      vertex 50.2762 5.02779 40
      vertex 49.4554 7.40008 40
    endloop
  endfacet
  facet normal 0 0 1
    outer loop
      vertex 50.2762 5.02779 40
      vertex 48.7539 6.87979 40
      vertex 50.2747 5.02668 40
    endloop
  endfacet
  facet normal 0 0 1
    outer loop
      vertex 50.2747 5.02668 40
      vertex 48.7539 6.87979 40
      vertex 50.2733 5.02544 40
    endloop
  endfacet
  facet normal 0 0 1
    outer loop
      vertex 50.2733 5.02544 40
      vertex 48.7539 6.87979 40
      vertex 49.8019 4.59813 40
    endloop
  endfacet
  facet normal -0 0 1
    outer loop
      vertex 48.1068 6.29325 40
      vertex 49.8019 4.59813 40
      vertex 48.7539 6.87979 40
    endloop
  endfacet
  facet normal 0 0 1
    outer loop
      vertex 49.8019 4.59813 40
      vertex 48.1068 6.29325 40
      vertex 49.3746 4.12667 40
    endloop
  endfacet
  facet normal -0 0 1
    outer loop
      vertex 47.5202 5.6461 40
      vertex 49.3746 4.12667 40
      vertex 48.1068 6.29325 40
    endloop
  endfacet
  facet normal 0 0 1
    outer loop
      vertex 49.3746 4.12667 40
      vertex 47.5202 5.6461 40
      vertex 49.3733 4.12529 40
    endloop
  endfacet
  facet normal 0 0 1
    outer loop
      vertex 49.3733 4.12529 40
      vertex 47.5202 5.6461 40
      vertex 49.3722 4.1238 40
    endloop
  endfacet
  facet normal 0 0 1
    outer loop
      vertex 49.3722 4.1238 40
      vertex 47.5202 5.6461 40
      vertex 48.9932 3.61273 40
    endloop
  endfacet
  facet normal -0 0 1
    outer loop
      vertex 46.9999 4.94457 40
      vertex 48.9932 3.61273 40
      vertex 47.5202 5.6461 40
    endloop
  endfacet
  facet normal 0 0 1
    outer loop
      vertex 48.9932 3.61273 40
      vertex 46.9999 4.94457 40
      vertex 48.9922 3.61114 40
    endloop
  endfacet
  facet normal 0 0 1
    outer loop
      vertex 48.9922 3.61114 40
      vertex 46.9999 4.94457 40
      vertex 48.6651 3.06537 40
    endloop
  endfacet
  facet normal -0 0 1
    outer loop
      vertex 46.5509 4.19543 40
      vertex 48.6651 3.06537 40
      vertex 46.9999 4.94457 40
    endloop
  endfacet
  facet normal 0 0 1
    outer loop
      vertex 48.6651 3.06537 40
      vertex 46.5509 4.19543 40
      vertex 48.393 2.49017 40
    endloop
  endfacet
  facet normal -0 0 1
    outer loop
      vertex 46.1775 3.40588 40
      vertex 48.393 2.49017 40
      vertex 46.5509 4.19543 40
    endloop
  endfacet
  facet normal 0 0 1
    outer loop
      vertex 48.393 2.49017 40
      vertex 46.1775 3.40588 40
      vertex 48.3923 2.48849 40
    endloop
  endfacet
  facet normal 0 0 1
    outer loop
      vertex 48.3923 2.48849 40
      vertex 46.1775 3.40588 40
      vertex 48.1779 1.88939 40
    endloop
  endfacet
  facet normal -0 0 1
    outer loop
      vertex 45.8832 2.58353 40
      vertex 48.1779 1.88939 40
      vertex 46.1775 3.40588 40
    endloop
  endfacet
  facet normal 0 0 1
    outer loop
      vertex 48.1779 1.88939 40
      vertex 45.8832 2.58353 40
      vertex 48.1773 1.88764 40
    endloop
  endfacet
  facet normal 0 0 1
    outer loop
      vertex 48.1773 1.88764 40
      vertex 45.8832 2.58353 40
      vertex 48.1768 1.88584 40
    endloop
  endfacet
  facet normal 0 0 1
    outer loop
      vertex 48.1768 1.88584 40
      vertex 45.8832 2.58353 40
      vertex 48.0222 1.26862 40
    endloop
  endfacet
  facet normal -0 0 1
    outer loop
      vertex 60.6232 -1.88584 40
      vertex 62.9168 -2.58353 40
      vertex 60.7778 -1.26862 40
    endloop
  endfacet
  facet normal -0 0 1
    outer loop
      vertex 60.6227 -1.88764 40
      vertex 62.9168 -2.58353 40
      vertex 60.6232 -1.88584 40
    endloop
  endfacet
  facet normal -0 0 1
    outer loop
      vertex 60.6221 -1.88939 40
      vertex 62.9168 -2.58353 40
      vertex 60.6227 -1.88764 40
    endloop
  endfacet
  facet normal 0 0 1
    outer loop
      vertex 62.9168 -2.58353 40
      vertex 60.6221 -1.88939 40
      vertex 62.6225 -3.40588 40
    endloop
  endfacet
  facet normal -0 0 1
    outer loop
      vertex 60.4077 -2.48849 40
      vertex 62.6225 -3.40588 40
      vertex 60.6221 -1.88939 40
    endloop
  endfacet
  facet normal -0 0 1
    outer loop
      vertex 60.407 -2.49017 40
      vertex 62.6225 -3.40588 40
      vertex 60.4077 -2.48849 40
    endloop
  endfacet
  facet normal 0 0 1
    outer loop
      vertex 62.6225 -3.40588 40
      vertex 60.407 -2.49017 40
      vertex 62.2491 -4.19543 40
    endloop
  endfacet
  facet normal -0 0 1
    outer loop
      vertex 60.1349 -3.06537 40
      vertex 62.2491 -4.19543 40
      vertex 60.407 -2.49017 40
    endloop
  endfacet
  facet normal 0 0 1
    outer loop
      vertex 62.2491 -4.19543 40
      vertex 60.1349 -3.06537 40
      vertex 61.8001 -4.94457 40
    endloop
  endfacet
  facet normal -0 0 1
    outer loop
      vertex 59.8078 -3.61114 40
      vertex 61.8001 -4.94457 40
      vertex 60.1349 -3.06537 40
    endloop
  endfacet
  facet normal -0 0 1
    outer loop
      vertex 59.8068 -3.61273 40
      vertex 61.8001 -4.94457 40
      vertex 59.8078 -3.61114 40
    endloop
  endfacet
  facet normal 0 0 1
    outer loop
      vertex 61.8001 -4.94457 40
      vertex 59.8068 -3.61273 40
      vertex 61.2798 -5.6461 40
    endloop
  endfacet
  facet normal -0 0 1
    outer loop
      vertex 59.4278 -4.1238 40
      vertex 61.2798 -5.6461 40
      vertex 59.8068 -3.61273 40
    endloop
  endfacet
  facet normal -0 0 1
    outer loop
      vertex 59.4267 -4.12529 40
      vertex 61.2798 -5.6461 40
      vertex 59.4278 -4.1238 40
    endloop
  endfacet
  facet normal -0 0 1
    outer loop
      vertex 59.4254 -4.12667 40
      vertex 61.2798 -5.6461 40
      vertex 59.4267 -4.12529 40
    endloop
  endfacet
  facet normal 0 0 1
    outer loop
      vertex 61.2798 -5.6461 40
      vertex 59.4254 -4.12667 40
      vertex 60.6932 -6.29325 40
    endloop
  endfacet
  facet normal -0 0 1
    outer loop
      vertex 58.9981 -4.59813 40
      vertex 60.6932 -6.29325 40
      vertex 59.4254 -4.12667 40
    endloop
  endfacet
  facet normal 0 0 1
    outer loop
      vertex 60.6932 -6.29325 40
      vertex 58.9981 -4.59813 40
      vertex 60.0461 -6.87979 40
    endloop
  endfacet
  facet normal -0 0 1
    outer loop
      vertex 58.5267 -5.02544 40
      vertex 60.0461 -6.87979 40
      vertex 58.9981 -4.59813 40
    endloop
  endfacet
  facet normal -0 0 1
    outer loop
      vertex 58.5253 -5.02668 40
      vertex 60.0461 -6.87979 40
      vertex 58.5267 -5.02544 40
    endloop
  endfacet
  facet normal -0 0 1
    outer loop
      vertex 58.5238 -5.02779 40
      vertex 60.0461 -6.87979 40
      vertex 58.5253 -5.02668 40
    endloop
  endfacet
  facet normal 0 0 1
    outer loop
      vertex 60.0461 -6.87979 40
      vertex 58.5238 -5.02779 40
      vertex 59.3446 -7.40008 40
    endloop
  endfacet
  facet normal -0 0 1
    outer loop
      vertex 58.0127 -5.40683 40
      vertex 59.3446 -7.40008 40
      vertex 58.5238 -5.02779 40
    endloop
  endfacet
  facet normal -0 0 1
    outer loop
      vertex 58.0111 -5.40778 40
      vertex 59.3446 -7.40008 40
      vertex 58.0127 -5.40683 40
    endloop
  endfacet
  facet normal 0 0 1
    outer loop
      vertex 59.3446 -7.40008 40
      vertex 58.0111 -5.40778 40
      vertex 58.5954 -7.8491 40
    endloop
  endfacet
  facet normal -0 0 1
    outer loop
      vertex 57.4654 -5.7349 40
      vertex 58.5954 -7.8491 40
      vertex 58.0111 -5.40778 40
    endloop
  endfacet
  facet normal 0 0 1
    outer loop
      vertex 58.5954 -7.8491 40
      vertex 57.4654 -5.7349 40
      vertex 57.8059 -8.22253 40
    endloop
  endfacet
  facet normal -0 0 1
    outer loop
      vertex 56.8902 -6.00695 40
      vertex 57.8059 -8.22253 40
      vertex 57.4654 -5.7349 40
    endloop
  endfacet
  facet normal -0 0 1
    outer loop
      vertex 56.8885 -6.00774 40
      vertex 57.8059 -8.22253 40
      vertex 56.8902 -6.00695 40
    endloop
  endfacet
  facet normal 0 0 1
    outer loop
      vertex 57.8059 -8.22253 40
      vertex 56.8885 -6.00774 40
      vertex 56.9835 -8.51677 40
    endloop
  endfacet
  facet normal -0 0 1
    outer loop
      vertex 56.2894 -6.22211 40
      vertex 56.9835 -8.51677 40
      vertex 56.8885 -6.00774 40
    endloop
  endfacet
  facet normal -0 0 1
    outer loop
      vertex 56.2876 -6.22273 40
      vertex 56.9835 -8.51677 40
      vertex 56.2894 -6.22211 40
    endloop
  endfacet
  facet normal -0 0 1
    outer loop
      vertex 56.2858 -6.22318 40
      vertex 56.9835 -8.51677 40
      vertex 56.2876 -6.22273 40
    endloop
  endfacet
  facet normal 0 0 1
    outer loop
      vertex 56.2858 -6.22318 40
      vertex 56.1363 -8.72899 40
      vertex 56.9835 -8.51677 40
    endloop
  endfacet
  facet normal -0 0 1
    outer loop
      vertex 55.6686 -6.37779 40
      vertex 56.1363 -8.72899 40
      vertex 56.2858 -6.22318 40
    endloop
  endfacet
  facet normal 0 0 1
    outer loop
      vertex 55.6686 -6.37779 40
      vertex 55.2724 -8.85714 40
      vertex 56.1363 -8.72899 40
    endloop
  endfacet
  facet normal -0 0 1
    outer loop
      vertex 55.0392 -6.47115 40
      vertex 55.2724 -8.85714 40
      vertex 55.6686 -6.37779 40
    endloop
  endfacet
  facet normal -0 0 1
    outer loop
      vertex 55.0374 -6.47142 40
      vertex 55.2724 -8.85714 40
      vertex 55.0392 -6.47115 40
    endloop
  endfacet
  facet normal -0 0 1
    outer loop
      vertex 54.4019 -6.50265 40
      vertex 55.2724 -8.85714 40
      vertex 55.0374 -6.47142 40
    endloop
  endfacet
  facet normal 0 0 1
    outer loop
      vertex 54.4 -8.9 40
      vertex 54.4019 -6.50265 40
      vertex 54.4 -6.50274 40
    endloop
  endfacet
  facet normal 0 0 1
    outer loop
      vertex 54.4019 -6.50265 40
      vertex 54.4 -8.9 40
      vertex 55.2724 -8.85714 40
    endloop
  endfacet
  facet normal 0 0 1
    outer loop
      vertex 54.3981 -6.50265 40
      vertex 54.4 -8.9 40
      vertex 54.4 -6.50274 40
    endloop
  endfacet
  facet normal 0 0 1
    outer loop
      vertex 53.7626 -6.47142 40
      vertex 54.4 -8.9 40
      vertex 54.3981 -6.50265 40
    endloop
  endfacet
  facet normal 0 0 1
    outer loop
      vertex 53.5276 -8.85714 40
      vertex 53.7626 -6.47142 40
      vertex 53.7608 -6.47115 40
    endloop
  endfacet
  facet normal 0 0 1
    outer loop
      vertex 53.7626 -6.47142 40
      vertex 53.5276 -8.85714 40
      vertex 54.4 -8.9 40
    endloop
  endfacet
  facet normal 0 0 1
    outer loop
      vertex 53.1314 -6.37779 40
      vertex 53.5276 -8.85714 40
      vertex 53.7608 -6.47115 40
    endloop
  endfacet
  facet normal 0 0 1
    outer loop
      vertex 53.1314 -6.37779 40
      vertex 52.6637 -8.72899 40
      vertex 53.5276 -8.85714 40
    endloop
  endfacet
  facet normal 0 0 1
    outer loop
      vertex 52.5142 -6.22318 40
      vertex 52.6637 -8.72899 40
      vertex 53.1314 -6.37779 40
    endloop
  endfacet
  facet normal 0 0 1
    outer loop
      vertex 51.8165 -8.51677 40
      vertex 52.5142 -6.22318 40
      vertex 52.5124 -6.22273 40
    endloop
  endfacet
  facet normal 0 0 1
    outer loop
      vertex 51.8165 -8.51677 40
      vertex 52.5124 -6.22273 40
      vertex 52.5106 -6.22211 40
    endloop
  endfacet
  facet normal 0 0 1
    outer loop
      vertex 51.8165 -8.51677 40
      vertex 52.5106 -6.22211 40
      vertex 51.9115 -6.00774 40
    endloop
  endfacet
  facet normal 0 0 1
    outer loop
      vertex 50.9941 -8.22253 40
      vertex 51.9115 -6.00774 40
      vertex 51.9098 -6.00695 40
    endloop
  endfacet
  facet normal 0 0 1
    outer loop
      vertex 52.5142 -6.22318 40
      vertex 51.8165 -8.51677 40
      vertex 52.6637 -8.72899 40
    endloop
  endfacet
  facet normal 0 0 1
    outer loop
      vertex 50.9941 -8.22253 40
      vertex 51.9098 -6.00695 40
      vertex 51.3346 -5.7349 40
    endloop
  endfacet
  facet normal 0 0 1
    outer loop
      vertex 51.9115 -6.00774 40
      vertex 50.9941 -8.22253 40
      vertex 51.8165 -8.51677 40
    endloop
  endfacet
  facet normal 0 0 1
    outer loop
      vertex 50.2046 -7.8491 40
      vertex 51.3346 -5.7349 40
      vertex 50.7889 -5.40778 40
    endloop
  endfacet
  facet normal 0 0 1
    outer loop
      vertex 49.4554 -7.40008 40
      vertex 50.7889 -5.40778 40
      vertex 50.7873 -5.40683 40
    endloop
  endfacet
  facet normal 0 0 1
    outer loop
      vertex 49.4554 -7.40008 40
      vertex 50.7873 -5.40683 40
      vertex 50.2762 -5.02779 40
    endloop
  endfacet
  facet normal 0 0 1
    outer loop
      vertex 48.7539 -6.87979 40
      vertex 50.2762 -5.02779 40
      vertex 50.2747 -5.02668 40
    endloop
  endfacet
  facet normal 0 0 1
    outer loop
      vertex 48.7539 -6.87979 40
      vertex 50.2747 -5.02668 40
      vertex 50.2733 -5.02544 40
    endloop
  endfacet
  facet normal 0 0 1
    outer loop
      vertex 51.3346 -5.7349 40
      vertex 50.2046 -7.8491 40
      vertex 50.9941 -8.22253 40
    endloop
  endfacet
  facet normal 0 0 1
    outer loop
      vertex 48.7539 -6.87979 40
      vertex 50.2733 -5.02544 40
      vertex 49.8019 -4.59813 40
    endloop
  endfacet
  facet normal 0 0 1
    outer loop
      vertex 50.7889 -5.40778 40
      vertex 49.4554 -7.40008 40
      vertex 50.2046 -7.8491 40
    endloop
  endfacet
  facet normal 0 0 1
    outer loop
      vertex 48.1068 -6.29325 40
      vertex 49.8019 -4.59813 40
      vertex 49.3746 -4.12667 40
    endloop
  endfacet
  facet normal 0 0 1
    outer loop
      vertex 47.5202 -5.6461 40
      vertex 49.3746 -4.12667 40
      vertex 49.3733 -4.12529 40
    endloop
  endfacet
  facet normal 0 0 1
    outer loop
      vertex 47.5202 -5.6461 40
      vertex 49.3733 -4.12529 40
      vertex 49.3722 -4.1238 40
    endloop
  endfacet
  facet normal 0 0 1
    outer loop
      vertex 47.5202 -5.6461 40
      vertex 49.3722 -4.1238 40
      vertex 48.9932 -3.61273 40
    endloop
  endfacet
  facet normal 0 0 1
    outer loop
      vertex 46.9999 -4.94457 40
      vertex 48.9932 -3.61273 40
      vertex 48.9922 -3.61114 40
    endloop
  endfacet
  facet normal 0 0 1
    outer loop
      vertex 50.2762 -5.02779 40
      vertex 48.7539 -6.87979 40
      vertex 49.4554 -7.40008 40
    endloop
  endfacet
  facet normal 0 0 1
    outer loop
      vertex 46.9999 -4.94457 40
      vertex 48.9922 -3.61114 40
      vertex 48.6651 -3.06537 40
    endloop
  endfacet
  facet normal 0 0 1
    outer loop
      vertex 46.5509 -4.19543 40
      vertex 48.6651 -3.06537 40
      vertex 48.393 -2.49017 40
    endloop
  endfacet
  facet normal 0 0 1
    outer loop
      vertex 46.1775 -3.40588 40
      vertex 48.393 -2.49017 40
      vertex 48.3923 -2.48849 40
    endloop
  endfacet
  facet normal 0 0 1
    outer loop
      vertex 46.1775 -3.40588 40
      vertex 48.3923 -2.48849 40
      vertex 48.1779 -1.88939 40
    endloop
  endfacet
  facet normal 0 0 1
    outer loop
      vertex 45.8832 -2.58353 40
      vertex 48.1779 -1.88939 40
      vertex 48.1773 -1.88764 40
    endloop
  endfacet
  facet normal 0 0 1
    outer loop
      vertex 45.8832 -2.58353 40
      vertex 48.1773 -1.88764 40
      vertex 48.1768 -1.88584 40
    endloop
  endfacet
  facet normal 0 0 1
    outer loop
      vertex 49.8019 -4.59813 40
      vertex 48.1068 -6.29325 40
      vertex 48.7539 -6.87979 40
    endloop
  endfacet
  facet normal 0 0 1
    outer loop
      vertex 45.8832 -2.58353 40
      vertex 48.1768 -1.88584 40
      vertex 48.0222 -1.26862 40
    endloop
  endfacet
  facet normal 0 0 1
    outer loop
      vertex 45.671 -1.7363 40
      vertex 48.0222 -1.26862 40
      vertex 47.9288 -0.639214 40
    endloop
  endfacet
  facet normal 0 0 1
    outer loop
      vertex 45.5429 -0.872352 40
      vertex 47.9288 -0.639214 40
      vertex 47.9286 -0.637379 40
    endloop
  endfacet
  facet normal 0 0 1
    outer loop
      vertex 45.5429 -0.872352 40
      vertex 47.9286 -0.637379 40
      vertex 47.8974 -0.00185305 40
    endloop
  endfacet
  facet normal -0 0 1
    outer loop
      vertex 45.5 0 40
      vertex 47.8974 -0.00185305 40
      vertex 47.8973 0 40
    endloop
  endfacet
  facet normal -0 0 1
    outer loop
      vertex 45.671 1.7363 40
      vertex 48.0222 1.26862 40
      vertex 45.8832 2.58353 40
    endloop
  endfacet
  facet normal 0 0 1
    outer loop
      vertex 49.3746 -4.12667 40
      vertex 47.5202 -5.6461 40
      vertex 48.1068 -6.29325 40
    endloop
  endfacet
  facet normal 0 0 1
    outer loop
      vertex 48.0222 1.26862 40
      vertex 45.671 1.7363 40
      vertex 47.9288 0.639214 40
    endloop
  endfacet
  facet normal 0 0 1
    outer loop
      vertex 48.9932 -3.61273 40
      vertex 46.9999 -4.94457 40
      vertex 47.5202 -5.6461 40
    endloop
  endfacet
  facet normal -0 0 1
    outer loop
      vertex 45.5429 0.872352 40
      vertex 47.9288 0.639214 40
      vertex 45.671 1.7363 40
    endloop
  endfacet
  facet normal 0 0 1
    outer loop
      vertex 48.6651 -3.06537 40
      vertex 46.5509 -4.19543 40
      vertex 46.9999 -4.94457 40
    endloop
  endfacet
  facet normal 0 0 1
    outer loop
      vertex 47.9288 0.639214 40
      vertex 45.5429 0.872352 40
      vertex 47.9286 0.637379 40
    endloop
  endfacet
  facet normal 0 0 1
    outer loop
      vertex 48.393 -2.49017 40
      vertex 46.1775 -3.40588 40
      vertex 46.5509 -4.19543 40
    endloop
  endfacet
  facet normal 0 0 1
    outer loop
      vertex 47.9286 0.637379 40
      vertex 45.5429 0.872352 40
      vertex 47.8974 0.00185305 40
    endloop
  endfacet
  facet normal 0 0 1
    outer loop
      vertex 48.1779 -1.88939 40
      vertex 45.8832 -2.58353 40
      vertex 46.1775 -3.40588 40
    endloop
  endfacet
  facet normal 0 0 1
    outer loop
      vertex 45.5 0 40
      vertex 47.8974 0.00185305 40
      vertex 45.5429 0.872352 40
    endloop
  endfacet
  facet normal 0 0 1
    outer loop
      vertex 48.0222 -1.26862 40
      vertex 45.671 -1.7363 40
      vertex 45.8832 -2.58353 40
    endloop
  endfacet
  facet normal 0 0 1
    outer loop
      vertex 47.8974 0.00185305 40
      vertex 45.5 0 40
      vertex 47.8973 0 40
    endloop
  endfacet
  facet normal 0 0 1
    outer loop
      vertex 47.9288 -0.639214 40
      vertex 45.5429 -0.872352 40
      vertex 45.671 -1.7363 40
    endloop
  endfacet
  facet normal 0 0 1
    outer loop
      vertex 47.8974 -0.00185305 40
      vertex 45.5 0 40
      vertex 45.5429 -0.872352 40
    endloop
  endfacet
  facet normal -0.336743 -0.941196 0.0274561
    outer loop
      vertex 50.9941 -8.22253 40
      vertex 50.5732 -9.2388 0
      vertex 51.8165 -8.51677 40
    endloop
  endfacet
  facet normal -0.998423 -0.0490427 -0.0273221
    outer loop
      vertex 61.9973 0 0
      vertex 60.9026 0.00185305 40
      vertex 61.9608 0.743076 0
    endloop
  endfacet
  facet normal -0.998174 -0.0538666 -0.027315
    outer loop
      vertex 60.9026 0.00185305 40
      vertex 61.9973 0 0
      vertex 60.9027 0 40
    endloop
  endfacet
  facet normal 0.997643 -0.0629428 -0.0273371
    outer loop
      vertex 47.9286 0.637379 40
      vertex 46.8392 0.743076 0
      vertex 46.8393 0.744661 0
    endloop
  endfacet
  facet normal 0.998424 -0.0490158 -0.0273216
    outer loop
      vertex 46.8392 0.743076 0
      vertex 47.9286 0.637379 40
      vertex 47.8974 0.00185305 40
    endloop
  endfacet
  facet normal 0.941173 0.336818 -0.0273213
    outer loop
      vertex 48.3923 -2.48849 40
      vertex 47.3805 -2.90585 0
      vertex 48.1779 -1.88939 40
    endloop
  endfacet
  facet normal 0.94833 0.31611 -0.0272863
    outer loop
      vertex 47.3805 -2.90585 0
      vertex 48.3923 -2.48849 40
      vertex 47.381 -2.90735 0
    endloop
  endfacet
  facet normal 0.899032 -0.437029 -0.0273331
    outer loop
      vertex 48.6651 3.06537 40
      vertex 47.6991 3.57989 0
      vertex 47.6998 3.58133 0
    endloop
  endfacet
  facet normal 0.903621 -0.427461 -0.0273209
    outer loop
      vertex 47.6991 3.57989 0
      vertex 48.6651 3.06537 40
      vertex 48.393 2.49017 40
    endloop
  endfacet
  facet normal -0.998424 0.0490158 -0.0273216
    outer loop
      vertex 61.9608 -0.743076 0
      vertex 60.8714 -0.637379 40
      vertex 60.9026 -0.00185305 40
    endloop
  endfacet
  facet normal -0.997643 0.0629428 -0.0273371
    outer loop
      vertex 60.8714 -0.637379 40
      vertex 61.9608 -0.743076 0
      vertex 61.9607 -0.744661 0
    endloop
  endfacet
  facet normal -0.802895 -0.595494 -0.0273204
    outer loop
      vertex 60.716 4.22209 0
      vertex 59.4267 4.12529 40
      vertex 60.2728 4.81965 0
    endloop
  endfacet
  facet normal -0.804212 -0.593713 -0.0273585
    outer loop
      vertex 59.4267 4.12529 40
      vertex 60.716 4.22209 0
      vertex 59.4278 4.1238 40
    endloop
  endfacet
  facet normal -0.993741 0.10831 -0.0273525
    outer loop
      vertex 61.9607 -0.744661 0
      vertex 60.8712 -0.639214 40
      vertex 60.8714 -0.637379 40
    endloop
  endfacet
  facet normal -0.9888 0.146724 -0.0273192
    outer loop
      vertex 60.8712 -0.639214 40
      vertex 61.9607 -0.744661 0
      vertex 61.8515 -1.48058 0
    endloop
  endfacet
  facet normal 0.941208 -0.336722 -0.0273196
    outer loop
      vertex 48.1779 1.88939 40
      vertex 47.1299 2.20537 0
      vertex 47.3805 2.90585 0
    endloop
  endfacet
  facet normal 0.945592 -0.324203 -0.0273356
    outer loop
      vertex 47.1299 2.20537 0
      vertex 48.1779 1.88939 40
      vertex 48.1773 1.88764 40
    endloop
  endfacet
  facet normal -0.421267 -0.906525 -0.0273281
    outer loop
      vertex 57.3073 7.01896 0
      vertex 56.8902 6.00695 40
      vertex 56.8885 6.00774 40
    endloop
  endfacet
  facet normal -0.427367 -0.903665 -0.0273193
    outer loop
      vertex 56.8902 6.00695 40
      vertex 57.3073 7.01896 0
      vertex 57.9799 6.70087 0
    endloop
  endfacet
  facet normal -0.336776 -0.941188 -0.0273204
    outer loop
      vertex 57.3059 7.01949 0
      vertex 56.8885 6.00774 40
      vertex 56.2894 6.22211 40
    endloop
  endfacet
  facet normal -0.353918 -0.934877 -0.0273397
    outer loop
      vertex 56.8885 6.00774 40
      vertex 57.3059 7.01949 0
      vertex 57.3073 7.01896 0
    endloop
  endfacet
  facet normal 0.242445 -0.96978 -0.0273199
    outer loop
      vertex 52.1946 7.27013 0
      vertex 52.5142 6.22318 40
      vertex 52.5124 6.22273 40
    endloop
  endfacet
  facet normal 0.242881 -0.969671 -0.0273206
    outer loop
      vertex 52.5142 6.22318 40
      vertex 52.1946 7.27013 0
      vertex 52.9163 7.4509 0
    endloop
  endfacet
  facet normal 0.998174 -0.0538666 -0.027315
    outer loop
      vertex 46.8027 0 0
      vertex 47.8974 0.00185305 40
      vertex 47.8973 0 40
    endloop
  endfacet
  facet normal 0.998423 -0.0490427 -0.0273221
    outer loop
      vertex 47.8974 0.00185305 40
      vertex 46.8027 0 0
      vertex 46.8392 0.743076 0
    endloop
  endfacet
  facet normal 0.242903 0.969666 -0.0273203
    outer loop
      vertex 52.9178 -7.45128 0
      vertex 52.5142 -6.22318 40
      vertex 53.1314 -6.37779 40
    endloop
  endfacet
  facet normal 0.245484 0.969017 -0.0272743
    outer loop
      vertex 52.5142 -6.22318 40
      vertex 52.9178 -7.45128 0
      vertex 52.9163 -7.4509 0
    endloop
  endfacet
  facet normal -0.242903 -0.969666 -0.0273203
    outer loop
      vertex 55.8822 7.45128 0
      vertex 56.2858 6.22318 40
      vertex 55.6686 6.37779 40
    endloop
  endfacet
  facet normal -0.245484 -0.969017 -0.0272743
    outer loop
      vertex 56.2858 6.22318 40
      vertex 55.8822 7.45128 0
      vertex 55.8837 7.4509 0
    endloop
  endfacet
  facet normal 0.662788 0.748308 -0.0273342
    outer loop
      vertex 49.5803 -5.87276 0
      vertex 50.2733 -5.02544 40
      vertex 50.2747 -5.02668 40
    endloop
  endfacet
  facet normal 0.671339 0.740647 -0.0273201
    outer loop
      vertex 50.2733 -5.02544 40
      vertex 49.5803 -5.87276 0
      vertex 49.0291 -5.37314 0
    endloop
  endfacet
  facet normal 0.242903 -0.969666 -0.0273202
    outer loop
      vertex 52.9163 7.4509 0
      vertex 53.1314 6.37779 40
      vertex 52.5142 6.22318 40
    endloop
  endfacet
  facet normal 0.245484 -0.969016 -0.0273166
    outer loop
      vertex 53.1314 6.37779 40
      vertex 52.9163 7.4509 0
      vertex 52.9178 7.45128 0
    endloop
  endfacet
  facet normal -0.922731 0.384471 -0.027355
    outer loop
      vertex 61.419 -2.90735 0
      vertex 60.407 -2.49017 40
      vertex 60.4077 -2.48849 40
    endloop
  endfacet
  facet normal -0.903645 0.427409 -0.0273199
    outer loop
      vertex 60.407 -2.49017 40
      vertex 61.419 -2.90735 0
      vertex 61.1009 -3.57989 0
    endloop
  endfacet
  facet normal -0.903645 -0.427409 -0.0273199
    outer loop
      vertex 61.419 2.90735 0
      vertex 60.407 2.49017 40
      vertex 61.1009 3.57989 0
    endloop
  endfacet
  facet normal -0.922731 -0.384471 -0.027355
    outer loop
      vertex 60.407 2.49017 40
      vertex 61.419 2.90735 0
      vertex 60.4077 2.48849 40
    endloop
  endfacet
  facet normal 0.0472977 0.998507 -0.0273221
    outer loop
      vertex 54.4 -7.59726 0
      vertex 54.3981 -6.50265 40
      vertex 54.4 -6.50274 40
    endloop
  endfacet
  facet normal 0.0490411 0.998423 -0.0273198
    outer loop
      vertex 54.3981 -6.50265 40
      vertex 54.4 -7.59726 0
      vertex 53.6569 -7.56076 0
    endloop
  endfacet
  facet normal 0.594621 0.803541 -0.0273385
    outer loop
      vertex 50.1779 -6.31595 0
      vertex 50.2747 -5.02668 40
      vertex 50.2762 -5.02779 40
    endloop
  endfacet
  facet normal 0.595459 0.802921 -0.0273206
    outer loop
      vertex 50.2747 -5.02668 40
      vertex 50.1779 -6.31595 0
      vertex 49.5803 -5.87276 0
    endloop
  endfacet
  facet normal 0.96317 0.267547 -0.0268722
    outer loop
      vertex 48.1773 -1.88764 40
      vertex 46.9491 -1.48369 0
      vertex 48.1768 -1.88584 40
    endloop
  endfacet
  facet normal 0.96966 0.242926 -0.0273202
    outer loop
      vertex 46.9491 -1.48369 0
      vertex 48.1773 -1.88764 40
      vertex 47.1299 -2.20537 0
    endloop
  endfacet
  facet normal -0.998174 0.0538666 -0.027315
    outer loop
      vertex 61.9973 0 0
      vertex 60.9026 -0.00185305 40
      vertex 60.9027 0 40
    endloop
  endfacet
  facet normal -0.998423 0.0490427 -0.0273221
    outer loop
      vertex 60.9026 -0.00185305 40
      vertex 61.9973 0 0
      vertex 61.9608 -0.743076 0
    endloop
  endfacet
  facet normal -0.146672 -0.988808 -0.0273202
    outer loop
      vertex 55.8806 7.45152 0
      vertex 55.6686 6.37779 40
      vertex 55.0392 6.47115 40
    endloop
  endfacet
  facet normal -0.148285 -0.988567 -0.0273223
    outer loop
      vertex 55.6686 6.37779 40
      vertex 55.8806 7.45152 0
      vertex 55.8822 7.45128 0
    endloop
  endfacet
  facet normal -0.903621 0.427461 -0.0273209
    outer loop
      vertex 61.1009 -3.57989 0
      vertex 60.1349 -3.06537 40
      vertex 60.407 -2.49017 40
    endloop
  endfacet
  facet normal -0.899032 0.437029 -0.0273331
    outer loop
      vertex 60.1349 -3.06537 40
      vertex 61.1009 -3.57989 0
      vertex 61.1002 -3.58133 0
    endloop
  endfacet
  facet normal -0.861609 -0.506829 -0.0274609
    outer loop
      vertex 61.1002 3.58133 0
      vertex 59.8078 3.61114 40
      vertex 61.0994 3.58269 0
    endloop
  endfacet
  facet normal -0.857424 -0.513885 -0.0273204
    outer loop
      vertex 59.8078 3.61114 40
      vertex 61.1002 3.58133 0
      vertex 60.1349 3.06537 40
    endloop
  endfacet
  facet normal 0.242445 0.96978 -0.0273283
    outer loop
      vertex 52.9163 -7.4509 0
      vertex 52.5124 -6.22273 40
      vertex 52.5142 -6.22318 40
    endloop
  endfacet
  facet normal 0.242881 0.969671 -0.0273205
    outer loop
      vertex 52.5124 -6.22273 40
      vertex 52.9163 -7.4509 0
      vertex 52.1946 -7.27013 0
    endloop
  endfacet
  facet normal -0.242445 0.96978 -0.0273199
    outer loop
      vertex 56.6054 -7.27013 0
      vertex 56.2858 -6.22318 40
      vertex 56.2876 -6.22273 40
    endloop
  endfacet
  facet normal -0.242881 0.969671 -0.0273206
    outer loop
      vertex 56.2858 -6.22318 40
      vertex 56.6054 -7.27013 0
      vertex 55.8837 -7.4509 0
    endloop
  endfacet
  facet normal -0.857393 -0.513936 -0.0273207
    outer loop
      vertex 61.0994 3.58269 0
      vertex 59.8068 3.61273 40
      vertex 60.7169 4.22081 0
    endloop
  endfacet
  facet normal -0.846192 -0.532196 -0.026945
    outer loop
      vertex 59.8068 3.61273 40
      vertex 61.0994 3.58269 0
      vertex 59.8078 3.61114 40
    endloop
  endfacet
  facet normal 0.762612 -0.646281 -0.0272613
    outer loop
      vertex 49.8019 4.59813 40
      vertex 49.0269 5.3709 0
      vertex 49.0279 5.37208 0
    endloop
  endfacet
  facet normal 0.74068 -0.671303 -0.0273197
    outer loop
      vertex 49.0269 5.3709 0
      vertex 49.8019 4.59813 40
      vertex 49.3746 4.12667 40
    endloop
  endfacet
  facet normal -0.817714 -0.574955 -0.0277473
    outer loop
      vertex 60.7169 4.22081 0
      vertex 59.4278 4.1238 40
      vertex 60.716 4.22209 0
    endloop
  endfacet
  facet normal -0.802934 -0.595441 -0.0273207
    outer loop
      vertex 59.4278 4.1238 40
      vertex 60.7169 4.22081 0
      vertex 59.8068 3.61273 40
    endloop
  endfacet
  facet normal -0.963158 -0.267544 -0.0273454
    outer loop
      vertex 61.6701 2.20537 0
      vertex 60.6232 1.88584 40
      vertex 60.6227 1.88764 40
    endloop
  endfacet
  facet normal -0.96966 -0.242926 -0.027319
    outer loop
      vertex 60.6232 1.88584 40
      vertex 61.6701 2.20537 0
      vertex 61.8509 1.48369 0
    endloop
  endfacet
  facet normal 0.903621 0.427461 -0.0273209
    outer loop
      vertex 48.6651 -3.06537 40
      vertex 47.6991 -3.57989 0
      vertex 48.393 -2.49017 40
    endloop
  endfacet
  facet normal 0.899032 0.437029 -0.0273331
    outer loop
      vertex 47.6991 -3.57989 0
      vertex 48.6651 -3.06537 40
      vertex 47.6998 -3.58133 0
    endloop
  endfacet
  facet normal -0.336761 0.941194 -0.0273202
    outer loop
      vertex 56.6054 -7.27013 0
      vertex 56.2894 -6.22211 40
      vertex 57.3059 -7.01949 0
    endloop
  endfacet
  facet normal -0.325545 0.945131 -0.0273347
    outer loop
      vertex 56.2894 -6.22211 40
      vertex 56.6054 -7.27013 0
      vertex 56.2876 -6.22273 40
    endloop
  endfacet
  facet normal -0.427367 0.903665 -0.0273193
    outer loop
      vertex 57.3073 -7.01896 0
      vertex 56.8902 -6.00695 40
      vertex 57.9799 -6.70087 0
    endloop
  endfacet
  facet normal -0.421267 0.906525 -0.0273281
    outer loop
      vertex 56.8902 -6.00695 40
      vertex 57.3073 -7.01896 0
      vertex 56.8885 -6.00774 40
    endloop
  endfacet
  facet normal 0.74068 0.671303 -0.0273197
    outer loop
      vertex 49.8019 -4.59813 40
      vertex 49.0269 -5.3709 0
      vertex 49.3746 -4.12667 40
    endloop
  endfacet
  facet normal 0.762612 0.646281 -0.0272613
    outer loop
      vertex 49.0269 -5.3709 0
      vertex 49.8019 -4.59813 40
      vertex 49.0279 -5.37208 0
    endloop
  endfacet
  facet normal -0.988799 0.146732 -0.0273194
    outer loop
      vertex 61.8515 -1.48058 0
      vertex 60.7778 -1.26862 40
      vertex 60.8712 -0.639214 40
    endloop
  endfacet
  facet normal -0.991614 0.12632 -0.0272868
    outer loop
      vertex 60.7778 -1.26862 40
      vertex 61.8515 -1.48058 0
      vertex 61.8513 -1.48215 0
    endloop
  endfacet
  facet normal -0.74068 0.671303 -0.0273197
    outer loop
      vertex 59.7731 -5.3709 0
      vertex 58.9981 -4.59813 40
      vertex 59.4254 -4.12667 40
    endloop
  endfacet
  facet normal -0.762612 0.646281 -0.0272613
    outer loop
      vertex 58.9981 -4.59813 40
      vertex 59.7731 -5.3709 0
      vertex 59.7721 -5.37208 0
    endloop
  endfacet
  facet normal -0.945592 0.324203 -0.0273356
    outer loop
      vertex 61.6701 -2.20537 0
      vertex 60.6221 -1.88939 40
      vertex 60.6227 -1.88764 40
    endloop
  endfacet
  facet normal -0.941208 0.336722 -0.0273196
    outer loop
      vertex 60.6221 -1.88939 40
      vertex 61.6701 -2.20537 0
      vertex 61.4195 -2.90585 0
    endloop
  endfacet
  facet normal -0.662788 -0.748308 -0.0273342
    outer loop
      vertex 59.2197 5.87276 0
      vertex 58.5267 5.02544 40
      vertex 58.5253 5.02668 40
    endloop
  endfacet
  facet normal -0.671339 -0.740647 -0.0273201
    outer loop
      vertex 58.5267 5.02544 40
      vertex 59.2197 5.87276 0
      vertex 59.7709 5.37314 0
    endloop
  endfacet
  facet normal 0.505212 -0.862557 -0.0274931
    outer loop
      vertex 50.8187 6.70019 0
      vertex 50.7889 5.40778 40
      vertex 50.8173 6.69937 0
    endloop
  endfacet
  facet normal 0.513957 -0.857381 -0.0273193
    outer loop
      vertex 50.7889 5.40778 40
      vertex 50.8187 6.70019 0
      vertex 51.3346 5.7349 40
    endloop
  endfacet
  facet normal -0.804212 0.593713 -0.0273585
    outer loop
      vertex 60.716 -4.22209 0
      vertex 59.4267 -4.12529 40
      vertex 59.4278 -4.1238 40
    endloop
  endfacet
  facet normal -0.802895 0.595494 -0.0273204
    outer loop
      vertex 59.4267 -4.12529 40
      vertex 60.716 -4.22209 0
      vertex 60.2728 -4.81965 0
    endloop
  endfacet
  facet normal -0.941173 0.336818 -0.0273213
    outer loop
      vertex 61.4195 -2.90585 0
      vertex 60.4077 -2.48849 40
      vertex 60.6221 -1.88939 40
    endloop
  endfacet
  facet normal -0.94833 0.31611 -0.0272863
    outer loop
      vertex 60.4077 -2.48849 40
      vertex 61.4195 -2.90585 0
      vertex 61.419 -2.90735 0
    endloop
  endfacet
  facet normal -0.0490411 0.998423 -0.0273198
    outer loop
      vertex 54.4 -7.59726 0
      vertex 54.4019 -6.50265 40
      vertex 55.1431 -7.56076 0
    endloop
  endfacet
  facet normal -0.0472977 0.998507 -0.0273221
    outer loop
      vertex 54.4019 -6.50265 40
      vertex 54.4 -7.59726 0
      vertex 54.4 -6.50274 40
    endloop
  endfacet
  facet normal 0.427367 -0.903665 -0.0273193
    outer loop
      vertex 51.4927 7.01896 0
      vertex 51.9098 6.00695 40
      vertex 50.8201 6.70087 0
    endloop
  endfacet
  facet normal 0.421267 -0.906525 -0.0273281
    outer loop
      vertex 51.9098 6.00695 40
      vertex 51.4927 7.01896 0
      vertex 51.9115 6.00774 40
    endloop
  endfacet
  facet normal 0.148285 -0.988567 -0.0273223
    outer loop
      vertex 52.9194 7.45152 0
      vertex 53.1314 6.37779 40
      vertex 52.9178 7.45128 0
    endloop
  endfacet
  facet normal 0.146672 -0.988808 -0.0273202
    outer loop
      vertex 53.1314 6.37779 40
      vertex 52.9194 7.45152 0
      vertex 53.7608 6.47115 40
    endloop
  endfacet
  facet normal -0.325545 -0.945131 -0.0273347
    outer loop
      vertex 56.6054 7.27013 0
      vertex 56.2894 6.22211 40
      vertex 56.2876 6.22273 40
    endloop
  endfacet
  facet normal -0.336761 -0.941194 -0.0273202
    outer loop
      vertex 56.2894 6.22211 40
      vertex 56.6054 7.27013 0
      vertex 57.3059 7.01949 0
    endloop
  endfacet
  facet normal 0.727619 0.685438 -0.0272895
    outer loop
      vertex 49.3746 -4.12667 40
      vertex 48.5272 -4.81965 0
      vertex 49.3733 -4.12529 40
    endloop
  endfacet
  facet normal 0.740624 0.671364 -0.0273212
    outer loop
      vertex 48.5272 -4.81965 0
      vertex 49.3746 -4.12667 40
      vertex 49.0269 -5.3709 0
    endloop
  endfacet
  facet normal -0.585724 0.810043 -0.0275261
    outer loop
      vertex 58.6208 -6.31689 0
      vertex 58.5238 -5.02779 40
      vertex 58.6221 -6.31595 0
    endloop
  endfacet
  facet normal -0.595459 0.802921 -0.0273201
    outer loop
      vertex 58.5238 -5.02779 40
      vertex 58.6208 -6.31689 0
      vertex 58.0127 -5.40683 40
    endloop
  endfacet
  facet normal 0.0490411 -0.998423 -0.0273198
    outer loop
      vertex 54.4 7.59726 0
      vertex 54.3981 6.50265 40
      vertex 53.6569 7.56076 0
    endloop
  endfacet
  facet normal 0.0472977 -0.998507 -0.0273221
    outer loop
      vertex 54.3981 6.50265 40
      vertex 54.4 7.59726 0
      vertex 54.4 6.50274 40
    endloop
  endfacet
  facet normal -0.436741 0.899172 -0.0273319
    outer loop
      vertex 57.9799 -6.70087 0
      vertex 57.4654 -5.7349 40
      vertex 57.9813 -6.70019 0
    endloop
  endfacet
  facet normal -0.427396 0.903651 -0.0273199
    outer loop
      vertex 57.4654 -5.7349 40
      vertex 57.9799 -6.70087 0
      vertex 56.8902 -6.00695 40
    endloop
  endfacet
  facet normal -0.513928 0.857398 -0.0273201
    outer loop
      vertex 57.9827 -6.69937 0
      vertex 58.0127 -5.40683 40
      vertex 58.6208 -6.31689 0
    endloop
  endfacet
  facet normal -0.510347 0.859532 -0.0273917
    outer loop
      vertex 58.0127 -5.40683 40
      vertex 57.9827 -6.69937 0
      vertex 58.0111 -5.40778 40
    endloop
  endfacet
  facet normal -0.762612 -0.646281 -0.0272613
    outer loop
      vertex 59.7731 5.3709 0
      vertex 58.9981 4.59813 40
      vertex 59.7721 5.37208 0
    endloop
  endfacet
  facet normal -0.74068 -0.671303 -0.0273197
    outer loop
      vertex 58.9981 4.59813 40
      vertex 59.7731 5.3709 0
      vertex 59.4254 4.12667 40
    endloop
  endfacet
  facet normal -0.967523 0.251305 -0.0273074
    outer loop
      vertex 61.8509 -1.48369 0
      vertex 60.7778 -1.26862 40
      vertex 61.8513 -1.48215 0
    endloop
  endfacet
  facet normal -0.969671 0.242881 -0.0273198
    outer loop
      vertex 60.7778 -1.26862 40
      vertex 61.8509 -1.48369 0
      vertex 60.6232 -1.88584 40
    endloop
  endfacet
  facet normal -0.049919 0.99838 -0.0273213
    outer loop
      vertex 55.1431 -7.56076 0
      vertex 55.0374 -6.47142 40
      vertex 55.1447 -7.56068 0
    endloop
  endfacet
  facet normal -0.0490649 0.998422 -0.0273202
    outer loop
      vertex 55.0374 -6.47142 40
      vertex 55.1431 -7.56076 0
      vertex 54.4019 -6.50265 40
    endloop
  endfacet
  facet normal 0.78774 -0.615422 -0.0268794
    outer loop
      vertex 49.3722 4.1238 40
      vertex 48.0831 4.22081 0
      vertex 48.0841 4.22209 0
    endloop
  endfacet
  facet normal 0.802934 -0.595441 -0.0273207
    outer loop
      vertex 48.0831 4.22081 0
      vertex 49.3722 4.1238 40
      vertex 48.9932 3.61273 40
    endloop
  endfacet
  facet normal -0.510347 -0.859532 -0.0273917
    outer loop
      vertex 57.9827 6.69937 0
      vertex 58.0127 5.40683 40
      vertex 58.0111 5.40778 40
    endloop
  endfacet
  facet normal -0.513928 -0.857398 -0.0273201
    outer loop
      vertex 58.0127 5.40683 40
      vertex 57.9827 6.69937 0
      vertex 58.6208 6.31689 0
    endloop
  endfacet
  facet normal -0.427396 -0.903651 -0.0273199
    outer loop
      vertex 57.9799 6.70087 0
      vertex 57.4654 5.7349 40
      vertex 56.8902 6.00695 40
    endloop
  endfacet
  facet normal -0.436741 -0.899172 -0.0273319
    outer loop
      vertex 57.4654 5.7349 40
      vertex 57.9799 6.70087 0
      vertex 57.9813 6.70019 0
    endloop
  endfacet
  facet normal -0.505212 0.862557 -0.0274931
    outer loop
      vertex 57.9813 -6.70019 0
      vertex 58.0111 -5.40778 40
      vertex 57.9827 -6.69937 0
    endloop
  endfacet
  facet normal -0.513957 0.857381 -0.0273193
    outer loop
      vertex 58.0111 -5.40778 40
      vertex 57.9813 -6.70019 0
      vertex 57.4654 -5.7349 40
    endloop
  endfacet
  facet normal 0.861609 -0.506829 -0.0274609
    outer loop
      vertex 48.9922 3.61114 40
      vertex 47.6998 3.58133 0
      vertex 47.7006 3.58269 0
    endloop
  endfacet
  facet normal 0.857424 -0.513885 -0.0273204
    outer loop
      vertex 47.6998 3.58133 0
      vertex 48.9922 3.61114 40
      vertex 48.6651 3.06537 40
    endloop
  endfacet
  facet normal 0.9888 -0.146724 -0.0273192
    outer loop
      vertex 47.9288 0.639214 40
      vertex 46.8393 0.744661 0
      vertex 46.9485 1.48058 0
    endloop
  endfacet
  facet normal 0.993741 -0.10831 -0.0273525
    outer loop
      vertex 46.8393 0.744661 0
      vertex 47.9288 0.639214 40
      vertex 47.9286 0.637379 40
    endloop
  endfacet
  facet normal -0.941208 -0.336722 -0.0273196
    outer loop
      vertex 61.6701 2.20537 0
      vertex 60.6221 1.88939 40
      vertex 61.4195 2.90585 0
    endloop
  endfacet
  facet normal -0.945592 -0.324203 -0.0273356
    outer loop
      vertex 60.6221 1.88939 40
      vertex 61.6701 2.20537 0
      vertex 60.6227 1.88764 40
    endloop
  endfacet
  facet normal 0.967526 -0.251306 -0.0271692
    outer loop
      vertex 48.1768 1.88584 40
      vertex 46.9487 1.48215 0
      vertex 46.9491 1.48369 0
    endloop
  endfacet
  facet normal 0.969671 -0.242881 -0.0273201
    outer loop
      vertex 46.9487 1.48215 0
      vertex 48.1768 1.88584 40
      vertex 48.0222 1.26862 40
    endloop
  endfacet
  facet normal 0.963158 -0.267544 -0.0273454
    outer loop
      vertex 48.1768 1.88584 40
      vertex 47.1299 2.20537 0
      vertex 48.1773 1.88764 40
    endloop
  endfacet
  facet normal 0.96966 -0.242926 -0.027319
    outer loop
      vertex 47.1299 2.20537 0
      vertex 48.1768 1.88584 40
      vertex 46.9491 1.48369 0
    endloop
  endfacet
  facet normal -0.148285 -0.988567 -0.0273179
    outer loop
      vertex 55.1447 7.56068 0
      vertex 55.0392 6.47115 40
      vertex 55.0374 6.47142 40
    endloop
  endfacet
  facet normal -0.146675 -0.988807 -0.0273202
    outer loop
      vertex 55.0392 6.47115 40
      vertex 55.1447 7.56068 0
      vertex 55.8806 7.45152 0
    endloop
  endfacet
  facet normal 0.80296 -0.595407 -0.0273203
    outer loop
      vertex 49.3733 4.12529 40
      vertex 48.0841 4.22209 0
      vertex 48.5272 4.81965 0
    endloop
  endfacet
  facet normal 0.804212 -0.593713 -0.0273565
    outer loop
      vertex 48.0841 4.22209 0
      vertex 49.3733 4.12529 40
      vertex 49.3722 4.1238 40
    endloop
  endfacet
  facet normal 0.922731 0.384471 -0.027355
    outer loop
      vertex 48.393 -2.49017 40
      vertex 47.381 -2.90735 0
      vertex 48.3923 -2.48849 40
    endloop
  endfacet
  facet normal 0.903645 0.427409 -0.0273199
    outer loop
      vertex 47.381 -2.90735 0
      vertex 48.393 -2.49017 40
      vertex 47.6991 -3.57989 0
    endloop
  endfacet
  facet normal 0.336761 -0.941194 -0.0273202
    outer loop
      vertex 52.1946 7.27013 0
      vertex 52.5106 6.22211 40
      vertex 51.4941 7.01949 0
    endloop
  endfacet
  facet normal 0.325545 -0.945131 -0.0273347
    outer loop
      vertex 52.5106 6.22211 40
      vertex 52.1946 7.27013 0
      vertex 52.5124 6.22273 40
    endloop
  endfacet
  facet normal -0.967526 -0.251306 -0.0271692
    outer loop
      vertex 61.8513 1.48215 0
      vertex 60.6232 1.88584 40
      vertex 61.8509 1.48369 0
    endloop
  endfacet
  facet normal -0.969671 -0.242881 -0.0273201
    outer loop
      vertex 60.6232 1.88584 40
      vertex 61.8513 1.48215 0
      vertex 60.7778 1.26862 40
    endloop
  endfacet
  facet normal -0.802934 0.595441 -0.0273207
    outer loop
      vertex 60.7169 -4.22081 0
      vertex 59.4278 -4.1238 40
      vertex 59.8068 -3.61273 40
    endloop
  endfacet
  facet normal -0.817714 0.574955 -0.0277473
    outer loop
      vertex 59.4278 -4.1238 40
      vertex 60.7169 -4.22081 0
      vertex 60.716 -4.22209 0
    endloop
  endfacet
  facet normal -0.96317 0.267547 -0.0268722
    outer loop
      vertex 61.8509 -1.48369 0
      vertex 60.6227 -1.88764 40
      vertex 60.6232 -1.88584 40
    endloop
  endfacet
  facet normal -0.96966 0.242926 -0.0273202
    outer loop
      vertex 60.6227 -1.88764 40
      vertex 61.8509 -1.48369 0
      vertex 61.6701 -2.20537 0
    endloop
  endfacet
  facet normal -0.594621 -0.803541 -0.0273385
    outer loop
      vertex 58.6221 6.31595 0
      vertex 58.5253 5.02668 40
      vertex 58.5238 5.02779 40
    endloop
  endfacet
  facet normal -0.595459 -0.802921 -0.0273206
    outer loop
      vertex 58.5253 5.02668 40
      vertex 58.6221 6.31595 0
      vertex 59.2197 5.87276 0
    endloop
  endfacet
  facet normal -0.846192 0.532196 -0.026945
    outer loop
      vertex 61.0994 -3.58269 0
      vertex 59.8068 -3.61273 40
      vertex 59.8078 -3.61114 40
    endloop
  endfacet
  facet normal -0.857393 0.513936 -0.0273207
    outer loop
      vertex 59.8068 -3.61273 40
      vertex 61.0994 -3.58269 0
      vertex 60.7169 -4.22081 0
    endloop
  endfacet
  facet normal -0.94833 -0.31611 -0.0272863
    outer loop
      vertex 61.4195 2.90585 0
      vertex 60.4077 2.48849 40
      vertex 61.419 2.90735 0
    endloop
  endfacet
  facet normal -0.941173 -0.336818 -0.0273213
    outer loop
      vertex 60.4077 2.48849 40
      vertex 61.4195 2.90585 0
      vertex 60.6221 1.88939 40
    endloop
  endfacet
  facet normal 0.585724 -0.810043 -0.0275261
    outer loop
      vertex 50.1792 6.31689 0
      vertex 50.2762 5.02779 40
      vertex 50.1779 6.31595 0
    endloop
  endfacet
  facet normal 0.595459 -0.802921 -0.0273201
    outer loop
      vertex 50.2762 5.02779 40
      vertex 50.1792 6.31689 0
      vertex 50.7873 5.40683 40
    endloop
  endfacet
  facet normal -0.242445 -0.96978 -0.0273283
    outer loop
      vertex 55.8837 7.4509 0
      vertex 56.2876 6.22273 40
      vertex 56.2858 6.22318 40
    endloop
  endfacet
  facet normal -0.242881 -0.969671 -0.0273205
    outer loop
      vertex 56.2876 6.22273 40
      vertex 55.8837 7.4509 0
      vertex 56.6054 7.27013 0
    endloop
  endfacet
  facet normal -0.595459 -0.802921 -0.0273201
    outer loop
      vertex 58.6208 6.31689 0
      vertex 58.5238 5.02779 40
      vertex 58.0127 5.40683 40
    endloop
  endfacet
  facet normal -0.585724 -0.810043 -0.0275261
    outer loop
      vertex 58.5238 5.02779 40
      vertex 58.6208 6.31689 0
      vertex 58.6221 6.31595 0
    endloop
  endfacet
  facet normal 0.740624 -0.671364 -0.0273212
    outer loop
      vertex 49.3746 4.12667 40
      vertex 48.5272 4.81965 0
      vertex 49.0269 5.3709 0
    endloop
  endfacet
  facet normal 0.727619 -0.685438 -0.0272895
    outer loop
      vertex 48.5272 4.81965 0
      vertex 49.3746 4.12667 40
      vertex 49.3733 4.12529 40
    endloop
  endfacet
  facet normal -0.513957 -0.857381 -0.0273193
    outer loop
      vertex 57.9813 6.70019 0
      vertex 58.0111 5.40778 40
      vertex 57.4654 5.7349 40
    endloop
  endfacet
  facet normal -0.505212 -0.862557 -0.0274931
    outer loop
      vertex 58.0111 5.40778 40
      vertex 57.9813 6.70019 0
      vertex 57.9827 6.69937 0
    endloop
  endfacet
  facet normal 0.998424 0.0490158 -0.0273216
    outer loop
      vertex 47.9286 -0.637379 40
      vertex 46.8392 -0.743076 0
      vertex 47.8974 -0.00185305 40
    endloop
  endfacet
  facet normal 0.997643 0.0629428 -0.0273371
    outer loop
      vertex 46.8392 -0.743076 0
      vertex 47.9286 -0.637379 40
      vertex 46.8393 -0.744661 0
    endloop
  endfacet
  facet normal 0.967523 0.251305 -0.0273074
    outer loop
      vertex 48.0222 -1.26862 40
      vertex 46.9491 -1.48369 0
      vertex 46.9487 -1.48215 0
    endloop
  endfacet
  facet normal 0.969671 0.242881 -0.0273198
    outer loop
      vertex 46.9491 -1.48369 0
      vertex 48.0222 -1.26862 40
      vertex 48.1768 -1.88584 40
    endloop
  endfacet
  facet normal -0.740624 -0.671364 -0.0273212
    outer loop
      vertex 60.2728 4.81965 0
      vertex 59.4254 4.12667 40
      vertex 59.7731 5.3709 0
    endloop
  endfacet
  facet normal -0.727619 -0.685438 -0.0272895
    outer loop
      vertex 59.4254 4.12667 40
      vertex 60.2728 4.81965 0
      vertex 59.4267 4.12529 40
    endloop
  endfacet
  facet normal 0.94833 -0.31611 -0.0272863
    outer loop
      vertex 48.3923 2.48849 40
      vertex 47.3805 2.90585 0
      vertex 47.381 2.90735 0
    endloop
  endfacet
  facet normal 0.941173 -0.336818 -0.0273213
    outer loop
      vertex 47.3805 2.90585 0
      vertex 48.3923 2.48849 40
      vertex 48.1779 1.88939 40
    endloop
  endfacet
  facet normal 0.421267 0.906525 -0.0273281
    outer loop
      vertex 51.4927 -7.01896 0
      vertex 51.9098 -6.00695 40
      vertex 51.9115 -6.00774 40
    endloop
  endfacet
  facet normal 0.427367 0.903665 -0.0273193
    outer loop
      vertex 51.9098 -6.00695 40
      vertex 51.4927 -7.01896 0
      vertex 50.8201 -6.70087 0
    endloop
  endfacet
  facet normal 0.0490649 0.998422 -0.0273202
    outer loop
      vertex 53.6569 -7.56076 0
      vertex 53.7626 -6.47142 40
      vertex 54.3981 -6.50265 40
    endloop
  endfacet
  facet normal 0.049919 0.99838 -0.0273213
    outer loop
      vertex 53.7626 -6.47142 40
      vertex 53.6569 -7.56076 0
      vertex 53.6553 -7.56068 0
    endloop
  endfacet
  facet normal -0.0490649 -0.998422 -0.0273202
    outer loop
      vertex 55.1431 7.56076 0
      vertex 55.0374 6.47142 40
      vertex 54.4019 6.50265 40
    endloop
  endfacet
  facet normal -0.049919 -0.99838 -0.0273213
    outer loop
      vertex 55.0374 6.47142 40
      vertex 55.1431 7.56076 0
      vertex 55.1447 7.56068 0
    endloop
  endfacet
  facet normal 0.846192 -0.532196 -0.026945
    outer loop
      vertex 47.7006 3.58269 0
      vertex 48.9932 3.61273 40
      vertex 48.9922 3.61114 40
    endloop
  endfacet
  facet normal 0.857393 -0.513936 -0.0273207
    outer loop
      vertex 48.9932 3.61273 40
      vertex 47.7006 3.58269 0
      vertex 48.0831 4.22081 0
    endloop
  endfacet
  facet normal -0.0472977 -0.998507 -0.0273221
    outer loop
      vertex 54.4 7.59726 0
      vertex 54.4019 6.50265 40
      vertex 54.4 6.50274 40
    endloop
  endfacet
  facet normal -0.0490411 -0.998423 -0.0273198
    outer loop
      vertex 54.4019 6.50265 40
      vertex 54.4 7.59726 0
      vertex 55.1431 7.56076 0
    endloop
  endfacet
  facet normal 0.353918 -0.934877 -0.0273397
    outer loop
      vertex 51.4941 7.01949 0
      vertex 51.9115 6.00774 40
      vertex 51.4927 7.01896 0
    endloop
  endfacet
  facet normal 0.336776 -0.941188 -0.0273204
    outer loop
      vertex 51.9115 6.00774 40
      vertex 51.4941 7.01949 0
      vertex 52.5106 6.22211 40
    endloop
  endfacet
  facet normal 0.998174 0.0538666 -0.027315
    outer loop
      vertex 47.8974 -0.00185305 40
      vertex 46.8027 0 0
      vertex 47.8973 0 40
    endloop
  endfacet
  facet normal 0.998423 0.0490427 -0.0273221
    outer loop
      vertex 46.8027 0 0
      vertex 47.8974 -0.00185305 40
      vertex 46.8392 -0.743076 0
    endloop
  endfacet
  facet normal 0.993741 0.10831 -0.0273525
    outer loop
      vertex 47.9288 -0.639214 40
      vertex 46.8393 -0.744661 0
      vertex 47.9286 -0.637379 40
    endloop
  endfacet
  facet normal 0.9888 0.146724 -0.0273192
    outer loop
      vertex 46.8393 -0.744661 0
      vertex 47.9288 -0.639214 40
      vertex 46.9485 -1.48058 0
    endloop
  endfacet
  facet normal -0.997643 -0.0629428 -0.0273371
    outer loop
      vertex 61.9608 0.743076 0
      vertex 60.8714 0.637379 40
      vertex 61.9607 0.744661 0
    endloop
  endfacet
  facet normal -0.998424 -0.0490158 -0.0273216
    outer loop
      vertex 60.8714 0.637379 40
      vertex 61.9608 0.743076 0
      vertex 60.9026 0.00185305 40
    endloop
  endfacet
  facet normal -0.991614 -0.12632 -0.0272868
    outer loop
      vertex 61.8515 1.48058 0
      vertex 60.7778 1.26862 40
      vertex 61.8513 1.48215 0
    endloop
  endfacet
  facet normal -0.988799 -0.146732 -0.0273194
    outer loop
      vertex 60.7778 1.26862 40
      vertex 61.8515 1.48058 0
      vertex 60.8712 0.639214 40
    endloop
  endfacet
  facet normal 0.671358 0.740629 -0.0273205
    outer loop
      vertex 49.0291 -5.37314 0
      vertex 49.8019 -4.59813 40
      vertex 50.2733 -5.02544 40
    endloop
  endfacet
  facet normal 0.661788 0.749194 -0.0273016
    outer loop
      vertex 49.8019 -4.59813 40
      vertex 49.0291 -5.37314 0
      vertex 49.0279 -5.37208 0
    endloop
  endfacet
  facet normal 0.903645 -0.427409 -0.0273199
    outer loop
      vertex 48.393 2.49017 40
      vertex 47.381 2.90735 0
      vertex 47.6991 3.57989 0
    endloop
  endfacet
  facet normal 0.922731 -0.384471 -0.027355
    outer loop
      vertex 47.381 2.90735 0
      vertex 48.393 2.49017 40
      vertex 48.3923 2.48849 40
    endloop
  endfacet
  facet normal 0.991614 -0.12632 -0.0272868
    outer loop
      vertex 48.0222 1.26862 40
      vertex 46.9485 1.48058 0
      vertex 46.9487 1.48215 0
    endloop
  endfacet
  facet normal 0.988799 -0.146732 -0.0273194
    outer loop
      vertex 46.9485 1.48058 0
      vertex 48.0222 1.26862 40
      vertex 47.9288 0.639214 40
    endloop
  endfacet
  facet normal -0.671358 -0.740629 -0.0273205
    outer loop
      vertex 59.7709 5.37314 0
      vertex 58.9981 4.59813 40
      vertex 58.5267 5.02544 40
    endloop
  endfacet
  facet normal -0.661788 -0.749194 -0.0273016
    outer loop
      vertex 58.9981 4.59813 40
      vertex 59.7709 5.37314 0
      vertex 59.7721 5.37208 0
    endloop
  endfacet
  facet normal 0.595459 0.802921 -0.0273201
    outer loop
      vertex 50.1792 -6.31689 0
      vertex 50.2762 -5.02779 40
      vertex 50.7873 -5.40683 40
    endloop
  endfacet
  facet normal 0.585724 0.810043 -0.0275261
    outer loop
      vertex 50.2762 -5.02779 40
      vertex 50.1792 -6.31689 0
      vertex 50.1779 -6.31595 0
    endloop
  endfacet
  facet normal 0.945592 0.324203 -0.0273356
    outer loop
      vertex 48.1779 -1.88939 40
      vertex 47.1299 -2.20537 0
      vertex 48.1773 -1.88764 40
    endloop
  endfacet
  facet normal 0.941208 0.336722 -0.0273196
    outer loop
      vertex 47.1299 -2.20537 0
      vertex 48.1779 -1.88939 40
      vertex 47.3805 -2.90585 0
    endloop
  endfacet
  facet normal 0.804212 0.593713 -0.0273565
    outer loop
      vertex 49.3733 -4.12529 40
      vertex 48.0841 -4.22209 0
      vertex 49.3722 -4.1238 40
    endloop
  endfacet
  facet normal 0.80296 0.595407 -0.0273203
    outer loop
      vertex 48.0841 -4.22209 0
      vertex 49.3733 -4.12529 40
      vertex 48.5272 -4.81965 0
    endloop
  endfacet
  facet normal 0.510347 0.859532 -0.0273917
    outer loop
      vertex 50.8173 -6.69937 0
      vertex 50.7873 -5.40683 40
      vertex 50.7889 -5.40778 40
    endloop
  endfacet
  facet normal 0.513928 0.857398 -0.0273201
    outer loop
      vertex 50.7873 -5.40683 40
      vertex 50.8173 -6.69937 0
      vertex 50.1792 -6.31689 0
    endloop
  endfacet
  facet normal -0.9888 -0.146724 -0.0273192
    outer loop
      vertex 61.9607 0.744661 0
      vertex 60.8712 0.639214 40
      vertex 61.8515 1.48058 0
    endloop
  endfacet
  facet normal -0.993741 -0.10831 -0.0273525
    outer loop
      vertex 60.8712 0.639214 40
      vertex 61.9607 0.744661 0
      vertex 60.8714 0.637379 40
    endloop
  endfacet
  facet normal -0.861609 0.506829 -0.0274609
    outer loop
      vertex 59.8078 -3.61114 40
      vertex 61.1002 -3.58133 0
      vertex 61.0994 -3.58269 0
    endloop
  endfacet
  facet normal -0.857424 0.513885 -0.0273204
    outer loop
      vertex 61.1002 -3.58133 0
      vertex 59.8078 -3.61114 40
      vertex 60.1349 -3.06537 40
    endloop
  endfacet
  facet normal -0.671339 0.740647 -0.0273201
    outer loop
      vertex 59.2197 -5.87276 0
      vertex 58.5267 -5.02544 40
      vertex 59.7709 -5.37314 0
    endloop
  endfacet
  facet normal -0.662788 0.748308 -0.0273342
    outer loop
      vertex 58.5267 -5.02544 40
      vertex 59.2197 -5.87276 0
      vertex 58.5253 -5.02668 40
    endloop
  endfacet
  facet normal -0.595459 0.802921 -0.0273206
    outer loop
      vertex 58.6221 -6.31595 0
      vertex 58.5253 -5.02668 40
      vertex 59.2197 -5.87276 0
    endloop
  endfacet
  facet normal -0.594621 0.803541 -0.0273385
    outer loop
      vertex 58.5253 -5.02668 40
      vertex 58.6221 -6.31595 0
      vertex 58.5238 -5.02779 40
    endloop
  endfacet
  facet normal -0.899032 -0.437029 -0.0273331
    outer loop
      vertex 61.1009 3.57989 0
      vertex 60.1349 3.06537 40
      vertex 61.1002 3.58133 0
    endloop
  endfacet
  facet normal -0.903621 -0.427461 -0.0273209
    outer loop
      vertex 60.1349 3.06537 40
      vertex 61.1009 3.57989 0
      vertex 60.407 2.49017 40
    endloop
  endfacet
  facet normal 0.513928 -0.857398 -0.0273201
    outer loop
      vertex 50.8173 6.69937 0
      vertex 50.7873 5.40683 40
      vertex 50.1792 6.31689 0
    endloop
  endfacet
  facet normal 0.510347 -0.859532 -0.0273917
    outer loop
      vertex 50.7873 5.40683 40
      vertex 50.8173 6.69937 0
      vertex 50.7889 5.40778 40
    endloop
  endfacet
  facet normal 0.595459 -0.802921 -0.0273206
    outer loop
      vertex 50.1779 6.31595 0
      vertex 50.2747 5.02668 40
      vertex 49.5803 5.87276 0
    endloop
  endfacet
  facet normal 0.594621 -0.803541 -0.0273385
    outer loop
      vertex 50.2747 5.02668 40
      vertex 50.1779 6.31595 0
      vertex 50.2762 5.02779 40
    endloop
  endfacet
  facet normal 0.049919 -0.99838 -0.0273213
    outer loop
      vertex 53.6569 7.56076 0
      vertex 53.7626 6.47142 40
      vertex 53.6553 7.56068 0
    endloop
  endfacet
  facet normal 0.0490649 -0.998422 -0.0273202
    outer loop
      vertex 53.7626 6.47142 40
      vertex 53.6569 7.56076 0
      vertex 54.3981 6.50265 40
    endloop
  endfacet
  facet normal 0.988799 0.146732 -0.0273194
    outer loop
      vertex 48.0222 -1.26862 40
      vertex 46.9485 -1.48058 0
      vertex 47.9288 -0.639214 40
    endloop
  endfacet
  facet normal 0.991614 0.12632 -0.0272868
    outer loop
      vertex 46.9485 -1.48058 0
      vertex 48.0222 -1.26862 40
      vertex 46.9487 -1.48215 0
    endloop
  endfacet
  facet normal -0.727619 0.685438 -0.0272895
    outer loop
      vertex 60.2728 -4.81965 0
      vertex 59.4254 -4.12667 40
      vertex 59.4267 -4.12529 40
    endloop
  endfacet
  facet normal -0.740624 0.671364 -0.0273212
    outer loop
      vertex 59.4254 -4.12667 40
      vertex 60.2728 -4.81965 0
      vertex 59.7731 -5.3709 0
    endloop
  endfacet
  facet normal -0.146675 0.988807 -0.0273202
    outer loop
      vertex 55.1447 -7.56068 0
      vertex 55.0392 -6.47115 40
      vertex 55.8806 -7.45152 0
    endloop
  endfacet
  facet normal -0.148285 0.988567 -0.0273179
    outer loop
      vertex 55.0392 -6.47115 40
      vertex 55.1447 -7.56068 0
      vertex 55.0374 -6.47142 40
    endloop
  endfacet
  facet normal 0.436741 -0.899172 -0.0273319
    outer loop
      vertex 50.8201 6.70087 0
      vertex 51.3346 5.7349 40
      vertex 50.8187 6.70019 0
    endloop
  endfacet
  facet normal 0.427396 -0.903651 -0.0273199
    outer loop
      vertex 51.3346 5.7349 40
      vertex 50.8201 6.70087 0
      vertex 51.9098 6.00695 40
    endloop
  endfacet
  facet normal -0.353918 0.934877 -0.0273397
    outer loop
      vertex 57.3059 -7.01949 0
      vertex 56.8885 -6.00774 40
      vertex 57.3073 -7.01896 0
    endloop
  endfacet
  facet normal -0.336776 0.941188 -0.0273204
    outer loop
      vertex 56.8885 -6.00774 40
      vertex 57.3059 -7.01949 0
      vertex 56.2894 -6.22211 40
    endloop
  endfacet
  facet normal 0.146672 0.988808 -0.0273202
    outer loop
      vertex 52.9194 -7.45152 0
      vertex 53.1314 -6.37779 40
      vertex 53.7608 -6.47115 40
    endloop
  endfacet
  facet normal 0.148285 0.988567 -0.0273223
    outer loop
      vertex 53.1314 -6.37779 40
      vertex 52.9194 -7.45152 0
      vertex 52.9178 -7.45128 0
    endloop
  endfacet
  facet normal 0.427396 0.903651 -0.0273199
    outer loop
      vertex 50.8201 -6.70087 0
      vertex 51.3346 -5.7349 40
      vertex 51.9098 -6.00695 40
    endloop
  endfacet
  facet normal 0.436741 0.899172 -0.0273319
    outer loop
      vertex 51.3346 -5.7349 40
      vertex 50.8201 -6.70087 0
      vertex 50.8187 -6.70019 0
    endloop
  endfacet
  facet normal 0.148285 0.988567 -0.0273179
    outer loop
      vertex 53.6553 -7.56068 0
      vertex 53.7608 -6.47115 40
      vertex 53.7626 -6.47142 40
    endloop
  endfacet
  facet normal 0.146675 0.988807 -0.0273202
    outer loop
      vertex 53.7608 -6.47115 40
      vertex 53.6553 -7.56068 0
      vertex 52.9194 -7.45152 0
    endloop
  endfacet
  facet normal -0.148285 0.988567 -0.0273223
    outer loop
      vertex 55.8806 -7.45152 0
      vertex 55.6686 -6.37779 40
      vertex 55.8822 -7.45128 0
    endloop
  endfacet
  facet normal -0.146672 0.988808 -0.0273202
    outer loop
      vertex 55.6686 -6.37779 40
      vertex 55.8806 -7.45152 0
      vertex 55.0392 -6.47115 40
    endloop
  endfacet
  facet normal 0.661788 -0.749194 -0.0273016
    outer loop
      vertex 49.0291 5.37314 0
      vertex 49.8019 4.59813 40
      vertex 49.0279 5.37208 0
    endloop
  endfacet
  facet normal 0.671358 -0.740629 -0.0273205
    outer loop
      vertex 49.8019 4.59813 40
      vertex 49.0291 5.37314 0
      vertex 50.2733 5.02544 40
    endloop
  endfacet
  facet normal 0.671339 -0.740647 -0.0273201
    outer loop
      vertex 49.5803 5.87276 0
      vertex 50.2733 5.02544 40
      vertex 49.0291 5.37314 0
    endloop
  endfacet
  facet normal 0.662788 -0.748308 -0.0273342
    outer loop
      vertex 50.2733 5.02544 40
      vertex 49.5803 5.87276 0
      vertex 50.2747 5.02668 40
    endloop
  endfacet
  facet normal 0.146675 -0.988807 -0.0273202
    outer loop
      vertex 53.6553 7.56068 0
      vertex 53.7608 6.47115 40
      vertex 52.9194 7.45152 0
    endloop
  endfacet
  facet normal 0.148285 -0.988567 -0.0273179
    outer loop
      vertex 53.7608 6.47115 40
      vertex 53.6553 7.56068 0
      vertex 53.7626 6.47142 40
    endloop
  endfacet
  facet normal 0.513957 0.857381 -0.0273193
    outer loop
      vertex 50.8187 -6.70019 0
      vertex 50.7889 -5.40778 40
      vertex 51.3346 -5.7349 40
    endloop
  endfacet
  facet normal 0.505212 0.862557 -0.0274931
    outer loop
      vertex 50.7889 -5.40778 40
      vertex 50.8187 -6.70019 0
      vertex 50.8173 -6.69937 0
    endloop
  endfacet
  facet normal 0.325545 0.945131 -0.0273347
    outer loop
      vertex 52.1946 -7.27013 0
      vertex 52.5106 -6.22211 40
      vertex 52.5124 -6.22273 40
    endloop
  endfacet
  facet normal 0.336761 0.941194 -0.0273202
    outer loop
      vertex 52.5106 -6.22211 40
      vertex 52.1946 -7.27013 0
      vertex 51.4941 -7.01949 0
    endloop
  endfacet
  facet normal -0.661788 0.749194 -0.0273016
    outer loop
      vertex 59.7709 -5.37314 0
      vertex 58.9981 -4.59813 40
      vertex 59.7721 -5.37208 0
    endloop
  endfacet
  facet normal -0.671358 0.740629 -0.0273205
    outer loop
      vertex 58.9981 -4.59813 40
      vertex 59.7709 -5.37314 0
      vertex 58.5267 -5.02544 40
    endloop
  endfacet
  facet normal -0.242903 0.969666 -0.0273202
    outer loop
      vertex 55.8837 -7.4509 0
      vertex 55.6686 -6.37779 40
      vertex 56.2858 -6.22318 40
    endloop
  endfacet
  facet normal -0.245484 0.969016 -0.0273166
    outer loop
      vertex 55.6686 -6.37779 40
      vertex 55.8837 -7.4509 0
      vertex 55.8822 -7.45128 0
    endloop
  endfacet
  facet normal 0.857424 0.513885 -0.0273204
    outer loop
      vertex 48.9922 -3.61114 40
      vertex 47.6998 -3.58133 0
      vertex 48.6651 -3.06537 40
    endloop
  endfacet
  facet normal 0.861609 0.506829 -0.0274609
    outer loop
      vertex 47.6998 -3.58133 0
      vertex 48.9922 -3.61114 40
      vertex 47.7006 -3.58269 0
    endloop
  endfacet
  facet normal 0.846192 0.532196 -0.026945
    outer loop
      vertex 48.9932 -3.61273 40
      vertex 47.7006 -3.58269 0
      vertex 48.9922 -3.61114 40
    endloop
  endfacet
  facet normal 0.857393 0.513936 -0.0273207
    outer loop
      vertex 47.7006 -3.58269 0
      vertex 48.9932 -3.61273 40
      vertex 48.0831 -4.22081 0
    endloop
  endfacet
  facet normal 0.802934 0.595441 -0.0273207
    outer loop
      vertex 49.3722 -4.1238 40
      vertex 48.0831 -4.22081 0
      vertex 48.9932 -3.61273 40
    endloop
  endfacet
  facet normal 0.78774 0.615422 -0.0268794
    outer loop
      vertex 48.0831 -4.22081 0
      vertex 49.3722 -4.1238 40
      vertex 48.0841 -4.22209 0
    endloop
  endfacet
  facet normal 0.336776 0.941188 -0.0273204
    outer loop
      vertex 51.4941 -7.01949 0
      vertex 51.9115 -6.00774 40
      vertex 52.5106 -6.22211 40
    endloop
  endfacet
  facet normal 0.353918 0.934877 -0.0273397
    outer loop
      vertex 51.9115 -6.00774 40
      vertex 51.4941 -7.01949 0
      vertex 51.4927 -7.01896 0
    endloop
  endfacet
  facet normal 0.998427 0.048894 0.0274567
    outer loop
      vertex 118.752 0.980171 0
      vertex 117.7 0 40
      vertex 118.8 0 0
    endloop
  endfacet
  facet normal 0.969725 0.242652 0.0274602
    outer loop
      vertex 118.608 1.9509 0
      vertex 117.317 2.58353 40
      vertex 117.529 1.7363 40
    endloop
  endfacet
  facet normal 0.988803 0.146681 0.0274599
    outer loop
      vertex 118.608 1.9509 0
      vertex 117.529 1.7363 40
      vertex 118.752 0.980171 0
    endloop
  endfacet
  facet normal 0.513785 -0.857479 0.0274626
    outer loop
      vertex 114.356 -8.3147 0
      vertex 112.995 -7.8491 40
      vertex 113.514 -8.81921 0
    endloop
  endfacet
  facet normal -0.146661 0.988806 0.0274574
    outer loop
      vertex 107.82 9.95185 0
      vertex 107.064 8.72899 40
      vertex 107.928 8.85714 40
    endloop
  endfacet
  facet normal -0.857414 -0.513894 0.0274647
    outer loop
      vertex 100.951 -4.19543 40
      vertex 100.485 -5.5557 0
      vertex 101.4 -4.94457 40
    endloop
  endfacet
  facet normal -0.595765 -0.802689 0.0274542
    outer loop
      vertex 103.855 -7.40008 40
      vertex 103.154 -6.87979 40
      vertex 103.244 -8.3147 0
    endloop
  endfacet
  facet normal 0.740693 0.671283 0.0274508
    outer loop
      vertex 115.871 7.07107 0
      vertex 115.68 5.6461 40
      vertex 116.53 6.34393 0
    endloop
  endfacet
  facet normal 0.998427 -0.048894 0.0274567
    outer loop
      vertex 118.8 0 0
      vertex 117.7 0 40
      vertex 118.752 -0.980171 0
    endloop
  endfacet
  facet normal -0.595593 -0.802817 0.0274592
    outer loop
      vertex 103.154 -6.87979 40
      vertex 102.456 -7.7301 0
      vertex 103.244 -8.3147 0
    endloop
  endfacet
  facet normal -0.903396 -0.427928 0.0274452
    outer loop
      vertex 100.577 -3.40588 40
      vertex 99.5612 -3.82683 0
      vertex 100.951 -4.19543 40
    endloop
  endfacet
  facet normal 0.595765 0.802689 0.0274542
    outer loop
      vertex 114.356 8.3147 0
      vertex 113.745 7.40008 40
      vertex 114.446 6.87979 40
    endloop
  endfacet
  facet normal 0.146641 0.988809 0.0274578
    outer loop
      vertex 110.751 9.80785 0
      vertex 109.78 9.95185 0
      vertex 110.536 8.72899 40
    endloop
  endfacet
  facet normal -0.427638 0.903533 0.0274567
    outer loop
      vertex 104.973 9.2388 0
      vertex 104.605 7.8491 40
      vertex 105.394 8.22253 40
    endloop
  endfacet
  facet normal 0.049055 0.998419 0.0274565
    outer loop
      vertex 108.8 10 0
      vertex 108.8 8.9 40
      vertex 109.78 9.95185 0
    endloop
  endfacet
  facet normal -0.427452 0.903621 0.0274615
    outer loop
      vertex 104.973 9.2388 0
      vertex 104.086 8.81921 0
      vertex 104.605 7.8491 40
    endloop
  endfacet
  facet normal 0.67139 0.740596 0.0274598
    outer loop
      vertex 115.871 7.07107 0
      vertex 114.446 6.87979 40
      vertex 115.093 6.29325 40
    endloop
  endfacet
  facet normal -0.146641 -0.988809 0.0274578
    outer loop
      vertex 107.064 -8.72899 40
      vertex 106.849 -9.80785 0
      vertex 107.82 -9.95185 0
    endloop
  endfacet
  facet normal 0.336888 0.941144 0.0274572
    outer loop
      vertex 112.627 9.2388 0
      vertex 111.384 8.51677 40
      vertex 112.206 8.22253 40
    endloop
  endfacet
  facet normal 0.857636 0.513524 0.0274547
    outer loop
      vertex 117.115 5.5557 0
      vertex 116.649 4.19543 40
      vertex 117.619 4.71397 0
    endloop
  endfacet
  facet normal 0.513785 0.857479 0.0274626
    outer loop
      vertex 113.514 8.81921 0
      vertex 112.995 7.8491 40
      vertex 114.356 8.3147 0
    endloop
  endfacet
  facet normal 0.67139 -0.740596 0.0274598
    outer loop
      vertex 115.093 -6.29325 40
      vertex 114.446 -6.87979 40
      vertex 115.871 -7.07107 0
    endloop
  endfacet
  facet normal -0.427638 -0.903533 0.0274567
    outer loop
      vertex 105.394 -8.22253 40
      vertex 104.605 -7.8491 40
      vertex 104.973 -9.2388 0
    endloop
  endfacet
  facet normal 0.427452 0.903621 0.0274615
    outer loop
      vertex 113.514 8.81921 0
      vertex 112.627 9.2388 0
      vertex 112.995 7.8491 40
    endloop
  endfacet
  facet normal 0.857414 -0.513894 0.0274647
    outer loop
      vertex 116.649 -4.19543 40
      vertex 116.2 -4.94457 40
      vertex 117.115 -5.5557 0
    endloop
  endfacet
  facet normal -0.988813 -0.146614 0.0274565
    outer loop
      vertex 99.9429 -0.872352 40
      vertex 98.8482 -0.980171 0
      vertex 100.071 -1.7363 40
    endloop
  endfacet
  facet normal -0.0490736 0.998418 0.0274569
    outer loop
      vertex 108.8 8.9 40
      vertex 107.82 9.95185 0
      vertex 107.928 8.85714 40
    endloop
  endfacet
  facet normal 0.336752 0.941193 0.0274538
    outer loop
      vertex 111.703 9.5694 0
      vertex 111.384 8.51677 40
      vertex 112.627 9.2388 0
    endloop
  endfacet
  facet normal -0.802706 0.595743 0.0274507
    outer loop
      vertex 101.07 6.34393 0
      vertex 100.485 5.5557 0
      vertex 101.92 5.6461 40
    endloop
  endfacet
  facet normal 0.903396 -0.427927 0.0274497
    outer loop
      vertex 117.023 -3.40588 40
      vertex 116.649 -4.19543 40
      vertex 118.039 -3.82683 0
    endloop
  endfacet
  facet normal -0.336888 0.941144 0.0274572
    outer loop
      vertex 106.216 8.51677 40
      vertex 104.973 9.2388 0
      vertex 105.394 8.22253 40
    endloop
  endfacet
  facet normal -0.803063 0.59526 0.0274646
    outer loop
      vertex 101.92 5.6461 40
      vertex 100.485 5.5557 0
      vertex 101.4 4.94457 40
    endloop
  endfacet
  facet normal -0.242681 0.969717 0.0274591
    outer loop
      vertex 106.849 9.80785 0
      vertex 106.216 8.51677 40
      vertex 107.064 8.72899 40
    endloop
  endfacet
  facet normal -0.242876 0.969669 0.0274545
    outer loop
      vertex 106.849 9.80785 0
      vertex 105.897 9.5694 0
      vertex 106.216 8.51677 40
    endloop
  endfacet
  facet normal -0.595593 0.802817 0.0274592
    outer loop
      vertex 103.244 8.3147 0
      vertex 102.456 7.7301 0
      vertex 103.154 6.87979 40
    endloop
  endfacet
  facet normal 0.941385 0.336216 0.0274424
    outer loop
      vertex 118.039 3.82683 0
      vertex 117.317 2.58353 40
      vertex 118.369 2.90285 0
    endloop
  endfacet
  facet normal -0.941277 0.336518 0.0274452
    outer loop
      vertex 100.577 3.40588 40
      vertex 99.5612 3.82683 0
      vertex 100.283 2.58353 40
    endloop
  endfacet
  facet normal -0.998416 -0.0490995 0.0274565
    outer loop
      vertex 99.9 0 40
      vertex 98.8482 -0.980171 0
      vertex 99.9429 -0.872352 40
    endloop
  endfacet
  facet normal -0.803063 -0.59526 0.0274646
    outer loop
      vertex 101.4 -4.94457 40
      vertex 100.485 -5.5557 0
      vertex 101.92 -5.6461 40
    endloop
  endfacet
  facet normal 0.903485 0.427738 0.0274545
    outer loop
      vertex 117.619 4.71397 0
      vertex 116.649 4.19543 40
      vertex 118.039 3.82683 0
    endloop
  endfacet
  facet normal 0.969534 -0.243415 0.0274419
    outer loop
      vertex 118.608 -1.9509 0
      vertex 117.317 -2.58353 40
      vertex 118.369 -2.90285 0
    endloop
  endfacet
  facet normal -0.146641 0.988809 0.0274578
    outer loop
      vertex 107.82 9.95185 0
      vertex 106.849 9.80785 0
      vertex 107.064 8.72899 40
    endloop
  endfacet
  facet normal -0.969725 0.242652 0.0274577
    outer loop
      vertex 100.283 2.58353 40
      vertex 98.9921 1.9509 0
      vertex 100.071 1.7363 40
    endloop
  endfacet
  facet normal 0.0490736 0.998418 0.0274569
    outer loop
      vertex 109.78 9.95185 0
      vertex 108.8 8.9 40
      vertex 109.672 8.85714 40
    endloop
  endfacet
  facet normal 0.941277 -0.336518 0.0274499
    outer loop
      vertex 117.317 -2.58353 40
      vertex 117.023 -3.40588 40
      vertex 118.039 -3.82683 0
    endloop
  endfacet
  facet normal -0.857546 -0.513674 0.0274588
    outer loop
      vertex 100.951 -4.19543 40
      vertex 99.9808 -4.71397 0
      vertex 100.485 -5.5557 0
    endloop
  endfacet
  facet normal 0.242681 0.969717 0.0274591
    outer loop
      vertex 110.751 9.80785 0
      vertex 110.536 8.72899 40
      vertex 111.384 8.51677 40
    endloop
  endfacet
  facet normal 0.941277 0.336518 0.0274499
    outer loop
      vertex 118.039 3.82683 0
      vertex 117.023 3.40588 40
      vertex 117.317 2.58353 40
    endloop
  endfacet
  facet normal 0.857414 0.513894 0.0274647
    outer loop
      vertex 117.115 5.5557 0
      vertex 116.2 4.94457 40
      vertex 116.649 4.19543 40
    endloop
  endfacet
  facet normal 0.969534 0.243415 0.0274419
    outer loop
      vertex 118.369 2.90285 0
      vertex 117.317 2.58353 40
      vertex 118.608 1.9509 0
    endloop
  endfacet
  facet normal -0.903643 -0.427406 0.0274585
    outer loop
      vertex 100.951 -4.19543 40
      vertex 99.5612 -3.82683 0
      vertex 99.9808 -4.71397 0
    endloop
  endfacet
  facet normal -0.513478 -0.857664 0.0274543
    outer loop
      vertex 103.855 -7.40008 40
      vertex 103.244 -8.3147 0
      vertex 104.605 -7.8491 40
    endloop
  endfacet
  facet normal 0.998411 -0.0492137 0.0274641
    outer loop
      vertex 117.7 0 40
      vertex 117.657 -0.872352 40
      vertex 118.752 -0.980171 0
    endloop
  endfacet
  facet normal 0.146661 0.988806 0.0274574
    outer loop
      vertex 109.78 9.95185 0
      vertex 109.672 8.85714 40
      vertex 110.536 8.72899 40
    endloop
  endfacet
  facet normal 0.740411 0.671593 0.0274605
    outer loop
      vertex 115.871 7.07107 0
      vertex 115.093 6.29325 40
      vertex 115.68 5.6461 40
    endloop
  endfacet
  facet normal -0.998417 0.0490972 0.0274565
    outer loop
      vertex 98.8482 0.980171 0
      vertex 98.8 0 0
      vertex 99.9 0 40
    endloop
  endfacet
  facet normal -0.049055 -0.998419 0.0274565
    outer loop
      vertex 108.8 -8.9 40
      vertex 107.82 -9.95185 0
      vertex 108.8 -10 0
    endloop
  endfacet
  facet normal 0.941385 -0.336216 0.0274424
    outer loop
      vertex 118.369 -2.90285 0
      vertex 117.317 -2.58353 40
      vertex 118.039 -3.82683 0
    endloop
  endfacet
  facet normal -0.427452 -0.903621 0.0274615
    outer loop
      vertex 104.605 -7.8491 40
      vertex 104.086 -8.81921 0
      vertex 104.973 -9.2388 0
    endloop
  endfacet
  facet normal -0.941191 0.336758 0.0274511
    outer loop
      vertex 99.5612 3.82683 0
      vertex 99.2306 2.90285 0
      vertex 100.283 2.58353 40
    endloop
  endfacet
  facet normal 0.427452 -0.903621 0.0274615
    outer loop
      vertex 112.995 -7.8491 40
      vertex 112.627 -9.2388 0
      vertex 113.514 -8.81921 0
    endloop
  endfacet
  facet normal -0.049055 0.998419 0.0274565
    outer loop
      vertex 108.8 10 0
      vertex 107.82 9.95185 0
      vertex 108.8 8.9 40
    endloop
  endfacet
  facet normal -0.941277 -0.336518 0.0274452
    outer loop
      vertex 100.283 -2.58353 40
      vertex 99.5612 -3.82683 0
      vertex 100.577 -3.40588 40
    endloop
  endfacet
  facet normal 0.969725 -0.242652 0.0274602
    outer loop
      vertex 117.529 -1.7363 40
      vertex 117.317 -2.58353 40
      vertex 118.608 -1.9509 0
    endloop
  endfacet
  facet normal 0.988803 -0.146681 0.0274599
    outer loop
      vertex 118.752 -0.980171 0
      vertex 117.529 -1.7363 40
      vertex 118.608 -1.9509 0
    endloop
  endfacet
  facet normal 0.903485 -0.427738 0.0274545
    outer loop
      vertex 118.039 -3.82683 0
      vertex 116.649 -4.19543 40
      vertex 117.619 -4.71397 0
    endloop
  endfacet
  facet normal 0.0490736 -0.998418 0.0274569
    outer loop
      vertex 109.672 -8.85714 40
      vertex 108.8 -8.9 40
      vertex 109.78 -9.95185 0
    endloop
  endfacet
  facet normal 0.336752 -0.941193 0.0274538
    outer loop
      vertex 112.627 -9.2388 0
      vertex 111.384 -8.51677 40
      vertex 111.703 -9.5694 0
    endloop
  endfacet
  facet normal 0.988829 -0.146502 0.0274641
    outer loop
      vertex 117.657 -0.872352 40
      vertex 117.529 -1.7363 40
      vertex 118.752 -0.980171 0
    endloop
  endfacet
  facet normal 0.857636 -0.513524 0.0274547
    outer loop
      vertex 117.619 -4.71397 0
      vertex 116.649 -4.19543 40
      vertex 117.115 -5.5557 0
    endloop
  endfacet
  facet normal 0.513478 0.857664 0.0274543
    outer loop
      vertex 114.356 8.3147 0
      vertex 112.995 7.8491 40
      vertex 113.745 7.40008 40
    endloop
  endfacet
  facet normal -0.67139 -0.740596 0.0274598
    outer loop
      vertex 102.507 -6.29325 40
      vertex 101.729 -7.07107 0
      vertex 103.154 -6.87979 40
    endloop
  endfacet
  facet normal -0.740693 0.671283 0.0274508
    outer loop
      vertex 101.729 7.07107 0
      vertex 101.07 6.34393 0
      vertex 101.92 5.6461 40
    endloop
  endfacet
  facet normal -0.740411 0.671593 0.0274605
    outer loop
      vertex 102.507 6.29325 40
      vertex 101.729 7.07107 0
      vertex 101.92 5.6461 40
    endloop
  endfacet
  facet normal 0.903396 0.427927 0.0274497
    outer loop
      vertex 118.039 3.82683 0
      vertex 116.649 4.19543 40
      vertex 117.023 3.40588 40
    endloop
  endfacet
  facet normal 0.998411 0.0492137 0.0274641
    outer loop
      vertex 118.752 0.980171 0
      vertex 117.657 0.872352 40
      vertex 117.7 0 40
    endloop
  endfacet
  facet normal 0.595593 0.802817 0.0274592
    outer loop
      vertex 115.144 7.7301 0
      vertex 114.356 8.3147 0
      vertex 114.446 6.87979 40
    endloop
  endfacet
  facet normal 0.146641 -0.988809 0.0274578
    outer loop
      vertex 110.536 -8.72899 40
      vertex 109.78 -9.95185 0
      vertex 110.751 -9.80785 0
    endloop
  endfacet
  facet normal -0.336752 -0.941193 0.0274538
    outer loop
      vertex 106.216 -8.51677 40
      vertex 104.973 -9.2388 0
      vertex 105.897 -9.5694 0
    endloop
  endfacet
  facet normal 0.242681 -0.969717 0.0274591
    outer loop
      vertex 111.384 -8.51677 40
      vertex 110.536 -8.72899 40
      vertex 110.751 -9.80785 0
    endloop
  endfacet
  facet normal 0.336888 -0.941144 0.0274572
    outer loop
      vertex 112.206 -8.22253 40
      vertex 111.384 -8.51677 40
      vertex 112.627 -9.2388 0
    endloop
  endfacet
  facet normal 0.67137 -0.740613 0.0274592
    outer loop
      vertex 115.871 -7.07107 0
      vertex 114.446 -6.87979 40
      vertex 115.144 -7.7301 0
    endloop
  endfacet
  facet normal 0.988829 0.146502 0.0274641
    outer loop
      vertex 118.752 0.980171 0
      vertex 117.529 1.7363 40
      vertex 117.657 0.872352 40
    endloop
  endfacet
  facet normal -0.67137 0.740613 0.0274592
    outer loop
      vertex 102.456 7.7301 0
      vertex 101.729 7.07107 0
      vertex 103.154 6.87979 40
    endloop
  endfacet
  facet normal 0.740411 -0.671593 0.0274605
    outer loop
      vertex 115.68 -5.6461 40
      vertex 115.093 -6.29325 40
      vertex 115.871 -7.07107 0
    endloop
  endfacet
  facet normal -0.336752 0.941193 0.0274538
    outer loop
      vertex 105.897 9.5694 0
      vertex 104.973 9.2388 0
      vertex 106.216 8.51677 40
    endloop
  endfacet
  facet normal 0.242876 -0.969669 0.0274545
    outer loop
      vertex 111.384 -8.51677 40
      vertex 110.751 -9.80785 0
      vertex 111.703 -9.5694 0
    endloop
  endfacet
  facet normal -0.857546 0.513674 0.0274588
    outer loop
      vertex 100.485 5.5557 0
      vertex 99.9808 4.71397 0
      vertex 100.951 4.19543 40
    endloop
  endfacet
  facet normal 0.242876 0.969669 0.0274545
    outer loop
      vertex 111.703 9.5694 0
      vertex 110.751 9.80785 0
      vertex 111.384 8.51677 40
    endloop
  endfacet
  facet normal -0.857414 0.513894 0.0274647
    outer loop
      vertex 101.4 4.94457 40
      vertex 100.485 5.5557 0
      vertex 100.951 4.19543 40
    endloop
  endfacet
  facet normal 0.803063 0.59526 0.0274646
    outer loop
      vertex 117.115 5.5557 0
      vertex 115.68 5.6461 40
      vertex 116.2 4.94457 40
    endloop
  endfacet
  facet normal 0.802706 0.595743 0.0274507
    outer loop
      vertex 116.53 6.34393 0
      vertex 115.68 5.6461 40
      vertex 117.115 5.5557 0
    endloop
  endfacet
  facet normal -0.242681 -0.969717 0.0274591
    outer loop
      vertex 107.064 -8.72899 40
      vertex 106.216 -8.51677 40
      vertex 106.849 -9.80785 0
    endloop
  endfacet
  facet normal 0.67137 0.740613 0.0274592
    outer loop
      vertex 115.144 7.7301 0
      vertex 114.446 6.87979 40
      vertex 115.871 7.07107 0
    endloop
  endfacet
  facet normal -0.0490736 -0.998418 0.0274569
    outer loop
      vertex 107.928 -8.85714 40
      vertex 107.82 -9.95185 0
      vertex 108.8 -8.9 40
    endloop
  endfacet
  facet normal -0.988813 0.146614 0.0274565
    outer loop
      vertex 100.071 1.7363 40
      vertex 98.8482 0.980171 0
      vertex 99.9429 0.872352 40
    endloop
  endfacet
  facet normal -0.903643 0.427406 0.0274585
    outer loop
      vertex 99.9808 4.71397 0
      vertex 99.5612 3.82683 0
      vertex 100.951 4.19543 40
    endloop
  endfacet
  facet normal -0.903396 0.427928 0.0274452
    outer loop
      vertex 100.951 4.19543 40
      vertex 99.5612 3.82683 0
      vertex 100.577 3.40588 40
    endloop
  endfacet
  facet normal -0.146661 -0.988806 0.0274574
    outer loop
      vertex 107.928 -8.85714 40
      vertex 107.064 -8.72899 40
      vertex 107.82 -9.95185 0
    endloop
  endfacet
  facet normal -0.988817 -0.146581 0.0274573
    outer loop
      vertex 100.071 -1.7363 40
      vertex 98.8482 -0.980171 0
      vertex 98.9921 -1.9509 0
    endloop
  endfacet
  facet normal 0.427638 0.903533 0.0274567
    outer loop
      vertex 112.627 9.2388 0
      vertex 112.206 8.22253 40
      vertex 112.995 7.8491 40
    endloop
  endfacet
  facet normal 0.427638 -0.903533 0.0274567
    outer loop
      vertex 112.995 -7.8491 40
      vertex 112.206 -8.22253 40
      vertex 112.627 -9.2388 0
    endloop
  endfacet
  facet normal -0.740411 -0.671593 0.0274605
    outer loop
      vertex 101.92 -5.6461 40
      vertex 101.729 -7.07107 0
      vertex 102.507 -6.29325 40
    endloop
  endfacet
  facet normal -0.969725 -0.242652 0.0274577
    outer loop
      vertex 100.071 -1.7363 40
      vertex 98.9921 -1.9509 0
      vertex 100.283 -2.58353 40
    endloop
  endfacet
  facet normal -0.988817 0.146581 0.0274573
    outer loop
      vertex 98.9921 1.9509 0
      vertex 98.8482 0.980171 0
      vertex 100.071 1.7363 40
    endloop
  endfacet
  facet normal -0.740693 -0.671283 0.0274508
    outer loop
      vertex 101.92 -5.6461 40
      vertex 101.07 -6.34393 0
      vertex 101.729 -7.07107 0
    endloop
  endfacet
  facet normal -0.67139 0.740596 0.0274598
    outer loop
      vertex 103.154 6.87979 40
      vertex 101.729 7.07107 0
      vertex 102.507 6.29325 40
    endloop
  endfacet
  facet normal 0.146661 -0.988806 0.0274574
    outer loop
      vertex 110.536 -8.72899 40
      vertex 109.672 -8.85714 40
      vertex 109.78 -9.95185 0
    endloop
  endfacet
  facet normal 0.049055 -0.998419 0.0274565
    outer loop
      vertex 108.8 -8.9 40
      vertex 108.8 -10 0
      vertex 109.78 -9.95185 0
    endloop
  endfacet
  facet normal -0.513785 0.857479 0.0274626
    outer loop
      vertex 104.086 8.81921 0
      vertex 103.244 8.3147 0
      vertex 104.605 7.8491 40
    endloop
  endfacet
  facet normal -0.802706 -0.595743 0.0274507
    outer loop
      vertex 101.92 -5.6461 40
      vertex 100.485 -5.5557 0
      vertex 101.07 -6.34393 0
    endloop
  endfacet
  facet normal 0.595593 -0.802817 0.0274592
    outer loop
      vertex 114.446 -6.87979 40
      vertex 114.356 -8.3147 0
      vertex 115.144 -7.7301 0
    endloop
  endfacet
  facet normal -0.969654 0.242936 0.0274509
    outer loop
      vertex 99.2306 2.90285 0
      vertex 98.9921 1.9509 0
      vertex 100.283 2.58353 40
    endloop
  endfacet
  facet normal -0.998417 -0.0490972 0.0274565
    outer loop
      vertex 99.9 0 40
      vertex 98.8 0 0
      vertex 98.8482 -0.980171 0
    endloop
  endfacet
  facet normal 0.803063 -0.59526 0.0274646
    outer loop
      vertex 116.2 -4.94457 40
      vertex 115.68 -5.6461 40
      vertex 117.115 -5.5557 0
    endloop
  endfacet
  facet normal -0.513785 -0.857479 0.0274626
    outer loop
      vertex 104.605 -7.8491 40
      vertex 103.244 -8.3147 0
      vertex 104.086 -8.81921 0
    endloop
  endfacet
  facet normal -0.998416 0.0490995 0.0274565
    outer loop
      vertex 99.9429 0.872352 40
      vertex 98.8482 0.980171 0
      vertex 99.9 0 40
    endloop
  endfacet
  facet normal 0.802706 -0.595743 0.0274507
    outer loop
      vertex 117.115 -5.5557 0
      vertex 115.68 -5.6461 40
      vertex 116.53 -6.34393 0
    endloop
  endfacet
  facet normal 0.740693 -0.671283 0.0274508
    outer loop
      vertex 116.53 -6.34393 0
      vertex 115.68 -5.6461 40
      vertex 115.871 -7.07107 0
    endloop
  endfacet
  facet normal -0.242876 -0.969669 0.0274545
    outer loop
      vertex 106.216 -8.51677 40
      vertex 105.897 -9.5694 0
      vertex 106.849 -9.80785 0
    endloop
  endfacet
  facet normal -0.67137 -0.740613 0.0274592
    outer loop
      vertex 103.154 -6.87979 40
      vertex 101.729 -7.07107 0
      vertex 102.456 -7.7301 0
    endloop
  endfacet
  facet normal 0 0 -1
    outer loop
      vertex 116.397 0 0
      vertex 118.8 0 0
      vertex 118.752 -0.980171 0
    endloop
  endfacet
  facet normal 0 0 -1
    outer loop
      vertex 116.361 -0.744661 0
      vertex 118.752 -0.980171 0
      vertex 118.608 -1.9509 0
    endloop
  endfacet
  facet normal 0 0 -1
    outer loop
      vertex 118.8 0 0
      vertex 116.397 0 0
      vertex 118.752 0.980171 0
    endloop
  endfacet
  facet normal 0 0 -1
    outer loop
      vertex 116.251 -1.48369 0
      vertex 118.608 -1.9509 0
      vertex 118.369 -2.90285 0
    endloop
  endfacet
  facet normal 0 0 -1
    outer loop
      vertex 116.361 0.743076 0
      vertex 118.752 0.980171 0
      vertex 116.397 0 0
    endloop
  endfacet
  facet normal 0 0 -1
    outer loop
      vertex 116.07 -2.20537 0
      vertex 118.369 -2.90285 0
      vertex 118.039 -3.82683 0
    endloop
  endfacet
  facet normal 0 0 -1
    outer loop
      vertex 116.361 0.744661 0
      vertex 118.752 0.980171 0
      vertex 116.361 0.743076 0
    endloop
  endfacet
  facet normal 0 0 -1
    outer loop
      vertex 115.819 -2.90735 0
      vertex 118.039 -3.82683 0
      vertex 117.619 -4.71397 0
    endloop
  endfacet
  facet normal -0 0 -1
    outer loop
      vertex 118.752 0.980171 0
      vertex 116.361 0.744661 0
      vertex 118.608 1.9509 0
    endloop
  endfacet
  facet normal 0 0 -1
    outer loop
      vertex 115.499 -3.58269 0
      vertex 117.619 -4.71397 0
      vertex 117.115 -5.5557 0
    endloop
  endfacet
  facet normal 0 0 -1
    outer loop
      vertex 116.252 1.48058 0
      vertex 118.608 1.9509 0
      vertex 116.361 0.744661 0
    endloop
  endfacet
  facet normal 0 0 -1
    outer loop
      vertex 115.116 -4.22209 0
      vertex 117.115 -5.5557 0
      vertex 116.53 -6.34393 0
    endloop
  endfacet
  facet normal 0 0 -1
    outer loop
      vertex 116.251 1.48215 0
      vertex 118.608 1.9509 0
      vertex 116.252 1.48058 0
    endloop
  endfacet
  facet normal 0 0 -1
    outer loop
      vertex 116.251 1.48369 0
      vertex 118.608 1.9509 0
      vertex 116.251 1.48215 0
    endloop
  endfacet
  facet normal 0 0 -1
    outer loop
      vertex 118.752 -0.980171 0
      vertex 116.361 -0.743076 0
      vertex 116.397 0 0
    endloop
  endfacet
  facet normal 0 0 -1
    outer loop
      vertex 118.752 -0.980171 0
      vertex 116.361 -0.744661 0
      vertex 116.361 -0.743076 0
    endloop
  endfacet
  facet normal 0 0 -1
    outer loop
      vertex 118.608 -1.9509 0
      vertex 116.252 -1.48058 0
      vertex 116.361 -0.744661 0
    endloop
  endfacet
  facet normal 0 0 -1
    outer loop
      vertex 118.608 -1.9509 0
      vertex 116.251 -1.48215 0
      vertex 116.252 -1.48058 0
    endloop
  endfacet
  facet normal 0 0 -1
    outer loop
      vertex 118.608 -1.9509 0
      vertex 116.251 -1.48369 0
      vertex 116.251 -1.48215 0
    endloop
  endfacet
  facet normal 0 0 -1
    outer loop
      vertex 118.369 -2.90285 0
      vertex 116.07 -2.20537 0
      vertex 116.251 -1.48369 0
    endloop
  endfacet
  facet normal 0 0 -1
    outer loop
      vertex 114.673 -4.81965 0
      vertex 116.53 -6.34393 0
      vertex 115.871 -7.07107 0
    endloop
  endfacet
  facet normal 0 0 -1
    outer loop
      vertex 118.039 -3.82683 0
      vertex 115.819 -2.90585 0
      vertex 116.07 -2.20537 0
    endloop
  endfacet
  facet normal 0 0 -1
    outer loop
      vertex 118.039 -3.82683 0
      vertex 115.819 -2.90735 0
      vertex 115.819 -2.90585 0
    endloop
  endfacet
  facet normal 0 0 -1
    outer loop
      vertex 117.619 -4.71397 0
      vertex 115.501 -3.57989 0
      vertex 115.819 -2.90735 0
    endloop
  endfacet
  facet normal 0 0 -1
    outer loop
      vertex 117.619 -4.71397 0
      vertex 115.5 -3.58133 0
      vertex 115.501 -3.57989 0
    endloop
  endfacet
  facet normal 0 0 -1
    outer loop
      vertex 117.619 -4.71397 0
      vertex 115.499 -3.58269 0
      vertex 115.5 -3.58133 0
    endloop
  endfacet
  facet normal 0 0 -1
    outer loop
      vertex 114.171 -5.37314 0
      vertex 115.871 -7.07107 0
      vertex 115.144 -7.7301 0
    endloop
  endfacet
  facet normal 0 0 -1
    outer loop
      vertex 117.115 -5.5557 0
      vertex 115.117 -4.22081 0
      vertex 115.499 -3.58269 0
    endloop
  endfacet
  facet normal 0 0 -1
    outer loop
      vertex 117.115 -5.5557 0
      vertex 115.116 -4.22209 0
      vertex 115.117 -4.22081 0
    endloop
  endfacet
  facet normal 0 0 -1
    outer loop
      vertex 116.53 -6.34393 0
      vertex 114.673 -4.81965 0
      vertex 115.116 -4.22209 0
    endloop
  endfacet
  facet normal 0 0 -1
    outer loop
      vertex 113.62 -5.87276 0
      vertex 115.144 -7.7301 0
      vertex 114.356 -8.3147 0
    endloop
  endfacet
  facet normal 0 0 -1
    outer loop
      vertex 115.871 -7.07107 0
      vertex 114.173 -5.3709 0
      vertex 114.673 -4.81965 0
    endloop
  endfacet
  facet normal 0 0 -1
    outer loop
      vertex 115.871 -7.07107 0
      vertex 114.172 -5.37208 0
      vertex 114.173 -5.3709 0
    endloop
  endfacet
  facet normal 0 0 -1
    outer loop
      vertex 115.871 -7.07107 0
      vertex 114.171 -5.37314 0
      vertex 114.172 -5.37208 0
    endloop
  endfacet
  facet normal 0 0 -1
    outer loop
      vertex 115.144 -7.7301 0
      vertex 113.62 -5.87276 0
      vertex 114.171 -5.37314 0
    endloop
  endfacet
  facet normal 0 0 -1
    outer loop
      vertex 113.021 -6.31689 0
      vertex 114.356 -8.3147 0
      vertex 113.514 -8.81921 0
    endloop
  endfacet
  facet normal 0 0 -1
    outer loop
      vertex 114.356 -8.3147 0
      vertex 113.022 -6.31595 0
      vertex 113.62 -5.87276 0
    endloop
  endfacet
  facet normal 0 0 -1
    outer loop
      vertex 114.356 -8.3147 0
      vertex 113.021 -6.31689 0
      vertex 113.022 -6.31595 0
    endloop
  endfacet
  facet normal 0 0 -1
    outer loop
      vertex 112.38 -6.70087 0
      vertex 113.514 -8.81921 0
      vertex 112.627 -9.2388 0
    endloop
  endfacet
  facet normal 0 0 -1
    outer loop
      vertex 113.514 -8.81921 0
      vertex 112.383 -6.69937 0
      vertex 113.021 -6.31689 0
    endloop
  endfacet
  facet normal 0 0 -1
    outer loop
      vertex 113.514 -8.81921 0
      vertex 112.381 -6.70019 0
      vertex 112.383 -6.69937 0
    endloop
  endfacet
  facet normal 0 0 -1
    outer loop
      vertex 113.514 -8.81921 0
      vertex 112.38 -6.70087 0
      vertex 112.381 -6.70019 0
    endloop
  endfacet
  facet normal 0 0 -1
    outer loop
      vertex 112.627 -9.2388 0
      vertex 111.707 -7.01896 0
      vertex 112.38 -6.70087 0
    endloop
  endfacet
  facet normal 0 0 -1
    outer loop
      vertex 112.627 -9.2388 0
      vertex 111.706 -7.01949 0
      vertex 111.707 -7.01896 0
    endloop
  endfacet
  facet normal 0 0 -1
    outer loop
      vertex 111.703 -9.5694 0
      vertex 111.706 -7.01949 0
      vertex 112.627 -9.2388 0
    endloop
  endfacet
  facet normal 0 0 -1
    outer loop
      vertex 111.703 -9.5694 0
      vertex 111.005 -7.27013 0
      vertex 111.706 -7.01949 0
    endloop
  endfacet
  facet normal 0 0 -1
    outer loop
      vertex 110.751 -9.80785 0
      vertex 111.005 -7.27013 0
      vertex 111.703 -9.5694 0
    endloop
  endfacet
  facet normal 0 0 -1
    outer loop
      vertex 110.751 -9.80785 0
      vertex 110.284 -7.4509 0
      vertex 111.005 -7.27013 0
    endloop
  endfacet
  facet normal 0 0 -1
    outer loop
      vertex 110.751 -9.80785 0
      vertex 110.282 -7.45128 0
      vertex 110.284 -7.4509 0
    endloop
  endfacet
  facet normal 0 0 -1
    outer loop
      vertex 110.751 -9.80785 0
      vertex 110.281 -7.45152 0
      vertex 110.282 -7.45128 0
    endloop
  endfacet
  facet normal 0 0 -1
    outer loop
      vertex 109.78 -9.95185 0
      vertex 110.281 -7.45152 0
      vertex 110.751 -9.80785 0
    endloop
  endfacet
  facet normal 0 0 -1
    outer loop
      vertex 109.78 -9.95185 0
      vertex 109.545 -7.56068 0
      vertex 110.281 -7.45152 0
    endloop
  endfacet
  facet normal 0 0 -1
    outer loop
      vertex 109.78 -9.95185 0
      vertex 109.543 -7.56076 0
      vertex 109.545 -7.56068 0
    endloop
  endfacet
  facet normal 0 0 -1
    outer loop
      vertex 108.8 -10 0
      vertex 109.543 -7.56076 0
      vertex 109.78 -9.95185 0
    endloop
  endfacet
  facet normal 0 0 -1
    outer loop
      vertex 108.8 -10 0
      vertex 108.8 -7.59726 0
      vertex 109.543 -7.56076 0
    endloop
  endfacet
  facet normal 0 0 -1
    outer loop
      vertex 108.8 -10 0
      vertex 108.057 -7.56076 0
      vertex 108.8 -7.59726 0
    endloop
  endfacet
  facet normal 0 0 -1
    outer loop
      vertex 107.82 -9.95185 0
      vertex 108.057 -7.56076 0
      vertex 108.8 -10 0
    endloop
  endfacet
  facet normal -0 0 -1
    outer loop
      vertex 108.057 -7.56076 0
      vertex 107.82 -9.95185 0
      vertex 108.055 -7.56068 0
    endloop
  endfacet
  facet normal 0 0 -1
    outer loop
      vertex 107.82 -9.95185 0
      vertex 107.319 -7.45152 0
      vertex 108.055 -7.56068 0
    endloop
  endfacet
  facet normal 0 0 -1
    outer loop
      vertex 106.849 -9.80785 0
      vertex 107.319 -7.45152 0
      vertex 107.82 -9.95185 0
    endloop
  endfacet
  facet normal -0 0 -1
    outer loop
      vertex 107.319 -7.45152 0
      vertex 106.849 -9.80785 0
      vertex 107.318 -7.45128 0
    endloop
  endfacet
  facet normal -0 0 -1
    outer loop
      vertex 107.318 -7.45128 0
      vertex 106.849 -9.80785 0
      vertex 107.316 -7.4509 0
    endloop
  endfacet
  facet normal 0 0 -1
    outer loop
      vertex 106.849 -9.80785 0
      vertex 106.595 -7.27013 0
      vertex 107.316 -7.4509 0
    endloop
  endfacet
  facet normal 0 0 -1
    outer loop
      vertex 105.897 -9.5694 0
      vertex 106.595 -7.27013 0
      vertex 106.849 -9.80785 0
    endloop
  endfacet
  facet normal 0 0 -1
    outer loop
      vertex 105.897 -9.5694 0
      vertex 105.894 -7.01949 0
      vertex 106.595 -7.27013 0
    endloop
  endfacet
  facet normal 0 0 -1
    outer loop
      vertex 104.973 -9.2388 0
      vertex 105.894 -7.01949 0
      vertex 105.897 -9.5694 0
    endloop
  endfacet
  facet normal -0 0 -1
    outer loop
      vertex 105.894 -7.01949 0
      vertex 104.973 -9.2388 0
      vertex 105.893 -7.01896 0
    endloop
  endfacet
  facet normal -0 0 -1
    outer loop
      vertex 105.893 -7.01896 0
      vertex 104.973 -9.2388 0
      vertex 105.22 -6.70087 0
    endloop
  endfacet
  facet normal 0 0 -1
    outer loop
      vertex 104.086 -8.81921 0
      vertex 105.22 -6.70087 0
      vertex 104.973 -9.2388 0
    endloop
  endfacet
  facet normal -0 0 -1
    outer loop
      vertex 105.22 -6.70087 0
      vertex 104.086 -8.81921 0
      vertex 105.219 -6.70019 0
    endloop
  endfacet
  facet normal -0 0 -1
    outer loop
      vertex 105.219 -6.70019 0
      vertex 104.086 -8.81921 0
      vertex 105.217 -6.69937 0
    endloop
  endfacet
  facet normal -0 0 -1
    outer loop
      vertex 105.217 -6.69937 0
      vertex 104.086 -8.81921 0
      vertex 104.579 -6.31689 0
    endloop
  endfacet
  facet normal 0 0 -1
    outer loop
      vertex 103.244 -8.3147 0
      vertex 104.579 -6.31689 0
      vertex 104.086 -8.81921 0
    endloop
  endfacet
  facet normal -0 0 -1
    outer loop
      vertex 104.579 -6.31689 0
      vertex 103.244 -8.3147 0
      vertex 104.578 -6.31595 0
    endloop
  endfacet
  facet normal -0 0 -1
    outer loop
      vertex 104.578 -6.31595 0
      vertex 103.244 -8.3147 0
      vertex 103.98 -5.87276 0
    endloop
  endfacet
  facet normal 0 0 -1
    outer loop
      vertex 102.456 -7.7301 0
      vertex 103.98 -5.87276 0
      vertex 103.244 -8.3147 0
    endloop
  endfacet
  facet normal -0 0 -1
    outer loop
      vertex 103.98 -5.87276 0
      vertex 102.456 -7.7301 0
      vertex 103.429 -5.37314 0
    endloop
  endfacet
  facet normal 0 0 -1
    outer loop
      vertex 101.729 -7.07107 0
      vertex 103.429 -5.37314 0
      vertex 102.456 -7.7301 0
    endloop
  endfacet
  facet normal -0 0 -1
    outer loop
      vertex 103.429 -5.37314 0
      vertex 101.729 -7.07107 0
      vertex 103.428 -5.37208 0
    endloop
  endfacet
  facet normal -0 0 -1
    outer loop
      vertex 103.428 -5.37208 0
      vertex 101.729 -7.07107 0
      vertex 103.427 -5.3709 0
    endloop
  endfacet
  facet normal -0 0 -1
    outer loop
      vertex 103.427 -5.3709 0
      vertex 101.729 -7.07107 0
      vertex 102.927 -4.81965 0
    endloop
  endfacet
  facet normal 0 0 -1
    outer loop
      vertex 101.07 -6.34393 0
      vertex 102.927 -4.81965 0
      vertex 101.729 -7.07107 0
    endloop
  endfacet
  facet normal -0 0 -1
    outer loop
      vertex 102.927 -4.81965 0
      vertex 101.07 -6.34393 0
      vertex 102.484 -4.22209 0
    endloop
  endfacet
  facet normal 0 0 -1
    outer loop
      vertex 100.485 -5.5557 0
      vertex 102.484 -4.22209 0
      vertex 101.07 -6.34393 0
    endloop
  endfacet
  facet normal -0 0 -1
    outer loop
      vertex 102.484 -4.22209 0
      vertex 100.485 -5.5557 0
      vertex 102.483 -4.22081 0
    endloop
  endfacet
  facet normal -0 0 -1
    outer loop
      vertex 102.483 -4.22081 0
      vertex 100.485 -5.5557 0
      vertex 102.101 -3.58269 0
    endloop
  endfacet
  facet normal 0 0 -1
    outer loop
      vertex 99.9808 -4.71397 0
      vertex 102.101 -3.58269 0
      vertex 100.485 -5.5557 0
    endloop
  endfacet
  facet normal -0 0 -1
    outer loop
      vertex 102.101 -3.58269 0
      vertex 99.9808 -4.71397 0
      vertex 102.1 -3.58133 0
    endloop
  endfacet
  facet normal -0 0 -1
    outer loop
      vertex 102.1 -3.58133 0
      vertex 99.9808 -4.71397 0
      vertex 102.099 -3.57989 0
    endloop
  endfacet
  facet normal -0 0 -1
    outer loop
      vertex 102.099 -3.57989 0
      vertex 99.9808 -4.71397 0
      vertex 101.781 -2.90735 0
    endloop
  endfacet
  facet normal 0 0 -1
    outer loop
      vertex 99.5612 -3.82683 0
      vertex 101.781 -2.90735 0
      vertex 99.9808 -4.71397 0
    endloop
  endfacet
  facet normal -0 0 -1
    outer loop
      vertex 101.781 -2.90735 0
      vertex 99.5612 -3.82683 0
      vertex 101.781 -2.90585 0
    endloop
  endfacet
  facet normal -0 0 -1
    outer loop
      vertex 101.781 -2.90585 0
      vertex 99.5612 -3.82683 0
      vertex 101.53 -2.20537 0
    endloop
  endfacet
  facet normal 0 0 -1
    outer loop
      vertex 98.8482 -0.980171 0
      vertex 101.239 -0.743076 0
      vertex 101.239 -0.744661 0
    endloop
  endfacet
  facet normal -0 0 -1
    outer loop
      vertex 101.53 -2.20537 0
      vertex 99.2306 -2.90285 0
      vertex 101.349 -1.48369 0
    endloop
  endfacet
  facet normal 0 0 -1
    outer loop
      vertex 99.2306 -2.90285 0
      vertex 101.53 -2.20537 0
      vertex 99.5612 -3.82683 0
    endloop
  endfacet
  facet normal -0 0 -1
    outer loop
      vertex 118.608 1.9509 0
      vertex 116.251 1.48369 0
      vertex 118.369 2.90285 0
    endloop
  endfacet
  facet normal 0 0 -1
    outer loop
      vertex 116.07 2.20537 0
      vertex 118.369 2.90285 0
      vertex 116.251 1.48369 0
    endloop
  endfacet
  facet normal -0 0 -1
    outer loop
      vertex 118.369 2.90285 0
      vertex 116.07 2.20537 0
      vertex 118.039 3.82683 0
    endloop
  endfacet
  facet normal 0 0 -1
    outer loop
      vertex 115.819 2.90585 0
      vertex 118.039 3.82683 0
      vertex 116.07 2.20537 0
    endloop
  endfacet
  facet normal 0 0 -1
    outer loop
      vertex 115.819 2.90735 0
      vertex 118.039 3.82683 0
      vertex 115.819 2.90585 0
    endloop
  endfacet
  facet normal -0 0 -1
    outer loop
      vertex 118.039 3.82683 0
      vertex 115.819 2.90735 0
      vertex 117.619 4.71397 0
    endloop
  endfacet
  facet normal 0 0 -1
    outer loop
      vertex 115.501 3.57989 0
      vertex 117.619 4.71397 0
      vertex 115.819 2.90735 0
    endloop
  endfacet
  facet normal 0 0 -1
    outer loop
      vertex 115.5 3.58133 0
      vertex 117.619 4.71397 0
      vertex 115.501 3.57989 0
    endloop
  endfacet
  facet normal 0 0 -1
    outer loop
      vertex 115.499 3.58269 0
      vertex 117.619 4.71397 0
      vertex 115.5 3.58133 0
    endloop
  endfacet
  facet normal -0 0 -1
    outer loop
      vertex 117.619 4.71397 0
      vertex 115.499 3.58269 0
      vertex 117.115 5.5557 0
    endloop
  endfacet
  facet normal 0 0 -1
    outer loop
      vertex 115.117 4.22081 0
      vertex 117.115 5.5557 0
      vertex 115.499 3.58269 0
    endloop
  endfacet
  facet normal 0 0 -1
    outer loop
      vertex 115.116 4.22209 0
      vertex 117.115 5.5557 0
      vertex 115.117 4.22081 0
    endloop
  endfacet
  facet normal -0 0 -1
    outer loop
      vertex 117.115 5.5557 0
      vertex 115.116 4.22209 0
      vertex 116.53 6.34393 0
    endloop
  endfacet
  facet normal 0 0 -1
    outer loop
      vertex 114.673 4.81965 0
      vertex 116.53 6.34393 0
      vertex 115.116 4.22209 0
    endloop
  endfacet
  facet normal -0 0 -1
    outer loop
      vertex 116.53 6.34393 0
      vertex 114.673 4.81965 0
      vertex 115.871 7.07107 0
    endloop
  endfacet
  facet normal 0 0 -1
    outer loop
      vertex 114.173 5.3709 0
      vertex 115.871 7.07107 0
      vertex 114.673 4.81965 0
    endloop
  endfacet
  facet normal 0 0 -1
    outer loop
      vertex 114.172 5.37208 0
      vertex 115.871 7.07107 0
      vertex 114.173 5.3709 0
    endloop
  endfacet
  facet normal 0 0 -1
    outer loop
      vertex 114.171 5.37314 0
      vertex 115.871 7.07107 0
      vertex 114.172 5.37208 0
    endloop
  endfacet
  facet normal -0 0 -1
    outer loop
      vertex 115.871 7.07107 0
      vertex 114.171 5.37314 0
      vertex 115.144 7.7301 0
    endloop
  endfacet
  facet normal 0 0 -1
    outer loop
      vertex 113.62 5.87276 0
      vertex 115.144 7.7301 0
      vertex 114.171 5.37314 0
    endloop
  endfacet
  facet normal -0 0 -1
    outer loop
      vertex 115.144 7.7301 0
      vertex 113.62 5.87276 0
      vertex 114.356 8.3147 0
    endloop
  endfacet
  facet normal 0 0 -1
    outer loop
      vertex 113.022 6.31595 0
      vertex 114.356 8.3147 0
      vertex 113.62 5.87276 0
    endloop
  endfacet
  facet normal 0 0 -1
    outer loop
      vertex 113.021 6.31689 0
      vertex 114.356 8.3147 0
      vertex 113.022 6.31595 0
    endloop
  endfacet
  facet normal -0 0 -1
    outer loop
      vertex 114.356 8.3147 0
      vertex 113.021 6.31689 0
      vertex 113.514 8.81921 0
    endloop
  endfacet
  facet normal 0 0 -1
    outer loop
      vertex 112.383 6.69937 0
      vertex 113.514 8.81921 0
      vertex 113.021 6.31689 0
    endloop
  endfacet
  facet normal 0 0 -1
    outer loop
      vertex 112.381 6.70019 0
      vertex 113.514 8.81921 0
      vertex 112.383 6.69937 0
    endloop
  endfacet
  facet normal 0 0 -1
    outer loop
      vertex 112.38 6.70087 0
      vertex 113.514 8.81921 0
      vertex 112.381 6.70019 0
    endloop
  endfacet
  facet normal -0 0 -1
    outer loop
      vertex 113.514 8.81921 0
      vertex 112.38 6.70087 0
      vertex 112.627 9.2388 0
    endloop
  endfacet
  facet normal 0 0 -1
    outer loop
      vertex 111.707 7.01896 0
      vertex 112.627 9.2388 0
      vertex 112.38 6.70087 0
    endloop
  endfacet
  facet normal 0 0 -1
    outer loop
      vertex 111.706 7.01949 0
      vertex 112.627 9.2388 0
      vertex 111.707 7.01896 0
    endloop
  endfacet
  facet normal 0 0 -1
    outer loop
      vertex 111.706 7.01949 0
      vertex 111.703 9.5694 0
      vertex 112.627 9.2388 0
    endloop
  endfacet
  facet normal 0 0 -1
    outer loop
      vertex 111.005 7.27013 0
      vertex 111.703 9.5694 0
      vertex 111.706 7.01949 0
    endloop
  endfacet
  facet normal 0 0 -1
    outer loop
      vertex 111.005 7.27013 0
      vertex 110.751 9.80785 0
      vertex 111.703 9.5694 0
    endloop
  endfacet
  facet normal 0 0 -1
    outer loop
      vertex 110.284 7.4509 0
      vertex 110.751 9.80785 0
      vertex 111.005 7.27013 0
    endloop
  endfacet
  facet normal 0 0 -1
    outer loop
      vertex 110.282 7.45128 0
      vertex 110.751 9.80785 0
      vertex 110.284 7.4509 0
    endloop
  endfacet
  facet normal 0 0 -1
    outer loop
      vertex 110.281 7.45152 0
      vertex 110.751 9.80785 0
      vertex 110.282 7.45128 0
    endloop
  endfacet
  facet normal 0 0 -1
    outer loop
      vertex 110.281 7.45152 0
      vertex 109.78 9.95185 0
      vertex 110.751 9.80785 0
    endloop
  endfacet
  facet normal 0 0 -1
    outer loop
      vertex 109.545 7.56068 0
      vertex 109.78 9.95185 0
      vertex 110.281 7.45152 0
    endloop
  endfacet
  facet normal 0 0 -1
    outer loop
      vertex 109.543 7.56076 0
      vertex 109.78 9.95185 0
      vertex 109.545 7.56068 0
    endloop
  endfacet
  facet normal 0 0 -1
    outer loop
      vertex 108.8 7.59726 0
      vertex 109.78 9.95185 0
      vertex 109.543 7.56076 0
    endloop
  endfacet
  facet normal 0 0 -1
    outer loop
      vertex 108.8 7.59726 0
      vertex 108.8 10 0
      vertex 109.78 9.95185 0
    endloop
  endfacet
  facet normal 0 0 -1
    outer loop
      vertex 108.057 7.56076 0
      vertex 108.8 10 0
      vertex 108.8 7.59726 0
    endloop
  endfacet
  facet normal 0 0 -1
    outer loop
      vertex 107.82 9.95185 0
      vertex 108.057 7.56076 0
      vertex 108.055 7.56068 0
    endloop
  endfacet
  facet normal 0 0 -1
    outer loop
      vertex 108.057 7.56076 0
      vertex 107.82 9.95185 0
      vertex 108.8 10 0
    endloop
  endfacet
  facet normal 0 0 -1
    outer loop
      vertex 107.319 7.45152 0
      vertex 107.82 9.95185 0
      vertex 108.055 7.56068 0
    endloop
  endfacet
  facet normal 0 0 -1
    outer loop
      vertex 106.849 9.80785 0
      vertex 107.319 7.45152 0
      vertex 107.318 7.45128 0
    endloop
  endfacet
  facet normal 0 0 -1
    outer loop
      vertex 106.849 9.80785 0
      vertex 107.318 7.45128 0
      vertex 107.316 7.4509 0
    endloop
  endfacet
  facet normal 0 0 -1
    outer loop
      vertex 107.319 7.45152 0
      vertex 106.849 9.80785 0
      vertex 107.82 9.95185 0
    endloop
  endfacet
  facet normal 0 0 -1
    outer loop
      vertex 106.595 7.27013 0
      vertex 106.849 9.80785 0
      vertex 107.316 7.4509 0
    endloop
  endfacet
  facet normal 0 0 -1
    outer loop
      vertex 106.595 7.27013 0
      vertex 105.897 9.5694 0
      vertex 106.849 9.80785 0
    endloop
  endfacet
  facet normal 0 0 -1
    outer loop
      vertex 105.894 7.01949 0
      vertex 105.897 9.5694 0
      vertex 106.595 7.27013 0
    endloop
  endfacet
  facet normal 0 0 -1
    outer loop
      vertex 104.973 9.2388 0
      vertex 105.894 7.01949 0
      vertex 105.893 7.01896 0
    endloop
  endfacet
  facet normal 0 0 -1
    outer loop
      vertex 104.973 9.2388 0
      vertex 105.893 7.01896 0
      vertex 105.22 6.70087 0
    endloop
  endfacet
  facet normal 0 0 -1
    outer loop
      vertex 104.086 8.81921 0
      vertex 105.22 6.70087 0
      vertex 105.219 6.70019 0
    endloop
  endfacet
  facet normal 0 0 -1
    outer loop
      vertex 104.086 8.81921 0
      vertex 105.219 6.70019 0
      vertex 105.217 6.69937 0
    endloop
  endfacet
  facet normal 0 0 -1
    outer loop
      vertex 105.894 7.01949 0
      vertex 104.973 9.2388 0
      vertex 105.897 9.5694 0
    endloop
  endfacet
  facet normal 0 0 -1
    outer loop
      vertex 104.086 8.81921 0
      vertex 105.217 6.69937 0
      vertex 104.579 6.31689 0
    endloop
  endfacet
  facet normal 0 0 -1
    outer loop
      vertex 103.244 8.3147 0
      vertex 104.579 6.31689 0
      vertex 104.578 6.31595 0
    endloop
  endfacet
  facet normal 0 0 -1
    outer loop
      vertex 105.22 6.70087 0
      vertex 104.086 8.81921 0
      vertex 104.973 9.2388 0
    endloop
  endfacet
  facet normal 0 0 -1
    outer loop
      vertex 103.244 8.3147 0
      vertex 104.578 6.31595 0
      vertex 103.98 5.87276 0
    endloop
  endfacet
  facet normal 0 0 -1
    outer loop
      vertex 102.456 7.7301 0
      vertex 103.98 5.87276 0
      vertex 103.429 5.37314 0
    endloop
  endfacet
  facet normal 0 0 -1
    outer loop
      vertex 101.729 7.07107 0
      vertex 103.429 5.37314 0
      vertex 103.428 5.37208 0
    endloop
  endfacet
  facet normal 0 0 -1
    outer loop
      vertex 101.729 7.07107 0
      vertex 103.428 5.37208 0
      vertex 103.427 5.3709 0
    endloop
  endfacet
  facet normal 0 0 -1
    outer loop
      vertex 104.579 6.31689 0
      vertex 103.244 8.3147 0
      vertex 104.086 8.81921 0
    endloop
  endfacet
  facet normal 0 0 -1
    outer loop
      vertex 101.729 7.07107 0
      vertex 103.427 5.3709 0
      vertex 102.927 4.81965 0
    endloop
  endfacet
  facet normal 0 0 -1
    outer loop
      vertex 101.07 6.34393 0
      vertex 102.927 4.81965 0
      vertex 102.484 4.22209 0
    endloop
  endfacet
  facet normal 0 0 -1
    outer loop
      vertex 100.485 5.5557 0
      vertex 102.484 4.22209 0
      vertex 102.483 4.22081 0
    endloop
  endfacet
  facet normal 0 0 -1
    outer loop
      vertex 103.98 5.87276 0
      vertex 102.456 7.7301 0
      vertex 103.244 8.3147 0
    endloop
  endfacet
  facet normal 0 0 -1
    outer loop
      vertex 100.485 5.5557 0
      vertex 102.483 4.22081 0
      vertex 102.101 3.58269 0
    endloop
  endfacet
  facet normal 0 0 -1
    outer loop
      vertex 99.9808 4.71397 0
      vertex 102.101 3.58269 0
      vertex 102.1 3.58133 0
    endloop
  endfacet
  facet normal 0 0 -1
    outer loop
      vertex 99.9808 4.71397 0
      vertex 102.1 3.58133 0
      vertex 102.099 3.57989 0
    endloop
  endfacet
  facet normal 0 0 -1
    outer loop
      vertex 99.9808 4.71397 0
      vertex 102.099 3.57989 0
      vertex 101.781 2.90735 0
    endloop
  endfacet
  facet normal 0 0 -1
    outer loop
      vertex 99.5612 3.82683 0
      vertex 101.781 2.90735 0
      vertex 101.781 2.90585 0
    endloop
  endfacet
  facet normal 0 0 -1
    outer loop
      vertex 103.429 5.37314 0
      vertex 101.729 7.07107 0
      vertex 102.456 7.7301 0
    endloop
  endfacet
  facet normal 0 0 -1
    outer loop
      vertex 99.5612 3.82683 0
      vertex 101.781 2.90585 0
      vertex 101.53 2.20537 0
    endloop
  endfacet
  facet normal 0 0 -1
    outer loop
      vertex 99.2306 2.90285 0
      vertex 101.53 2.20537 0
      vertex 101.349 1.48369 0
    endloop
  endfacet
  facet normal 0 0 -1
    outer loop
      vertex 98.9921 1.9509 0
      vertex 101.349 1.48369 0
      vertex 101.349 1.48215 0
    endloop
  endfacet
  facet normal 0 0 -1
    outer loop
      vertex 98.9921 1.9509 0
      vertex 101.349 1.48215 0
      vertex 101.348 1.48058 0
    endloop
  endfacet
  facet normal 0 0 -1
    outer loop
      vertex 98.9921 1.9509 0
      vertex 101.348 1.48058 0
      vertex 101.239 0.744661 0
    endloop
  endfacet
  facet normal 0 0 -1
    outer loop
      vertex 98.8482 0.980171 0
      vertex 101.239 0.743076 0
      vertex 101.203 0 0
    endloop
  endfacet
  facet normal 0 0 -1
    outer loop
      vertex 102.927 4.81965 0
      vertex 101.07 6.34393 0
      vertex 101.729 7.07107 0
    endloop
  endfacet
  facet normal 0 0 -1
    outer loop
      vertex 101.239 0.743076 0
      vertex 98.8482 0.980171 0
      vertex 101.239 0.744661 0
    endloop
  endfacet
  facet normal 0 0 -1
    outer loop
      vertex 98.9921 -1.9509 0
      vertex 101.349 -1.48369 0
      vertex 99.2306 -2.90285 0
    endloop
  endfacet
  facet normal -0 0 -1
    outer loop
      vertex 101.349 -1.48369 0
      vertex 98.9921 -1.9509 0
      vertex 101.349 -1.48215 0
    endloop
  endfacet
  facet normal 0 0 -1
    outer loop
      vertex 102.484 4.22209 0
      vertex 100.485 5.5557 0
      vertex 101.07 6.34393 0
    endloop
  endfacet
  facet normal -0 0 -1
    outer loop
      vertex 101.349 -1.48215 0
      vertex 98.9921 -1.9509 0
      vertex 101.348 -1.48058 0
    endloop
  endfacet
  facet normal 0 0 -1
    outer loop
      vertex 102.101 3.58269 0
      vertex 99.9808 4.71397 0
      vertex 100.485 5.5557 0
    endloop
  endfacet
  facet normal -0 0 -1
    outer loop
      vertex 101.348 -1.48058 0
      vertex 98.9921 -1.9509 0
      vertex 101.239 -0.744661 0
    endloop
  endfacet
  facet normal 0 0 -1
    outer loop
      vertex 101.781 2.90735 0
      vertex 99.5612 3.82683 0
      vertex 99.9808 4.71397 0
    endloop
  endfacet
  facet normal 0 0 -1
    outer loop
      vertex 98.8482 -0.980171 0
      vertex 101.239 -0.744661 0
      vertex 98.9921 -1.9509 0
    endloop
  endfacet
  facet normal 0 0 -1
    outer loop
      vertex 101.53 2.20537 0
      vertex 99.2306 2.90285 0
      vertex 99.5612 3.82683 0
    endloop
  endfacet
  facet normal -0 0 -1
    outer loop
      vertex 101.239 -0.743076 0
      vertex 98.8482 -0.980171 0
      vertex 101.203 0 0
    endloop
  endfacet
  facet normal 0 0 -1
    outer loop
      vertex 101.349 1.48369 0
      vertex 98.9921 1.9509 0
      vertex 99.2306 2.90285 0
    endloop
  endfacet
  facet normal 0 0 -1
    outer loop
      vertex 98.8 0 0
      vertex 101.203 0 0
      vertex 98.8482 -0.980171 0
    endloop
  endfacet
  facet normal 0 0 -1
    outer loop
      vertex 101.239 0.744661 0
      vertex 98.8482 0.980171 0
      vertex 98.9921 1.9509 0
    endloop
  endfacet
  facet normal 0 0 -1
    outer loop
      vertex 101.203 0 0
      vertex 98.8 0 0
      vertex 98.8482 0.980171 0
    endloop
  endfacet
  facet normal -0.595765 0.802689 0.0274542
    outer loop
      vertex 103.244 8.3147 0
      vertex 103.154 6.87979 40
      vertex 103.855 7.40008 40
    endloop
  endfacet
  facet normal 0.513478 -0.857664 0.0274543
    outer loop
      vertex 113.745 -7.40008 40
      vertex 112.995 -7.8491 40
      vertex 114.356 -8.3147 0
    endloop
  endfacet
  facet normal 0.595765 -0.802689 0.0274542
    outer loop
      vertex 114.446 -6.87979 40
      vertex 113.745 -7.40008 40
      vertex 114.356 -8.3147 0
    endloop
  endfacet
  facet normal -0.941191 -0.336758 0.0274511
    outer loop
      vertex 100.283 -2.58353 40
      vertex 99.2306 -2.90285 0
      vertex 99.5612 -3.82683 0
    endloop
  endfacet
  facet normal -0.969654 -0.242936 0.0274509
    outer loop
      vertex 100.283 -2.58353 40
      vertex 98.9921 -1.9509 0
      vertex 99.2306 -2.90285 0
    endloop
  endfacet
  facet normal -0.513478 0.857664 0.0274543
    outer loop
      vertex 104.605 7.8491 40
      vertex 103.244 8.3147 0
      vertex 103.855 7.40008 40
    endloop
  endfacet
  facet normal -0 0 1
    outer loop
      vertex 115.303 0.00185305 40
      vertex 117.7 0 40
      vertex 117.657 0.872352 40
    endloop
  endfacet
  facet normal 0 0 1
    outer loop
      vertex 115.271 0.639214 40
      vertex 117.657 0.872352 40
      vertex 117.529 1.7363 40
    endloop
  endfacet
  facet normal 0 0 1
    outer loop
      vertex 117.7 0 40
      vertex 115.303 0.00185305 40
      vertex 115.303 0 40
    endloop
  endfacet
  facet normal 0 0 1
    outer loop
      vertex 115.178 1.26862 40
      vertex 117.529 1.7363 40
      vertex 117.317 2.58353 40
    endloop
  endfacet
  facet normal 0 0 1
    outer loop
      vertex 115.303 -0.00185305 40
      vertex 117.7 0 40
      vertex 115.303 0 40
    endloop
  endfacet
  facet normal 0 0 1
    outer loop
      vertex 115.022 1.88939 40
      vertex 117.317 2.58353 40
      vertex 117.023 3.40588 40
    endloop
  endfacet
  facet normal 0 0 1
    outer loop
      vertex 117.7 0 40
      vertex 115.303 -0.00185305 40
      vertex 117.657 -0.872352 40
    endloop
  endfacet
  facet normal 0 0 1
    outer loop
      vertex 114.807 2.49017 40
      vertex 117.023 3.40588 40
      vertex 116.649 4.19543 40
    endloop
  endfacet
  facet normal -0 0 1
    outer loop
      vertex 115.271 -0.637379 40
      vertex 117.657 -0.872352 40
      vertex 115.303 -0.00185305 40
    endloop
  endfacet
  facet normal 0 0 1
    outer loop
      vertex 114.535 3.06537 40
      vertex 116.649 4.19543 40
      vertex 116.2 4.94457 40
    endloop
  endfacet
  facet normal -0 0 1
    outer loop
      vertex 115.271 -0.639214 40
      vertex 117.657 -0.872352 40
      vertex 115.271 -0.637379 40
    endloop
  endfacet
  facet normal 0 0 1
    outer loop
      vertex 114.207 3.61273 40
      vertex 116.2 4.94457 40
      vertex 115.68 5.6461 40
    endloop
  endfacet
  facet normal 0 0 1
    outer loop
      vertex 117.657 -0.872352 40
      vertex 115.271 -0.639214 40
      vertex 117.529 -1.7363 40
    endloop
  endfacet
  facet normal 0 0 1
    outer loop
      vertex 117.529 -1.7363 40
      vertex 115.178 -1.26862 40
      vertex 117.317 -2.58353 40
    endloop
  endfacet
  facet normal -0 0 1
    outer loop
      vertex 115.178 -1.26862 40
      vertex 117.529 -1.7363 40
      vertex 115.271 -0.639214 40
    endloop
  endfacet
  facet normal 0 0 1
    outer loop
      vertex 117.657 0.872352 40
      vertex 115.271 0.637379 40
      vertex 115.303 0.00185305 40
    endloop
  endfacet
  facet normal 0 0 1
    outer loop
      vertex 117.657 0.872352 40
      vertex 115.271 0.639214 40
      vertex 115.271 0.637379 40
    endloop
  endfacet
  facet normal 0 0 1
    outer loop
      vertex 117.529 1.7363 40
      vertex 115.178 1.26862 40
      vertex 115.271 0.639214 40
    endloop
  endfacet
  facet normal 0 0 1
    outer loop
      vertex 113.825 4.12667 40
      vertex 115.68 5.6461 40
      vertex 115.093 6.29325 40
    endloop
  endfacet
  facet normal 0 0 1
    outer loop
      vertex 117.317 2.58353 40
      vertex 115.023 1.88584 40
      vertex 115.178 1.26862 40
    endloop
  endfacet
  facet normal 0 0 1
    outer loop
      vertex 117.317 2.58353 40
      vertex 115.023 1.88764 40
      vertex 115.023 1.88584 40
    endloop
  endfacet
  facet normal 0 0 1
    outer loop
      vertex 117.317 2.58353 40
      vertex 115.022 1.88939 40
      vertex 115.023 1.88764 40
    endloop
  endfacet
  facet normal 0 0 1
    outer loop
      vertex 117.023 3.40588 40
      vertex 114.808 2.48849 40
      vertex 115.022 1.88939 40
    endloop
  endfacet
  facet normal 0 0 1
    outer loop
      vertex 117.023 3.40588 40
      vertex 114.807 2.49017 40
      vertex 114.808 2.48849 40
    endloop
  endfacet
  facet normal 0 0 1
    outer loop
      vertex 116.649 4.19543 40
      vertex 114.535 3.06537 40
      vertex 114.807 2.49017 40
    endloop
  endfacet
  facet normal 0 0 1
    outer loop
      vertex 113.398 4.59813 40
      vertex 115.093 6.29325 40
      vertex 114.446 6.87979 40
    endloop
  endfacet
  facet normal 0 0 1
    outer loop
      vertex 116.2 4.94457 40
      vertex 114.208 3.61114 40
      vertex 114.535 3.06537 40
    endloop
  endfacet
  facet normal 0 0 1
    outer loop
      vertex 116.2 4.94457 40
      vertex 114.207 3.61273 40
      vertex 114.208 3.61114 40
    endloop
  endfacet
  facet normal 0 0 1
    outer loop
      vertex 115.68 5.6461 40
      vertex 113.828 4.1238 40
      vertex 114.207 3.61273 40
    endloop
  endfacet
  facet normal 0 0 1
    outer loop
      vertex 115.68 5.6461 40
      vertex 113.827 4.12529 40
      vertex 113.828 4.1238 40
    endloop
  endfacet
  facet normal 0 0 1
    outer loop
      vertex 115.68 5.6461 40
      vertex 113.825 4.12667 40
      vertex 113.827 4.12529 40
    endloop
  endfacet
  facet normal 0 0 1
    outer loop
      vertex 112.924 5.02779 40
      vertex 114.446 6.87979 40
      vertex 113.745 7.40008 40
    endloop
  endfacet
  facet normal 0 0 1
    outer loop
      vertex 115.093 6.29325 40
      vertex 113.398 4.59813 40
      vertex 113.825 4.12667 40
    endloop
  endfacet
  facet normal 0 0 1
    outer loop
      vertex 112.411 5.40778 40
      vertex 113.745 7.40008 40
      vertex 112.995 7.8491 40
    endloop
  endfacet
  facet normal 0 0 1
    outer loop
      vertex 114.446 6.87979 40
      vertex 112.927 5.02544 40
      vertex 113.398 4.59813 40
    endloop
  endfacet
  facet normal 0 0 1
    outer loop
      vertex 114.446 6.87979 40
      vertex 112.925 5.02668 40
      vertex 112.927 5.02544 40
    endloop
  endfacet
  facet normal 0 0 1
    outer loop
      vertex 114.446 6.87979 40
      vertex 112.924 5.02779 40
      vertex 112.925 5.02668 40
    endloop
  endfacet
  facet normal 0 0 1
    outer loop
      vertex 113.745 7.40008 40
      vertex 112.413 5.40683 40
      vertex 112.924 5.02779 40
    endloop
  endfacet
  facet normal 0 0 1
    outer loop
      vertex 113.745 7.40008 40
      vertex 112.411 5.40778 40
      vertex 112.413 5.40683 40
    endloop
  endfacet
  facet normal 0 0 1
    outer loop
      vertex 111.865 5.7349 40
      vertex 112.995 7.8491 40
      vertex 112.206 8.22253 40
    endloop
  endfacet
  facet normal 0 0 1
    outer loop
      vertex 112.995 7.8491 40
      vertex 111.865 5.7349 40
      vertex 112.411 5.40778 40
    endloop
  endfacet
  facet normal 0 0 1
    outer loop
      vertex 111.288 6.00774 40
      vertex 112.206 8.22253 40
      vertex 111.384 8.51677 40
    endloop
  endfacet
  facet normal 0 0 1
    outer loop
      vertex 112.206 8.22253 40
      vertex 111.29 6.00695 40
      vertex 111.865 5.7349 40
    endloop
  endfacet
  facet normal 0 0 1
    outer loop
      vertex 112.206 8.22253 40
      vertex 111.288 6.00774 40
      vertex 111.29 6.00695 40
    endloop
  endfacet
  facet normal 0 0 1
    outer loop
      vertex 111.384 8.51677 40
      vertex 110.689 6.22211 40
      vertex 111.288 6.00774 40
    endloop
  endfacet
  facet normal 0 0 1
    outer loop
      vertex 111.384 8.51677 40
      vertex 110.688 6.22273 40
      vertex 110.689 6.22211 40
    endloop
  endfacet
  facet normal 0 0 1
    outer loop
      vertex 111.384 8.51677 40
      vertex 110.686 6.22318 40
      vertex 110.688 6.22273 40
    endloop
  endfacet
  facet normal 0 0 1
    outer loop
      vertex 110.536 8.72899 40
      vertex 110.686 6.22318 40
      vertex 111.384 8.51677 40
    endloop
  endfacet
  facet normal 0 0 1
    outer loop
      vertex 110.536 8.72899 40
      vertex 110.069 6.37779 40
      vertex 110.686 6.22318 40
    endloop
  endfacet
  facet normal 0 0 1
    outer loop
      vertex 109.672 8.85714 40
      vertex 110.069 6.37779 40
      vertex 110.536 8.72899 40
    endloop
  endfacet
  facet normal 0 0 1
    outer loop
      vertex 109.672 8.85714 40
      vertex 109.439 6.47115 40
      vertex 110.069 6.37779 40
    endloop
  endfacet
  facet normal 0 0 1
    outer loop
      vertex 109.672 8.85714 40
      vertex 109.437 6.47142 40
      vertex 109.439 6.47115 40
    endloop
  endfacet
  facet normal 0 0 1
    outer loop
      vertex 109.672 8.85714 40
      vertex 108.802 6.50265 40
      vertex 109.437 6.47142 40
    endloop
  endfacet
  facet normal 0 0 1
    outer loop
      vertex 108.8 8.9 40
      vertex 108.802 6.50265 40
      vertex 109.672 8.85714 40
    endloop
  endfacet
  facet normal 0 0 1
    outer loop
      vertex 108.8 8.9 40
      vertex 108.8 6.50274 40
      vertex 108.802 6.50265 40
    endloop
  endfacet
  facet normal 0 0 1
    outer loop
      vertex 108.8 8.9 40
      vertex 108.798 6.50265 40
      vertex 108.8 6.50274 40
    endloop
  endfacet
  facet normal 0 0 1
    outer loop
      vertex 108.8 8.9 40
      vertex 108.163 6.47142 40
      vertex 108.798 6.50265 40
    endloop
  endfacet
  facet normal -0 0 1
    outer loop
      vertex 107.928 8.85714 40
      vertex 108.163 6.47142 40
      vertex 108.8 8.9 40
    endloop
  endfacet
  facet normal 0 0 1
    outer loop
      vertex 108.163 6.47142 40
      vertex 107.928 8.85714 40
      vertex 108.161 6.47115 40
    endloop
  endfacet
  facet normal 0 0 1
    outer loop
      vertex 107.928 8.85714 40
      vertex 107.531 6.37779 40
      vertex 108.161 6.47115 40
    endloop
  endfacet
  facet normal -0 0 1
    outer loop
      vertex 107.064 8.72899 40
      vertex 107.531 6.37779 40
      vertex 107.928 8.85714 40
    endloop
  endfacet
  facet normal 0 0 1
    outer loop
      vertex 107.064 8.72899 40
      vertex 106.914 6.22318 40
      vertex 107.531 6.37779 40
    endloop
  endfacet
  facet normal -0 0 1
    outer loop
      vertex 106.216 8.51677 40
      vertex 106.914 6.22318 40
      vertex 107.064 8.72899 40
    endloop
  endfacet
  facet normal 0 0 1
    outer loop
      vertex 106.914 6.22318 40
      vertex 106.216 8.51677 40
      vertex 106.912 6.22273 40
    endloop
  endfacet
  facet normal 0 0 1
    outer loop
      vertex 106.912 6.22273 40
      vertex 106.216 8.51677 40
      vertex 106.911 6.22211 40
    endloop
  endfacet
  facet normal 0 0 1
    outer loop
      vertex 106.911 6.22211 40
      vertex 106.216 8.51677 40
      vertex 106.312 6.00774 40
    endloop
  endfacet
  facet normal -0 0 1
    outer loop
      vertex 105.394 8.22253 40
      vertex 106.312 6.00774 40
      vertex 106.216 8.51677 40
    endloop
  endfacet
  facet normal 0 0 1
    outer loop
      vertex 106.312 6.00774 40
      vertex 105.394 8.22253 40
      vertex 106.31 6.00695 40
    endloop
  endfacet
  facet normal 0 0 1
    outer loop
      vertex 106.31 6.00695 40
      vertex 105.394 8.22253 40
      vertex 105.735 5.7349 40
    endloop
  endfacet
  facet normal -0 0 1
    outer loop
      vertex 104.605 7.8491 40
      vertex 105.735 5.7349 40
      vertex 105.394 8.22253 40
    endloop
  endfacet
  facet normal 0 0 1
    outer loop
      vertex 105.735 5.7349 40
      vertex 104.605 7.8491 40
      vertex 105.189 5.40778 40
    endloop
  endfacet
  facet normal -0 0 1
    outer loop
      vertex 103.855 7.40008 40
      vertex 105.189 5.40778 40
      vertex 104.605 7.8491 40
    endloop
  endfacet
  facet normal 0 0 1
    outer loop
      vertex 105.189 5.40778 40
      vertex 103.855 7.40008 40
      vertex 105.187 5.40683 40
    endloop
  endfacet
  facet normal 0 0 1
    outer loop
      vertex 105.187 5.40683 40
      vertex 103.855 7.40008 40
      vertex 104.676 5.02779 40
    endloop
  endfacet
  facet normal -0 0 1
    outer loop
      vertex 103.154 6.87979 40
      vertex 104.676 5.02779 40
      vertex 103.855 7.40008 40
    endloop
  endfacet
  facet normal 0 0 1
    outer loop
      vertex 104.676 5.02779 40
      vertex 103.154 6.87979 40
      vertex 104.675 5.02668 40
    endloop
  endfacet
  facet normal 0 0 1
    outer loop
      vertex 104.675 5.02668 40
      vertex 103.154 6.87979 40
      vertex 104.673 5.02544 40
    endloop
  endfacet
  facet normal 0 0 1
    outer loop
      vertex 104.673 5.02544 40
      vertex 103.154 6.87979 40
      vertex 104.202 4.59813 40
    endloop
  endfacet
  facet normal -0 0 1
    outer loop
      vertex 102.507 6.29325 40
      vertex 104.202 4.59813 40
      vertex 103.154 6.87979 40
    endloop
  endfacet
  facet normal 0 0 1
    outer loop
      vertex 104.202 4.59813 40
      vertex 102.507 6.29325 40
      vertex 103.775 4.12667 40
    endloop
  endfacet
  facet normal -0 0 1
    outer loop
      vertex 101.92 5.6461 40
      vertex 103.775 4.12667 40
      vertex 102.507 6.29325 40
    endloop
  endfacet
  facet normal 0 0 1
    outer loop
      vertex 103.775 4.12667 40
      vertex 101.92 5.6461 40
      vertex 103.773 4.12529 40
    endloop
  endfacet
  facet normal 0 0 1
    outer loop
      vertex 103.773 4.12529 40
      vertex 101.92 5.6461 40
      vertex 103.772 4.1238 40
    endloop
  endfacet
  facet normal 0 0 1
    outer loop
      vertex 103.772 4.1238 40
      vertex 101.92 5.6461 40
      vertex 103.393 3.61273 40
    endloop
  endfacet
  facet normal -0 0 1
    outer loop
      vertex 101.4 4.94457 40
      vertex 103.393 3.61273 40
      vertex 101.92 5.6461 40
    endloop
  endfacet
  facet normal 0 0 1
    outer loop
      vertex 103.393 3.61273 40
      vertex 101.4 4.94457 40
      vertex 103.392 3.61114 40
    endloop
  endfacet
  facet normal 0 0 1
    outer loop
      vertex 103.392 3.61114 40
      vertex 101.4 4.94457 40
      vertex 103.065 3.06537 40
    endloop
  endfacet
  facet normal -0 0 1
    outer loop
      vertex 100.951 4.19543 40
      vertex 103.065 3.06537 40
      vertex 101.4 4.94457 40
    endloop
  endfacet
  facet normal 0 0 1
    outer loop
      vertex 103.065 3.06537 40
      vertex 100.951 4.19543 40
      vertex 102.793 2.49017 40
    endloop
  endfacet
  facet normal -0 0 1
    outer loop
      vertex 100.577 3.40588 40
      vertex 102.793 2.49017 40
      vertex 100.951 4.19543 40
    endloop
  endfacet
  facet normal 0 0 1
    outer loop
      vertex 102.793 2.49017 40
      vertex 100.577 3.40588 40
      vertex 102.792 2.48849 40
    endloop
  endfacet
  facet normal 0 0 1
    outer loop
      vertex 102.792 2.48849 40
      vertex 100.577 3.40588 40
      vertex 102.578 1.88939 40
    endloop
  endfacet
  facet normal -0 0 1
    outer loop
      vertex 100.283 2.58353 40
      vertex 102.578 1.88939 40
      vertex 100.577 3.40588 40
    endloop
  endfacet
  facet normal 0 0 1
    outer loop
      vertex 102.578 1.88939 40
      vertex 100.283 2.58353 40
      vertex 102.577 1.88764 40
    endloop
  endfacet
  facet normal 0 0 1
    outer loop
      vertex 102.577 1.88764 40
      vertex 100.283 2.58353 40
      vertex 102.577 1.88584 40
    endloop
  endfacet
  facet normal 0 0 1
    outer loop
      vertex 102.577 1.88584 40
      vertex 100.283 2.58353 40
      vertex 102.422 1.26862 40
    endloop
  endfacet
  facet normal -0 0 1
    outer loop
      vertex 115.023 -1.88584 40
      vertex 117.317 -2.58353 40
      vertex 115.178 -1.26862 40
    endloop
  endfacet
  facet normal -0 0 1
    outer loop
      vertex 115.023 -1.88764 40
      vertex 117.317 -2.58353 40
      vertex 115.023 -1.88584 40
    endloop
  endfacet
  facet normal -0 0 1
    outer loop
      vertex 115.022 -1.88939 40
      vertex 117.317 -2.58353 40
      vertex 115.023 -1.88764 40
    endloop
  endfacet
  facet normal 0 0 1
    outer loop
      vertex 117.317 -2.58353 40
      vertex 115.022 -1.88939 40
      vertex 117.023 -3.40588 40
    endloop
  endfacet
  facet normal -0 0 1
    outer loop
      vertex 114.808 -2.48849 40
      vertex 117.023 -3.40588 40
      vertex 115.022 -1.88939 40
    endloop
  endfacet
  facet normal -0 0 1
    outer loop
      vertex 114.807 -2.49017 40
      vertex 117.023 -3.40588 40
      vertex 114.808 -2.48849 40
    endloop
  endfacet
  facet normal 0 0 1
    outer loop
      vertex 117.023 -3.40588 40
      vertex 114.807 -2.49017 40
      vertex 116.649 -4.19543 40
    endloop
  endfacet
  facet normal -0 0 1
    outer loop
      vertex 114.535 -3.06537 40
      vertex 116.649 -4.19543 40
      vertex 114.807 -2.49017 40
    endloop
  endfacet
  facet normal 0 0 1
    outer loop
      vertex 116.649 -4.19543 40
      vertex 114.535 -3.06537 40
      vertex 116.2 -4.94457 40
    endloop
  endfacet
  facet normal -0 0 1
    outer loop
      vertex 114.208 -3.61114 40
      vertex 116.2 -4.94457 40
      vertex 114.535 -3.06537 40
    endloop
  endfacet
  facet normal -0 0 1
    outer loop
      vertex 114.207 -3.61273 40
      vertex 116.2 -4.94457 40
      vertex 114.208 -3.61114 40
    endloop
  endfacet
  facet normal 0 0 1
    outer loop
      vertex 116.2 -4.94457 40
      vertex 114.207 -3.61273 40
      vertex 115.68 -5.6461 40
    endloop
  endfacet
  facet normal -0 0 1
    outer loop
      vertex 113.828 -4.1238 40
      vertex 115.68 -5.6461 40
      vertex 114.207 -3.61273 40
    endloop
  endfacet
  facet normal -0 0 1
    outer loop
      vertex 113.827 -4.12529 40
      vertex 115.68 -5.6461 40
      vertex 113.828 -4.1238 40
    endloop
  endfacet
  facet normal -0 0 1
    outer loop
      vertex 113.825 -4.12667 40
      vertex 115.68 -5.6461 40
      vertex 113.827 -4.12529 40
    endloop
  endfacet
  facet normal 0 0 1
    outer loop
      vertex 115.68 -5.6461 40
      vertex 113.825 -4.12667 40
      vertex 115.093 -6.29325 40
    endloop
  endfacet
  facet normal -0 0 1
    outer loop
      vertex 113.398 -4.59813 40
      vertex 115.093 -6.29325 40
      vertex 113.825 -4.12667 40
    endloop
  endfacet
  facet normal 0 0 1
    outer loop
      vertex 115.093 -6.29325 40
      vertex 113.398 -4.59813 40
      vertex 114.446 -6.87979 40
    endloop
  endfacet
  facet normal -0 0 1
    outer loop
      vertex 112.927 -5.02544 40
      vertex 114.446 -6.87979 40
      vertex 113.398 -4.59813 40
    endloop
  endfacet
  facet normal -0 0 1
    outer loop
      vertex 112.925 -5.02668 40
      vertex 114.446 -6.87979 40
      vertex 112.927 -5.02544 40
    endloop
  endfacet
  facet normal -0 0 1
    outer loop
      vertex 112.924 -5.02779 40
      vertex 114.446 -6.87979 40
      vertex 112.925 -5.02668 40
    endloop
  endfacet
  facet normal 0 0 1
    outer loop
      vertex 114.446 -6.87979 40
      vertex 112.924 -5.02779 40
      vertex 113.745 -7.40008 40
    endloop
  endfacet
  facet normal -0 0 1
    outer loop
      vertex 112.413 -5.40683 40
      vertex 113.745 -7.40008 40
      vertex 112.924 -5.02779 40
    endloop
  endfacet
  facet normal -0 0 1
    outer loop
      vertex 112.411 -5.40778 40
      vertex 113.745 -7.40008 40
      vertex 112.413 -5.40683 40
    endloop
  endfacet
  facet normal 0 0 1
    outer loop
      vertex 113.745 -7.40008 40
      vertex 112.411 -5.40778 40
      vertex 112.995 -7.8491 40
    endloop
  endfacet
  facet normal -0 0 1
    outer loop
      vertex 111.865 -5.7349 40
      vertex 112.995 -7.8491 40
      vertex 112.411 -5.40778 40
    endloop
  endfacet
  facet normal 0 0 1
    outer loop
      vertex 112.995 -7.8491 40
      vertex 111.865 -5.7349 40
      vertex 112.206 -8.22253 40
    endloop
  endfacet
  facet normal -0 0 1
    outer loop
      vertex 111.29 -6.00695 40
      vertex 112.206 -8.22253 40
      vertex 111.865 -5.7349 40
    endloop
  endfacet
  facet normal -0 0 1
    outer loop
      vertex 111.288 -6.00774 40
      vertex 112.206 -8.22253 40
      vertex 111.29 -6.00695 40
    endloop
  endfacet
  facet normal 0 0 1
    outer loop
      vertex 112.206 -8.22253 40
      vertex 111.288 -6.00774 40
      vertex 111.384 -8.51677 40
    endloop
  endfacet
  facet normal -0 0 1
    outer loop
      vertex 110.689 -6.22211 40
      vertex 111.384 -8.51677 40
      vertex 111.288 -6.00774 40
    endloop
  endfacet
  facet normal -0 0 1
    outer loop
      vertex 110.688 -6.22273 40
      vertex 111.384 -8.51677 40
      vertex 110.689 -6.22211 40
    endloop
  endfacet
  facet normal -0 0 1
    outer loop
      vertex 110.686 -6.22318 40
      vertex 111.384 -8.51677 40
      vertex 110.688 -6.22273 40
    endloop
  endfacet
  facet normal 0 0 1
    outer loop
      vertex 110.686 -6.22318 40
      vertex 110.536 -8.72899 40
      vertex 111.384 -8.51677 40
    endloop
  endfacet
  facet normal -0 0 1
    outer loop
      vertex 110.069 -6.37779 40
      vertex 110.536 -8.72899 40
      vertex 110.686 -6.22318 40
    endloop
  endfacet
  facet normal 0 0 1
    outer loop
      vertex 110.069 -6.37779 40
      vertex 109.672 -8.85714 40
      vertex 110.536 -8.72899 40
    endloop
  endfacet
  facet normal -0 0 1
    outer loop
      vertex 109.439 -6.47115 40
      vertex 109.672 -8.85714 40
      vertex 110.069 -6.37779 40
    endloop
  endfacet
  facet normal -0 0 1
    outer loop
      vertex 109.437 -6.47142 40
      vertex 109.672 -8.85714 40
      vertex 109.439 -6.47115 40
    endloop
  endfacet
  facet normal -0 0 1
    outer loop
      vertex 108.802 -6.50265 40
      vertex 109.672 -8.85714 40
      vertex 109.437 -6.47142 40
    endloop
  endfacet
  facet normal 0 0 1
    outer loop
      vertex 108.8 -8.9 40
      vertex 108.802 -6.50265 40
      vertex 108.8 -6.50274 40
    endloop
  endfacet
  facet normal 0 0 1
    outer loop
      vertex 108.802 -6.50265 40
      vertex 108.8 -8.9 40
      vertex 109.672 -8.85714 40
    endloop
  endfacet
  facet normal 0 0 1
    outer loop
      vertex 108.798 -6.50265 40
      vertex 108.8 -8.9 40
      vertex 108.8 -6.50274 40
    endloop
  endfacet
  facet normal 0 0 1
    outer loop
      vertex 108.163 -6.47142 40
      vertex 108.8 -8.9 40
      vertex 108.798 -6.50265 40
    endloop
  endfacet
  facet normal 0 0 1
    outer loop
      vertex 107.928 -8.85714 40
      vertex 108.163 -6.47142 40
      vertex 108.161 -6.47115 40
    endloop
  endfacet
  facet normal 0 0 1
    outer loop
      vertex 108.163 -6.47142 40
      vertex 107.928 -8.85714 40
      vertex 108.8 -8.9 40
    endloop
  endfacet
  facet normal 0 0 1
    outer loop
      vertex 107.531 -6.37779 40
      vertex 107.928 -8.85714 40
      vertex 108.161 -6.47115 40
    endloop
  endfacet
  facet normal 0 0 1
    outer loop
      vertex 107.531 -6.37779 40
      vertex 107.064 -8.72899 40
      vertex 107.928 -8.85714 40
    endloop
  endfacet
  facet normal 0 0 1
    outer loop
      vertex 106.914 -6.22318 40
      vertex 107.064 -8.72899 40
      vertex 107.531 -6.37779 40
    endloop
  endfacet
  facet normal 0 0 1
    outer loop
      vertex 106.216 -8.51677 40
      vertex 106.914 -6.22318 40
      vertex 106.912 -6.22273 40
    endloop
  endfacet
  facet normal 0 0 1
    outer loop
      vertex 106.216 -8.51677 40
      vertex 106.912 -6.22273 40
      vertex 106.911 -6.22211 40
    endloop
  endfacet
  facet normal 0 0 1
    outer loop
      vertex 106.216 -8.51677 40
      vertex 106.911 -6.22211 40
      vertex 106.312 -6.00774 40
    endloop
  endfacet
  facet normal 0 0 1
    outer loop
      vertex 105.394 -8.22253 40
      vertex 106.312 -6.00774 40
      vertex 106.31 -6.00695 40
    endloop
  endfacet
  facet normal 0 0 1
    outer loop
      vertex 106.914 -6.22318 40
      vertex 106.216 -8.51677 40
      vertex 107.064 -8.72899 40
    endloop
  endfacet
  facet normal 0 0 1
    outer loop
      vertex 105.394 -8.22253 40
      vertex 106.31 -6.00695 40
      vertex 105.735 -5.7349 40
    endloop
  endfacet
  facet normal 0 0 1
    outer loop
      vertex 106.312 -6.00774 40
      vertex 105.394 -8.22253 40
      vertex 106.216 -8.51677 40
    endloop
  endfacet
  facet normal 0 0 1
    outer loop
      vertex 104.605 -7.8491 40
      vertex 105.735 -5.7349 40
      vertex 105.189 -5.40778 40
    endloop
  endfacet
  facet normal 0 0 1
    outer loop
      vertex 103.855 -7.40008 40
      vertex 105.189 -5.40778 40
      vertex 105.187 -5.40683 40
    endloop
  endfacet
  facet normal 0 0 1
    outer loop
      vertex 103.855 -7.40008 40
      vertex 105.187 -5.40683 40
      vertex 104.676 -5.02779 40
    endloop
  endfacet
  facet normal 0 0 1
    outer loop
      vertex 103.154 -6.87979 40
      vertex 104.676 -5.02779 40
      vertex 104.675 -5.02668 40
    endloop
  endfacet
  facet normal 0 0 1
    outer loop
      vertex 103.154 -6.87979 40
      vertex 104.675 -5.02668 40
      vertex 104.673 -5.02544 40
    endloop
  endfacet
  facet normal 0 0 1
    outer loop
      vertex 105.735 -5.7349 40
      vertex 104.605 -7.8491 40
      vertex 105.394 -8.22253 40
    endloop
  endfacet
  facet normal 0 0 1
    outer loop
      vertex 103.154 -6.87979 40
      vertex 104.673 -5.02544 40
      vertex 104.202 -4.59813 40
    endloop
  endfacet
  facet normal 0 0 1
    outer loop
      vertex 105.189 -5.40778 40
      vertex 103.855 -7.40008 40
      vertex 104.605 -7.8491 40
    endloop
  endfacet
  facet normal 0 0 1
    outer loop
      vertex 102.507 -6.29325 40
      vertex 104.202 -4.59813 40
      vertex 103.775 -4.12667 40
    endloop
  endfacet
  facet normal 0 0 1
    outer loop
      vertex 101.92 -5.6461 40
      vertex 103.775 -4.12667 40
      vertex 103.773 -4.12529 40
    endloop
  endfacet
  facet normal 0 0 1
    outer loop
      vertex 101.92 -5.6461 40
      vertex 103.773 -4.12529 40
      vertex 103.772 -4.1238 40
    endloop
  endfacet
  facet normal 0 0 1
    outer loop
      vertex 101.92 -5.6461 40
      vertex 103.772 -4.1238 40
      vertex 103.393 -3.61273 40
    endloop
  endfacet
  facet normal 0 0 1
    outer loop
      vertex 101.4 -4.94457 40
      vertex 103.393 -3.61273 40
      vertex 103.392 -3.61114 40
    endloop
  endfacet
  facet normal 0 0 1
    outer loop
      vertex 104.676 -5.02779 40
      vertex 103.154 -6.87979 40
      vertex 103.855 -7.40008 40
    endloop
  endfacet
  facet normal 0 0 1
    outer loop
      vertex 101.4 -4.94457 40
      vertex 103.392 -3.61114 40
      vertex 103.065 -3.06537 40
    endloop
  endfacet
  facet normal 0 0 1
    outer loop
      vertex 100.951 -4.19543 40
      vertex 103.065 -3.06537 40
      vertex 102.793 -2.49017 40
    endloop
  endfacet
  facet normal 0 0 1
    outer loop
      vertex 100.577 -3.40588 40
      vertex 102.793 -2.49017 40
      vertex 102.792 -2.48849 40
    endloop
  endfacet
  facet normal 0 0 1
    outer loop
      vertex 100.577 -3.40588 40
      vertex 102.792 -2.48849 40
      vertex 102.578 -1.88939 40
    endloop
  endfacet
  facet normal 0 0 1
    outer loop
      vertex 100.283 -2.58353 40
      vertex 102.578 -1.88939 40
      vertex 102.577 -1.88764 40
    endloop
  endfacet
  facet normal 0 0 1
    outer loop
      vertex 100.283 -2.58353 40
      vertex 102.577 -1.88764 40
      vertex 102.577 -1.88584 40
    endloop
  endfacet
  facet normal 0 0 1
    outer loop
      vertex 104.202 -4.59813 40
      vertex 102.507 -6.29325 40
      vertex 103.154 -6.87979 40
    endloop
  endfacet
  facet normal 0 0 1
    outer loop
      vertex 100.283 -2.58353 40
      vertex 102.577 -1.88584 40
      vertex 102.422 -1.26862 40
    endloop
  endfacet
  facet normal 0 0 1
    outer loop
      vertex 100.071 -1.7363 40
      vertex 102.422 -1.26862 40
      vertex 102.329 -0.639214 40
    endloop
  endfacet
  facet normal 0 0 1
    outer loop
      vertex 99.9429 -0.872352 40
      vertex 102.329 -0.639214 40
      vertex 102.329 -0.637379 40
    endloop
  endfacet
  facet normal 0 0 1
    outer loop
      vertex 99.9429 -0.872352 40
      vertex 102.329 -0.637379 40
      vertex 102.297 -0.00185305 40
    endloop
  endfacet
  facet normal -0 0 1
    outer loop
      vertex 99.9 0 40
      vertex 102.297 -0.00185305 40
      vertex 102.297 0 40
    endloop
  endfacet
  facet normal -0 0 1
    outer loop
      vertex 100.071 1.7363 40
      vertex 102.422 1.26862 40
      vertex 100.283 2.58353 40
    endloop
  endfacet
  facet normal 0 0 1
    outer loop
      vertex 103.775 -4.12667 40
      vertex 101.92 -5.6461 40
      vertex 102.507 -6.29325 40
    endloop
  endfacet
  facet normal 0 0 1
    outer loop
      vertex 102.422 1.26862 40
      vertex 100.071 1.7363 40
      vertex 102.329 0.639214 40
    endloop
  endfacet
  facet normal 0 0 1
    outer loop
      vertex 103.393 -3.61273 40
      vertex 101.4 -4.94457 40
      vertex 101.92 -5.6461 40
    endloop
  endfacet
  facet normal -0 0 1
    outer loop
      vertex 99.9429 0.872352 40
      vertex 102.329 0.639214 40
      vertex 100.071 1.7363 40
    endloop
  endfacet
  facet normal 0 0 1
    outer loop
      vertex 103.065 -3.06537 40
      vertex 100.951 -4.19543 40
      vertex 101.4 -4.94457 40
    endloop
  endfacet
  facet normal 0 0 1
    outer loop
      vertex 102.329 0.639214 40
      vertex 99.9429 0.872352 40
      vertex 102.329 0.637379 40
    endloop
  endfacet
  facet normal 0 0 1
    outer loop
      vertex 102.793 -2.49017 40
      vertex 100.577 -3.40588 40
      vertex 100.951 -4.19543 40
    endloop
  endfacet
  facet normal 0 0 1
    outer loop
      vertex 102.329 0.637379 40
      vertex 99.9429 0.872352 40
      vertex 102.297 0.00185305 40
    endloop
  endfacet
  facet normal 0 0 1
    outer loop
      vertex 102.578 -1.88939 40
      vertex 100.283 -2.58353 40
      vertex 100.577 -3.40588 40
    endloop
  endfacet
  facet normal 0 0 1
    outer loop
      vertex 99.9 0 40
      vertex 102.297 0.00185305 40
      vertex 99.9429 0.872352 40
    endloop
  endfacet
  facet normal 0 0 1
    outer loop
      vertex 102.422 -1.26862 40
      vertex 100.071 -1.7363 40
      vertex 100.283 -2.58353 40
    endloop
  endfacet
  facet normal 0 0 1
    outer loop
      vertex 102.297 0.00185305 40
      vertex 99.9 0 40
      vertex 102.297 0 40
    endloop
  endfacet
  facet normal 0 0 1
    outer loop
      vertex 102.329 -0.639214 40
      vertex 99.9429 -0.872352 40
      vertex 100.071 -1.7363 40
    endloop
  endfacet
  facet normal 0 0 1
    outer loop
      vertex 102.297 -0.00185305 40
      vertex 99.9 0 40
      vertex 99.9429 -0.872352 40
    endloop
  endfacet
  facet normal -0.336888 -0.941144 0.0274572
    outer loop
      vertex 105.394 -8.22253 40
      vertex 104.973 -9.2388 0
      vertex 106.216 -8.51677 40
    endloop
  endfacet
  facet normal -0.998456 -0.0483725 -0.0273055
    outer loop
      vertex 116.397 0 0
      vertex 115.303 0.00185305 40
      vertex 116.361 0.743076 0
    endloop
  endfacet
  facet normal -0.999626 -0 -0.0273398
    outer loop
      vertex 115.303 0.00185305 40
      vertex 116.397 0 0
      vertex 115.303 0 40
    endloop
  endfacet
  facet normal 0.999629 0 -0.0272399
    outer loop
      vertex 102.329 0.637379 40
      vertex 101.239 0.743076 0
      vertex 101.239 0.744661 0
    endloop
  endfacet
  facet normal 0.998361 -0.0502695 -0.0273382
    outer loop
      vertex 101.239 0.743076 0
      vertex 102.329 0.637379 40
      vertex 102.297 0.00185305 40
    endloop
  endfacet
  facet normal 0.941373 0.336261 -0.0273017
    outer loop
      vertex 102.792 -2.48849 40
      vertex 101.781 -2.90585 0
      vertex 102.578 -1.88939 40
    endloop
  endfacet
  facet normal 0.999681 0 -0.0252669
    outer loop
      vertex 101.781 -2.90585 0
      vertex 102.792 -2.48849 40
      vertex 101.781 -2.90735 0
    endloop
  endfacet
  facet normal 0.821067 -0.570185 -0.0271631
    outer loop
      vertex 103.065 3.06537 40
      vertex 102.099 3.57989 0
      vertex 102.1 3.58133 0
    endloop
  endfacet
  facet normal 0.903682 -0.427332 -0.0273207
    outer loop
      vertex 102.099 3.57989 0
      vertex 103.065 3.06537 40
      vertex 102.793 2.49017 40
    endloop
  endfacet
  facet normal -0.998361 0.0502695 -0.0273382
    outer loop
      vertex 116.361 -0.743076 0
      vertex 115.271 -0.637379 40
      vertex 115.303 -0.00185305 40
    endloop
  endfacet
  facet normal -0.999629 0 -0.0272399
    outer loop
      vertex 115.271 -0.637379 40
      vertex 116.361 -0.743076 0
      vertex 116.361 -0.744661 0
    endloop
  endfacet
  facet normal -0.803024 -0.59532 -0.0273181
    outer loop
      vertex 115.116 4.22209 0
      vertex 113.827 4.12529 40
      vertex 114.673 4.81965 0
    endloop
  endfacet
  facet normal -0.830004 -0.55705 -0.0280949
    outer loop
      vertex 113.827 4.12529 40
      vertex 115.116 4.22209 0
      vertex 113.828 4.1238 40
    endloop
  endfacet
  facet normal -0.999629 0 -0.0272399
    outer loop
      vertex 116.361 -0.744661 0
      vertex 115.271 -0.639214 40
      vertex 115.271 -0.637379 40
    endloop
  endfacet
  facet normal -0.988839 0.146461 -0.027332
    outer loop
      vertex 115.271 -0.639214 40
      vertex 116.361 -0.744661 0
      vertex 116.252 -1.48058 0
    endloop
  endfacet
  facet normal 0.941037 -0.337198 -0.0273189
    outer loop
      vertex 102.578 1.88939 40
      vertex 101.53 2.20537 0
      vertex 101.781 2.90585 0
    endloop
  endfacet
  facet normal 0.867935 -0.495963 -0.0266577
    outer loop
      vertex 101.53 2.20537 0
      vertex 102.578 1.88939 40
      vertex 102.577 1.88764 40
    endloop
  endfacet
  facet normal -0.367241 -0.929724 -0.0273507
    outer loop
      vertex 111.707 7.01896 0
      vertex 111.29 6.00695 40
      vertex 111.288 6.00774 40
    endloop
  endfacet
  facet normal -0.427159 -0.903764 -0.0273186
    outer loop
      vertex 111.29 6.00695 40
      vertex 111.707 7.01896 0
      vertex 112.38 6.70087 0
    endloop
  endfacet
  facet normal -0.336826 -0.94117 -0.0273256
    outer loop
      vertex 111.706 7.01949 0
      vertex 111.288 6.00774 40
      vertex 110.689 6.22211 40
    endloop
  endfacet
  facet normal -0.46812 -0.883245 -0.0272324
    outer loop
      vertex 111.288 6.00774 40
      vertex 111.706 7.01949 0
      vertex 111.707 7.01896 0
    endloop
  endfacet
  facet normal 0.219431 -0.975247 -0.0272758
    outer loop
      vertex 106.595 7.27013 0
      vertex 106.914 6.22318 40
      vertex 106.912 6.22273 40
    endloop
  endfacet
  facet normal 0.243103 -0.969616 -0.0273172
    outer loop
      vertex 106.914 6.22318 40
      vertex 106.595 7.27013 0
      vertex 107.316 7.4509 0
    endloop
  endfacet
  facet normal 0.999626 0 -0.0273398
    outer loop
      vertex 101.203 0 0
      vertex 102.297 0.00185305 40
      vertex 102.297 0 40
    endloop
  endfacet
  facet normal 0.998456 -0.0483725 -0.0273055
    outer loop
      vertex 102.297 0.00185305 40
      vertex 101.203 0 0
      vertex 101.239 0.743076 0
    endloop
  endfacet
  facet normal 0.242978 0.969647 -0.0273165
    outer loop
      vertex 107.318 -7.45128 0
      vertex 106.914 -6.22318 40
      vertex 107.531 -6.37779 40
    endloop
  endfacet
  facet normal 0.186586 0.982032 -0.0282663
    outer loop
      vertex 106.914 -6.22318 40
      vertex 107.318 -7.45128 0
      vertex 107.316 -7.4509 0
    endloop
  endfacet
  facet normal -0.242978 -0.969647 -0.0273165
    outer loop
      vertex 110.282 7.45128 0
      vertex 110.686 6.22318 40
      vertex 110.069 6.37779 40
    endloop
  endfacet
  facet normal -0.186586 -0.982032 -0.0282663
    outer loop
      vertex 110.686 6.22318 40
      vertex 110.282 7.45128 0
      vertex 110.284 7.4509 0
    endloop
  endfacet
  facet normal 0.526746 0.84959 -0.0271227
    outer loop
      vertex 103.98 -5.87276 0
      vertex 104.673 -5.02544 40
      vertex 104.675 -5.02668 40
    endloop
  endfacet
  facet normal 0.671473 0.740526 -0.0273198
    outer loop
      vertex 104.673 -5.02544 40
      vertex 103.98 -5.87276 0
      vertex 103.429 -5.37314 0
    endloop
  endfacet
  facet normal 0.242978 -0.969647 -0.0273195
    outer loop
      vertex 107.316 7.4509 0
      vertex 107.531 6.37779 40
      vertex 106.914 6.22318 40
    endloop
  endfacet
  facet normal 0.186591 -0.982057 -0.0273493
    outer loop
      vertex 107.531 6.37779 40
      vertex 107.316 7.4509 0
      vertex 107.318 7.45128 0
    endloop
  endfacet
  facet normal -0.858978 0.511296 -0.0270647
    outer loop
      vertex 115.819 -2.90735 0
      vertex 114.807 -2.49017 40
      vertex 114.808 -2.48849 40
    endloop
  endfacet
  facet normal -0.903697 0.427299 -0.0273201
    outer loop
      vertex 114.807 -2.49017 40
      vertex 115.819 -2.90735 0
      vertex 115.501 -3.57989 0
    endloop
  endfacet
  facet normal -0.903697 -0.427299 -0.0273201
    outer loop
      vertex 115.819 2.90735 0
      vertex 114.807 2.49017 40
      vertex 115.501 3.57989 0
    endloop
  endfacet
  facet normal -0.858978 -0.511296 -0.0270647
    outer loop
      vertex 114.807 2.49017 40
      vertex 115.819 2.90735 0
      vertex 114.808 2.48849 40
    endloop
  endfacet
  facet normal 0.0449377 0.998616 -0.0273251
    outer loop
      vertex 108.8 -7.59726 0
      vertex 108.798 -6.50265 40
      vertex 108.8 -6.50274 40
    endloop
  endfacet
  facet normal 0.0490477 0.998423 -0.0273196
    outer loop
      vertex 108.798 -6.50265 40
      vertex 108.8 -7.59726 0
      vertex 108.057 -7.56076 0
    endloop
  endfacet
  facet normal 0.742758 0.669152 -0.0233691
    outer loop
      vertex 104.578 -6.31595 0
      vertex 104.675 -5.02668 40
      vertex 104.676 -5.02779 40
    endloop
  endfacet
  facet normal 0.595202 0.803111 -0.027329
    outer loop
      vertex 104.675 -5.02668 40
      vertex 104.578 -6.31595 0
      vertex 103.98 -5.87276 0
    endloop
  endfacet
  facet normal 0.999529 0 -0.0306855
    outer loop
      vertex 102.577 -1.88764 40
      vertex 101.349 -1.48369 0
      vertex 102.577 -1.88584 40
    endloop
  endfacet
  facet normal 0.969597 0.243178 -0.0273108
    outer loop
      vertex 101.349 -1.48369 0
      vertex 102.577 -1.88764 40
      vertex 101.53 -2.20537 0
    endloop
  endfacet
  facet normal -0.999626 0 -0.0273398
    outer loop
      vertex 116.397 0 0
      vertex 115.303 -0.00185305 40
      vertex 115.303 0 40
    endloop
  endfacet
  facet normal -0.998456 0.0483725 -0.0273055
    outer loop
      vertex 115.303 -0.00185305 40
      vertex 116.397 0 0
      vertex 116.361 -0.743076 0
    endloop
  endfacet
  facet normal -0.146535 -0.988828 -0.02732
    outer loop
      vertex 110.281 7.45152 0
      vertex 110.069 6.37779 40
      vertex 109.439 6.47115 40
    endloop
  endfacet
  facet normal -0.233286 -0.972024 -0.0273287
    outer loop
      vertex 110.069 6.37779 40
      vertex 110.281 7.45152 0
      vertex 110.282 7.45128 0
    endloop
  endfacet
  facet normal -0.903682 0.427332 -0.0273207
    outer loop
      vertex 115.501 -3.57989 0
      vertex 114.535 -3.06537 40
      vertex 114.807 -2.49017 40
    endloop
  endfacet
  facet normal -0.821067 0.570185 -0.0271631
    outer loop
      vertex 114.535 -3.06537 40
      vertex 115.501 -3.57989 0
      vertex 115.5 -3.58133 0
    endloop
  endfacet
  facet normal -0.805388 -0.592197 -0.0255727
    outer loop
      vertex 115.5 3.58133 0
      vertex 114.208 3.61114 40
      vertex 115.499 3.58269 0
    endloop
  endfacet
  facet normal -0.857493 -0.51377 -0.0273141
    outer loop
      vertex 114.208 3.61114 40
      vertex 115.5 3.58133 0
      vertex 114.535 3.06537 40
    endloop
  endfacet
  facet normal 0.219428 0.975235 -0.0277276
    outer loop
      vertex 107.316 -7.4509 0
      vertex 106.912 -6.22273 40
      vertex 106.914 -6.22318 40
    endloop
  endfacet
  facet normal 0.243103 0.969616 -0.027316
    outer loop
      vertex 106.912 -6.22273 40
      vertex 107.316 -7.4509 0
      vertex 106.595 -7.27013 0
    endloop
  endfacet
  facet normal -0.219431 0.975247 -0.0272758
    outer loop
      vertex 111.005 -7.27013 0
      vertex 110.686 -6.22318 40
      vertex 110.688 -6.22273 40
    endloop
  endfacet
  facet normal -0.243103 0.969616 -0.0273172
    outer loop
      vertex 110.686 -6.22318 40
      vertex 111.005 -7.27013 0
      vertex 110.284 -7.4509 0
    endloop
  endfacet
  facet normal -0.85769 -0.513442 -0.0273178
    outer loop
      vertex 115.499 3.58269 0
      vertex 114.207 3.61273 40
      vertex 115.117 4.22081 0
    endloop
  endfacet
  facet normal -0.846192 -0.532196 -0.0269323
    outer loop
      vertex 114.207 3.61273 40
      vertex 115.499 3.58269 0
      vertex 114.208 3.61114 40
    endloop
  endfacet
  facet normal 0.762612 -0.646281 -0.0272613
    outer loop
      vertex 104.202 4.59813 40
      vertex 103.427 5.3709 0
      vertex 103.428 5.37208 0
    endloop
  endfacet
  facet normal 0.740914 -0.671044 -0.0273193
    outer loop
      vertex 103.427 5.3709 0
      vertex 104.202 4.59813 40
      vertex 103.775 4.12667 40
    endloop
  endfacet
  facet normal -0.78774 -0.615422 -0.0268775
    outer loop
      vertex 115.117 4.22081 0
      vertex 113.828 4.1238 40
      vertex 115.116 4.22209 0
    endloop
  endfacet
  facet normal -0.802934 -0.595441 -0.0273187
    outer loop
      vertex 113.828 4.1238 40
      vertex 115.117 4.22081 0
      vertex 114.207 3.61273 40
    endloop
  endfacet
  facet normal -0.999658 0 -0.026166
    outer loop
      vertex 116.07 2.20537 0
      vertex 115.023 1.88584 40
      vertex 115.023 1.88764 40
    endloop
  endfacet
  facet normal -0.969597 -0.243178 -0.0273218
    outer loop
      vertex 115.023 1.88584 40
      vertex 116.07 2.20537 0
      vertex 116.251 1.48369 0
    endloop
  endfacet
  facet normal 0.903682 0.427332 -0.0273207
    outer loop
      vertex 103.065 -3.06537 40
      vertex 102.099 -3.57989 0
      vertex 102.793 -2.49017 40
    endloop
  endfacet
  facet normal 0.821067 0.570185 -0.0271631
    outer loop
      vertex 102.099 -3.57989 0
      vertex 103.065 -3.06537 40
      vertex 102.1 -3.58133 0
    endloop
  endfacet
  facet normal -0.336548 0.94127 -0.0273205
    outer loop
      vertex 111.005 -7.27013 0
      vertex 110.689 -6.22211 40
      vertex 111.706 -7.01949 0
    endloop
  endfacet
  facet normal -0.526756 0.849606 -0.0264215
    outer loop
      vertex 110.689 -6.22211 40
      vertex 111.005 -7.27013 0
      vertex 110.688 -6.22273 40
    endloop
  endfacet
  facet normal -0.427159 0.903764 -0.0273186
    outer loop
      vertex 111.707 -7.01896 0
      vertex 111.29 -6.00695 40
      vertex 112.38 -6.70087 0
    endloop
  endfacet
  facet normal -0.367241 0.929724 -0.0273507
    outer loop
      vertex 111.29 -6.00695 40
      vertex 111.707 -7.01896 0
      vertex 111.288 -6.00774 40
    endloop
  endfacet
  facet normal 0.740914 0.671044 -0.0273193
    outer loop
      vertex 104.202 -4.59813 40
      vertex 103.427 -5.3709 0
      vertex 103.775 -4.12667 40
    endloop
  endfacet
  facet normal 0.762612 0.646281 -0.0272613
    outer loop
      vertex 103.427 -5.3709 0
      vertex 104.202 -4.59813 40
      vertex 103.428 -5.37208 0
    endloop
  endfacet
  facet normal -0.98889 0.146117 -0.027326
    outer loop
      vertex 116.252 -1.48058 0
      vertex 115.178 -1.26862 40
      vertex 115.271 -0.639214 40
    endloop
  endfacet
  facet normal -0.843166 0.537049 -0.0254848
    outer loop
      vertex 115.178 -1.26862 40
      vertex 116.252 -1.48058 0
      vertex 116.251 -1.48215 0
    endloop
  endfacet
  facet normal -0.740914 0.671044 -0.0273193
    outer loop
      vertex 114.173 -5.3709 0
      vertex 113.398 -4.59813 40
      vertex 113.825 -4.12667 40
    endloop
  endfacet
  facet normal -0.762612 0.646281 -0.0272613
    outer loop
      vertex 113.398 -4.59813 40
      vertex 114.173 -5.3709 0
      vertex 114.172 -5.37208 0
    endloop
  endfacet
  facet normal -0.867935 0.495963 -0.0266577
    outer loop
      vertex 116.07 -2.20537 0
      vertex 115.022 -1.88939 40
      vertex 115.023 -1.88764 40
    endloop
  endfacet
  facet normal -0.941037 0.337198 -0.0273189
    outer loop
      vertex 115.022 -1.88939 40
      vertex 116.07 -2.20537 0
      vertex 115.819 -2.90585 0
    endloop
  endfacet
  facet normal -0.526746 -0.84959 -0.0271227
    outer loop
      vertex 113.62 5.87276 0
      vertex 112.927 5.02544 40
      vertex 112.925 5.02668 40
    endloop
  endfacet
  facet normal -0.671473 -0.740526 -0.0273198
    outer loop
      vertex 112.927 5.02544 40
      vertex 113.62 5.87276 0
      vertex 114.171 5.37314 0
    endloop
  endfacet
  facet normal 0.379187 -0.924847 -0.0295976
    outer loop
      vertex 105.219 6.70019 0
      vertex 105.189 5.40778 40
      vertex 105.217 6.69937 0
    endloop
  endfacet
  facet normal 0.513749 -0.857505 -0.0273209
    outer loop
      vertex 105.189 5.40778 40
      vertex 105.219 6.70019 0
      vertex 105.735 5.7349 40
    endloop
  endfacet
  facet normal -0.830004 0.55705 -0.0280949
    outer loop
      vertex 115.116 -4.22209 0
      vertex 113.827 -4.12529 40
      vertex 113.828 -4.1238 40
    endloop
  endfacet
  facet normal -0.803024 0.59532 -0.0273181
    outer loop
      vertex 113.827 -4.12529 40
      vertex 115.116 -4.22209 0
      vertex 114.673 -4.81965 0
    endloop
  endfacet
  facet normal -0.941373 0.336261 -0.0273017
    outer loop
      vertex 115.819 -2.90585 0
      vertex 114.808 -2.48849 40
      vertex 115.022 -1.88939 40
    endloop
  endfacet
  facet normal -0.999681 0 -0.0252669
    outer loop
      vertex 114.808 -2.48849 40
      vertex 115.819 -2.90585 0
      vertex 115.819 -2.90735 0
    endloop
  endfacet
  facet normal -0.0490477 0.998423 -0.0273196
    outer loop
      vertex 108.8 -7.59726 0
      vertex 108.802 -6.50265 40
      vertex 109.543 -7.56076 0
    endloop
  endfacet
  facet normal -0.0449377 0.998616 -0.0273251
    outer loop
      vertex 108.802 -6.50265 40
      vertex 108.8 -7.59726 0
      vertex 108.8 -6.50274 40
    endloop
  endfacet
  facet normal 0.427159 -0.903764 -0.0273186
    outer loop
      vertex 105.893 7.01896 0
      vertex 106.31 6.00695 40
      vertex 105.22 6.70087 0
    endloop
  endfacet
  facet normal 0.367241 -0.929724 -0.0273507
    outer loop
      vertex 106.31 6.00695 40
      vertex 105.893 7.01896 0
      vertex 106.312 6.00774 40
    endloop
  endfacet
  facet normal 0.233286 -0.972024 -0.0273287
    outer loop
      vertex 107.319 7.45152 0
      vertex 107.531 6.37779 40
      vertex 107.318 7.45128 0
    endloop
  endfacet
  facet normal 0.146535 -0.988828 -0.02732
    outer loop
      vertex 107.531 6.37779 40
      vertex 107.319 7.45152 0
      vertex 108.161 6.47115 40
    endloop
  endfacet
  facet normal -0.526756 -0.849606 -0.0264215
    outer loop
      vertex 111.005 7.27013 0
      vertex 110.689 6.22211 40
      vertex 110.688 6.22273 40
    endloop
  endfacet
  facet normal -0.336548 -0.94127 -0.0273205
    outer loop
      vertex 110.689 6.22211 40
      vertex 111.005 7.27013 0
      vertex 111.706 7.01949 0
    endloop
  endfacet
  facet normal 0.567729 0.822796 -0.0262904
    outer loop
      vertex 103.775 -4.12667 40
      vertex 102.927 -4.81965 0
      vertex 103.773 -4.12529 40
    endloop
  endfacet
  facet normal 0.740423 0.671585 -0.0273318
    outer loop
      vertex 102.927 -4.81965 0
      vertex 103.775 -4.12667 40
      vertex 103.427 -5.3709 0
    endloop
  endfacet
  facet normal -0.684694 0.728397 -0.0251348
    outer loop
      vertex 113.021 -6.31689 0
      vertex 112.924 -5.02779 40
      vertex 113.022 -6.31595 0
    endloop
  endfacet
  facet normal -0.595534 0.802865 -0.0273185
    outer loop
      vertex 112.924 -5.02779 40
      vertex 113.021 -6.31689 0
      vertex 112.413 -5.40683 40
    endloop
  endfacet
  facet normal 0.0490477 -0.998423 -0.0273196
    outer loop
      vertex 108.8 7.59726 0
      vertex 108.798 6.50265 40
      vertex 108.057 7.56076 0
    endloop
  endfacet
  facet normal 0.0449377 -0.998616 -0.0273251
    outer loop
      vertex 108.798 6.50265 40
      vertex 108.8 7.59726 0
      vertex 108.8 6.50274 40
    endloop
  endfacet
  facet normal -0.562102 0.826621 -0.0271993
    outer loop
      vertex 112.38 -6.70087 0
      vertex 111.865 -5.7349 40
      vertex 112.381 -6.70019 0
    endloop
  endfacet
  facet normal -0.427518 0.903594 -0.0273254
    outer loop
      vertex 111.865 -5.7349 40
      vertex 112.38 -6.70087 0
      vertex 111.29 -6.00695 40
    endloop
  endfacet
  facet normal -0.513987 0.857363 -0.0273189
    outer loop
      vertex 112.383 -6.69937 0
      vertex 112.413 -5.40683 40
      vertex 113.021 -6.31689 0
    endloop
  endfacet
  facet normal -0.428878 0.902901 -0.0288542
    outer loop
      vertex 112.413 -5.40683 40
      vertex 112.383 -6.69937 0
      vertex 112.411 -5.40778 40
    endloop
  endfacet
  facet normal -0.762612 -0.646281 -0.0272613
    outer loop
      vertex 114.173 5.3709 0
      vertex 113.398 4.59813 40
      vertex 114.172 5.37208 0
    endloop
  endfacet
  facet normal -0.740914 -0.671044 -0.0273193
    outer loop
      vertex 113.398 4.59813 40
      vertex 114.173 5.3709 0
      vertex 113.825 4.12667 40
    endloop
  endfacet
  facet normal -0.99964 0 -0.0268154
    outer loop
      vertex 116.251 -1.48369 0
      vertex 115.178 -1.26862 40
      vertex 116.251 -1.48215 0
    endloop
  endfacet
  facet normal -0.969523 0.243472 -0.0273165
    outer loop
      vertex 115.178 -1.26862 40
      vertex 116.251 -1.48369 0
      vertex 115.023 -1.88584 40
    endloop
  endfacet
  facet normal -0.0399531 0.998828 -0.0273075
    outer loop
      vertex 109.543 -7.56076 0
      vertex 109.437 -6.47142 40
      vertex 109.545 -7.56068 0
    endloop
  endfacet
  facet normal -0.0491034 0.99842 -0.0273206
    outer loop
      vertex 109.437 -6.47142 40
      vertex 109.543 -7.56076 0
      vertex 108.802 -6.50265 40
    endloop
  endfacet
  facet normal 0.78774 -0.615422 -0.0268775
    outer loop
      vertex 103.772 4.1238 40
      vertex 102.483 4.22081 0
      vertex 102.484 4.22209 0
    endloop
  endfacet
  facet normal 0.802934 -0.595441 -0.0273187
    outer loop
      vertex 102.483 4.22081 0
      vertex 103.772 4.1238 40
      vertex 103.393 3.61273 40
    endloop
  endfacet
  facet normal -0.428878 -0.902901 -0.0288542
    outer loop
      vertex 112.383 6.69937 0
      vertex 112.413 5.40683 40
      vertex 112.411 5.40778 40
    endloop
  endfacet
  facet normal -0.513987 -0.857363 -0.0273189
    outer loop
      vertex 112.413 5.40683 40
      vertex 112.383 6.69937 0
      vertex 113.021 6.31689 0
    endloop
  endfacet
  facet normal -0.427518 -0.903594 -0.0273254
    outer loop
      vertex 112.38 6.70087 0
      vertex 111.865 5.7349 40
      vertex 111.29 6.00695 40
    endloop
  endfacet
  facet normal -0.562102 -0.826621 -0.0271993
    outer loop
      vertex 111.865 5.7349 40
      vertex 112.38 6.70087 0
      vertex 112.381 6.70019 0
    endloop
  endfacet
  facet normal -0.379187 0.924847 -0.0295976
    outer loop
      vertex 112.381 -6.70019 0
      vertex 112.411 -5.40778 40
      vertex 112.383 -6.69937 0
    endloop
  endfacet
  facet normal -0.513749 0.857505 -0.0273209
    outer loop
      vertex 112.411 -5.40778 40
      vertex 112.381 -6.70019 0
      vertex 111.865 -5.7349 40
    endloop
  endfacet
  facet normal 0.805388 -0.592197 -0.0255727
    outer loop
      vertex 103.392 3.61114 40
      vertex 102.1 3.58133 0
      vertex 102.101 3.58269 0
    endloop
  endfacet
  facet normal 0.857493 -0.51377 -0.0273141
    outer loop
      vertex 102.1 3.58133 0
      vertex 103.392 3.61114 40
      vertex 103.065 3.06537 40
    endloop
  endfacet
  facet normal 0.988839 -0.146461 -0.027332
    outer loop
      vertex 102.329 0.639214 40
      vertex 101.239 0.744661 0
      vertex 101.348 1.48058 0
    endloop
  endfacet
  facet normal 0.999629 0 -0.0272399
    outer loop
      vertex 101.239 0.744661 0
      vertex 102.329 0.639214 40
      vertex 102.329 0.637379 40
    endloop
  endfacet
  facet normal -0.941037 -0.337198 -0.0273189
    outer loop
      vertex 116.07 2.20537 0
      vertex 115.022 1.88939 40
      vertex 115.819 2.90585 0
    endloop
  endfacet
  facet normal -0.867935 -0.495963 -0.0266577
    outer loop
      vertex 115.022 1.88939 40
      vertex 116.07 2.20537 0
      vertex 115.023 1.88764 40
    endloop
  endfacet
  facet normal 0.999529 0 -0.0306855
    outer loop
      vertex 102.577 1.88584 40
      vertex 101.349 1.48215 0
      vertex 101.349 1.48369 0
    endloop
  endfacet
  facet normal 0.969523 -0.243473 -0.0273072
    outer loop
      vertex 101.349 1.48215 0
      vertex 102.577 1.88584 40
      vertex 102.422 1.26862 40
    endloop
  endfacet
  facet normal 0.999658 0 -0.026166
    outer loop
      vertex 102.577 1.88584 40
      vertex 101.53 2.20537 0
      vertex 102.577 1.88764 40
    endloop
  endfacet
  facet normal 0.969597 -0.243178 -0.0273218
    outer loop
      vertex 101.53 2.20537 0
      vertex 102.577 1.88584 40
      vertex 101.349 1.48369 0
    endloop
  endfacet
  facet normal -0.133736 -0.99064 -0.0273377
    outer loop
      vertex 109.545 7.56068 0
      vertex 109.439 6.47115 40
      vertex 109.437 6.47142 40
    endloop
  endfacet
  facet normal -0.146656 -0.98881 -0.0273221
    outer loop
      vertex 109.439 6.47115 40
      vertex 109.545 7.56068 0
      vertex 110.281 7.45152 0
    endloop
  endfacet
  facet normal 0.803024 -0.59532 -0.0273181
    outer loop
      vertex 103.773 4.12529 40
      vertex 102.484 4.22209 0
      vertex 102.927 4.81965 0
    endloop
  endfacet
  facet normal 0.830004 -0.55705 -0.0280949
    outer loop
      vertex 102.484 4.22209 0
      vertex 103.773 4.12529 40
      vertex 103.772 4.1238 40
    endloop
  endfacet
  facet normal 0.858978 0.511296 -0.0270647
    outer loop
      vertex 102.793 -2.49017 40
      vertex 101.781 -2.90735 0
      vertex 102.792 -2.48849 40
    endloop
  endfacet
  facet normal 0.903697 0.427299 -0.0273201
    outer loop
      vertex 101.781 -2.90735 0
      vertex 102.793 -2.49017 40
      vertex 102.099 -3.57989 0
    endloop
  endfacet
  facet normal 0.336548 -0.94127 -0.0273205
    outer loop
      vertex 106.595 7.27013 0
      vertex 106.911 6.22211 40
      vertex 105.894 7.01949 0
    endloop
  endfacet
  facet normal 0.526756 -0.849606 -0.0264215
    outer loop
      vertex 106.911 6.22211 40
      vertex 106.595 7.27013 0
      vertex 106.912 6.22273 40
    endloop
  endfacet
  facet normal -0.999529 0 -0.0306855
    outer loop
      vertex 116.251 1.48215 0
      vertex 115.023 1.88584 40
      vertex 116.251 1.48369 0
    endloop
  endfacet
  facet normal -0.969523 -0.243473 -0.0273072
    outer loop
      vertex 115.023 1.88584 40
      vertex 116.251 1.48215 0
      vertex 115.178 1.26862 40
    endloop
  endfacet
  facet normal -0.802934 0.595441 -0.0273187
    outer loop
      vertex 115.117 -4.22081 0
      vertex 113.828 -4.1238 40
      vertex 114.207 -3.61273 40
    endloop
  endfacet
  facet normal -0.78774 0.615422 -0.0268775
    outer loop
      vertex 113.828 -4.1238 40
      vertex 115.117 -4.22081 0
      vertex 115.116 -4.22209 0
    endloop
  endfacet
  facet normal -0.999529 0 -0.0306855
    outer loop
      vertex 116.251 -1.48369 0
      vertex 115.023 -1.88764 40
      vertex 115.023 -1.88584 40
    endloop
  endfacet
  facet normal -0.969597 0.243178 -0.0273108
    outer loop
      vertex 115.023 -1.88764 40
      vertex 116.251 -1.48369 0
      vertex 116.07 -2.20537 0
    endloop
  endfacet
  facet normal -0.742758 -0.669152 -0.0233691
    outer loop
      vertex 113.022 6.31595 0
      vertex 112.925 5.02668 40
      vertex 112.924 5.02779 40
    endloop
  endfacet
  facet normal -0.595202 -0.803111 -0.027329
    outer loop
      vertex 112.925 5.02668 40
      vertex 113.022 6.31595 0
      vertex 113.62 5.87276 0
    endloop
  endfacet
  facet normal -0.846192 0.532196 -0.0269323
    outer loop
      vertex 115.499 -3.58269 0
      vertex 114.207 -3.61273 40
      vertex 114.208 -3.61114 40
    endloop
  endfacet
  facet normal -0.85769 0.513442 -0.0273178
    outer loop
      vertex 114.207 -3.61273 40
      vertex 115.499 -3.58269 0
      vertex 115.117 -4.22081 0
    endloop
  endfacet
  facet normal -0.999681 0 -0.0252669
    outer loop
      vertex 115.819 2.90585 0
      vertex 114.808 2.48849 40
      vertex 115.819 2.90735 0
    endloop
  endfacet
  facet normal -0.941373 -0.336261 -0.0273017
    outer loop
      vertex 114.808 2.48849 40
      vertex 115.819 2.90585 0
      vertex 115.022 1.88939 40
    endloop
  endfacet
  facet normal 0.684694 -0.728397 -0.0251348
    outer loop
      vertex 104.579 6.31689 0
      vertex 104.676 5.02779 40
      vertex 104.578 6.31595 0
    endloop
  endfacet
  facet normal 0.595534 -0.802865 -0.0273185
    outer loop
      vertex 104.676 5.02779 40
      vertex 104.579 6.31689 0
      vertex 105.187 5.40683 40
    endloop
  endfacet
  facet normal -0.219428 -0.975235 -0.0277276
    outer loop
      vertex 110.284 7.4509 0
      vertex 110.688 6.22273 40
      vertex 110.686 6.22318 40
    endloop
  endfacet
  facet normal -0.243103 -0.969616 -0.027316
    outer loop
      vertex 110.688 6.22273 40
      vertex 110.284 7.4509 0
      vertex 111.005 7.27013 0
    endloop
  endfacet
  facet normal -0.595534 -0.802865 -0.0273185
    outer loop
      vertex 113.021 6.31689 0
      vertex 112.924 5.02779 40
      vertex 112.413 5.40683 40
    endloop
  endfacet
  facet normal -0.684694 -0.728397 -0.0251348
    outer loop
      vertex 112.924 5.02779 40
      vertex 113.021 6.31689 0
      vertex 113.022 6.31595 0
    endloop
  endfacet
  facet normal 0.740423 -0.671585 -0.0273318
    outer loop
      vertex 103.775 4.12667 40
      vertex 102.927 4.81965 0
      vertex 103.427 5.3709 0
    endloop
  endfacet
  facet normal 0.567729 -0.822796 -0.0262904
    outer loop
      vertex 102.927 4.81965 0
      vertex 103.775 4.12667 40
      vertex 103.773 4.12529 40
    endloop
  endfacet
  facet normal -0.513749 -0.857505 -0.0273209
    outer loop
      vertex 112.381 6.70019 0
      vertex 112.411 5.40778 40
      vertex 111.865 5.7349 40
    endloop
  endfacet
  facet normal -0.379187 -0.924847 -0.0295976
    outer loop
      vertex 112.411 5.40778 40
      vertex 112.381 6.70019 0
      vertex 112.383 6.69937 0
    endloop
  endfacet
  facet normal 0.998361 0.0502695 -0.0273382
    outer loop
      vertex 102.329 -0.637379 40
      vertex 101.239 -0.743076 0
      vertex 102.297 -0.00185305 40
    endloop
  endfacet
  facet normal 0.999629 0 -0.0272399
    outer loop
      vertex 101.239 -0.743076 0
      vertex 102.329 -0.637379 40
      vertex 101.239 -0.744661 0
    endloop
  endfacet
  facet normal 0.99964 0 -0.0268154
    outer loop
      vertex 102.422 -1.26862 40
      vertex 101.349 -1.48369 0
      vertex 101.349 -1.48215 0
    endloop
  endfacet
  facet normal 0.969523 0.243472 -0.0273165
    outer loop
      vertex 101.349 -1.48369 0
      vertex 102.422 -1.26862 40
      vertex 102.577 -1.88584 40
    endloop
  endfacet
  facet normal -0.740423 -0.671585 -0.0273318
    outer loop
      vertex 114.673 4.81965 0
      vertex 113.825 4.12667 40
      vertex 114.173 5.3709 0
    endloop
  endfacet
  facet normal -0.567729 -0.822796 -0.0262904
    outer loop
      vertex 113.825 4.12667 40
      vertex 114.673 4.81965 0
      vertex 113.827 4.12529 40
    endloop
  endfacet
  facet normal 0.999681 0 -0.0252669
    outer loop
      vertex 102.792 2.48849 40
      vertex 101.781 2.90585 0
      vertex 101.781 2.90735 0
    endloop
  endfacet
  facet normal 0.941373 -0.336261 -0.0273017
    outer loop
      vertex 101.781 2.90585 0
      vertex 102.792 2.48849 40
      vertex 102.578 1.88939 40
    endloop
  endfacet
  facet normal 0.367241 0.929724 -0.0273507
    outer loop
      vertex 105.893 -7.01896 0
      vertex 106.31 -6.00695 40
      vertex 106.312 -6.00774 40
    endloop
  endfacet
  facet normal 0.427159 0.903764 -0.0273186
    outer loop
      vertex 106.31 -6.00695 40
      vertex 105.893 -7.01896 0
      vertex 105.22 -6.70087 0
    endloop
  endfacet
  facet normal 0.0491034 0.99842 -0.0273206
    outer loop
      vertex 108.057 -7.56076 0
      vertex 108.163 -6.47142 40
      vertex 108.798 -6.50265 40
    endloop
  endfacet
  facet normal 0.0399531 0.998828 -0.0273075
    outer loop
      vertex 108.163 -6.47142 40
      vertex 108.057 -7.56076 0
      vertex 108.055 -7.56068 0
    endloop
  endfacet
  facet normal -0.0491034 -0.99842 -0.0273206
    outer loop
      vertex 109.543 7.56076 0
      vertex 109.437 6.47142 40
      vertex 108.802 6.50265 40
    endloop
  endfacet
  facet normal -0.0399531 -0.998828 -0.0273075
    outer loop
      vertex 109.437 6.47142 40
      vertex 109.543 7.56076 0
      vertex 109.545 7.56068 0
    endloop
  endfacet
  facet normal 0.846192 -0.532196 -0.0269323
    outer loop
      vertex 102.101 3.58269 0
      vertex 103.393 3.61273 40
      vertex 103.392 3.61114 40
    endloop
  endfacet
  facet normal 0.85769 -0.513442 -0.0273178
    outer loop
      vertex 103.393 3.61273 40
      vertex 102.101 3.58269 0
      vertex 102.483 4.22081 0
    endloop
  endfacet
  facet normal -0.0449377 -0.998616 -0.0273251
    outer loop
      vertex 108.8 7.59726 0
      vertex 108.802 6.50265 40
      vertex 108.8 6.50274 40
    endloop
  endfacet
  facet normal -0.0490477 -0.998423 -0.0273196
    outer loop
      vertex 108.802 6.50265 40
      vertex 108.8 7.59726 0
      vertex 109.543 7.56076 0
    endloop
  endfacet
  facet normal 0.46812 -0.883245 -0.0272324
    outer loop
      vertex 105.894 7.01949 0
      vertex 106.312 6.00774 40
      vertex 105.893 7.01896 0
    endloop
  endfacet
  facet normal 0.336826 -0.94117 -0.0273256
    outer loop
      vertex 106.312 6.00774 40
      vertex 105.894 7.01949 0
      vertex 106.911 6.22211 40
    endloop
  endfacet
  facet normal 0.999626 0 -0.0273398
    outer loop
      vertex 102.297 -0.00185305 40
      vertex 101.203 0 0
      vertex 102.297 0 40
    endloop
  endfacet
  facet normal 0.998456 0.0483725 -0.0273055
    outer loop
      vertex 101.203 0 0
      vertex 102.297 -0.00185305 40
      vertex 101.239 -0.743076 0
    endloop
  endfacet
  facet normal 0.999629 0 -0.0272399
    outer loop
      vertex 102.329 -0.639214 40
      vertex 101.239 -0.744661 0
      vertex 102.329 -0.637379 40
    endloop
  endfacet
  facet normal 0.988839 0.146461 -0.027332
    outer loop
      vertex 101.239 -0.744661 0
      vertex 102.329 -0.639214 40
      vertex 101.348 -1.48058 0
    endloop
  endfacet
  facet normal -0.999629 0 -0.0272399
    outer loop
      vertex 116.361 0.743076 0
      vertex 115.271 0.637379 40
      vertex 116.361 0.744661 0
    endloop
  endfacet
  facet normal -0.998361 -0.0502695 -0.0273382
    outer loop
      vertex 115.271 0.637379 40
      vertex 116.361 0.743076 0
      vertex 115.303 0.00185305 40
    endloop
  endfacet
  facet normal -0.843166 -0.537049 -0.0254848
    outer loop
      vertex 116.252 1.48058 0
      vertex 115.178 1.26862 40
      vertex 116.251 1.48215 0
    endloop
  endfacet
  facet normal -0.98889 -0.146117 -0.027326
    outer loop
      vertex 115.178 1.26862 40
      vertex 116.252 1.48058 0
      vertex 115.271 0.639214 40
    endloop
  endfacet
  facet normal 0.671671 0.740345 -0.0273244
    outer loop
      vertex 103.429 -5.37314 0
      vertex 104.202 -4.59813 40
      vertex 104.673 -5.02544 40
    endloop
  endfacet
  facet normal 0.727122 0.685964 -0.0273423
    outer loop
      vertex 104.202 -4.59813 40
      vertex 103.429 -5.37314 0
      vertex 103.428 -5.37208 0
    endloop
  endfacet
  facet normal 0.903697 -0.427299 -0.0273201
    outer loop
      vertex 102.793 2.49017 40
      vertex 101.781 2.90735 0
      vertex 102.099 3.57989 0
    endloop
  endfacet
  facet normal 0.858978 -0.511296 -0.0270647
    outer loop
      vertex 101.781 2.90735 0
      vertex 102.793 2.49017 40
      vertex 102.792 2.48849 40
    endloop
  endfacet
  facet normal 0.843166 -0.537049 -0.0254848
    outer loop
      vertex 102.422 1.26862 40
      vertex 101.348 1.48058 0
      vertex 101.349 1.48215 0
    endloop
  endfacet
  facet normal 0.98889 -0.146117 -0.027326
    outer loop
      vertex 101.348 1.48058 0
      vertex 102.422 1.26862 40
      vertex 102.329 0.639214 40
    endloop
  endfacet
  facet normal -0.671671 -0.740345 -0.0273244
    outer loop
      vertex 114.171 5.37314 0
      vertex 113.398 4.59813 40
      vertex 112.927 5.02544 40
    endloop
  endfacet
  facet normal -0.727122 -0.685964 -0.0273423
    outer loop
      vertex 113.398 4.59813 40
      vertex 114.171 5.37314 0
      vertex 114.172 5.37208 0
    endloop
  endfacet
  facet normal 0.595534 0.802865 -0.0273185
    outer loop
      vertex 104.579 -6.31689 0
      vertex 104.676 -5.02779 40
      vertex 105.187 -5.40683 40
    endloop
  endfacet
  facet normal 0.684694 0.728397 -0.0251348
    outer loop
      vertex 104.676 -5.02779 40
      vertex 104.579 -6.31689 0
      vertex 104.578 -6.31595 0
    endloop
  endfacet
  facet normal 0.867935 0.495963 -0.0266577
    outer loop
      vertex 102.578 -1.88939 40
      vertex 101.53 -2.20537 0
      vertex 102.577 -1.88764 40
    endloop
  endfacet
  facet normal 0.941037 0.337198 -0.0273189
    outer loop
      vertex 101.53 -2.20537 0
      vertex 102.578 -1.88939 40
      vertex 101.781 -2.90585 0
    endloop
  endfacet
  facet normal 0.830004 0.55705 -0.0280949
    outer loop
      vertex 103.773 -4.12529 40
      vertex 102.484 -4.22209 0
      vertex 103.772 -4.1238 40
    endloop
  endfacet
  facet normal 0.803024 0.59532 -0.0273181
    outer loop
      vertex 102.484 -4.22209 0
      vertex 103.773 -4.12529 40
      vertex 102.927 -4.81965 0
    endloop
  endfacet
  facet normal 0.428878 0.902901 -0.0288542
    outer loop
      vertex 105.217 -6.69937 0
      vertex 105.187 -5.40683 40
      vertex 105.189 -5.40778 40
    endloop
  endfacet
  facet normal 0.513987 0.857363 -0.0273189
    outer loop
      vertex 105.187 -5.40683 40
      vertex 105.217 -6.69937 0
      vertex 104.579 -6.31689 0
    endloop
  endfacet
  facet normal -0.988839 -0.146461 -0.027332
    outer loop
      vertex 116.361 0.744661 0
      vertex 115.271 0.639214 40
      vertex 116.252 1.48058 0
    endloop
  endfacet
  facet normal -0.999629 -0 -0.0272399
    outer loop
      vertex 115.271 0.639214 40
      vertex 116.361 0.744661 0
      vertex 115.271 0.637379 40
    endloop
  endfacet
  facet normal -0.805388 0.592197 -0.0255727
    outer loop
      vertex 114.208 -3.61114 40
      vertex 115.5 -3.58133 0
      vertex 115.499 -3.58269 0
    endloop
  endfacet
  facet normal -0.857493 0.51377 -0.0273141
    outer loop
      vertex 115.5 -3.58133 0
      vertex 114.208 -3.61114 40
      vertex 114.535 -3.06537 40
    endloop
  endfacet
  facet normal -0.671473 0.740526 -0.0273198
    outer loop
      vertex 113.62 -5.87276 0
      vertex 112.927 -5.02544 40
      vertex 114.171 -5.37314 0
    endloop
  endfacet
  facet normal -0.526746 0.84959 -0.0271227
    outer loop
      vertex 112.927 -5.02544 40
      vertex 113.62 -5.87276 0
      vertex 112.925 -5.02668 40
    endloop
  endfacet
  facet normal -0.595202 0.803111 -0.027329
    outer loop
      vertex 113.022 -6.31595 0
      vertex 112.925 -5.02668 40
      vertex 113.62 -5.87276 0
    endloop
  endfacet
  facet normal -0.742758 0.669152 -0.0233691
    outer loop
      vertex 112.925 -5.02668 40
      vertex 113.022 -6.31595 0
      vertex 112.924 -5.02779 40
    endloop
  endfacet
  facet normal -0.821067 -0.570185 -0.0271631
    outer loop
      vertex 115.501 3.57989 0
      vertex 114.535 3.06537 40
      vertex 115.5 3.58133 0
    endloop
  endfacet
  facet normal -0.903682 -0.427332 -0.0273207
    outer loop
      vertex 114.535 3.06537 40
      vertex 115.501 3.57989 0
      vertex 114.807 2.49017 40
    endloop
  endfacet
  facet normal 0.513987 -0.857363 -0.0273189
    outer loop
      vertex 105.217 6.69937 0
      vertex 105.187 5.40683 40
      vertex 104.579 6.31689 0
    endloop
  endfacet
  facet normal 0.428878 -0.902901 -0.0288542
    outer loop
      vertex 105.187 5.40683 40
      vertex 105.217 6.69937 0
      vertex 105.189 5.40778 40
    endloop
  endfacet
  facet normal 0.595202 -0.803111 -0.027329
    outer loop
      vertex 104.578 6.31595 0
      vertex 104.675 5.02668 40
      vertex 103.98 5.87276 0
    endloop
  endfacet
  facet normal 0.742758 -0.669152 -0.0233691
    outer loop
      vertex 104.675 5.02668 40
      vertex 104.578 6.31595 0
      vertex 104.676 5.02779 40
    endloop
  endfacet
  facet normal 0.0399531 -0.998828 -0.0273075
    outer loop
      vertex 108.057 7.56076 0
      vertex 108.163 6.47142 40
      vertex 108.055 7.56068 0
    endloop
  endfacet
  facet normal 0.0491034 -0.99842 -0.0273206
    outer loop
      vertex 108.163 6.47142 40
      vertex 108.057 7.56076 0
      vertex 108.798 6.50265 40
    endloop
  endfacet
  facet normal 0.98889 0.146117 -0.027326
    outer loop
      vertex 102.422 -1.26862 40
      vertex 101.348 -1.48058 0
      vertex 102.329 -0.639214 40
    endloop
  endfacet
  facet normal 0.843166 0.537049 -0.0254848
    outer loop
      vertex 101.348 -1.48058 0
      vertex 102.422 -1.26862 40
      vertex 101.349 -1.48215 0
    endloop
  endfacet
  facet normal -0.567729 0.822796 -0.0262904
    outer loop
      vertex 114.673 -4.81965 0
      vertex 113.825 -4.12667 40
      vertex 113.827 -4.12529 40
    endloop
  endfacet
  facet normal -0.740423 0.671585 -0.0273318
    outer loop
      vertex 113.825 -4.12667 40
      vertex 114.673 -4.81965 0
      vertex 114.173 -5.3709 0
    endloop
  endfacet
  facet normal -0.146656 0.98881 -0.0273221
    outer loop
      vertex 109.545 -7.56068 0
      vertex 109.439 -6.47115 40
      vertex 110.281 -7.45152 0
    endloop
  endfacet
  facet normal -0.133736 0.99064 -0.0273377
    outer loop
      vertex 109.439 -6.47115 40
      vertex 109.545 -7.56068 0
      vertex 109.437 -6.47142 40
    endloop
  endfacet
  facet normal 0.562102 -0.826621 -0.0271993
    outer loop
      vertex 105.22 6.70087 0
      vertex 105.735 5.7349 40
      vertex 105.219 6.70019 0
    endloop
  endfacet
  facet normal 0.427518 -0.903594 -0.0273254
    outer loop
      vertex 105.735 5.7349 40
      vertex 105.22 6.70087 0
      vertex 106.31 6.00695 40
    endloop
  endfacet
  facet normal -0.46812 0.883245 -0.0272324
    outer loop
      vertex 111.706 -7.01949 0
      vertex 111.288 -6.00774 40
      vertex 111.707 -7.01896 0
    endloop
  endfacet
  facet normal -0.336826 0.94117 -0.0273256
    outer loop
      vertex 111.288 -6.00774 40
      vertex 111.706 -7.01949 0
      vertex 110.689 -6.22211 40
    endloop
  endfacet
  facet normal 0.146535 0.988828 -0.02732
    outer loop
      vertex 107.319 -7.45152 0
      vertex 107.531 -6.37779 40
      vertex 108.161 -6.47115 40
    endloop
  endfacet
  facet normal 0.233286 0.972024 -0.0273287
    outer loop
      vertex 107.531 -6.37779 40
      vertex 107.319 -7.45152 0
      vertex 107.318 -7.45128 0
    endloop
  endfacet
  facet normal 0.427518 0.903594 -0.0273254
    outer loop
      vertex 105.22 -6.70087 0
      vertex 105.735 -5.7349 40
      vertex 106.31 -6.00695 40
    endloop
  endfacet
  facet normal 0.562102 0.826621 -0.0271993
    outer loop
      vertex 105.735 -5.7349 40
      vertex 105.22 -6.70087 0
      vertex 105.219 -6.70019 0
    endloop
  endfacet
  facet normal 0.133736 0.99064 -0.0273377
    outer loop
      vertex 108.055 -7.56068 0
      vertex 108.161 -6.47115 40
      vertex 108.163 -6.47142 40
    endloop
  endfacet
  facet normal 0.146656 0.98881 -0.0273221
    outer loop
      vertex 108.161 -6.47115 40
      vertex 108.055 -7.56068 0
      vertex 107.319 -7.45152 0
    endloop
  endfacet
  facet normal -0.233286 0.972024 -0.0273287
    outer loop
      vertex 110.281 -7.45152 0
      vertex 110.069 -6.37779 40
      vertex 110.282 -7.45128 0
    endloop
  endfacet
  facet normal -0.146535 0.988828 -0.02732
    outer loop
      vertex 110.069 -6.37779 40
      vertex 110.281 -7.45152 0
      vertex 109.439 -6.47115 40
    endloop
  endfacet
  facet normal 0.727122 -0.685964 -0.0273423
    outer loop
      vertex 103.429 5.37314 0
      vertex 104.202 4.59813 40
      vertex 103.428 5.37208 0
    endloop
  endfacet
  facet normal 0.671671 -0.740345 -0.0273244
    outer loop
      vertex 104.202 4.59813 40
      vertex 103.429 5.37314 0
      vertex 104.673 5.02544 40
    endloop
  endfacet
  facet normal 0.671473 -0.740526 -0.0273198
    outer loop
      vertex 103.98 5.87276 0
      vertex 104.673 5.02544 40
      vertex 103.429 5.37314 0
    endloop
  endfacet
  facet normal 0.526746 -0.84959 -0.0271227
    outer loop
      vertex 104.673 5.02544 40
      vertex 103.98 5.87276 0
      vertex 104.675 5.02668 40
    endloop
  endfacet
  facet normal 0.146656 -0.98881 -0.0273221
    outer loop
      vertex 108.055 7.56068 0
      vertex 108.161 6.47115 40
      vertex 107.319 7.45152 0
    endloop
  endfacet
  facet normal 0.133736 -0.99064 -0.0273377
    outer loop
      vertex 108.161 6.47115 40
      vertex 108.055 7.56068 0
      vertex 108.163 6.47142 40
    endloop
  endfacet
  facet normal 0.513749 0.857505 -0.0273209
    outer loop
      vertex 105.219 -6.70019 0
      vertex 105.189 -5.40778 40
      vertex 105.735 -5.7349 40
    endloop
  endfacet
  facet normal 0.379187 0.924847 -0.0295976
    outer loop
      vertex 105.189 -5.40778 40
      vertex 105.219 -6.70019 0
      vertex 105.217 -6.69937 0
    endloop
  endfacet
  facet normal 0.526756 0.849606 -0.0264215
    outer loop
      vertex 106.595 -7.27013 0
      vertex 106.911 -6.22211 40
      vertex 106.912 -6.22273 40
    endloop
  endfacet
  facet normal 0.336548 0.94127 -0.0273205
    outer loop
      vertex 106.911 -6.22211 40
      vertex 106.595 -7.27013 0
      vertex 105.894 -7.01949 0
    endloop
  endfacet
  facet normal -0.727122 0.685964 -0.0273423
    outer loop
      vertex 114.171 -5.37314 0
      vertex 113.398 -4.59813 40
      vertex 114.172 -5.37208 0
    endloop
  endfacet
  facet normal -0.671671 0.740345 -0.0273244
    outer loop
      vertex 113.398 -4.59813 40
      vertex 114.171 -5.37314 0
      vertex 112.927 -5.02544 40
    endloop
  endfacet
  facet normal -0.242978 0.969647 -0.0273195
    outer loop
      vertex 110.284 -7.4509 0
      vertex 110.069 -6.37779 40
      vertex 110.686 -6.22318 40
    endloop
  endfacet
  facet normal -0.186591 0.982057 -0.0273493
    outer loop
      vertex 110.069 -6.37779 40
      vertex 110.284 -7.4509 0
      vertex 110.282 -7.45128 0
    endloop
  endfacet
  facet normal 0.857493 0.51377 -0.0273141
    outer loop
      vertex 103.392 -3.61114 40
      vertex 102.1 -3.58133 0
      vertex 103.065 -3.06537 40
    endloop
  endfacet
  facet normal 0.805388 0.592197 -0.0255727
    outer loop
      vertex 102.1 -3.58133 0
      vertex 103.392 -3.61114 40
      vertex 102.101 -3.58269 0
    endloop
  endfacet
  facet normal 0.846192 0.532196 -0.0269323
    outer loop
      vertex 103.393 -3.61273 40
      vertex 102.101 -3.58269 0
      vertex 103.392 -3.61114 40
    endloop
  endfacet
  facet normal 0.85769 0.513442 -0.0273178
    outer loop
      vertex 102.101 -3.58269 0
      vertex 103.393 -3.61273 40
      vertex 102.483 -4.22081 0
    endloop
  endfacet
  facet normal 0.802934 0.595441 -0.0273187
    outer loop
      vertex 103.772 -4.1238 40
      vertex 102.483 -4.22081 0
      vertex 103.393 -3.61273 40
    endloop
  endfacet
  facet normal 0.78774 0.615422 -0.0268775
    outer loop
      vertex 102.483 -4.22081 0
      vertex 103.772 -4.1238 40
      vertex 102.484 -4.22209 0
    endloop
  endfacet
  facet normal 0.336826 0.94117 -0.0273256
    outer loop
      vertex 105.894 -7.01949 0
      vertex 106.312 -6.00774 40
      vertex 106.911 -6.22211 40
    endloop
  endfacet
  facet normal 0.46812 0.883245 -0.0272324
    outer loop
      vertex 106.312 -6.00774 40
      vertex 105.894 -7.01949 0
      vertex 105.893 -7.01896 0
    endloop
  endfacet
  facet normal 0.998427 0.048894 0.0274567
    outer loop
      vertex 173.152 0.980171 0
      vertex 172.1 0 40
      vertex 173.2 0 0
    endloop
  endfacet
  facet normal 0.969725 0.242652 0.0274602
    outer loop
      vertex 173.008 1.9509 0
      vertex 171.717 2.58353 40
      vertex 171.929 1.7363 40
    endloop
  endfacet
  facet normal 0.988803 0.146681 0.0274599
    outer loop
      vertex 173.008 1.9509 0
      vertex 171.929 1.7363 40
      vertex 173.152 0.980171 0
    endloop
  endfacet
  facet normal 0.513785 -0.857479 0.0274626
    outer loop
      vertex 168.756 -8.3147 0
      vertex 167.395 -7.8491 40
      vertex 167.914 -8.81921 0
    endloop
  endfacet
  facet normal -0.146661 0.988806 0.0274574
    outer loop
      vertex 162.22 9.95185 0
      vertex 161.464 8.72899 40
      vertex 162.328 8.85714 40
    endloop
  endfacet
  facet normal -0.857414 -0.513894 0.0274647
    outer loop
      vertex 155.351 -4.19543 40
      vertex 154.885 -5.5557 0
      vertex 155.8 -4.94457 40
    endloop
  endfacet
  facet normal -0.595765 -0.802689 0.0274542
    outer loop
      vertex 158.255 -7.40008 40
      vertex 157.554 -6.87979 40
      vertex 157.644 -8.3147 0
    endloop
  endfacet
  facet normal 0.740693 0.671283 0.0274508
    outer loop
      vertex 170.271 7.07107 0
      vertex 170.08 5.6461 40
      vertex 170.93 6.34393 0
    endloop
  endfacet
  facet normal 0.998427 -0.048894 0.0274567
    outer loop
      vertex 173.2 0 0
      vertex 172.1 0 40
      vertex 173.152 -0.980171 0
    endloop
  endfacet
  facet normal -0.595593 -0.802817 0.0274592
    outer loop
      vertex 157.554 -6.87979 40
      vertex 156.856 -7.7301 0
      vertex 157.644 -8.3147 0
    endloop
  endfacet
  facet normal -0.903396 -0.427927 0.0274497
    outer loop
      vertex 154.977 -3.40588 40
      vertex 153.961 -3.82683 0
      vertex 155.351 -4.19543 40
    endloop
  endfacet
  facet normal 0.595765 0.802689 0.0274542
    outer loop
      vertex 168.756 8.3147 0
      vertex 168.145 7.40008 40
      vertex 168.846 6.87979 40
    endloop
  endfacet
  facet normal 0.146641 0.988809 0.0274578
    outer loop
      vertex 165.151 9.80785 0
      vertex 164.18 9.95185 0
      vertex 164.936 8.72899 40
    endloop
  endfacet
  facet normal -0.427638 0.903533 0.0274567
    outer loop
      vertex 159.373 9.2388 0
      vertex 159.005 7.8491 40
      vertex 159.794 8.22253 40
    endloop
  endfacet
  facet normal 0.049055 0.998419 0.0274565
    outer loop
      vertex 163.2 10 0
      vertex 163.2 8.9 40
      vertex 164.18 9.95185 0
    endloop
  endfacet
  facet normal -0.427452 0.903621 0.0274615
    outer loop
      vertex 159.373 9.2388 0
      vertex 158.486 8.81921 0
      vertex 159.005 7.8491 40
    endloop
  endfacet
  facet normal 0.67139 0.740596 0.0274598
    outer loop
      vertex 170.271 7.07107 0
      vertex 168.846 6.87979 40
      vertex 169.493 6.29325 40
    endloop
  endfacet
  facet normal -0.146641 -0.988809 0.0274578
    outer loop
      vertex 161.464 -8.72899 40
      vertex 161.249 -9.80785 0
      vertex 162.22 -9.95185 0
    endloop
  endfacet
  facet normal 0.336888 0.941144 0.0274572
    outer loop
      vertex 167.027 9.2388 0
      vertex 165.784 8.51677 40
      vertex 166.606 8.22253 40
    endloop
  endfacet
  facet normal 0.857636 0.513524 0.0274547
    outer loop
      vertex 171.515 5.5557 0
      vertex 171.049 4.19543 40
      vertex 172.019 4.71397 0
    endloop
  endfacet
  facet normal 0.513785 0.857479 0.0274626
    outer loop
      vertex 167.914 8.81921 0
      vertex 167.395 7.8491 40
      vertex 168.756 8.3147 0
    endloop
  endfacet
  facet normal 0.67139 -0.740596 0.0274598
    outer loop
      vertex 169.493 -6.29325 40
      vertex 168.846 -6.87979 40
      vertex 170.271 -7.07107 0
    endloop
  endfacet
  facet normal -0.427638 -0.903533 0.0274567
    outer loop
      vertex 159.794 -8.22253 40
      vertex 159.005 -7.8491 40
      vertex 159.373 -9.2388 0
    endloop
  endfacet
  facet normal 0.427452 0.903621 0.0274615
    outer loop
      vertex 167.914 8.81921 0
      vertex 167.027 9.2388 0
      vertex 167.395 7.8491 40
    endloop
  endfacet
  facet normal 0.857414 -0.513894 0.0274647
    outer loop
      vertex 171.049 -4.19543 40
      vertex 170.6 -4.94457 40
      vertex 171.515 -5.5557 0
    endloop
  endfacet
  facet normal -0.988829 -0.146502 0.0274641
    outer loop
      vertex 154.343 -0.872352 40
      vertex 153.248 -0.980171 0
      vertex 154.471 -1.7363 40
    endloop
  endfacet
  facet normal -0.0490736 0.998418 0.0274569
    outer loop
      vertex 163.2 8.9 40
      vertex 162.22 9.95185 0
      vertex 162.328 8.85714 40
    endloop
  endfacet
  facet normal 0.336752 0.941193 0.0274538
    outer loop
      vertex 166.103 9.5694 0
      vertex 165.784 8.51677 40
      vertex 167.027 9.2388 0
    endloop
  endfacet
  facet normal -0.802706 0.595743 0.0274507
    outer loop
      vertex 155.47 6.34393 0
      vertex 154.885 5.5557 0
      vertex 156.32 5.6461 40
    endloop
  endfacet
  facet normal 0.903396 -0.427927 0.0274497
    outer loop
      vertex 171.423 -3.40588 40
      vertex 171.049 -4.19543 40
      vertex 172.439 -3.82683 0
    endloop
  endfacet
  facet normal -0.336888 0.941144 0.0274572
    outer loop
      vertex 160.616 8.51677 40
      vertex 159.373 9.2388 0
      vertex 159.794 8.22253 40
    endloop
  endfacet
  facet normal -0.803063 0.59526 0.0274646
    outer loop
      vertex 156.32 5.6461 40
      vertex 154.885 5.5557 0
      vertex 155.8 4.94457 40
    endloop
  endfacet
  facet normal -0.242681 0.969717 0.0274591
    outer loop
      vertex 161.249 9.80785 0
      vertex 160.616 8.51677 40
      vertex 161.464 8.72899 40
    endloop
  endfacet
  facet normal -0.242876 0.969669 0.0274545
    outer loop
      vertex 161.249 9.80785 0
      vertex 160.297 9.5694 0
      vertex 160.616 8.51677 40
    endloop
  endfacet
  facet normal -0.595593 0.802817 0.0274592
    outer loop
      vertex 157.644 8.3147 0
      vertex 156.856 7.7301 0
      vertex 157.554 6.87979 40
    endloop
  endfacet
  facet normal 0.941385 0.336216 0.0274424
    outer loop
      vertex 172.439 3.82683 0
      vertex 171.717 2.58353 40
      vertex 172.769 2.90285 0
    endloop
  endfacet
  facet normal -0.941277 0.336518 0.0274499
    outer loop
      vertex 154.977 3.40588 40
      vertex 153.961 3.82683 0
      vertex 154.683 2.58353 40
    endloop
  endfacet
  facet normal -0.998411 -0.0492137 0.0274641
    outer loop
      vertex 154.3 0 40
      vertex 153.248 -0.980171 0
      vertex 154.343 -0.872352 40
    endloop
  endfacet
  facet normal -0.803063 -0.59526 0.0274646
    outer loop
      vertex 155.8 -4.94457 40
      vertex 154.885 -5.5557 0
      vertex 156.32 -5.6461 40
    endloop
  endfacet
  facet normal 0.903485 0.427738 0.0274545
    outer loop
      vertex 172.019 4.71397 0
      vertex 171.049 4.19543 40
      vertex 172.439 3.82683 0
    endloop
  endfacet
  facet normal 0.969534 -0.243415 0.0274419
    outer loop
      vertex 173.008 -1.9509 0
      vertex 171.717 -2.58353 40
      vertex 172.769 -2.90285 0
    endloop
  endfacet
  facet normal -0.146641 0.988809 0.0274578
    outer loop
      vertex 162.22 9.95185 0
      vertex 161.249 9.80785 0
      vertex 161.464 8.72899 40
    endloop
  endfacet
  facet normal -0.969725 0.242652 0.0274602
    outer loop
      vertex 154.683 2.58353 40
      vertex 153.392 1.9509 0
      vertex 154.471 1.7363 40
    endloop
  endfacet
  facet normal 0.0490736 0.998418 0.0274569
    outer loop
      vertex 164.18 9.95185 0
      vertex 163.2 8.9 40
      vertex 164.072 8.85714 40
    endloop
  endfacet
  facet normal 0.941277 -0.336518 0.0274499
    outer loop
      vertex 171.717 -2.58353 40
      vertex 171.423 -3.40588 40
      vertex 172.439 -3.82683 0
    endloop
  endfacet
  facet normal -0.857636 -0.513524 0.0274547
    outer loop
      vertex 155.351 -4.19543 40
      vertex 154.381 -4.71397 0
      vertex 154.885 -5.5557 0
    endloop
  endfacet
  facet normal 0.242681 0.969717 0.0274591
    outer loop
      vertex 165.151 9.80785 0
      vertex 164.936 8.72899 40
      vertex 165.784 8.51677 40
    endloop
  endfacet
  facet normal 0.941277 0.336518 0.0274499
    outer loop
      vertex 172.439 3.82683 0
      vertex 171.423 3.40588 40
      vertex 171.717 2.58353 40
    endloop
  endfacet
  facet normal 0.857414 0.513894 0.0274647
    outer loop
      vertex 171.515 5.5557 0
      vertex 170.6 4.94457 40
      vertex 171.049 4.19543 40
    endloop
  endfacet
  facet normal 0.969534 0.243415 0.0274419
    outer loop
      vertex 172.769 2.90285 0
      vertex 171.717 2.58353 40
      vertex 173.008 1.9509 0
    endloop
  endfacet
  facet normal -0.903485 -0.427738 0.0274545
    outer loop
      vertex 155.351 -4.19543 40
      vertex 153.961 -3.82683 0
      vertex 154.381 -4.71397 0
    endloop
  endfacet
  facet normal -0.513478 -0.857664 0.0274543
    outer loop
      vertex 158.255 -7.40008 40
      vertex 157.644 -8.3147 0
      vertex 159.005 -7.8491 40
    endloop
  endfacet
  facet normal 0.998411 -0.0492137 0.0274641
    outer loop
      vertex 172.1 0 40
      vertex 172.057 -0.872352 40
      vertex 173.152 -0.980171 0
    endloop
  endfacet
  facet normal 0.146661 0.988806 0.0274574
    outer loop
      vertex 164.18 9.95185 0
      vertex 164.072 8.85714 40
      vertex 164.936 8.72899 40
    endloop
  endfacet
  facet normal 0.740411 0.671593 0.0274605
    outer loop
      vertex 170.271 7.07107 0
      vertex 169.493 6.29325 40
      vertex 170.08 5.6461 40
    endloop
  endfacet
  facet normal -0.998427 0.048894 0.0274567
    outer loop
      vertex 153.248 0.980171 0
      vertex 153.2 0 0
      vertex 154.3 0 40
    endloop
  endfacet
  facet normal -0.049055 -0.998419 0.0274565
    outer loop
      vertex 163.2 -8.9 40
      vertex 162.22 -9.95185 0
      vertex 163.2 -10 0
    endloop
  endfacet
  facet normal 0.941385 -0.336216 0.0274424
    outer loop
      vertex 172.769 -2.90285 0
      vertex 171.717 -2.58353 40
      vertex 172.439 -3.82683 0
    endloop
  endfacet
  facet normal -0.427452 -0.903621 0.0274615
    outer loop
      vertex 159.005 -7.8491 40
      vertex 158.486 -8.81921 0
      vertex 159.373 -9.2388 0
    endloop
  endfacet
  facet normal -0.941385 0.336216 0.0274424
    outer loop
      vertex 153.961 3.82683 0
      vertex 153.631 2.90285 0
      vertex 154.683 2.58353 40
    endloop
  endfacet
  facet normal 0.427452 -0.903621 0.0274615
    outer loop
      vertex 167.395 -7.8491 40
      vertex 167.027 -9.2388 0
      vertex 167.914 -8.81921 0
    endloop
  endfacet
  facet normal -0.049055 0.998419 0.0274565
    outer loop
      vertex 163.2 10 0
      vertex 162.22 9.95185 0
      vertex 163.2 8.9 40
    endloop
  endfacet
  facet normal -0.941277 -0.336518 0.0274499
    outer loop
      vertex 154.683 -2.58353 40
      vertex 153.961 -3.82683 0
      vertex 154.977 -3.40588 40
    endloop
  endfacet
  facet normal 0.969725 -0.242652 0.0274602
    outer loop
      vertex 171.929 -1.7363 40
      vertex 171.717 -2.58353 40
      vertex 173.008 -1.9509 0
    endloop
  endfacet
  facet normal 0.988803 -0.146681 0.0274599
    outer loop
      vertex 173.152 -0.980171 0
      vertex 171.929 -1.7363 40
      vertex 173.008 -1.9509 0
    endloop
  endfacet
  facet normal 0.903485 -0.427738 0.0274545
    outer loop
      vertex 172.439 -3.82683 0
      vertex 171.049 -4.19543 40
      vertex 172.019 -4.71397 0
    endloop
  endfacet
  facet normal 0.0490736 -0.998418 0.0274569
    outer loop
      vertex 164.072 -8.85714 40
      vertex 163.2 -8.9 40
      vertex 164.18 -9.95185 0
    endloop
  endfacet
  facet normal 0.336752 -0.941193 0.0274538
    outer loop
      vertex 167.027 -9.2388 0
      vertex 165.784 -8.51677 40
      vertex 166.103 -9.5694 0
    endloop
  endfacet
  facet normal 0.988829 -0.146502 0.0274641
    outer loop
      vertex 172.057 -0.872352 40
      vertex 171.929 -1.7363 40
      vertex 173.152 -0.980171 0
    endloop
  endfacet
  facet normal 0.857636 -0.513524 0.0274547
    outer loop
      vertex 172.019 -4.71397 0
      vertex 171.049 -4.19543 40
      vertex 171.515 -5.5557 0
    endloop
  endfacet
  facet normal 0.513478 0.857664 0.0274543
    outer loop
      vertex 168.756 8.3147 0
      vertex 167.395 7.8491 40
      vertex 168.145 7.40008 40
    endloop
  endfacet
  facet normal -0.67139 -0.740596 0.0274598
    outer loop
      vertex 156.907 -6.29325 40
      vertex 156.129 -7.07107 0
      vertex 157.554 -6.87979 40
    endloop
  endfacet
  facet normal -0.740693 0.671283 0.0274508
    outer loop
      vertex 156.129 7.07107 0
      vertex 155.47 6.34393 0
      vertex 156.32 5.6461 40
    endloop
  endfacet
  facet normal -0.740411 0.671593 0.0274605
    outer loop
      vertex 156.907 6.29325 40
      vertex 156.129 7.07107 0
      vertex 156.32 5.6461 40
    endloop
  endfacet
  facet normal 0.903396 0.427927 0.0274497
    outer loop
      vertex 172.439 3.82683 0
      vertex 171.049 4.19543 40
      vertex 171.423 3.40588 40
    endloop
  endfacet
  facet normal 0.998411 0.0492137 0.0274641
    outer loop
      vertex 173.152 0.980171 0
      vertex 172.057 0.872352 40
      vertex 172.1 0 40
    endloop
  endfacet
  facet normal 0.595593 0.802817 0.0274592
    outer loop
      vertex 169.544 7.7301 0
      vertex 168.756 8.3147 0
      vertex 168.846 6.87979 40
    endloop
  endfacet
  facet normal 0.146641 -0.988809 0.0274578
    outer loop
      vertex 164.936 -8.72899 40
      vertex 164.18 -9.95185 0
      vertex 165.151 -9.80785 0
    endloop
  endfacet
  facet normal -0.336752 -0.941193 0.0274538
    outer loop
      vertex 160.616 -8.51677 40
      vertex 159.373 -9.2388 0
      vertex 160.297 -9.5694 0
    endloop
  endfacet
  facet normal 0.242681 -0.969717 0.0274591
    outer loop
      vertex 165.784 -8.51677 40
      vertex 164.936 -8.72899 40
      vertex 165.151 -9.80785 0
    endloop
  endfacet
  facet normal 0.336888 -0.941144 0.0274572
    outer loop
      vertex 166.606 -8.22253 40
      vertex 165.784 -8.51677 40
      vertex 167.027 -9.2388 0
    endloop
  endfacet
  facet normal 0.67137 -0.740613 0.0274592
    outer loop
      vertex 170.271 -7.07107 0
      vertex 168.846 -6.87979 40
      vertex 169.544 -7.7301 0
    endloop
  endfacet
  facet normal 0.988829 0.146502 0.0274641
    outer loop
      vertex 173.152 0.980171 0
      vertex 171.929 1.7363 40
      vertex 172.057 0.872352 40
    endloop
  endfacet
  facet normal -0.67137 0.740613 0.0274592
    outer loop
      vertex 156.856 7.7301 0
      vertex 156.129 7.07107 0
      vertex 157.554 6.87979 40
    endloop
  endfacet
  facet normal 0.740411 -0.671593 0.0274605
    outer loop
      vertex 170.08 -5.6461 40
      vertex 169.493 -6.29325 40
      vertex 170.271 -7.07107 0
    endloop
  endfacet
  facet normal -0.336752 0.941193 0.0274538
    outer loop
      vertex 160.297 9.5694 0
      vertex 159.373 9.2388 0
      vertex 160.616 8.51677 40
    endloop
  endfacet
  facet normal 0.242876 -0.969669 0.0274545
    outer loop
      vertex 165.784 -8.51677 40
      vertex 165.151 -9.80785 0
      vertex 166.103 -9.5694 0
    endloop
  endfacet
  facet normal -0.857636 0.513524 0.0274547
    outer loop
      vertex 154.885 5.5557 0
      vertex 154.381 4.71397 0
      vertex 155.351 4.19543 40
    endloop
  endfacet
  facet normal 0.242876 0.969669 0.0274545
    outer loop
      vertex 166.103 9.5694 0
      vertex 165.151 9.80785 0
      vertex 165.784 8.51677 40
    endloop
  endfacet
  facet normal -0.857414 0.513894 0.0274647
    outer loop
      vertex 155.8 4.94457 40
      vertex 154.885 5.5557 0
      vertex 155.351 4.19543 40
    endloop
  endfacet
  facet normal 0.803063 0.59526 0.0274646
    outer loop
      vertex 171.515 5.5557 0
      vertex 170.08 5.6461 40
      vertex 170.6 4.94457 40
    endloop
  endfacet
  facet normal 0.802706 0.595743 0.0274507
    outer loop
      vertex 170.93 6.34393 0
      vertex 170.08 5.6461 40
      vertex 171.515 5.5557 0
    endloop
  endfacet
  facet normal -0.242681 -0.969717 0.0274591
    outer loop
      vertex 161.464 -8.72899 40
      vertex 160.616 -8.51677 40
      vertex 161.249 -9.80785 0
    endloop
  endfacet
  facet normal 0.67137 0.740613 0.0274592
    outer loop
      vertex 169.544 7.7301 0
      vertex 168.846 6.87979 40
      vertex 170.271 7.07107 0
    endloop
  endfacet
  facet normal -0.0490736 -0.998418 0.0274569
    outer loop
      vertex 162.328 -8.85714 40
      vertex 162.22 -9.95185 0
      vertex 163.2 -8.9 40
    endloop
  endfacet
  facet normal -0.988829 0.146502 0.0274641
    outer loop
      vertex 154.471 1.7363 40
      vertex 153.248 0.980171 0
      vertex 154.343 0.872352 40
    endloop
  endfacet
  facet normal -0.903485 0.427738 0.0274545
    outer loop
      vertex 154.381 4.71397 0
      vertex 153.961 3.82683 0
      vertex 155.351 4.19543 40
    endloop
  endfacet
  facet normal -0.903396 0.427927 0.0274497
    outer loop
      vertex 155.351 4.19543 40
      vertex 153.961 3.82683 0
      vertex 154.977 3.40588 40
    endloop
  endfacet
  facet normal -0.146661 -0.988806 0.0274574
    outer loop
      vertex 162.328 -8.85714 40
      vertex 161.464 -8.72899 40
      vertex 162.22 -9.95185 0
    endloop
  endfacet
  facet normal -0.988803 -0.146681 0.0274599
    outer loop
      vertex 154.471 -1.7363 40
      vertex 153.248 -0.980171 0
      vertex 153.392 -1.9509 0
    endloop
  endfacet
  facet normal 0.427638 0.903533 0.0274567
    outer loop
      vertex 167.027 9.2388 0
      vertex 166.606 8.22253 40
      vertex 167.395 7.8491 40
    endloop
  endfacet
  facet normal 0.427638 -0.903533 0.0274567
    outer loop
      vertex 167.395 -7.8491 40
      vertex 166.606 -8.22253 40
      vertex 167.027 -9.2388 0
    endloop
  endfacet
  facet normal -0.740411 -0.671593 0.0274605
    outer loop
      vertex 156.32 -5.6461 40
      vertex 156.129 -7.07107 0
      vertex 156.907 -6.29325 40
    endloop
  endfacet
  facet normal -0.969725 -0.242652 0.0274602
    outer loop
      vertex 154.471 -1.7363 40
      vertex 153.392 -1.9509 0
      vertex 154.683 -2.58353 40
    endloop
  endfacet
  facet normal -0.988803 0.146681 0.0274599
    outer loop
      vertex 153.392 1.9509 0
      vertex 153.248 0.980171 0
      vertex 154.471 1.7363 40
    endloop
  endfacet
  facet normal -0.740693 -0.671283 0.0274508
    outer loop
      vertex 156.32 -5.6461 40
      vertex 155.47 -6.34393 0
      vertex 156.129 -7.07107 0
    endloop
  endfacet
  facet normal -0.67139 0.740596 0.0274598
    outer loop
      vertex 157.554 6.87979 40
      vertex 156.129 7.07107 0
      vertex 156.907 6.29325 40
    endloop
  endfacet
  facet normal 0.146661 -0.988806 0.0274574
    outer loop
      vertex 164.936 -8.72899 40
      vertex 164.072 -8.85714 40
      vertex 164.18 -9.95185 0
    endloop
  endfacet
  facet normal 0.049055 -0.998419 0.0274565
    outer loop
      vertex 163.2 -8.9 40
      vertex 163.2 -10 0
      vertex 164.18 -9.95185 0
    endloop
  endfacet
  facet normal -0.513785 0.857479 0.0274626
    outer loop
      vertex 158.486 8.81921 0
      vertex 157.644 8.3147 0
      vertex 159.005 7.8491 40
    endloop
  endfacet
  facet normal -0.802706 -0.595743 0.0274507
    outer loop
      vertex 156.32 -5.6461 40
      vertex 154.885 -5.5557 0
      vertex 155.47 -6.34393 0
    endloop
  endfacet
  facet normal 0.595593 -0.802817 0.0274592
    outer loop
      vertex 168.846 -6.87979 40
      vertex 168.756 -8.3147 0
      vertex 169.544 -7.7301 0
    endloop
  endfacet
  facet normal -0.969534 0.243415 0.0274419
    outer loop
      vertex 153.631 2.90285 0
      vertex 153.392 1.9509 0
      vertex 154.683 2.58353 40
    endloop
  endfacet
  facet normal -0.998427 -0.048894 0.0274567
    outer loop
      vertex 154.3 0 40
      vertex 153.2 0 0
      vertex 153.248 -0.980171 0
    endloop
  endfacet
  facet normal 0.803063 -0.59526 0.0274646
    outer loop
      vertex 170.6 -4.94457 40
      vertex 170.08 -5.6461 40
      vertex 171.515 -5.5557 0
    endloop
  endfacet
  facet normal -0.513785 -0.857479 0.0274626
    outer loop
      vertex 159.005 -7.8491 40
      vertex 157.644 -8.3147 0
      vertex 158.486 -8.81921 0
    endloop
  endfacet
  facet normal -0.998411 0.0492137 0.0274641
    outer loop
      vertex 154.343 0.872352 40
      vertex 153.248 0.980171 0
      vertex 154.3 0 40
    endloop
  endfacet
  facet normal 0.802706 -0.595743 0.0274507
    outer loop
      vertex 171.515 -5.5557 0
      vertex 170.08 -5.6461 40
      vertex 170.93 -6.34393 0
    endloop
  endfacet
  facet normal 0.740693 -0.671283 0.0274508
    outer loop
      vertex 170.93 -6.34393 0
      vertex 170.08 -5.6461 40
      vertex 170.271 -7.07107 0
    endloop
  endfacet
  facet normal -0.242876 -0.969669 0.0274545
    outer loop
      vertex 160.616 -8.51677 40
      vertex 160.297 -9.5694 0
      vertex 161.249 -9.80785 0
    endloop
  endfacet
  facet normal -0.67137 -0.740613 0.0274592
    outer loop
      vertex 157.554 -6.87979 40
      vertex 156.129 -7.07107 0
      vertex 156.856 -7.7301 0
    endloop
  endfacet
  facet normal 0 0 -1
    outer loop
      vertex 170.797 0 0
      vertex 173.2 0 0
      vertex 173.152 -0.980171 0
    endloop
  endfacet
  facet normal 0 0 -1
    outer loop
      vertex 170.761 -0.744661 0
      vertex 173.152 -0.980171 0
      vertex 173.008 -1.9509 0
    endloop
  endfacet
  facet normal 0 0 -1
    outer loop
      vertex 173.2 0 0
      vertex 170.797 0 0
      vertex 173.152 0.980171 0
    endloop
  endfacet
  facet normal 0 0 -1
    outer loop
      vertex 170.651 -1.48369 0
      vertex 173.008 -1.9509 0
      vertex 172.769 -2.90285 0
    endloop
  endfacet
  facet normal 0 0 -1
    outer loop
      vertex 170.761 0.743076 0
      vertex 173.152 0.980171 0
      vertex 170.797 0 0
    endloop
  endfacet
  facet normal 0 0 -1
    outer loop
      vertex 170.47 -2.20537 0
      vertex 172.769 -2.90285 0
      vertex 172.439 -3.82683 0
    endloop
  endfacet
  facet normal 0 0 -1
    outer loop
      vertex 170.761 0.744661 0
      vertex 173.152 0.980171 0
      vertex 170.761 0.743076 0
    endloop
  endfacet
  facet normal 0 0 -1
    outer loop
      vertex 170.219 -2.90735 0
      vertex 172.439 -3.82683 0
      vertex 172.019 -4.71397 0
    endloop
  endfacet
  facet normal -0 0 -1
    outer loop
      vertex 173.152 0.980171 0
      vertex 170.761 0.744661 0
      vertex 173.008 1.9509 0
    endloop
  endfacet
  facet normal 0 0 -1
    outer loop
      vertex 169.899 -3.58269 0
      vertex 172.019 -4.71397 0
      vertex 171.515 -5.5557 0
    endloop
  endfacet
  facet normal 0 0 -1
    outer loop
      vertex 170.652 1.48058 0
      vertex 173.008 1.9509 0
      vertex 170.761 0.744661 0
    endloop
  endfacet
  facet normal 0 0 -1
    outer loop
      vertex 169.516 -4.22209 0
      vertex 171.515 -5.5557 0
      vertex 170.93 -6.34393 0
    endloop
  endfacet
  facet normal 0 0 -1
    outer loop
      vertex 170.651 1.48215 0
      vertex 173.008 1.9509 0
      vertex 170.652 1.48058 0
    endloop
  endfacet
  facet normal 0 0 -1
    outer loop
      vertex 170.651 1.48369 0
      vertex 173.008 1.9509 0
      vertex 170.651 1.48215 0
    endloop
  endfacet
  facet normal 0 0 -1
    outer loop
      vertex 173.152 -0.980171 0
      vertex 170.761 -0.743076 0
      vertex 170.797 0 0
    endloop
  endfacet
  facet normal 0 0 -1
    outer loop
      vertex 173.152 -0.980171 0
      vertex 170.761 -0.744661 0
      vertex 170.761 -0.743076 0
    endloop
  endfacet
  facet normal 0 0 -1
    outer loop
      vertex 173.008 -1.9509 0
      vertex 170.652 -1.48058 0
      vertex 170.761 -0.744661 0
    endloop
  endfacet
  facet normal 0 0 -1
    outer loop
      vertex 173.008 -1.9509 0
      vertex 170.651 -1.48215 0
      vertex 170.652 -1.48058 0
    endloop
  endfacet
  facet normal 0 0 -1
    outer loop
      vertex 173.008 -1.9509 0
      vertex 170.651 -1.48369 0
      vertex 170.651 -1.48215 0
    endloop
  endfacet
  facet normal 0 0 -1
    outer loop
      vertex 172.769 -2.90285 0
      vertex 170.47 -2.20537 0
      vertex 170.651 -1.48369 0
    endloop
  endfacet
  facet normal 0 0 -1
    outer loop
      vertex 169.073 -4.81965 0
      vertex 170.93 -6.34393 0
      vertex 170.271 -7.07107 0
    endloop
  endfacet
  facet normal 0 0 -1
    outer loop
      vertex 172.439 -3.82683 0
      vertex 170.219 -2.90585 0
      vertex 170.47 -2.20537 0
    endloop
  endfacet
  facet normal 0 0 -1
    outer loop
      vertex 172.439 -3.82683 0
      vertex 170.219 -2.90735 0
      vertex 170.219 -2.90585 0
    endloop
  endfacet
  facet normal 0 0 -1
    outer loop
      vertex 172.019 -4.71397 0
      vertex 169.901 -3.57989 0
      vertex 170.219 -2.90735 0
    endloop
  endfacet
  facet normal 0 0 -1
    outer loop
      vertex 172.019 -4.71397 0
      vertex 169.9 -3.58133 0
      vertex 169.901 -3.57989 0
    endloop
  endfacet
  facet normal 0 0 -1
    outer loop
      vertex 172.019 -4.71397 0
      vertex 169.899 -3.58269 0
      vertex 169.9 -3.58133 0
    endloop
  endfacet
  facet normal 0 0 -1
    outer loop
      vertex 168.571 -5.37314 0
      vertex 170.271 -7.07107 0
      vertex 169.544 -7.7301 0
    endloop
  endfacet
  facet normal 0 0 -1
    outer loop
      vertex 171.515 -5.5557 0
      vertex 169.517 -4.22081 0
      vertex 169.899 -3.58269 0
    endloop
  endfacet
  facet normal 0 0 -1
    outer loop
      vertex 171.515 -5.5557 0
      vertex 169.516 -4.22209 0
      vertex 169.517 -4.22081 0
    endloop
  endfacet
  facet normal 0 0 -1
    outer loop
      vertex 170.93 -6.34393 0
      vertex 169.073 -4.81965 0
      vertex 169.516 -4.22209 0
    endloop
  endfacet
  facet normal 0 0 -1
    outer loop
      vertex 168.02 -5.87276 0
      vertex 169.544 -7.7301 0
      vertex 168.756 -8.3147 0
    endloop
  endfacet
  facet normal 0 0 -1
    outer loop
      vertex 170.271 -7.07107 0
      vertex 168.573 -5.3709 0
      vertex 169.073 -4.81965 0
    endloop
  endfacet
  facet normal 0 0 -1
    outer loop
      vertex 170.271 -7.07107 0
      vertex 168.572 -5.37208 0
      vertex 168.573 -5.3709 0
    endloop
  endfacet
  facet normal 0 0 -1
    outer loop
      vertex 170.271 -7.07107 0
      vertex 168.571 -5.37314 0
      vertex 168.572 -5.37208 0
    endloop
  endfacet
  facet normal 0 0 -1
    outer loop
      vertex 169.544 -7.7301 0
      vertex 168.02 -5.87276 0
      vertex 168.571 -5.37314 0
    endloop
  endfacet
  facet normal 0 0 -1
    outer loop
      vertex 167.421 -6.31689 0
      vertex 168.756 -8.3147 0
      vertex 167.914 -8.81921 0
    endloop
  endfacet
  facet normal 0 0 -1
    outer loop
      vertex 168.756 -8.3147 0
      vertex 167.422 -6.31595 0
      vertex 168.02 -5.87276 0
    endloop
  endfacet
  facet normal 0 0 -1
    outer loop
      vertex 168.756 -8.3147 0
      vertex 167.421 -6.31689 0
      vertex 167.422 -6.31595 0
    endloop
  endfacet
  facet normal 0 0 -1
    outer loop
      vertex 166.78 -6.70087 0
      vertex 167.914 -8.81921 0
      vertex 167.027 -9.2388 0
    endloop
  endfacet
  facet normal 0 0 -1
    outer loop
      vertex 167.914 -8.81921 0
      vertex 166.783 -6.69937 0
      vertex 167.421 -6.31689 0
    endloop
  endfacet
  facet normal 0 0 -1
    outer loop
      vertex 167.914 -8.81921 0
      vertex 166.781 -6.70019 0
      vertex 166.783 -6.69937 0
    endloop
  endfacet
  facet normal 0 0 -1
    outer loop
      vertex 167.914 -8.81921 0
      vertex 166.78 -6.70087 0
      vertex 166.781 -6.70019 0
    endloop
  endfacet
  facet normal 0 0 -1
    outer loop
      vertex 167.027 -9.2388 0
      vertex 166.107 -7.01896 0
      vertex 166.78 -6.70087 0
    endloop
  endfacet
  facet normal 0 0 -1
    outer loop
      vertex 167.027 -9.2388 0
      vertex 166.106 -7.01949 0
      vertex 166.107 -7.01896 0
    endloop
  endfacet
  facet normal 0 0 -1
    outer loop
      vertex 166.103 -9.5694 0
      vertex 166.106 -7.01949 0
      vertex 167.027 -9.2388 0
    endloop
  endfacet
  facet normal 0 0 -1
    outer loop
      vertex 166.103 -9.5694 0
      vertex 165.405 -7.27013 0
      vertex 166.106 -7.01949 0
    endloop
  endfacet
  facet normal 0 0 -1
    outer loop
      vertex 165.151 -9.80785 0
      vertex 165.405 -7.27013 0
      vertex 166.103 -9.5694 0
    endloop
  endfacet
  facet normal 0 0 -1
    outer loop
      vertex 165.151 -9.80785 0
      vertex 164.684 -7.4509 0
      vertex 165.405 -7.27013 0
    endloop
  endfacet
  facet normal 0 0 -1
    outer loop
      vertex 165.151 -9.80785 0
      vertex 164.682 -7.45128 0
      vertex 164.684 -7.4509 0
    endloop
  endfacet
  facet normal 0 0 -1
    outer loop
      vertex 165.151 -9.80785 0
      vertex 164.681 -7.45152 0
      vertex 164.682 -7.45128 0
    endloop
  endfacet
  facet normal 0 0 -1
    outer loop
      vertex 164.18 -9.95185 0
      vertex 164.681 -7.45152 0
      vertex 165.151 -9.80785 0
    endloop
  endfacet
  facet normal 0 0 -1
    outer loop
      vertex 164.18 -9.95185 0
      vertex 163.945 -7.56068 0
      vertex 164.681 -7.45152 0
    endloop
  endfacet
  facet normal 0 0 -1
    outer loop
      vertex 164.18 -9.95185 0
      vertex 163.943 -7.56076 0
      vertex 163.945 -7.56068 0
    endloop
  endfacet
  facet normal 0 0 -1
    outer loop
      vertex 163.2 -10 0
      vertex 163.943 -7.56076 0
      vertex 164.18 -9.95185 0
    endloop
  endfacet
  facet normal 0 0 -1
    outer loop
      vertex 163.2 -10 0
      vertex 163.2 -7.59726 0
      vertex 163.943 -7.56076 0
    endloop
  endfacet
  facet normal 0 0 -1
    outer loop
      vertex 163.2 -10 0
      vertex 162.457 -7.56076 0
      vertex 163.2 -7.59726 0
    endloop
  endfacet
  facet normal 0 0 -1
    outer loop
      vertex 162.22 -9.95185 0
      vertex 162.457 -7.56076 0
      vertex 163.2 -10 0
    endloop
  endfacet
  facet normal -0 0 -1
    outer loop
      vertex 162.457 -7.56076 0
      vertex 162.22 -9.95185 0
      vertex 162.455 -7.56068 0
    endloop
  endfacet
  facet normal 0 0 -1
    outer loop
      vertex 162.22 -9.95185 0
      vertex 161.719 -7.45152 0
      vertex 162.455 -7.56068 0
    endloop
  endfacet
  facet normal 0 0 -1
    outer loop
      vertex 161.249 -9.80785 0
      vertex 161.719 -7.45152 0
      vertex 162.22 -9.95185 0
    endloop
  endfacet
  facet normal -0 0 -1
    outer loop
      vertex 161.719 -7.45152 0
      vertex 161.249 -9.80785 0
      vertex 161.718 -7.45128 0
    endloop
  endfacet
  facet normal -0 0 -1
    outer loop
      vertex 161.718 -7.45128 0
      vertex 161.249 -9.80785 0
      vertex 161.716 -7.4509 0
    endloop
  endfacet
  facet normal 0 0 -1
    outer loop
      vertex 161.249 -9.80785 0
      vertex 160.995 -7.27013 0
      vertex 161.716 -7.4509 0
    endloop
  endfacet
  facet normal 0 0 -1
    outer loop
      vertex 160.297 -9.5694 0
      vertex 160.995 -7.27013 0
      vertex 161.249 -9.80785 0
    endloop
  endfacet
  facet normal 0 0 -1
    outer loop
      vertex 160.297 -9.5694 0
      vertex 160.294 -7.01949 0
      vertex 160.995 -7.27013 0
    endloop
  endfacet
  facet normal 0 0 -1
    outer loop
      vertex 159.373 -9.2388 0
      vertex 160.294 -7.01949 0
      vertex 160.297 -9.5694 0
    endloop
  endfacet
  facet normal -0 0 -1
    outer loop
      vertex 160.294 -7.01949 0
      vertex 159.373 -9.2388 0
      vertex 160.293 -7.01896 0
    endloop
  endfacet
  facet normal -0 0 -1
    outer loop
      vertex 160.293 -7.01896 0
      vertex 159.373 -9.2388 0
      vertex 159.62 -6.70087 0
    endloop
  endfacet
  facet normal 0 0 -1
    outer loop
      vertex 158.486 -8.81921 0
      vertex 159.62 -6.70087 0
      vertex 159.373 -9.2388 0
    endloop
  endfacet
  facet normal -0 0 -1
    outer loop
      vertex 159.62 -6.70087 0
      vertex 158.486 -8.81921 0
      vertex 159.619 -6.70019 0
    endloop
  endfacet
  facet normal -0 0 -1
    outer loop
      vertex 159.619 -6.70019 0
      vertex 158.486 -8.81921 0
      vertex 159.617 -6.69937 0
    endloop
  endfacet
  facet normal -0 0 -1
    outer loop
      vertex 159.617 -6.69937 0
      vertex 158.486 -8.81921 0
      vertex 158.979 -6.31689 0
    endloop
  endfacet
  facet normal 0 0 -1
    outer loop
      vertex 157.644 -8.3147 0
      vertex 158.979 -6.31689 0
      vertex 158.486 -8.81921 0
    endloop
  endfacet
  facet normal -0 0 -1
    outer loop
      vertex 158.979 -6.31689 0
      vertex 157.644 -8.3147 0
      vertex 158.978 -6.31595 0
    endloop
  endfacet
  facet normal -0 0 -1
    outer loop
      vertex 158.978 -6.31595 0
      vertex 157.644 -8.3147 0
      vertex 158.38 -5.87276 0
    endloop
  endfacet
  facet normal 0 0 -1
    outer loop
      vertex 156.856 -7.7301 0
      vertex 158.38 -5.87276 0
      vertex 157.644 -8.3147 0
    endloop
  endfacet
  facet normal -0 0 -1
    outer loop
      vertex 158.38 -5.87276 0
      vertex 156.856 -7.7301 0
      vertex 157.829 -5.37314 0
    endloop
  endfacet
  facet normal 0 0 -1
    outer loop
      vertex 156.129 -7.07107 0
      vertex 157.829 -5.37314 0
      vertex 156.856 -7.7301 0
    endloop
  endfacet
  facet normal -0 0 -1
    outer loop
      vertex 157.829 -5.37314 0
      vertex 156.129 -7.07107 0
      vertex 157.828 -5.37208 0
    endloop
  endfacet
  facet normal -0 0 -1
    outer loop
      vertex 157.828 -5.37208 0
      vertex 156.129 -7.07107 0
      vertex 157.827 -5.3709 0
    endloop
  endfacet
  facet normal -0 0 -1
    outer loop
      vertex 157.827 -5.3709 0
      vertex 156.129 -7.07107 0
      vertex 157.327 -4.81965 0
    endloop
  endfacet
  facet normal 0 0 -1
    outer loop
      vertex 155.47 -6.34393 0
      vertex 157.327 -4.81965 0
      vertex 156.129 -7.07107 0
    endloop
  endfacet
  facet normal -0 0 -1
    outer loop
      vertex 157.327 -4.81965 0
      vertex 155.47 -6.34393 0
      vertex 156.884 -4.22209 0
    endloop
  endfacet
  facet normal 0 0 -1
    outer loop
      vertex 154.885 -5.5557 0
      vertex 156.884 -4.22209 0
      vertex 155.47 -6.34393 0
    endloop
  endfacet
  facet normal -0 0 -1
    outer loop
      vertex 156.884 -4.22209 0
      vertex 154.885 -5.5557 0
      vertex 156.883 -4.22081 0
    endloop
  endfacet
  facet normal -0 0 -1
    outer loop
      vertex 156.883 -4.22081 0
      vertex 154.885 -5.5557 0
      vertex 156.501 -3.58269 0
    endloop
  endfacet
  facet normal 0 0 -1
    outer loop
      vertex 154.381 -4.71397 0
      vertex 156.501 -3.58269 0
      vertex 154.885 -5.5557 0
    endloop
  endfacet
  facet normal -0 0 -1
    outer loop
      vertex 156.501 -3.58269 0
      vertex 154.381 -4.71397 0
      vertex 156.5 -3.58133 0
    endloop
  endfacet
  facet normal -0 0 -1
    outer loop
      vertex 156.5 -3.58133 0
      vertex 154.381 -4.71397 0
      vertex 156.499 -3.57989 0
    endloop
  endfacet
  facet normal -0 0 -1
    outer loop
      vertex 156.499 -3.57989 0
      vertex 154.381 -4.71397 0
      vertex 156.181 -2.90735 0
    endloop
  endfacet
  facet normal 0 0 -1
    outer loop
      vertex 153.961 -3.82683 0
      vertex 156.181 -2.90735 0
      vertex 154.381 -4.71397 0
    endloop
  endfacet
  facet normal -0 0 -1
    outer loop
      vertex 156.181 -2.90735 0
      vertex 153.961 -3.82683 0
      vertex 156.181 -2.90585 0
    endloop
  endfacet
  facet normal -0 0 -1
    outer loop
      vertex 156.181 -2.90585 0
      vertex 153.961 -3.82683 0
      vertex 155.93 -2.20537 0
    endloop
  endfacet
  facet normal 0 0 -1
    outer loop
      vertex 153.248 -0.980171 0
      vertex 155.639 -0.743076 0
      vertex 155.639 -0.744661 0
    endloop
  endfacet
  facet normal -0 0 -1
    outer loop
      vertex 155.93 -2.20537 0
      vertex 153.631 -2.90285 0
      vertex 155.749 -1.48369 0
    endloop
  endfacet
  facet normal 0 0 -1
    outer loop
      vertex 153.631 -2.90285 0
      vertex 155.93 -2.20537 0
      vertex 153.961 -3.82683 0
    endloop
  endfacet
  facet normal -0 0 -1
    outer loop
      vertex 173.008 1.9509 0
      vertex 170.651 1.48369 0
      vertex 172.769 2.90285 0
    endloop
  endfacet
  facet normal 0 0 -1
    outer loop
      vertex 170.47 2.20537 0
      vertex 172.769 2.90285 0
      vertex 170.651 1.48369 0
    endloop
  endfacet
  facet normal -0 0 -1
    outer loop
      vertex 172.769 2.90285 0
      vertex 170.47 2.20537 0
      vertex 172.439 3.82683 0
    endloop
  endfacet
  facet normal 0 0 -1
    outer loop
      vertex 170.219 2.90585 0
      vertex 172.439 3.82683 0
      vertex 170.47 2.20537 0
    endloop
  endfacet
  facet normal 0 0 -1
    outer loop
      vertex 170.219 2.90735 0
      vertex 172.439 3.82683 0
      vertex 170.219 2.90585 0
    endloop
  endfacet
  facet normal -0 0 -1
    outer loop
      vertex 172.439 3.82683 0
      vertex 170.219 2.90735 0
      vertex 172.019 4.71397 0
    endloop
  endfacet
  facet normal 0 0 -1
    outer loop
      vertex 169.901 3.57989 0
      vertex 172.019 4.71397 0
      vertex 170.219 2.90735 0
    endloop
  endfacet
  facet normal 0 0 -1
    outer loop
      vertex 169.9 3.58133 0
      vertex 172.019 4.71397 0
      vertex 169.901 3.57989 0
    endloop
  endfacet
  facet normal 0 0 -1
    outer loop
      vertex 169.899 3.58269 0
      vertex 172.019 4.71397 0
      vertex 169.9 3.58133 0
    endloop
  endfacet
  facet normal -0 0 -1
    outer loop
      vertex 172.019 4.71397 0
      vertex 169.899 3.58269 0
      vertex 171.515 5.5557 0
    endloop
  endfacet
  facet normal 0 0 -1
    outer loop
      vertex 169.517 4.22081 0
      vertex 171.515 5.5557 0
      vertex 169.899 3.58269 0
    endloop
  endfacet
  facet normal 0 0 -1
    outer loop
      vertex 169.516 4.22209 0
      vertex 171.515 5.5557 0
      vertex 169.517 4.22081 0
    endloop
  endfacet
  facet normal -0 0 -1
    outer loop
      vertex 171.515 5.5557 0
      vertex 169.516 4.22209 0
      vertex 170.93 6.34393 0
    endloop
  endfacet
  facet normal 0 0 -1
    outer loop
      vertex 169.073 4.81965 0
      vertex 170.93 6.34393 0
      vertex 169.516 4.22209 0
    endloop
  endfacet
  facet normal -0 0 -1
    outer loop
      vertex 170.93 6.34393 0
      vertex 169.073 4.81965 0
      vertex 170.271 7.07107 0
    endloop
  endfacet
  facet normal 0 0 -1
    outer loop
      vertex 168.573 5.3709 0
      vertex 170.271 7.07107 0
      vertex 169.073 4.81965 0
    endloop
  endfacet
  facet normal 0 0 -1
    outer loop
      vertex 168.572 5.37208 0
      vertex 170.271 7.07107 0
      vertex 168.573 5.3709 0
    endloop
  endfacet
  facet normal 0 0 -1
    outer loop
      vertex 168.571 5.37314 0
      vertex 170.271 7.07107 0
      vertex 168.572 5.37208 0
    endloop
  endfacet
  facet normal -0 0 -1
    outer loop
      vertex 170.271 7.07107 0
      vertex 168.571 5.37314 0
      vertex 169.544 7.7301 0
    endloop
  endfacet
  facet normal 0 0 -1
    outer loop
      vertex 168.02 5.87276 0
      vertex 169.544 7.7301 0
      vertex 168.571 5.37314 0
    endloop
  endfacet
  facet normal -0 0 -1
    outer loop
      vertex 169.544 7.7301 0
      vertex 168.02 5.87276 0
      vertex 168.756 8.3147 0
    endloop
  endfacet
  facet normal 0 0 -1
    outer loop
      vertex 167.422 6.31595 0
      vertex 168.756 8.3147 0
      vertex 168.02 5.87276 0
    endloop
  endfacet
  facet normal 0 0 -1
    outer loop
      vertex 167.421 6.31689 0
      vertex 168.756 8.3147 0
      vertex 167.422 6.31595 0
    endloop
  endfacet
  facet normal -0 0 -1
    outer loop
      vertex 168.756 8.3147 0
      vertex 167.421 6.31689 0
      vertex 167.914 8.81921 0
    endloop
  endfacet
  facet normal 0 0 -1
    outer loop
      vertex 166.783 6.69937 0
      vertex 167.914 8.81921 0
      vertex 167.421 6.31689 0
    endloop
  endfacet
  facet normal 0 0 -1
    outer loop
      vertex 166.781 6.70019 0
      vertex 167.914 8.81921 0
      vertex 166.783 6.69937 0
    endloop
  endfacet
  facet normal 0 0 -1
    outer loop
      vertex 166.78 6.70087 0
      vertex 167.914 8.81921 0
      vertex 166.781 6.70019 0
    endloop
  endfacet
  facet normal -0 0 -1
    outer loop
      vertex 167.914 8.81921 0
      vertex 166.78 6.70087 0
      vertex 167.027 9.2388 0
    endloop
  endfacet
  facet normal 0 0 -1
    outer loop
      vertex 166.107 7.01896 0
      vertex 167.027 9.2388 0
      vertex 166.78 6.70087 0
    endloop
  endfacet
  facet normal 0 0 -1
    outer loop
      vertex 166.106 7.01949 0
      vertex 167.027 9.2388 0
      vertex 166.107 7.01896 0
    endloop
  endfacet
  facet normal 0 0 -1
    outer loop
      vertex 166.106 7.01949 0
      vertex 166.103 9.5694 0
      vertex 167.027 9.2388 0
    endloop
  endfacet
  facet normal 0 0 -1
    outer loop
      vertex 165.405 7.27013 0
      vertex 166.103 9.5694 0
      vertex 166.106 7.01949 0
    endloop
  endfacet
  facet normal 0 0 -1
    outer loop
      vertex 165.405 7.27013 0
      vertex 165.151 9.80785 0
      vertex 166.103 9.5694 0
    endloop
  endfacet
  facet normal 0 0 -1
    outer loop
      vertex 164.684 7.4509 0
      vertex 165.151 9.80785 0
      vertex 165.405 7.27013 0
    endloop
  endfacet
  facet normal 0 0 -1
    outer loop
      vertex 164.682 7.45128 0
      vertex 165.151 9.80785 0
      vertex 164.684 7.4509 0
    endloop
  endfacet
  facet normal 0 0 -1
    outer loop
      vertex 164.681 7.45152 0
      vertex 165.151 9.80785 0
      vertex 164.682 7.45128 0
    endloop
  endfacet
  facet normal 0 0 -1
    outer loop
      vertex 164.681 7.45152 0
      vertex 164.18 9.95185 0
      vertex 165.151 9.80785 0
    endloop
  endfacet
  facet normal 0 0 -1
    outer loop
      vertex 163.945 7.56068 0
      vertex 164.18 9.95185 0
      vertex 164.681 7.45152 0
    endloop
  endfacet
  facet normal 0 0 -1
    outer loop
      vertex 163.943 7.56076 0
      vertex 164.18 9.95185 0
      vertex 163.945 7.56068 0
    endloop
  endfacet
  facet normal 0 0 -1
    outer loop
      vertex 163.2 7.59726 0
      vertex 164.18 9.95185 0
      vertex 163.943 7.56076 0
    endloop
  endfacet
  facet normal 0 0 -1
    outer loop
      vertex 163.2 7.59726 0
      vertex 163.2 10 0
      vertex 164.18 9.95185 0
    endloop
  endfacet
  facet normal 0 0 -1
    outer loop
      vertex 162.457 7.56076 0
      vertex 163.2 10 0
      vertex 163.2 7.59726 0
    endloop
  endfacet
  facet normal 0 0 -1
    outer loop
      vertex 162.22 9.95185 0
      vertex 162.457 7.56076 0
      vertex 162.455 7.56068 0
    endloop
  endfacet
  facet normal 0 0 -1
    outer loop
      vertex 162.457 7.56076 0
      vertex 162.22 9.95185 0
      vertex 163.2 10 0
    endloop
  endfacet
  facet normal 0 0 -1
    outer loop
      vertex 161.719 7.45152 0
      vertex 162.22 9.95185 0
      vertex 162.455 7.56068 0
    endloop
  endfacet
  facet normal 0 0 -1
    outer loop
      vertex 161.249 9.80785 0
      vertex 161.719 7.45152 0
      vertex 161.718 7.45128 0
    endloop
  endfacet
  facet normal 0 0 -1
    outer loop
      vertex 161.249 9.80785 0
      vertex 161.718 7.45128 0
      vertex 161.716 7.4509 0
    endloop
  endfacet
  facet normal 0 0 -1
    outer loop
      vertex 161.719 7.45152 0
      vertex 161.249 9.80785 0
      vertex 162.22 9.95185 0
    endloop
  endfacet
  facet normal 0 0 -1
    outer loop
      vertex 160.995 7.27013 0
      vertex 161.249 9.80785 0
      vertex 161.716 7.4509 0
    endloop
  endfacet
  facet normal 0 0 -1
    outer loop
      vertex 160.995 7.27013 0
      vertex 160.297 9.5694 0
      vertex 161.249 9.80785 0
    endloop
  endfacet
  facet normal 0 0 -1
    outer loop
      vertex 160.294 7.01949 0
      vertex 160.297 9.5694 0
      vertex 160.995 7.27013 0
    endloop
  endfacet
  facet normal 0 0 -1
    outer loop
      vertex 159.373 9.2388 0
      vertex 160.294 7.01949 0
      vertex 160.293 7.01896 0
    endloop
  endfacet
  facet normal 0 0 -1
    outer loop
      vertex 159.373 9.2388 0
      vertex 160.293 7.01896 0
      vertex 159.62 6.70087 0
    endloop
  endfacet
  facet normal 0 0 -1
    outer loop
      vertex 158.486 8.81921 0
      vertex 159.62 6.70087 0
      vertex 159.619 6.70019 0
    endloop
  endfacet
  facet normal 0 0 -1
    outer loop
      vertex 158.486 8.81921 0
      vertex 159.619 6.70019 0
      vertex 159.617 6.69937 0
    endloop
  endfacet
  facet normal 0 0 -1
    outer loop
      vertex 160.294 7.01949 0
      vertex 159.373 9.2388 0
      vertex 160.297 9.5694 0
    endloop
  endfacet
  facet normal 0 0 -1
    outer loop
      vertex 158.486 8.81921 0
      vertex 159.617 6.69937 0
      vertex 158.979 6.31689 0
    endloop
  endfacet
  facet normal 0 0 -1
    outer loop
      vertex 157.644 8.3147 0
      vertex 158.979 6.31689 0
      vertex 158.978 6.31595 0
    endloop
  endfacet
  facet normal 0 0 -1
    outer loop
      vertex 159.62 6.70087 0
      vertex 158.486 8.81921 0
      vertex 159.373 9.2388 0
    endloop
  endfacet
  facet normal 0 0 -1
    outer loop
      vertex 157.644 8.3147 0
      vertex 158.978 6.31595 0
      vertex 158.38 5.87276 0
    endloop
  endfacet
  facet normal 0 0 -1
    outer loop
      vertex 156.856 7.7301 0
      vertex 158.38 5.87276 0
      vertex 157.829 5.37314 0
    endloop
  endfacet
  facet normal 0 0 -1
    outer loop
      vertex 156.129 7.07107 0
      vertex 157.829 5.37314 0
      vertex 157.828 5.37208 0
    endloop
  endfacet
  facet normal 0 0 -1
    outer loop
      vertex 156.129 7.07107 0
      vertex 157.828 5.37208 0
      vertex 157.827 5.3709 0
    endloop
  endfacet
  facet normal 0 0 -1
    outer loop
      vertex 158.979 6.31689 0
      vertex 157.644 8.3147 0
      vertex 158.486 8.81921 0
    endloop
  endfacet
  facet normal 0 0 -1
    outer loop
      vertex 156.129 7.07107 0
      vertex 157.827 5.3709 0
      vertex 157.327 4.81965 0
    endloop
  endfacet
  facet normal 0 0 -1
    outer loop
      vertex 155.47 6.34393 0
      vertex 157.327 4.81965 0
      vertex 156.884 4.22209 0
    endloop
  endfacet
  facet normal 0 0 -1
    outer loop
      vertex 154.885 5.5557 0
      vertex 156.884 4.22209 0
      vertex 156.883 4.22081 0
    endloop
  endfacet
  facet normal 0 0 -1
    outer loop
      vertex 158.38 5.87276 0
      vertex 156.856 7.7301 0
      vertex 157.644 8.3147 0
    endloop
  endfacet
  facet normal 0 0 -1
    outer loop
      vertex 154.885 5.5557 0
      vertex 156.883 4.22081 0
      vertex 156.501 3.58269 0
    endloop
  endfacet
  facet normal 0 0 -1
    outer loop
      vertex 154.381 4.71397 0
      vertex 156.501 3.58269 0
      vertex 156.5 3.58133 0
    endloop
  endfacet
  facet normal 0 0 -1
    outer loop
      vertex 154.381 4.71397 0
      vertex 156.5 3.58133 0
      vertex 156.499 3.57989 0
    endloop
  endfacet
  facet normal 0 0 -1
    outer loop
      vertex 154.381 4.71397 0
      vertex 156.499 3.57989 0
      vertex 156.181 2.90735 0
    endloop
  endfacet
  facet normal 0 0 -1
    outer loop
      vertex 153.961 3.82683 0
      vertex 156.181 2.90735 0
      vertex 156.181 2.90585 0
    endloop
  endfacet
  facet normal 0 0 -1
    outer loop
      vertex 157.829 5.37314 0
      vertex 156.129 7.07107 0
      vertex 156.856 7.7301 0
    endloop
  endfacet
  facet normal 0 0 -1
    outer loop
      vertex 153.961 3.82683 0
      vertex 156.181 2.90585 0
      vertex 155.93 2.20537 0
    endloop
  endfacet
  facet normal 0 0 -1
    outer loop
      vertex 153.631 2.90285 0
      vertex 155.93 2.20537 0
      vertex 155.749 1.48369 0
    endloop
  endfacet
  facet normal 0 0 -1
    outer loop
      vertex 153.392 1.9509 0
      vertex 155.749 1.48369 0
      vertex 155.749 1.48215 0
    endloop
  endfacet
  facet normal 0 0 -1
    outer loop
      vertex 153.392 1.9509 0
      vertex 155.749 1.48215 0
      vertex 155.748 1.48058 0
    endloop
  endfacet
  facet normal 0 0 -1
    outer loop
      vertex 153.392 1.9509 0
      vertex 155.748 1.48058 0
      vertex 155.639 0.744661 0
    endloop
  endfacet
  facet normal 0 0 -1
    outer loop
      vertex 153.248 0.980171 0
      vertex 155.639 0.743076 0
      vertex 155.603 0 0
    endloop
  endfacet
  facet normal 0 0 -1
    outer loop
      vertex 157.327 4.81965 0
      vertex 155.47 6.34393 0
      vertex 156.129 7.07107 0
    endloop
  endfacet
  facet normal 0 0 -1
    outer loop
      vertex 155.639 0.743076 0
      vertex 153.248 0.980171 0
      vertex 155.639 0.744661 0
    endloop
  endfacet
  facet normal 0 0 -1
    outer loop
      vertex 153.392 -1.9509 0
      vertex 155.749 -1.48369 0
      vertex 153.631 -2.90285 0
    endloop
  endfacet
  facet normal -0 0 -1
    outer loop
      vertex 155.749 -1.48369 0
      vertex 153.392 -1.9509 0
      vertex 155.749 -1.48215 0
    endloop
  endfacet
  facet normal 0 0 -1
    outer loop
      vertex 156.884 4.22209 0
      vertex 154.885 5.5557 0
      vertex 155.47 6.34393 0
    endloop
  endfacet
  facet normal -0 0 -1
    outer loop
      vertex 155.749 -1.48215 0
      vertex 153.392 -1.9509 0
      vertex 155.748 -1.48058 0
    endloop
  endfacet
  facet normal 0 0 -1
    outer loop
      vertex 156.501 3.58269 0
      vertex 154.381 4.71397 0
      vertex 154.885 5.5557 0
    endloop
  endfacet
  facet normal -0 0 -1
    outer loop
      vertex 155.748 -1.48058 0
      vertex 153.392 -1.9509 0
      vertex 155.639 -0.744661 0
    endloop
  endfacet
  facet normal 0 0 -1
    outer loop
      vertex 156.181 2.90735 0
      vertex 153.961 3.82683 0
      vertex 154.381 4.71397 0
    endloop
  endfacet
  facet normal 0 0 -1
    outer loop
      vertex 153.248 -0.980171 0
      vertex 155.639 -0.744661 0
      vertex 153.392 -1.9509 0
    endloop
  endfacet
  facet normal 0 0 -1
    outer loop
      vertex 155.93 2.20537 0
      vertex 153.631 2.90285 0
      vertex 153.961 3.82683 0
    endloop
  endfacet
  facet normal -0 0 -1
    outer loop
      vertex 155.639 -0.743076 0
      vertex 153.248 -0.980171 0
      vertex 155.603 0 0
    endloop
  endfacet
  facet normal 0 0 -1
    outer loop
      vertex 155.749 1.48369 0
      vertex 153.392 1.9509 0
      vertex 153.631 2.90285 0
    endloop
  endfacet
  facet normal 0 0 -1
    outer loop
      vertex 153.2 0 0
      vertex 155.603 0 0
      vertex 153.248 -0.980171 0
    endloop
  endfacet
  facet normal 0 0 -1
    outer loop
      vertex 155.639 0.744661 0
      vertex 153.248 0.980171 0
      vertex 153.392 1.9509 0
    endloop
  endfacet
  facet normal 0 0 -1
    outer loop
      vertex 155.603 0 0
      vertex 153.2 0 0
      vertex 153.248 0.980171 0
    endloop
  endfacet
  facet normal -0.595765 0.802689 0.0274542
    outer loop
      vertex 157.644 8.3147 0
      vertex 157.554 6.87979 40
      vertex 158.255 7.40008 40
    endloop
  endfacet
  facet normal 0.513478 -0.857664 0.0274543
    outer loop
      vertex 168.145 -7.40008 40
      vertex 167.395 -7.8491 40
      vertex 168.756 -8.3147 0
    endloop
  endfacet
  facet normal 0.595765 -0.802689 0.0274542
    outer loop
      vertex 168.846 -6.87979 40
      vertex 168.145 -7.40008 40
      vertex 168.756 -8.3147 0
    endloop
  endfacet
  facet normal -0.941385 -0.336216 0.0274424
    outer loop
      vertex 154.683 -2.58353 40
      vertex 153.631 -2.90285 0
      vertex 153.961 -3.82683 0
    endloop
  endfacet
  facet normal -0.969534 -0.243415 0.0274419
    outer loop
      vertex 154.683 -2.58353 40
      vertex 153.392 -1.9509 0
      vertex 153.631 -2.90285 0
    endloop
  endfacet
  facet normal -0.513478 0.857664 0.0274543
    outer loop
      vertex 159.005 7.8491 40
      vertex 157.644 8.3147 0
      vertex 158.255 7.40008 40
    endloop
  endfacet
  facet normal -0 0 1
    outer loop
      vertex 169.703 0.00185305 40
      vertex 172.1 0 40
      vertex 172.057 0.872352 40
    endloop
  endfacet
  facet normal 0 0 1
    outer loop
      vertex 169.671 0.639214 40
      vertex 172.057 0.872352 40
      vertex 171.929 1.7363 40
    endloop
  endfacet
  facet normal 0 0 1
    outer loop
      vertex 172.1 0 40
      vertex 169.703 0.00185305 40
      vertex 169.703 0 40
    endloop
  endfacet
  facet normal 0 0 1
    outer loop
      vertex 169.578 1.26862 40
      vertex 171.929 1.7363 40
      vertex 171.717 2.58353 40
    endloop
  endfacet
  facet normal 0 0 1
    outer loop
      vertex 169.703 -0.00185305 40
      vertex 172.1 0 40
      vertex 169.703 0 40
    endloop
  endfacet
  facet normal 0 0 1
    outer loop
      vertex 169.422 1.88939 40
      vertex 171.717 2.58353 40
      vertex 171.423 3.40588 40
    endloop
  endfacet
  facet normal 0 0 1
    outer loop
      vertex 172.1 0 40
      vertex 169.703 -0.00185305 40
      vertex 172.057 -0.872352 40
    endloop
  endfacet
  facet normal 0 0 1
    outer loop
      vertex 169.207 2.49017 40
      vertex 171.423 3.40588 40
      vertex 171.049 4.19543 40
    endloop
  endfacet
  facet normal -0 0 1
    outer loop
      vertex 169.671 -0.637379 40
      vertex 172.057 -0.872352 40
      vertex 169.703 -0.00185305 40
    endloop
  endfacet
  facet normal 0 0 1
    outer loop
      vertex 168.935 3.06537 40
      vertex 171.049 4.19543 40
      vertex 170.6 4.94457 40
    endloop
  endfacet
  facet normal -0 0 1
    outer loop
      vertex 169.671 -0.639214 40
      vertex 172.057 -0.872352 40
      vertex 169.671 -0.637379 40
    endloop
  endfacet
  facet normal 0 0 1
    outer loop
      vertex 168.607 3.61273 40
      vertex 170.6 4.94457 40
      vertex 170.08 5.6461 40
    endloop
  endfacet
  facet normal 0 0 1
    outer loop
      vertex 172.057 -0.872352 40
      vertex 169.671 -0.639214 40
      vertex 171.929 -1.7363 40
    endloop
  endfacet
  facet normal 0 0 1
    outer loop
      vertex 171.929 -1.7363 40
      vertex 169.578 -1.26862 40
      vertex 171.717 -2.58353 40
    endloop
  endfacet
  facet normal -0 0 1
    outer loop
      vertex 169.578 -1.26862 40
      vertex 171.929 -1.7363 40
      vertex 169.671 -0.639214 40
    endloop
  endfacet
  facet normal 0 0 1
    outer loop
      vertex 172.057 0.872352 40
      vertex 169.671 0.637379 40
      vertex 169.703 0.00185305 40
    endloop
  endfacet
  facet normal 0 0 1
    outer loop
      vertex 172.057 0.872352 40
      vertex 169.671 0.639214 40
      vertex 169.671 0.637379 40
    endloop
  endfacet
  facet normal 0 0 1
    outer loop
      vertex 171.929 1.7363 40
      vertex 169.578 1.26862 40
      vertex 169.671 0.639214 40
    endloop
  endfacet
  facet normal 0 0 1
    outer loop
      vertex 168.225 4.12667 40
      vertex 170.08 5.6461 40
      vertex 169.493 6.29325 40
    endloop
  endfacet
  facet normal 0 0 1
    outer loop
      vertex 171.717 2.58353 40
      vertex 169.423 1.88584 40
      vertex 169.578 1.26862 40
    endloop
  endfacet
  facet normal 0 0 1
    outer loop
      vertex 171.717 2.58353 40
      vertex 169.423 1.88764 40
      vertex 169.423 1.88584 40
    endloop
  endfacet
  facet normal 0 0 1
    outer loop
      vertex 171.717 2.58353 40
      vertex 169.422 1.88939 40
      vertex 169.423 1.88764 40
    endloop
  endfacet
  facet normal 0 0 1
    outer loop
      vertex 171.423 3.40588 40
      vertex 169.208 2.48849 40
      vertex 169.422 1.88939 40
    endloop
  endfacet
  facet normal 0 0 1
    outer loop
      vertex 171.423 3.40588 40
      vertex 169.207 2.49017 40
      vertex 169.208 2.48849 40
    endloop
  endfacet
  facet normal 0 0 1
    outer loop
      vertex 171.049 4.19543 40
      vertex 168.935 3.06537 40
      vertex 169.207 2.49017 40
    endloop
  endfacet
  facet normal 0 0 1
    outer loop
      vertex 167.798 4.59813 40
      vertex 169.493 6.29325 40
      vertex 168.846 6.87979 40
    endloop
  endfacet
  facet normal 0 0 1
    outer loop
      vertex 170.6 4.94457 40
      vertex 168.608 3.61114 40
      vertex 168.935 3.06537 40
    endloop
  endfacet
  facet normal 0 0 1
    outer loop
      vertex 170.6 4.94457 40
      vertex 168.607 3.61273 40
      vertex 168.608 3.61114 40
    endloop
  endfacet
  facet normal 0 0 1
    outer loop
      vertex 170.08 5.6461 40
      vertex 168.228 4.1238 40
      vertex 168.607 3.61273 40
    endloop
  endfacet
  facet normal 0 0 1
    outer loop
      vertex 170.08 5.6461 40
      vertex 168.227 4.12529 40
      vertex 168.228 4.1238 40
    endloop
  endfacet
  facet normal 0 0 1
    outer loop
      vertex 170.08 5.6461 40
      vertex 168.225 4.12667 40
      vertex 168.227 4.12529 40
    endloop
  endfacet
  facet normal 0 0 1
    outer loop
      vertex 167.324 5.02779 40
      vertex 168.846 6.87979 40
      vertex 168.145 7.40008 40
    endloop
  endfacet
  facet normal 0 0 1
    outer loop
      vertex 169.493 6.29325 40
      vertex 167.798 4.59813 40
      vertex 168.225 4.12667 40
    endloop
  endfacet
  facet normal 0 0 1
    outer loop
      vertex 166.811 5.40778 40
      vertex 168.145 7.40008 40
      vertex 167.395 7.8491 40
    endloop
  endfacet
  facet normal 0 0 1
    outer loop
      vertex 168.846 6.87979 40
      vertex 167.327 5.02544 40
      vertex 167.798 4.59813 40
    endloop
  endfacet
  facet normal 0 0 1
    outer loop
      vertex 168.846 6.87979 40
      vertex 167.325 5.02668 40
      vertex 167.327 5.02544 40
    endloop
  endfacet
  facet normal 0 0 1
    outer loop
      vertex 168.846 6.87979 40
      vertex 167.324 5.02779 40
      vertex 167.325 5.02668 40
    endloop
  endfacet
  facet normal 0 0 1
    outer loop
      vertex 168.145 7.40008 40
      vertex 166.813 5.40683 40
      vertex 167.324 5.02779 40
    endloop
  endfacet
  facet normal 0 0 1
    outer loop
      vertex 168.145 7.40008 40
      vertex 166.811 5.40778 40
      vertex 166.813 5.40683 40
    endloop
  endfacet
  facet normal 0 0 1
    outer loop
      vertex 166.265 5.7349 40
      vertex 167.395 7.8491 40
      vertex 166.606 8.22253 40
    endloop
  endfacet
  facet normal 0 0 1
    outer loop
      vertex 167.395 7.8491 40
      vertex 166.265 5.7349 40
      vertex 166.811 5.40778 40
    endloop
  endfacet
  facet normal 0 0 1
    outer loop
      vertex 165.688 6.00774 40
      vertex 166.606 8.22253 40
      vertex 165.784 8.51677 40
    endloop
  endfacet
  facet normal 0 0 1
    outer loop
      vertex 166.606 8.22253 40
      vertex 165.69 6.00695 40
      vertex 166.265 5.7349 40
    endloop
  endfacet
  facet normal 0 0 1
    outer loop
      vertex 166.606 8.22253 40
      vertex 165.688 6.00774 40
      vertex 165.69 6.00695 40
    endloop
  endfacet
  facet normal 0 0 1
    outer loop
      vertex 165.784 8.51677 40
      vertex 165.089 6.22211 40
      vertex 165.688 6.00774 40
    endloop
  endfacet
  facet normal 0 0 1
    outer loop
      vertex 165.784 8.51677 40
      vertex 165.088 6.22273 40
      vertex 165.089 6.22211 40
    endloop
  endfacet
  facet normal 0 0 1
    outer loop
      vertex 165.784 8.51677 40
      vertex 165.086 6.22318 40
      vertex 165.088 6.22273 40
    endloop
  endfacet
  facet normal 0 0 1
    outer loop
      vertex 164.936 8.72899 40
      vertex 165.086 6.22318 40
      vertex 165.784 8.51677 40
    endloop
  endfacet
  facet normal 0 0 1
    outer loop
      vertex 164.936 8.72899 40
      vertex 164.469 6.37779 40
      vertex 165.086 6.22318 40
    endloop
  endfacet
  facet normal 0 0 1
    outer loop
      vertex 164.072 8.85714 40
      vertex 164.469 6.37779 40
      vertex 164.936 8.72899 40
    endloop
  endfacet
  facet normal 0 0 1
    outer loop
      vertex 164.072 8.85714 40
      vertex 163.839 6.47115 40
      vertex 164.469 6.37779 40
    endloop
  endfacet
  facet normal 0 0 1
    outer loop
      vertex 164.072 8.85714 40
      vertex 163.837 6.47142 40
      vertex 163.839 6.47115 40
    endloop
  endfacet
  facet normal 0 0 1
    outer loop
      vertex 164.072 8.85714 40
      vertex 163.202 6.50265 40
      vertex 163.837 6.47142 40
    endloop
  endfacet
  facet normal 0 0 1
    outer loop
      vertex 163.2 8.9 40
      vertex 163.202 6.50265 40
      vertex 164.072 8.85714 40
    endloop
  endfacet
  facet normal 0 0 1
    outer loop
      vertex 163.2 8.9 40
      vertex 163.2 6.50274 40
      vertex 163.202 6.50265 40
    endloop
  endfacet
  facet normal 0 0 1
    outer loop
      vertex 163.2 8.9 40
      vertex 163.198 6.50265 40
      vertex 163.2 6.50274 40
    endloop
  endfacet
  facet normal 0 0 1
    outer loop
      vertex 163.2 8.9 40
      vertex 162.563 6.47142 40
      vertex 163.198 6.50265 40
    endloop
  endfacet
  facet normal -0 0 1
    outer loop
      vertex 162.328 8.85714 40
      vertex 162.563 6.47142 40
      vertex 163.2 8.9 40
    endloop
  endfacet
  facet normal 0 0 1
    outer loop
      vertex 162.563 6.47142 40
      vertex 162.328 8.85714 40
      vertex 162.561 6.47115 40
    endloop
  endfacet
  facet normal 0 0 1
    outer loop
      vertex 162.328 8.85714 40
      vertex 161.931 6.37779 40
      vertex 162.561 6.47115 40
    endloop
  endfacet
  facet normal -0 0 1
    outer loop
      vertex 161.464 8.72899 40
      vertex 161.931 6.37779 40
      vertex 162.328 8.85714 40
    endloop
  endfacet
  facet normal 0 0 1
    outer loop
      vertex 161.464 8.72899 40
      vertex 161.314 6.22318 40
      vertex 161.931 6.37779 40
    endloop
  endfacet
  facet normal -0 0 1
    outer loop
      vertex 160.616 8.51677 40
      vertex 161.314 6.22318 40
      vertex 161.464 8.72899 40
    endloop
  endfacet
  facet normal 0 0 1
    outer loop
      vertex 161.314 6.22318 40
      vertex 160.616 8.51677 40
      vertex 161.312 6.22273 40
    endloop
  endfacet
  facet normal 0 0 1
    outer loop
      vertex 161.312 6.22273 40
      vertex 160.616 8.51677 40
      vertex 161.311 6.22211 40
    endloop
  endfacet
  facet normal 0 0 1
    outer loop
      vertex 161.311 6.22211 40
      vertex 160.616 8.51677 40
      vertex 160.712 6.00774 40
    endloop
  endfacet
  facet normal -0 0 1
    outer loop
      vertex 159.794 8.22253 40
      vertex 160.712 6.00774 40
      vertex 160.616 8.51677 40
    endloop
  endfacet
  facet normal 0 0 1
    outer loop
      vertex 160.712 6.00774 40
      vertex 159.794 8.22253 40
      vertex 160.71 6.00695 40
    endloop
  endfacet
  facet normal 0 0 1
    outer loop
      vertex 160.71 6.00695 40
      vertex 159.794 8.22253 40
      vertex 160.135 5.7349 40
    endloop
  endfacet
  facet normal -0 0 1
    outer loop
      vertex 159.005 7.8491 40
      vertex 160.135 5.7349 40
      vertex 159.794 8.22253 40
    endloop
  endfacet
  facet normal 0 0 1
    outer loop
      vertex 160.135 5.7349 40
      vertex 159.005 7.8491 40
      vertex 159.589 5.40778 40
    endloop
  endfacet
  facet normal -0 0 1
    outer loop
      vertex 158.255 7.40008 40
      vertex 159.589 5.40778 40
      vertex 159.005 7.8491 40
    endloop
  endfacet
  facet normal 0 0 1
    outer loop
      vertex 159.589 5.40778 40
      vertex 158.255 7.40008 40
      vertex 159.587 5.40683 40
    endloop
  endfacet
  facet normal 0 0 1
    outer loop
      vertex 159.587 5.40683 40
      vertex 158.255 7.40008 40
      vertex 159.076 5.02779 40
    endloop
  endfacet
  facet normal -0 0 1
    outer loop
      vertex 157.554 6.87979 40
      vertex 159.076 5.02779 40
      vertex 158.255 7.40008 40
    endloop
  endfacet
  facet normal 0 0 1
    outer loop
      vertex 159.076 5.02779 40
      vertex 157.554 6.87979 40
      vertex 159.075 5.02668 40
    endloop
  endfacet
  facet normal 0 0 1
    outer loop
      vertex 159.075 5.02668 40
      vertex 157.554 6.87979 40
      vertex 159.073 5.02544 40
    endloop
  endfacet
  facet normal 0 0 1
    outer loop
      vertex 159.073 5.02544 40
      vertex 157.554 6.87979 40
      vertex 158.602 4.59813 40
    endloop
  endfacet
  facet normal -0 0 1
    outer loop
      vertex 156.907 6.29325 40
      vertex 158.602 4.59813 40
      vertex 157.554 6.87979 40
    endloop
  endfacet
  facet normal 0 0 1
    outer loop
      vertex 158.602 4.59813 40
      vertex 156.907 6.29325 40
      vertex 158.175 4.12667 40
    endloop
  endfacet
  facet normal -0 0 1
    outer loop
      vertex 156.32 5.6461 40
      vertex 158.175 4.12667 40
      vertex 156.907 6.29325 40
    endloop
  endfacet
  facet normal 0 0 1
    outer loop
      vertex 158.175 4.12667 40
      vertex 156.32 5.6461 40
      vertex 158.173 4.12529 40
    endloop
  endfacet
  facet normal 0 0 1
    outer loop
      vertex 158.173 4.12529 40
      vertex 156.32 5.6461 40
      vertex 158.172 4.1238 40
    endloop
  endfacet
  facet normal 0 0 1
    outer loop
      vertex 158.172 4.1238 40
      vertex 156.32 5.6461 40
      vertex 157.793 3.61273 40
    endloop
  endfacet
  facet normal -0 0 1
    outer loop
      vertex 155.8 4.94457 40
      vertex 157.793 3.61273 40
      vertex 156.32 5.6461 40
    endloop
  endfacet
  facet normal 0 0 1
    outer loop
      vertex 157.793 3.61273 40
      vertex 155.8 4.94457 40
      vertex 157.792 3.61114 40
    endloop
  endfacet
  facet normal 0 0 1
    outer loop
      vertex 157.792 3.61114 40
      vertex 155.8 4.94457 40
      vertex 157.465 3.06537 40
    endloop
  endfacet
  facet normal -0 0 1
    outer loop
      vertex 155.351 4.19543 40
      vertex 157.465 3.06537 40
      vertex 155.8 4.94457 40
    endloop
  endfacet
  facet normal 0 0 1
    outer loop
      vertex 157.465 3.06537 40
      vertex 155.351 4.19543 40
      vertex 157.193 2.49017 40
    endloop
  endfacet
  facet normal -0 0 1
    outer loop
      vertex 154.977 3.40588 40
      vertex 157.193 2.49017 40
      vertex 155.351 4.19543 40
    endloop
  endfacet
  facet normal 0 0 1
    outer loop
      vertex 157.193 2.49017 40
      vertex 154.977 3.40588 40
      vertex 157.192 2.48849 40
    endloop
  endfacet
  facet normal 0 0 1
    outer loop
      vertex 157.192 2.48849 40
      vertex 154.977 3.40588 40
      vertex 156.978 1.88939 40
    endloop
  endfacet
  facet normal -0 0 1
    outer loop
      vertex 154.683 2.58353 40
      vertex 156.978 1.88939 40
      vertex 154.977 3.40588 40
    endloop
  endfacet
  facet normal 0 0 1
    outer loop
      vertex 156.978 1.88939 40
      vertex 154.683 2.58353 40
      vertex 156.977 1.88764 40
    endloop
  endfacet
  facet normal 0 0 1
    outer loop
      vertex 156.977 1.88764 40
      vertex 154.683 2.58353 40
      vertex 156.977 1.88584 40
    endloop
  endfacet
  facet normal 0 0 1
    outer loop
      vertex 156.977 1.88584 40
      vertex 154.683 2.58353 40
      vertex 156.822 1.26862 40
    endloop
  endfacet
  facet normal -0 0 1
    outer loop
      vertex 169.423 -1.88584 40
      vertex 171.717 -2.58353 40
      vertex 169.578 -1.26862 40
    endloop
  endfacet
  facet normal -0 0 1
    outer loop
      vertex 169.423 -1.88764 40
      vertex 171.717 -2.58353 40
      vertex 169.423 -1.88584 40
    endloop
  endfacet
  facet normal -0 0 1
    outer loop
      vertex 169.422 -1.88939 40
      vertex 171.717 -2.58353 40
      vertex 169.423 -1.88764 40
    endloop
  endfacet
  facet normal 0 0 1
    outer loop
      vertex 171.717 -2.58353 40
      vertex 169.422 -1.88939 40
      vertex 171.423 -3.40588 40
    endloop
  endfacet
  facet normal -0 0 1
    outer loop
      vertex 169.208 -2.48849 40
      vertex 171.423 -3.40588 40
      vertex 169.422 -1.88939 40
    endloop
  endfacet
  facet normal -0 0 1
    outer loop
      vertex 169.207 -2.49017 40
      vertex 171.423 -3.40588 40
      vertex 169.208 -2.48849 40
    endloop
  endfacet
  facet normal 0 0 1
    outer loop
      vertex 171.423 -3.40588 40
      vertex 169.207 -2.49017 40
      vertex 171.049 -4.19543 40
    endloop
  endfacet
  facet normal -0 0 1
    outer loop
      vertex 168.935 -3.06537 40
      vertex 171.049 -4.19543 40
      vertex 169.207 -2.49017 40
    endloop
  endfacet
  facet normal 0 0 1
    outer loop
      vertex 171.049 -4.19543 40
      vertex 168.935 -3.06537 40
      vertex 170.6 -4.94457 40
    endloop
  endfacet
  facet normal -0 0 1
    outer loop
      vertex 168.608 -3.61114 40
      vertex 170.6 -4.94457 40
      vertex 168.935 -3.06537 40
    endloop
  endfacet
  facet normal -0 0 1
    outer loop
      vertex 168.607 -3.61273 40
      vertex 170.6 -4.94457 40
      vertex 168.608 -3.61114 40
    endloop
  endfacet
  facet normal 0 0 1
    outer loop
      vertex 170.6 -4.94457 40
      vertex 168.607 -3.61273 40
      vertex 170.08 -5.6461 40
    endloop
  endfacet
  facet normal -0 0 1
    outer loop
      vertex 168.228 -4.1238 40
      vertex 170.08 -5.6461 40
      vertex 168.607 -3.61273 40
    endloop
  endfacet
  facet normal -0 0 1
    outer loop
      vertex 168.227 -4.12529 40
      vertex 170.08 -5.6461 40
      vertex 168.228 -4.1238 40
    endloop
  endfacet
  facet normal -0 0 1
    outer loop
      vertex 168.225 -4.12667 40
      vertex 170.08 -5.6461 40
      vertex 168.227 -4.12529 40
    endloop
  endfacet
  facet normal 0 0 1
    outer loop
      vertex 170.08 -5.6461 40
      vertex 168.225 -4.12667 40
      vertex 169.493 -6.29325 40
    endloop
  endfacet
  facet normal -0 0 1
    outer loop
      vertex 167.798 -4.59813 40
      vertex 169.493 -6.29325 40
      vertex 168.225 -4.12667 40
    endloop
  endfacet
  facet normal 0 0 1
    outer loop
      vertex 169.493 -6.29325 40
      vertex 167.798 -4.59813 40
      vertex 168.846 -6.87979 40
    endloop
  endfacet
  facet normal -0 0 1
    outer loop
      vertex 167.327 -5.02544 40
      vertex 168.846 -6.87979 40
      vertex 167.798 -4.59813 40
    endloop
  endfacet
  facet normal -0 0 1
    outer loop
      vertex 167.325 -5.02668 40
      vertex 168.846 -6.87979 40
      vertex 167.327 -5.02544 40
    endloop
  endfacet
  facet normal -0 0 1
    outer loop
      vertex 167.324 -5.02779 40
      vertex 168.846 -6.87979 40
      vertex 167.325 -5.02668 40
    endloop
  endfacet
  facet normal 0 0 1
    outer loop
      vertex 168.846 -6.87979 40
      vertex 167.324 -5.02779 40
      vertex 168.145 -7.40008 40
    endloop
  endfacet
  facet normal -0 0 1
    outer loop
      vertex 166.813 -5.40683 40
      vertex 168.145 -7.40008 40
      vertex 167.324 -5.02779 40
    endloop
  endfacet
  facet normal -0 0 1
    outer loop
      vertex 166.811 -5.40778 40
      vertex 168.145 -7.40008 40
      vertex 166.813 -5.40683 40
    endloop
  endfacet
  facet normal 0 0 1
    outer loop
      vertex 168.145 -7.40008 40
      vertex 166.811 -5.40778 40
      vertex 167.395 -7.8491 40
    endloop
  endfacet
  facet normal -0 0 1
    outer loop
      vertex 166.265 -5.7349 40
      vertex 167.395 -7.8491 40
      vertex 166.811 -5.40778 40
    endloop
  endfacet
  facet normal 0 0 1
    outer loop
      vertex 167.395 -7.8491 40
      vertex 166.265 -5.7349 40
      vertex 166.606 -8.22253 40
    endloop
  endfacet
  facet normal -0 0 1
    outer loop
      vertex 165.69 -6.00695 40
      vertex 166.606 -8.22253 40
      vertex 166.265 -5.7349 40
    endloop
  endfacet
  facet normal -0 0 1
    outer loop
      vertex 165.688 -6.00774 40
      vertex 166.606 -8.22253 40
      vertex 165.69 -6.00695 40
    endloop
  endfacet
  facet normal 0 0 1
    outer loop
      vertex 166.606 -8.22253 40
      vertex 165.688 -6.00774 40
      vertex 165.784 -8.51677 40
    endloop
  endfacet
  facet normal -0 0 1
    outer loop
      vertex 165.089 -6.22211 40
      vertex 165.784 -8.51677 40
      vertex 165.688 -6.00774 40
    endloop
  endfacet
  facet normal -0 0 1
    outer loop
      vertex 165.088 -6.22273 40
      vertex 165.784 -8.51677 40
      vertex 165.089 -6.22211 40
    endloop
  endfacet
  facet normal -0 0 1
    outer loop
      vertex 165.086 -6.22318 40
      vertex 165.784 -8.51677 40
      vertex 165.088 -6.22273 40
    endloop
  endfacet
  facet normal 0 0 1
    outer loop
      vertex 165.086 -6.22318 40
      vertex 164.936 -8.72899 40
      vertex 165.784 -8.51677 40
    endloop
  endfacet
  facet normal -0 0 1
    outer loop
      vertex 164.469 -6.37779 40
      vertex 164.936 -8.72899 40
      vertex 165.086 -6.22318 40
    endloop
  endfacet
  facet normal 0 0 1
    outer loop
      vertex 164.469 -6.37779 40
      vertex 164.072 -8.85714 40
      vertex 164.936 -8.72899 40
    endloop
  endfacet
  facet normal -0 0 1
    outer loop
      vertex 163.839 -6.47115 40
      vertex 164.072 -8.85714 40
      vertex 164.469 -6.37779 40
    endloop
  endfacet
  facet normal -0 0 1
    outer loop
      vertex 163.837 -6.47142 40
      vertex 164.072 -8.85714 40
      vertex 163.839 -6.47115 40
    endloop
  endfacet
  facet normal -0 0 1
    outer loop
      vertex 163.202 -6.50265 40
      vertex 164.072 -8.85714 40
      vertex 163.837 -6.47142 40
    endloop
  endfacet
  facet normal 0 0 1
    outer loop
      vertex 163.2 -8.9 40
      vertex 163.202 -6.50265 40
      vertex 163.2 -6.50274 40
    endloop
  endfacet
  facet normal 0 0 1
    outer loop
      vertex 163.202 -6.50265 40
      vertex 163.2 -8.9 40
      vertex 164.072 -8.85714 40
    endloop
  endfacet
  facet normal 0 0 1
    outer loop
      vertex 163.198 -6.50265 40
      vertex 163.2 -8.9 40
      vertex 163.2 -6.50274 40
    endloop
  endfacet
  facet normal 0 0 1
    outer loop
      vertex 162.563 -6.47142 40
      vertex 163.2 -8.9 40
      vertex 163.198 -6.50265 40
    endloop
  endfacet
  facet normal 0 0 1
    outer loop
      vertex 162.328 -8.85714 40
      vertex 162.563 -6.47142 40
      vertex 162.561 -6.47115 40
    endloop
  endfacet
  facet normal 0 0 1
    outer loop
      vertex 162.563 -6.47142 40
      vertex 162.328 -8.85714 40
      vertex 163.2 -8.9 40
    endloop
  endfacet
  facet normal 0 0 1
    outer loop
      vertex 161.931 -6.37779 40
      vertex 162.328 -8.85714 40
      vertex 162.561 -6.47115 40
    endloop
  endfacet
  facet normal 0 0 1
    outer loop
      vertex 161.931 -6.37779 40
      vertex 161.464 -8.72899 40
      vertex 162.328 -8.85714 40
    endloop
  endfacet
  facet normal 0 0 1
    outer loop
      vertex 161.314 -6.22318 40
      vertex 161.464 -8.72899 40
      vertex 161.931 -6.37779 40
    endloop
  endfacet
  facet normal 0 0 1
    outer loop
      vertex 160.616 -8.51677 40
      vertex 161.314 -6.22318 40
      vertex 161.312 -6.22273 40
    endloop
  endfacet
  facet normal 0 0 1
    outer loop
      vertex 160.616 -8.51677 40
      vertex 161.312 -6.22273 40
      vertex 161.311 -6.22211 40
    endloop
  endfacet
  facet normal 0 0 1
    outer loop
      vertex 160.616 -8.51677 40
      vertex 161.311 -6.22211 40
      vertex 160.712 -6.00774 40
    endloop
  endfacet
  facet normal 0 0 1
    outer loop
      vertex 159.794 -8.22253 40
      vertex 160.712 -6.00774 40
      vertex 160.71 -6.00695 40
    endloop
  endfacet
  facet normal 0 0 1
    outer loop
      vertex 161.314 -6.22318 40
      vertex 160.616 -8.51677 40
      vertex 161.464 -8.72899 40
    endloop
  endfacet
  facet normal 0 0 1
    outer loop
      vertex 159.794 -8.22253 40
      vertex 160.71 -6.00695 40
      vertex 160.135 -5.7349 40
    endloop
  endfacet
  facet normal 0 0 1
    outer loop
      vertex 160.712 -6.00774 40
      vertex 159.794 -8.22253 40
      vertex 160.616 -8.51677 40
    endloop
  endfacet
  facet normal 0 0 1
    outer loop
      vertex 159.005 -7.8491 40
      vertex 160.135 -5.7349 40
      vertex 159.589 -5.40778 40
    endloop
  endfacet
  facet normal 0 0 1
    outer loop
      vertex 158.255 -7.40008 40
      vertex 159.589 -5.40778 40
      vertex 159.587 -5.40683 40
    endloop
  endfacet
  facet normal 0 0 1
    outer loop
      vertex 158.255 -7.40008 40
      vertex 159.587 -5.40683 40
      vertex 159.076 -5.02779 40
    endloop
  endfacet
  facet normal 0 0 1
    outer loop
      vertex 157.554 -6.87979 40
      vertex 159.076 -5.02779 40
      vertex 159.075 -5.02668 40
    endloop
  endfacet
  facet normal 0 0 1
    outer loop
      vertex 157.554 -6.87979 40
      vertex 159.075 -5.02668 40
      vertex 159.073 -5.02544 40
    endloop
  endfacet
  facet normal 0 0 1
    outer loop
      vertex 160.135 -5.7349 40
      vertex 159.005 -7.8491 40
      vertex 159.794 -8.22253 40
    endloop
  endfacet
  facet normal 0 0 1
    outer loop
      vertex 157.554 -6.87979 40
      vertex 159.073 -5.02544 40
      vertex 158.602 -4.59813 40
    endloop
  endfacet
  facet normal 0 0 1
    outer loop
      vertex 159.589 -5.40778 40
      vertex 158.255 -7.40008 40
      vertex 159.005 -7.8491 40
    endloop
  endfacet
  facet normal 0 0 1
    outer loop
      vertex 156.907 -6.29325 40
      vertex 158.602 -4.59813 40
      vertex 158.175 -4.12667 40
    endloop
  endfacet
  facet normal 0 0 1
    outer loop
      vertex 156.32 -5.6461 40
      vertex 158.175 -4.12667 40
      vertex 158.173 -4.12529 40
    endloop
  endfacet
  facet normal 0 0 1
    outer loop
      vertex 156.32 -5.6461 40
      vertex 158.173 -4.12529 40
      vertex 158.172 -4.1238 40
    endloop
  endfacet
  facet normal 0 0 1
    outer loop
      vertex 156.32 -5.6461 40
      vertex 158.172 -4.1238 40
      vertex 157.793 -3.61273 40
    endloop
  endfacet
  facet normal 0 0 1
    outer loop
      vertex 155.8 -4.94457 40
      vertex 157.793 -3.61273 40
      vertex 157.792 -3.61114 40
    endloop
  endfacet
  facet normal 0 0 1
    outer loop
      vertex 159.076 -5.02779 40
      vertex 157.554 -6.87979 40
      vertex 158.255 -7.40008 40
    endloop
  endfacet
  facet normal 0 0 1
    outer loop
      vertex 155.8 -4.94457 40
      vertex 157.792 -3.61114 40
      vertex 157.465 -3.06537 40
    endloop
  endfacet
  facet normal 0 0 1
    outer loop
      vertex 155.351 -4.19543 40
      vertex 157.465 -3.06537 40
      vertex 157.193 -2.49017 40
    endloop
  endfacet
  facet normal 0 0 1
    outer loop
      vertex 154.977 -3.40588 40
      vertex 157.193 -2.49017 40
      vertex 157.192 -2.48849 40
    endloop
  endfacet
  facet normal 0 0 1
    outer loop
      vertex 154.977 -3.40588 40
      vertex 157.192 -2.48849 40
      vertex 156.978 -1.88939 40
    endloop
  endfacet
  facet normal 0 0 1
    outer loop
      vertex 154.683 -2.58353 40
      vertex 156.978 -1.88939 40
      vertex 156.977 -1.88764 40
    endloop
  endfacet
  facet normal 0 0 1
    outer loop
      vertex 154.683 -2.58353 40
      vertex 156.977 -1.88764 40
      vertex 156.977 -1.88584 40
    endloop
  endfacet
  facet normal 0 0 1
    outer loop
      vertex 158.602 -4.59813 40
      vertex 156.907 -6.29325 40
      vertex 157.554 -6.87979 40
    endloop
  endfacet
  facet normal 0 0 1
    outer loop
      vertex 154.683 -2.58353 40
      vertex 156.977 -1.88584 40
      vertex 156.822 -1.26862 40
    endloop
  endfacet
  facet normal 0 0 1
    outer loop
      vertex 154.471 -1.7363 40
      vertex 156.822 -1.26862 40
      vertex 156.729 -0.639214 40
    endloop
  endfacet
  facet normal 0 0 1
    outer loop
      vertex 154.343 -0.872352 40
      vertex 156.729 -0.639214 40
      vertex 156.729 -0.637379 40
    endloop
  endfacet
  facet normal 0 0 1
    outer loop
      vertex 154.343 -0.872352 40
      vertex 156.729 -0.637379 40
      vertex 156.697 -0.00185305 40
    endloop
  endfacet
  facet normal -0 0 1
    outer loop
      vertex 154.3 0 40
      vertex 156.697 -0.00185305 40
      vertex 156.697 0 40
    endloop
  endfacet
  facet normal -0 0 1
    outer loop
      vertex 154.471 1.7363 40
      vertex 156.822 1.26862 40
      vertex 154.683 2.58353 40
    endloop
  endfacet
  facet normal 0 0 1
    outer loop
      vertex 158.175 -4.12667 40
      vertex 156.32 -5.6461 40
      vertex 156.907 -6.29325 40
    endloop
  endfacet
  facet normal 0 0 1
    outer loop
      vertex 156.822 1.26862 40
      vertex 154.471 1.7363 40
      vertex 156.729 0.639214 40
    endloop
  endfacet
  facet normal 0 0 1
    outer loop
      vertex 157.793 -3.61273 40
      vertex 155.8 -4.94457 40
      vertex 156.32 -5.6461 40
    endloop
  endfacet
  facet normal -0 0 1
    outer loop
      vertex 154.343 0.872352 40
      vertex 156.729 0.639214 40
      vertex 154.471 1.7363 40
    endloop
  endfacet
  facet normal 0 0 1
    outer loop
      vertex 157.465 -3.06537 40
      vertex 155.351 -4.19543 40
      vertex 155.8 -4.94457 40
    endloop
  endfacet
  facet normal 0 0 1
    outer loop
      vertex 156.729 0.639214 40
      vertex 154.343 0.872352 40
      vertex 156.729 0.637379 40
    endloop
  endfacet
  facet normal 0 0 1
    outer loop
      vertex 157.193 -2.49017 40
      vertex 154.977 -3.40588 40
      vertex 155.351 -4.19543 40
    endloop
  endfacet
  facet normal 0 0 1
    outer loop
      vertex 156.729 0.637379 40
      vertex 154.343 0.872352 40
      vertex 156.697 0.00185305 40
    endloop
  endfacet
  facet normal 0 0 1
    outer loop
      vertex 156.978 -1.88939 40
      vertex 154.683 -2.58353 40
      vertex 154.977 -3.40588 40
    endloop
  endfacet
  facet normal 0 0 1
    outer loop
      vertex 154.3 0 40
      vertex 156.697 0.00185305 40
      vertex 154.343 0.872352 40
    endloop
  endfacet
  facet normal 0 0 1
    outer loop
      vertex 156.822 -1.26862 40
      vertex 154.471 -1.7363 40
      vertex 154.683 -2.58353 40
    endloop
  endfacet
  facet normal 0 0 1
    outer loop
      vertex 156.697 0.00185305 40
      vertex 154.3 0 40
      vertex 156.697 0 40
    endloop
  endfacet
  facet normal 0 0 1
    outer loop
      vertex 156.729 -0.639214 40
      vertex 154.343 -0.872352 40
      vertex 154.471 -1.7363 40
    endloop
  endfacet
  facet normal 0 0 1
    outer loop
      vertex 156.697 -0.00185305 40
      vertex 154.3 0 40
      vertex 154.343 -0.872352 40
    endloop
  endfacet
  facet normal -0.336888 -0.941144 0.0274572
    outer loop
      vertex 159.794 -8.22253 40
      vertex 159.373 -9.2388 0
      vertex 160.616 -8.51677 40
    endloop
  endfacet
  facet normal -0.998456 -0.0483725 -0.0273055
    outer loop
      vertex 170.797 0 0
      vertex 169.703 0.00185305 40
      vertex 170.761 0.743076 0
    endloop
  endfacet
  facet normal -0.999626 -0 -0.0273398
    outer loop
      vertex 169.703 0.00185305 40
      vertex 170.797 0 0
      vertex 169.703 0 40
    endloop
  endfacet
  facet normal 0.999629 0 -0.0272399
    outer loop
      vertex 156.729 0.637379 40
      vertex 155.639 0.743076 0
      vertex 155.639 0.744661 0
    endloop
  endfacet
  facet normal 0.998361 -0.0502695 -0.0273382
    outer loop
      vertex 155.639 0.743076 0
      vertex 156.729 0.637379 40
      vertex 156.697 0.00185305 40
    endloop
  endfacet
  facet normal 0.941373 0.336261 -0.0273017
    outer loop
      vertex 157.192 -2.48849 40
      vertex 156.181 -2.90585 0
      vertex 156.978 -1.88939 40
    endloop
  endfacet
  facet normal 0.999681 0 -0.0252669
    outer loop
      vertex 156.181 -2.90585 0
      vertex 157.192 -2.48849 40
      vertex 156.181 -2.90735 0
    endloop
  endfacet
  facet normal 0.821067 -0.570185 -0.0271631
    outer loop
      vertex 157.465 3.06537 40
      vertex 156.499 3.57989 0
      vertex 156.5 3.58133 0
    endloop
  endfacet
  facet normal 0.903682 -0.427332 -0.0273207
    outer loop
      vertex 156.499 3.57989 0
      vertex 157.465 3.06537 40
      vertex 157.193 2.49017 40
    endloop
  endfacet
  facet normal -0.998361 0.0502695 -0.0273382
    outer loop
      vertex 170.761 -0.743076 0
      vertex 169.671 -0.637379 40
      vertex 169.703 -0.00185305 40
    endloop
  endfacet
  facet normal -0.999629 0 -0.0272399
    outer loop
      vertex 169.671 -0.637379 40
      vertex 170.761 -0.743076 0
      vertex 170.761 -0.744661 0
    endloop
  endfacet
  facet normal -0.803024 -0.59532 -0.0273181
    outer loop
      vertex 169.516 4.22209 0
      vertex 168.227 4.12529 40
      vertex 169.073 4.81965 0
    endloop
  endfacet
  facet normal -0.830004 -0.55705 -0.0280949
    outer loop
      vertex 168.227 4.12529 40
      vertex 169.516 4.22209 0
      vertex 168.228 4.1238 40
    endloop
  endfacet
  facet normal -0.999629 0 -0.0272399
    outer loop
      vertex 170.761 -0.744661 0
      vertex 169.671 -0.639214 40
      vertex 169.671 -0.637379 40
    endloop
  endfacet
  facet normal -0.988839 0.146461 -0.027332
    outer loop
      vertex 169.671 -0.639214 40
      vertex 170.761 -0.744661 0
      vertex 170.652 -1.48058 0
    endloop
  endfacet
  facet normal 0.941037 -0.337198 -0.0273189
    outer loop
      vertex 156.978 1.88939 40
      vertex 155.93 2.20537 0
      vertex 156.181 2.90585 0
    endloop
  endfacet
  facet normal 0.867935 -0.495963 -0.0266577
    outer loop
      vertex 155.93 2.20537 0
      vertex 156.978 1.88939 40
      vertex 156.977 1.88764 40
    endloop
  endfacet
  facet normal -0.367241 -0.929724 -0.0273507
    outer loop
      vertex 166.107 7.01896 0
      vertex 165.69 6.00695 40
      vertex 165.688 6.00774 40
    endloop
  endfacet
  facet normal -0.427159 -0.903764 -0.0273186
    outer loop
      vertex 165.69 6.00695 40
      vertex 166.107 7.01896 0
      vertex 166.78 6.70087 0
    endloop
  endfacet
  facet normal -0.336826 -0.94117 -0.0273256
    outer loop
      vertex 166.106 7.01949 0
      vertex 165.688 6.00774 40
      vertex 165.089 6.22211 40
    endloop
  endfacet
  facet normal -0.46812 -0.883245 -0.0272324
    outer loop
      vertex 165.688 6.00774 40
      vertex 166.106 7.01949 0
      vertex 166.107 7.01896 0
    endloop
  endfacet
  facet normal 0.219431 -0.975247 -0.0272758
    outer loop
      vertex 160.995 7.27013 0
      vertex 161.314 6.22318 40
      vertex 161.312 6.22273 40
    endloop
  endfacet
  facet normal 0.243103 -0.969616 -0.0273172
    outer loop
      vertex 161.314 6.22318 40
      vertex 160.995 7.27013 0
      vertex 161.716 7.4509 0
    endloop
  endfacet
  facet normal 0.999626 0 -0.0273398
    outer loop
      vertex 155.603 0 0
      vertex 156.697 0.00185305 40
      vertex 156.697 0 40
    endloop
  endfacet
  facet normal 0.998456 -0.0483725 -0.0273055
    outer loop
      vertex 156.697 0.00185305 40
      vertex 155.603 0 0
      vertex 155.639 0.743076 0
    endloop
  endfacet
  facet normal 0.242978 0.969647 -0.0273165
    outer loop
      vertex 161.718 -7.45128 0
      vertex 161.314 -6.22318 40
      vertex 161.931 -6.37779 40
    endloop
  endfacet
  facet normal 0.186586 0.982032 -0.0282663
    outer loop
      vertex 161.314 -6.22318 40
      vertex 161.718 -7.45128 0
      vertex 161.716 -7.4509 0
    endloop
  endfacet
  facet normal -0.242978 -0.969647 -0.0273165
    outer loop
      vertex 164.682 7.45128 0
      vertex 165.086 6.22318 40
      vertex 164.469 6.37779 40
    endloop
  endfacet
  facet normal -0.186586 -0.982032 -0.0282663
    outer loop
      vertex 165.086 6.22318 40
      vertex 164.682 7.45128 0
      vertex 164.684 7.4509 0
    endloop
  endfacet
  facet normal 0.526746 0.84959 -0.0271227
    outer loop
      vertex 158.38 -5.87276 0
      vertex 159.073 -5.02544 40
      vertex 159.075 -5.02668 40
    endloop
  endfacet
  facet normal 0.671473 0.740526 -0.0273198
    outer loop
      vertex 159.073 -5.02544 40
      vertex 158.38 -5.87276 0
      vertex 157.829 -5.37314 0
    endloop
  endfacet
  facet normal 0.242978 -0.969647 -0.0273195
    outer loop
      vertex 161.716 7.4509 0
      vertex 161.931 6.37779 40
      vertex 161.314 6.22318 40
    endloop
  endfacet
  facet normal 0.186591 -0.982057 -0.0273493
    outer loop
      vertex 161.931 6.37779 40
      vertex 161.716 7.4509 0
      vertex 161.718 7.45128 0
    endloop
  endfacet
  facet normal -0.858978 0.511296 -0.0270647
    outer loop
      vertex 170.219 -2.90735 0
      vertex 169.207 -2.49017 40
      vertex 169.208 -2.48849 40
    endloop
  endfacet
  facet normal -0.903697 0.427299 -0.0273201
    outer loop
      vertex 169.207 -2.49017 40
      vertex 170.219 -2.90735 0
      vertex 169.901 -3.57989 0
    endloop
  endfacet
  facet normal -0.903697 -0.427299 -0.0273201
    outer loop
      vertex 170.219 2.90735 0
      vertex 169.207 2.49017 40
      vertex 169.901 3.57989 0
    endloop
  endfacet
  facet normal -0.858978 -0.511296 -0.0270647
    outer loop
      vertex 169.207 2.49017 40
      vertex 170.219 2.90735 0
      vertex 169.208 2.48849 40
    endloop
  endfacet
  facet normal 0.0449377 0.998616 -0.0273251
    outer loop
      vertex 163.2 -7.59726 0
      vertex 163.198 -6.50265 40
      vertex 163.2 -6.50274 40
    endloop
  endfacet
  facet normal 0.0490477 0.998423 -0.0273196
    outer loop
      vertex 163.198 -6.50265 40
      vertex 163.2 -7.59726 0
      vertex 162.457 -7.56076 0
    endloop
  endfacet
  facet normal 0.742758 0.669152 -0.0233691
    outer loop
      vertex 158.978 -6.31595 0
      vertex 159.075 -5.02668 40
      vertex 159.076 -5.02779 40
    endloop
  endfacet
  facet normal 0.595202 0.803111 -0.027329
    outer loop
      vertex 159.075 -5.02668 40
      vertex 158.978 -6.31595 0
      vertex 158.38 -5.87276 0
    endloop
  endfacet
  facet normal 0.999529 0 -0.0306855
    outer loop
      vertex 156.977 -1.88764 40
      vertex 155.749 -1.48369 0
      vertex 156.977 -1.88584 40
    endloop
  endfacet
  facet normal 0.969597 0.243178 -0.0273108
    outer loop
      vertex 155.749 -1.48369 0
      vertex 156.977 -1.88764 40
      vertex 155.93 -2.20537 0
    endloop
  endfacet
  facet normal -0.999626 0 -0.0273398
    outer loop
      vertex 170.797 0 0
      vertex 169.703 -0.00185305 40
      vertex 169.703 0 40
    endloop
  endfacet
  facet normal -0.998456 0.0483725 -0.0273055
    outer loop
      vertex 169.703 -0.00185305 40
      vertex 170.797 0 0
      vertex 170.761 -0.743076 0
    endloop
  endfacet
  facet normal -0.146535 -0.988828 -0.02732
    outer loop
      vertex 164.681 7.45152 0
      vertex 164.469 6.37779 40
      vertex 163.839 6.47115 40
    endloop
  endfacet
  facet normal -0.233286 -0.972024 -0.0273287
    outer loop
      vertex 164.469 6.37779 40
      vertex 164.681 7.45152 0
      vertex 164.682 7.45128 0
    endloop
  endfacet
  facet normal -0.903682 0.427332 -0.0273207
    outer loop
      vertex 169.901 -3.57989 0
      vertex 168.935 -3.06537 40
      vertex 169.207 -2.49017 40
    endloop
  endfacet
  facet normal -0.821067 0.570185 -0.0271631
    outer loop
      vertex 168.935 -3.06537 40
      vertex 169.901 -3.57989 0
      vertex 169.9 -3.58133 0
    endloop
  endfacet
  facet normal -0.805388 -0.592197 -0.0255727
    outer loop
      vertex 169.9 3.58133 0
      vertex 168.608 3.61114 40
      vertex 169.899 3.58269 0
    endloop
  endfacet
  facet normal -0.857493 -0.51377 -0.0273141
    outer loop
      vertex 168.608 3.61114 40
      vertex 169.9 3.58133 0
      vertex 168.935 3.06537 40
    endloop
  endfacet
  facet normal 0.219428 0.975235 -0.0277276
    outer loop
      vertex 161.716 -7.4509 0
      vertex 161.312 -6.22273 40
      vertex 161.314 -6.22318 40
    endloop
  endfacet
  facet normal 0.243103 0.969616 -0.027316
    outer loop
      vertex 161.312 -6.22273 40
      vertex 161.716 -7.4509 0
      vertex 160.995 -7.27013 0
    endloop
  endfacet
  facet normal -0.219431 0.975247 -0.0272758
    outer loop
      vertex 165.405 -7.27013 0
      vertex 165.086 -6.22318 40
      vertex 165.088 -6.22273 40
    endloop
  endfacet
  facet normal -0.243103 0.969616 -0.0273172
    outer loop
      vertex 165.086 -6.22318 40
      vertex 165.405 -7.27013 0
      vertex 164.684 -7.4509 0
    endloop
  endfacet
  facet normal -0.85769 -0.513442 -0.0273178
    outer loop
      vertex 169.899 3.58269 0
      vertex 168.607 3.61273 40
      vertex 169.517 4.22081 0
    endloop
  endfacet
  facet normal -0.846192 -0.532196 -0.0269323
    outer loop
      vertex 168.607 3.61273 40
      vertex 169.899 3.58269 0
      vertex 168.608 3.61114 40
    endloop
  endfacet
  facet normal 0.762612 -0.646281 -0.0272613
    outer loop
      vertex 158.602 4.59813 40
      vertex 157.827 5.3709 0
      vertex 157.828 5.37208 0
    endloop
  endfacet
  facet normal 0.740914 -0.671044 -0.0273193
    outer loop
      vertex 157.827 5.3709 0
      vertex 158.602 4.59813 40
      vertex 158.175 4.12667 40
    endloop
  endfacet
  facet normal -0.78774 -0.615422 -0.0268775
    outer loop
      vertex 169.517 4.22081 0
      vertex 168.228 4.1238 40
      vertex 169.516 4.22209 0
    endloop
  endfacet
  facet normal -0.802934 -0.595441 -0.0273187
    outer loop
      vertex 168.228 4.1238 40
      vertex 169.517 4.22081 0
      vertex 168.607 3.61273 40
    endloop
  endfacet
  facet normal -0.999658 0 -0.026166
    outer loop
      vertex 170.47 2.20537 0
      vertex 169.423 1.88584 40
      vertex 169.423 1.88764 40
    endloop
  endfacet
  facet normal -0.969597 -0.243178 -0.0273218
    outer loop
      vertex 169.423 1.88584 40
      vertex 170.47 2.20537 0
      vertex 170.651 1.48369 0
    endloop
  endfacet
  facet normal 0.903682 0.427332 -0.0273207
    outer loop
      vertex 157.465 -3.06537 40
      vertex 156.499 -3.57989 0
      vertex 157.193 -2.49017 40
    endloop
  endfacet
  facet normal 0.821067 0.570185 -0.0271631
    outer loop
      vertex 156.499 -3.57989 0
      vertex 157.465 -3.06537 40
      vertex 156.5 -3.58133 0
    endloop
  endfacet
  facet normal -0.336548 0.94127 -0.0273205
    outer loop
      vertex 165.405 -7.27013 0
      vertex 165.089 -6.22211 40
      vertex 166.106 -7.01949 0
    endloop
  endfacet
  facet normal -0.526756 0.849606 -0.0264215
    outer loop
      vertex 165.089 -6.22211 40
      vertex 165.405 -7.27013 0
      vertex 165.088 -6.22273 40
    endloop
  endfacet
  facet normal -0.427159 0.903764 -0.0273186
    outer loop
      vertex 166.107 -7.01896 0
      vertex 165.69 -6.00695 40
      vertex 166.78 -6.70087 0
    endloop
  endfacet
  facet normal -0.367241 0.929724 -0.0273507
    outer loop
      vertex 165.69 -6.00695 40
      vertex 166.107 -7.01896 0
      vertex 165.688 -6.00774 40
    endloop
  endfacet
  facet normal 0.740914 0.671044 -0.0273193
    outer loop
      vertex 158.602 -4.59813 40
      vertex 157.827 -5.3709 0
      vertex 158.175 -4.12667 40
    endloop
  endfacet
  facet normal 0.762612 0.646281 -0.0272613
    outer loop
      vertex 157.827 -5.3709 0
      vertex 158.602 -4.59813 40
      vertex 157.828 -5.37208 0
    endloop
  endfacet
  facet normal -0.98889 0.146117 -0.027326
    outer loop
      vertex 170.652 -1.48058 0
      vertex 169.578 -1.26862 40
      vertex 169.671 -0.639214 40
    endloop
  endfacet
  facet normal -0.843166 0.537049 -0.0254848
    outer loop
      vertex 169.578 -1.26862 40
      vertex 170.652 -1.48058 0
      vertex 170.651 -1.48215 0
    endloop
  endfacet
  facet normal -0.740914 0.671044 -0.0273193
    outer loop
      vertex 168.573 -5.3709 0
      vertex 167.798 -4.59813 40
      vertex 168.225 -4.12667 40
    endloop
  endfacet
  facet normal -0.762612 0.646281 -0.0272613
    outer loop
      vertex 167.798 -4.59813 40
      vertex 168.573 -5.3709 0
      vertex 168.572 -5.37208 0
    endloop
  endfacet
  facet normal -0.867935 0.495963 -0.0266577
    outer loop
      vertex 170.47 -2.20537 0
      vertex 169.422 -1.88939 40
      vertex 169.423 -1.88764 40
    endloop
  endfacet
  facet normal -0.941037 0.337198 -0.0273189
    outer loop
      vertex 169.422 -1.88939 40
      vertex 170.47 -2.20537 0
      vertex 170.219 -2.90585 0
    endloop
  endfacet
  facet normal -0.526746 -0.84959 -0.0271227
    outer loop
      vertex 168.02 5.87276 0
      vertex 167.327 5.02544 40
      vertex 167.325 5.02668 40
    endloop
  endfacet
  facet normal -0.671473 -0.740526 -0.0273198
    outer loop
      vertex 167.327 5.02544 40
      vertex 168.02 5.87276 0
      vertex 168.571 5.37314 0
    endloop
  endfacet
  facet normal 0.379187 -0.924847 -0.0295976
    outer loop
      vertex 159.619 6.70019 0
      vertex 159.589 5.40778 40
      vertex 159.617 6.69937 0
    endloop
  endfacet
  facet normal 0.513749 -0.857505 -0.0273209
    outer loop
      vertex 159.589 5.40778 40
      vertex 159.619 6.70019 0
      vertex 160.135 5.7349 40
    endloop
  endfacet
  facet normal -0.830004 0.55705 -0.0280949
    outer loop
      vertex 169.516 -4.22209 0
      vertex 168.227 -4.12529 40
      vertex 168.228 -4.1238 40
    endloop
  endfacet
  facet normal -0.803024 0.59532 -0.0273181
    outer loop
      vertex 168.227 -4.12529 40
      vertex 169.516 -4.22209 0
      vertex 169.073 -4.81965 0
    endloop
  endfacet
  facet normal -0.941373 0.336261 -0.0273017
    outer loop
      vertex 170.219 -2.90585 0
      vertex 169.208 -2.48849 40
      vertex 169.422 -1.88939 40
    endloop
  endfacet
  facet normal -0.999681 0 -0.0252669
    outer loop
      vertex 169.208 -2.48849 40
      vertex 170.219 -2.90585 0
      vertex 170.219 -2.90735 0
    endloop
  endfacet
  facet normal -0.0490477 0.998423 -0.0273196
    outer loop
      vertex 163.2 -7.59726 0
      vertex 163.202 -6.50265 40
      vertex 163.943 -7.56076 0
    endloop
  endfacet
  facet normal -0.0449377 0.998616 -0.0273251
    outer loop
      vertex 163.202 -6.50265 40
      vertex 163.2 -7.59726 0
      vertex 163.2 -6.50274 40
    endloop
  endfacet
  facet normal 0.427159 -0.903764 -0.0273186
    outer loop
      vertex 160.293 7.01896 0
      vertex 160.71 6.00695 40
      vertex 159.62 6.70087 0
    endloop
  endfacet
  facet normal 0.367241 -0.929724 -0.0273507
    outer loop
      vertex 160.71 6.00695 40
      vertex 160.293 7.01896 0
      vertex 160.712 6.00774 40
    endloop
  endfacet
  facet normal 0.233286 -0.972024 -0.0273287
    outer loop
      vertex 161.719 7.45152 0
      vertex 161.931 6.37779 40
      vertex 161.718 7.45128 0
    endloop
  endfacet
  facet normal 0.146535 -0.988828 -0.02732
    outer loop
      vertex 161.931 6.37779 40
      vertex 161.719 7.45152 0
      vertex 162.561 6.47115 40
    endloop
  endfacet
  facet normal -0.526756 -0.849606 -0.0264215
    outer loop
      vertex 165.405 7.27013 0
      vertex 165.089 6.22211 40
      vertex 165.088 6.22273 40
    endloop
  endfacet
  facet normal -0.336548 -0.94127 -0.0273205
    outer loop
      vertex 165.089 6.22211 40
      vertex 165.405 7.27013 0
      vertex 166.106 7.01949 0
    endloop
  endfacet
  facet normal 0.567729 0.822796 -0.0262904
    outer loop
      vertex 158.175 -4.12667 40
      vertex 157.327 -4.81965 0
      vertex 158.173 -4.12529 40
    endloop
  endfacet
  facet normal 0.740423 0.671585 -0.0273318
    outer loop
      vertex 157.327 -4.81965 0
      vertex 158.175 -4.12667 40
      vertex 157.827 -5.3709 0
    endloop
  endfacet
  facet normal -0.684694 0.728397 -0.0251348
    outer loop
      vertex 167.421 -6.31689 0
      vertex 167.324 -5.02779 40
      vertex 167.422 -6.31595 0
    endloop
  endfacet
  facet normal -0.595534 0.802865 -0.0273185
    outer loop
      vertex 167.324 -5.02779 40
      vertex 167.421 -6.31689 0
      vertex 166.813 -5.40683 40
    endloop
  endfacet
  facet normal 0.0490477 -0.998423 -0.0273196
    outer loop
      vertex 163.2 7.59726 0
      vertex 163.198 6.50265 40
      vertex 162.457 7.56076 0
    endloop
  endfacet
  facet normal 0.0449377 -0.998616 -0.0273251
    outer loop
      vertex 163.198 6.50265 40
      vertex 163.2 7.59726 0
      vertex 163.2 6.50274 40
    endloop
  endfacet
  facet normal -0.562102 0.826621 -0.0271993
    outer loop
      vertex 166.78 -6.70087 0
      vertex 166.265 -5.7349 40
      vertex 166.781 -6.70019 0
    endloop
  endfacet
  facet normal -0.427518 0.903594 -0.0273254
    outer loop
      vertex 166.265 -5.7349 40
      vertex 166.78 -6.70087 0
      vertex 165.69 -6.00695 40
    endloop
  endfacet
  facet normal -0.513987 0.857363 -0.0273189
    outer loop
      vertex 166.783 -6.69937 0
      vertex 166.813 -5.40683 40
      vertex 167.421 -6.31689 0
    endloop
  endfacet
  facet normal -0.428878 0.902901 -0.0288542
    outer loop
      vertex 166.813 -5.40683 40
      vertex 166.783 -6.69937 0
      vertex 166.811 -5.40778 40
    endloop
  endfacet
  facet normal -0.762612 -0.646281 -0.0272613
    outer loop
      vertex 168.573 5.3709 0
      vertex 167.798 4.59813 40
      vertex 168.572 5.37208 0
    endloop
  endfacet
  facet normal -0.740914 -0.671044 -0.0273193
    outer loop
      vertex 167.798 4.59813 40
      vertex 168.573 5.3709 0
      vertex 168.225 4.12667 40
    endloop
  endfacet
  facet normal -0.99964 0 -0.0268154
    outer loop
      vertex 170.651 -1.48369 0
      vertex 169.578 -1.26862 40
      vertex 170.651 -1.48215 0
    endloop
  endfacet
  facet normal -0.969523 0.243472 -0.0273165
    outer loop
      vertex 169.578 -1.26862 40
      vertex 170.651 -1.48369 0
      vertex 169.423 -1.88584 40
    endloop
  endfacet
  facet normal -0.0399531 0.998828 -0.0273075
    outer loop
      vertex 163.943 -7.56076 0
      vertex 163.837 -6.47142 40
      vertex 163.945 -7.56068 0
    endloop
  endfacet
  facet normal -0.0491034 0.99842 -0.0273206
    outer loop
      vertex 163.837 -6.47142 40
      vertex 163.943 -7.56076 0
      vertex 163.202 -6.50265 40
    endloop
  endfacet
  facet normal 0.78774 -0.615422 -0.0268775
    outer loop
      vertex 158.172 4.1238 40
      vertex 156.883 4.22081 0
      vertex 156.884 4.22209 0
    endloop
  endfacet
  facet normal 0.802934 -0.595441 -0.0273187
    outer loop
      vertex 156.883 4.22081 0
      vertex 158.172 4.1238 40
      vertex 157.793 3.61273 40
    endloop
  endfacet
  facet normal -0.428878 -0.902901 -0.0288542
    outer loop
      vertex 166.783 6.69937 0
      vertex 166.813 5.40683 40
      vertex 166.811 5.40778 40
    endloop
  endfacet
  facet normal -0.513987 -0.857363 -0.0273189
    outer loop
      vertex 166.813 5.40683 40
      vertex 166.783 6.69937 0
      vertex 167.421 6.31689 0
    endloop
  endfacet
  facet normal -0.427518 -0.903594 -0.0273254
    outer loop
      vertex 166.78 6.70087 0
      vertex 166.265 5.7349 40
      vertex 165.69 6.00695 40
    endloop
  endfacet
  facet normal -0.562102 -0.826621 -0.0271993
    outer loop
      vertex 166.265 5.7349 40
      vertex 166.78 6.70087 0
      vertex 166.781 6.70019 0
    endloop
  endfacet
  facet normal -0.379187 0.924847 -0.0295976
    outer loop
      vertex 166.781 -6.70019 0
      vertex 166.811 -5.40778 40
      vertex 166.783 -6.69937 0
    endloop
  endfacet
  facet normal -0.513749 0.857505 -0.0273209
    outer loop
      vertex 166.811 -5.40778 40
      vertex 166.781 -6.70019 0
      vertex 166.265 -5.7349 40
    endloop
  endfacet
  facet normal 0.805388 -0.592197 -0.0255727
    outer loop
      vertex 157.792 3.61114 40
      vertex 156.5 3.58133 0
      vertex 156.501 3.58269 0
    endloop
  endfacet
  facet normal 0.857493 -0.51377 -0.0273141
    outer loop
      vertex 156.5 3.58133 0
      vertex 157.792 3.61114 40
      vertex 157.465 3.06537 40
    endloop
  endfacet
  facet normal 0.988839 -0.146461 -0.027332
    outer loop
      vertex 156.729 0.639214 40
      vertex 155.639 0.744661 0
      vertex 155.748 1.48058 0
    endloop
  endfacet
  facet normal 0.999629 0 -0.0272399
    outer loop
      vertex 155.639 0.744661 0
      vertex 156.729 0.639214 40
      vertex 156.729 0.637379 40
    endloop
  endfacet
  facet normal -0.941037 -0.337198 -0.0273189
    outer loop
      vertex 170.47 2.20537 0
      vertex 169.422 1.88939 40
      vertex 170.219 2.90585 0
    endloop
  endfacet
  facet normal -0.867935 -0.495963 -0.0266577
    outer loop
      vertex 169.422 1.88939 40
      vertex 170.47 2.20537 0
      vertex 169.423 1.88764 40
    endloop
  endfacet
  facet normal 0.999529 0 -0.0306855
    outer loop
      vertex 156.977 1.88584 40
      vertex 155.749 1.48215 0
      vertex 155.749 1.48369 0
    endloop
  endfacet
  facet normal 0.969523 -0.243473 -0.0273072
    outer loop
      vertex 155.749 1.48215 0
      vertex 156.977 1.88584 40
      vertex 156.822 1.26862 40
    endloop
  endfacet
  facet normal 0.999658 0 -0.026166
    outer loop
      vertex 156.977 1.88584 40
      vertex 155.93 2.20537 0
      vertex 156.977 1.88764 40
    endloop
  endfacet
  facet normal 0.969597 -0.243178 -0.0273218
    outer loop
      vertex 155.93 2.20537 0
      vertex 156.977 1.88584 40
      vertex 155.749 1.48369 0
    endloop
  endfacet
  facet normal -0.133736 -0.99064 -0.0273377
    outer loop
      vertex 163.945 7.56068 0
      vertex 163.839 6.47115 40
      vertex 163.837 6.47142 40
    endloop
  endfacet
  facet normal -0.146656 -0.98881 -0.0273221
    outer loop
      vertex 163.839 6.47115 40
      vertex 163.945 7.56068 0
      vertex 164.681 7.45152 0
    endloop
  endfacet
  facet normal 0.803024 -0.59532 -0.0273181
    outer loop
      vertex 158.173 4.12529 40
      vertex 156.884 4.22209 0
      vertex 157.327 4.81965 0
    endloop
  endfacet
  facet normal 0.830004 -0.55705 -0.0280949
    outer loop
      vertex 156.884 4.22209 0
      vertex 158.173 4.12529 40
      vertex 158.172 4.1238 40
    endloop
  endfacet
  facet normal 0.858978 0.511296 -0.0270647
    outer loop
      vertex 157.193 -2.49017 40
      vertex 156.181 -2.90735 0
      vertex 157.192 -2.48849 40
    endloop
  endfacet
  facet normal 0.903697 0.427299 -0.0273201
    outer loop
      vertex 156.181 -2.90735 0
      vertex 157.193 -2.49017 40
      vertex 156.499 -3.57989 0
    endloop
  endfacet
  facet normal 0.336548 -0.94127 -0.0273205
    outer loop
      vertex 160.995 7.27013 0
      vertex 161.311 6.22211 40
      vertex 160.294 7.01949 0
    endloop
  endfacet
  facet normal 0.526756 -0.849606 -0.0264215
    outer loop
      vertex 161.311 6.22211 40
      vertex 160.995 7.27013 0
      vertex 161.312 6.22273 40
    endloop
  endfacet
  facet normal -0.999529 0 -0.0306855
    outer loop
      vertex 170.651 1.48215 0
      vertex 169.423 1.88584 40
      vertex 170.651 1.48369 0
    endloop
  endfacet
  facet normal -0.969523 -0.243473 -0.0273072
    outer loop
      vertex 169.423 1.88584 40
      vertex 170.651 1.48215 0
      vertex 169.578 1.26862 40
    endloop
  endfacet
  facet normal -0.802934 0.595441 -0.0273187
    outer loop
      vertex 169.517 -4.22081 0
      vertex 168.228 -4.1238 40
      vertex 168.607 -3.61273 40
    endloop
  endfacet
  facet normal -0.78774 0.615422 -0.0268775
    outer loop
      vertex 168.228 -4.1238 40
      vertex 169.517 -4.22081 0
      vertex 169.516 -4.22209 0
    endloop
  endfacet
  facet normal -0.999529 0 -0.0306855
    outer loop
      vertex 170.651 -1.48369 0
      vertex 169.423 -1.88764 40
      vertex 169.423 -1.88584 40
    endloop
  endfacet
  facet normal -0.969597 0.243178 -0.0273108
    outer loop
      vertex 169.423 -1.88764 40
      vertex 170.651 -1.48369 0
      vertex 170.47 -2.20537 0
    endloop
  endfacet
  facet normal -0.742758 -0.669152 -0.0233691
    outer loop
      vertex 167.422 6.31595 0
      vertex 167.325 5.02668 40
      vertex 167.324 5.02779 40
    endloop
  endfacet
  facet normal -0.595202 -0.803111 -0.027329
    outer loop
      vertex 167.325 5.02668 40
      vertex 167.422 6.31595 0
      vertex 168.02 5.87276 0
    endloop
  endfacet
  facet normal -0.846192 0.532196 -0.0269323
    outer loop
      vertex 169.899 -3.58269 0
      vertex 168.607 -3.61273 40
      vertex 168.608 -3.61114 40
    endloop
  endfacet
  facet normal -0.85769 0.513442 -0.0273178
    outer loop
      vertex 168.607 -3.61273 40
      vertex 169.899 -3.58269 0
      vertex 169.517 -4.22081 0
    endloop
  endfacet
  facet normal -0.999681 0 -0.0252669
    outer loop
      vertex 170.219 2.90585 0
      vertex 169.208 2.48849 40
      vertex 170.219 2.90735 0
    endloop
  endfacet
  facet normal -0.941373 -0.336261 -0.0273017
    outer loop
      vertex 169.208 2.48849 40
      vertex 170.219 2.90585 0
      vertex 169.422 1.88939 40
    endloop
  endfacet
  facet normal 0.684694 -0.728397 -0.0251348
    outer loop
      vertex 158.979 6.31689 0
      vertex 159.076 5.02779 40
      vertex 158.978 6.31595 0
    endloop
  endfacet
  facet normal 0.595534 -0.802865 -0.0273185
    outer loop
      vertex 159.076 5.02779 40
      vertex 158.979 6.31689 0
      vertex 159.587 5.40683 40
    endloop
  endfacet
  facet normal -0.219428 -0.975235 -0.0277276
    outer loop
      vertex 164.684 7.4509 0
      vertex 165.088 6.22273 40
      vertex 165.086 6.22318 40
    endloop
  endfacet
  facet normal -0.243103 -0.969616 -0.027316
    outer loop
      vertex 165.088 6.22273 40
      vertex 164.684 7.4509 0
      vertex 165.405 7.27013 0
    endloop
  endfacet
  facet normal -0.595534 -0.802865 -0.0273185
    outer loop
      vertex 167.421 6.31689 0
      vertex 167.324 5.02779 40
      vertex 166.813 5.40683 40
    endloop
  endfacet
  facet normal -0.684694 -0.728397 -0.0251348
    outer loop
      vertex 167.324 5.02779 40
      vertex 167.421 6.31689 0
      vertex 167.422 6.31595 0
    endloop
  endfacet
  facet normal 0.740423 -0.671585 -0.0273318
    outer loop
      vertex 158.175 4.12667 40
      vertex 157.327 4.81965 0
      vertex 157.827 5.3709 0
    endloop
  endfacet
  facet normal 0.567729 -0.822796 -0.0262904
    outer loop
      vertex 157.327 4.81965 0
      vertex 158.175 4.12667 40
      vertex 158.173 4.12529 40
    endloop
  endfacet
  facet normal -0.513749 -0.857505 -0.0273209
    outer loop
      vertex 166.781 6.70019 0
      vertex 166.811 5.40778 40
      vertex 166.265 5.7349 40
    endloop
  endfacet
  facet normal -0.379187 -0.924847 -0.0295976
    outer loop
      vertex 166.811 5.40778 40
      vertex 166.781 6.70019 0
      vertex 166.783 6.69937 0
    endloop
  endfacet
  facet normal 0.998361 0.0502695 -0.0273382
    outer loop
      vertex 156.729 -0.637379 40
      vertex 155.639 -0.743076 0
      vertex 156.697 -0.00185305 40
    endloop
  endfacet
  facet normal 0.999629 0 -0.0272399
    outer loop
      vertex 155.639 -0.743076 0
      vertex 156.729 -0.637379 40
      vertex 155.639 -0.744661 0
    endloop
  endfacet
  facet normal 0.99964 0 -0.0268154
    outer loop
      vertex 156.822 -1.26862 40
      vertex 155.749 -1.48369 0
      vertex 155.749 -1.48215 0
    endloop
  endfacet
  facet normal 0.969523 0.243472 -0.0273165
    outer loop
      vertex 155.749 -1.48369 0
      vertex 156.822 -1.26862 40
      vertex 156.977 -1.88584 40
    endloop
  endfacet
  facet normal -0.740423 -0.671585 -0.0273318
    outer loop
      vertex 169.073 4.81965 0
      vertex 168.225 4.12667 40
      vertex 168.573 5.3709 0
    endloop
  endfacet
  facet normal -0.567729 -0.822796 -0.0262904
    outer loop
      vertex 168.225 4.12667 40
      vertex 169.073 4.81965 0
      vertex 168.227 4.12529 40
    endloop
  endfacet
  facet normal 0.999681 0 -0.0252669
    outer loop
      vertex 157.192 2.48849 40
      vertex 156.181 2.90585 0
      vertex 156.181 2.90735 0
    endloop
  endfacet
  facet normal 0.941373 -0.336261 -0.0273017
    outer loop
      vertex 156.181 2.90585 0
      vertex 157.192 2.48849 40
      vertex 156.978 1.88939 40
    endloop
  endfacet
  facet normal 0.367241 0.929724 -0.0273507
    outer loop
      vertex 160.293 -7.01896 0
      vertex 160.71 -6.00695 40
      vertex 160.712 -6.00774 40
    endloop
  endfacet
  facet normal 0.427159 0.903764 -0.0273186
    outer loop
      vertex 160.71 -6.00695 40
      vertex 160.293 -7.01896 0
      vertex 159.62 -6.70087 0
    endloop
  endfacet
  facet normal 0.0491034 0.99842 -0.0273206
    outer loop
      vertex 162.457 -7.56076 0
      vertex 162.563 -6.47142 40
      vertex 163.198 -6.50265 40
    endloop
  endfacet
  facet normal 0.0399531 0.998828 -0.0273075
    outer loop
      vertex 162.563 -6.47142 40
      vertex 162.457 -7.56076 0
      vertex 162.455 -7.56068 0
    endloop
  endfacet
  facet normal -0.0491034 -0.99842 -0.0273206
    outer loop
      vertex 163.943 7.56076 0
      vertex 163.837 6.47142 40
      vertex 163.202 6.50265 40
    endloop
  endfacet
  facet normal -0.0399531 -0.998828 -0.0273075
    outer loop
      vertex 163.837 6.47142 40
      vertex 163.943 7.56076 0
      vertex 163.945 7.56068 0
    endloop
  endfacet
  facet normal 0.846192 -0.532196 -0.0269323
    outer loop
      vertex 156.501 3.58269 0
      vertex 157.793 3.61273 40
      vertex 157.792 3.61114 40
    endloop
  endfacet
  facet normal 0.85769 -0.513442 -0.0273178
    outer loop
      vertex 157.793 3.61273 40
      vertex 156.501 3.58269 0
      vertex 156.883 4.22081 0
    endloop
  endfacet
  facet normal -0.0449377 -0.998616 -0.0273251
    outer loop
      vertex 163.2 7.59726 0
      vertex 163.202 6.50265 40
      vertex 163.2 6.50274 40
    endloop
  endfacet
  facet normal -0.0490477 -0.998423 -0.0273196
    outer loop
      vertex 163.202 6.50265 40
      vertex 163.2 7.59726 0
      vertex 163.943 7.56076 0
    endloop
  endfacet
  facet normal 0.46812 -0.883245 -0.0272324
    outer loop
      vertex 160.294 7.01949 0
      vertex 160.712 6.00774 40
      vertex 160.293 7.01896 0
    endloop
  endfacet
  facet normal 0.336826 -0.94117 -0.0273256
    outer loop
      vertex 160.712 6.00774 40
      vertex 160.294 7.01949 0
      vertex 161.311 6.22211 40
    endloop
  endfacet
  facet normal 0.999626 0 -0.0273398
    outer loop
      vertex 156.697 -0.00185305 40
      vertex 155.603 0 0
      vertex 156.697 0 40
    endloop
  endfacet
  facet normal 0.998456 0.0483725 -0.0273055
    outer loop
      vertex 155.603 0 0
      vertex 156.697 -0.00185305 40
      vertex 155.639 -0.743076 0
    endloop
  endfacet
  facet normal 0.999629 0 -0.0272399
    outer loop
      vertex 156.729 -0.639214 40
      vertex 155.639 -0.744661 0
      vertex 156.729 -0.637379 40
    endloop
  endfacet
  facet normal 0.988839 0.146461 -0.027332
    outer loop
      vertex 155.639 -0.744661 0
      vertex 156.729 -0.639214 40
      vertex 155.748 -1.48058 0
    endloop
  endfacet
  facet normal -0.999629 0 -0.0272399
    outer loop
      vertex 170.761 0.743076 0
      vertex 169.671 0.637379 40
      vertex 170.761 0.744661 0
    endloop
  endfacet
  facet normal -0.998361 -0.0502695 -0.0273382
    outer loop
      vertex 169.671 0.637379 40
      vertex 170.761 0.743076 0
      vertex 169.703 0.00185305 40
    endloop
  endfacet
  facet normal -0.843166 -0.537049 -0.0254848
    outer loop
      vertex 170.652 1.48058 0
      vertex 169.578 1.26862 40
      vertex 170.651 1.48215 0
    endloop
  endfacet
  facet normal -0.98889 -0.146117 -0.027326
    outer loop
      vertex 169.578 1.26862 40
      vertex 170.652 1.48058 0
      vertex 169.671 0.639214 40
    endloop
  endfacet
  facet normal 0.671671 0.740345 -0.0273244
    outer loop
      vertex 157.829 -5.37314 0
      vertex 158.602 -4.59813 40
      vertex 159.073 -5.02544 40
    endloop
  endfacet
  facet normal 0.727122 0.685964 -0.0273423
    outer loop
      vertex 158.602 -4.59813 40
      vertex 157.829 -5.37314 0
      vertex 157.828 -5.37208 0
    endloop
  endfacet
  facet normal 0.903697 -0.427299 -0.0273201
    outer loop
      vertex 157.193 2.49017 40
      vertex 156.181 2.90735 0
      vertex 156.499 3.57989 0
    endloop
  endfacet
  facet normal 0.858978 -0.511296 -0.0270647
    outer loop
      vertex 156.181 2.90735 0
      vertex 157.193 2.49017 40
      vertex 157.192 2.48849 40
    endloop
  endfacet
  facet normal 0.843166 -0.537049 -0.0254848
    outer loop
      vertex 156.822 1.26862 40
      vertex 155.748 1.48058 0
      vertex 155.749 1.48215 0
    endloop
  endfacet
  facet normal 0.98889 -0.146117 -0.027326
    outer loop
      vertex 155.748 1.48058 0
      vertex 156.822 1.26862 40
      vertex 156.729 0.639214 40
    endloop
  endfacet
  facet normal -0.671671 -0.740345 -0.0273244
    outer loop
      vertex 168.571 5.37314 0
      vertex 167.798 4.59813 40
      vertex 167.327 5.02544 40
    endloop
  endfacet
  facet normal -0.727122 -0.685964 -0.0273423
    outer loop
      vertex 167.798 4.59813 40
      vertex 168.571 5.37314 0
      vertex 168.572 5.37208 0
    endloop
  endfacet
  facet normal 0.595534 0.802865 -0.0273185
    outer loop
      vertex 158.979 -6.31689 0
      vertex 159.076 -5.02779 40
      vertex 159.587 -5.40683 40
    endloop
  endfacet
  facet normal 0.684694 0.728397 -0.0251348
    outer loop
      vertex 159.076 -5.02779 40
      vertex 158.979 -6.31689 0
      vertex 158.978 -6.31595 0
    endloop
  endfacet
  facet normal 0.867935 0.495963 -0.0266577
    outer loop
      vertex 156.978 -1.88939 40
      vertex 155.93 -2.20537 0
      vertex 156.977 -1.88764 40
    endloop
  endfacet
  facet normal 0.941037 0.337198 -0.0273189
    outer loop
      vertex 155.93 -2.20537 0
      vertex 156.978 -1.88939 40
      vertex 156.181 -2.90585 0
    endloop
  endfacet
  facet normal 0.830004 0.55705 -0.0280949
    outer loop
      vertex 158.173 -4.12529 40
      vertex 156.884 -4.22209 0
      vertex 158.172 -4.1238 40
    endloop
  endfacet
  facet normal 0.803024 0.59532 -0.0273181
    outer loop
      vertex 156.884 -4.22209 0
      vertex 158.173 -4.12529 40
      vertex 157.327 -4.81965 0
    endloop
  endfacet
  facet normal 0.428878 0.902901 -0.0288542
    outer loop
      vertex 159.617 -6.69937 0
      vertex 159.587 -5.40683 40
      vertex 159.589 -5.40778 40
    endloop
  endfacet
  facet normal 0.513987 0.857363 -0.0273189
    outer loop
      vertex 159.587 -5.40683 40
      vertex 159.617 -6.69937 0
      vertex 158.979 -6.31689 0
    endloop
  endfacet
  facet normal -0.988839 -0.146461 -0.027332
    outer loop
      vertex 170.761 0.744661 0
      vertex 169.671 0.639214 40
      vertex 170.652 1.48058 0
    endloop
  endfacet
  facet normal -0.999629 -0 -0.0272399
    outer loop
      vertex 169.671 0.639214 40
      vertex 170.761 0.744661 0
      vertex 169.671 0.637379 40
    endloop
  endfacet
  facet normal -0.805388 0.592197 -0.0255727
    outer loop
      vertex 168.608 -3.61114 40
      vertex 169.9 -3.58133 0
      vertex 169.899 -3.58269 0
    endloop
  endfacet
  facet normal -0.857493 0.51377 -0.0273141
    outer loop
      vertex 169.9 -3.58133 0
      vertex 168.608 -3.61114 40
      vertex 168.935 -3.06537 40
    endloop
  endfacet
  facet normal -0.671473 0.740526 -0.0273198
    outer loop
      vertex 168.02 -5.87276 0
      vertex 167.327 -5.02544 40
      vertex 168.571 -5.37314 0
    endloop
  endfacet
  facet normal -0.526746 0.84959 -0.0271227
    outer loop
      vertex 167.327 -5.02544 40
      vertex 168.02 -5.87276 0
      vertex 167.325 -5.02668 40
    endloop
  endfacet
  facet normal -0.595202 0.803111 -0.027329
    outer loop
      vertex 167.422 -6.31595 0
      vertex 167.325 -5.02668 40
      vertex 168.02 -5.87276 0
    endloop
  endfacet
  facet normal -0.742758 0.669152 -0.0233691
    outer loop
      vertex 167.325 -5.02668 40
      vertex 167.422 -6.31595 0
      vertex 167.324 -5.02779 40
    endloop
  endfacet
  facet normal -0.821067 -0.570185 -0.0271631
    outer loop
      vertex 169.901 3.57989 0
      vertex 168.935 3.06537 40
      vertex 169.9 3.58133 0
    endloop
  endfacet
  facet normal -0.903682 -0.427332 -0.0273207
    outer loop
      vertex 168.935 3.06537 40
      vertex 169.901 3.57989 0
      vertex 169.207 2.49017 40
    endloop
  endfacet
  facet normal 0.513987 -0.857363 -0.0273189
    outer loop
      vertex 159.617 6.69937 0
      vertex 159.587 5.40683 40
      vertex 158.979 6.31689 0
    endloop
  endfacet
  facet normal 0.428878 -0.902901 -0.0288542
    outer loop
      vertex 159.587 5.40683 40
      vertex 159.617 6.69937 0
      vertex 159.589 5.40778 40
    endloop
  endfacet
  facet normal 0.595202 -0.803111 -0.027329
    outer loop
      vertex 158.978 6.31595 0
      vertex 159.075 5.02668 40
      vertex 158.38 5.87276 0
    endloop
  endfacet
  facet normal 0.742758 -0.669152 -0.0233691
    outer loop
      vertex 159.075 5.02668 40
      vertex 158.978 6.31595 0
      vertex 159.076 5.02779 40
    endloop
  endfacet
  facet normal 0.0399531 -0.998828 -0.0273075
    outer loop
      vertex 162.457 7.56076 0
      vertex 162.563 6.47142 40
      vertex 162.455 7.56068 0
    endloop
  endfacet
  facet normal 0.0491034 -0.99842 -0.0273206
    outer loop
      vertex 162.563 6.47142 40
      vertex 162.457 7.56076 0
      vertex 163.198 6.50265 40
    endloop
  endfacet
  facet normal 0.98889 0.146117 -0.027326
    outer loop
      vertex 156.822 -1.26862 40
      vertex 155.748 -1.48058 0
      vertex 156.729 -0.639214 40
    endloop
  endfacet
  facet normal 0.843166 0.537049 -0.0254848
    outer loop
      vertex 155.748 -1.48058 0
      vertex 156.822 -1.26862 40
      vertex 155.749 -1.48215 0
    endloop
  endfacet
  facet normal -0.567729 0.822796 -0.0262904
    outer loop
      vertex 169.073 -4.81965 0
      vertex 168.225 -4.12667 40
      vertex 168.227 -4.12529 40
    endloop
  endfacet
  facet normal -0.740423 0.671585 -0.0273318
    outer loop
      vertex 168.225 -4.12667 40
      vertex 169.073 -4.81965 0
      vertex 168.573 -5.3709 0
    endloop
  endfacet
  facet normal -0.146656 0.98881 -0.0273221
    outer loop
      vertex 163.945 -7.56068 0
      vertex 163.839 -6.47115 40
      vertex 164.681 -7.45152 0
    endloop
  endfacet
  facet normal -0.133736 0.99064 -0.0273377
    outer loop
      vertex 163.839 -6.47115 40
      vertex 163.945 -7.56068 0
      vertex 163.837 -6.47142 40
    endloop
  endfacet
  facet normal 0.562102 -0.826621 -0.0271993
    outer loop
      vertex 159.62 6.70087 0
      vertex 160.135 5.7349 40
      vertex 159.619 6.70019 0
    endloop
  endfacet
  facet normal 0.427518 -0.903594 -0.0273254
    outer loop
      vertex 160.135 5.7349 40
      vertex 159.62 6.70087 0
      vertex 160.71 6.00695 40
    endloop
  endfacet
  facet normal -0.46812 0.883245 -0.0272324
    outer loop
      vertex 166.106 -7.01949 0
      vertex 165.688 -6.00774 40
      vertex 166.107 -7.01896 0
    endloop
  endfacet
  facet normal -0.336826 0.94117 -0.0273256
    outer loop
      vertex 165.688 -6.00774 40
      vertex 166.106 -7.01949 0
      vertex 165.089 -6.22211 40
    endloop
  endfacet
  facet normal 0.146535 0.988828 -0.02732
    outer loop
      vertex 161.719 -7.45152 0
      vertex 161.931 -6.37779 40
      vertex 162.561 -6.47115 40
    endloop
  endfacet
  facet normal 0.233286 0.972024 -0.0273287
    outer loop
      vertex 161.931 -6.37779 40
      vertex 161.719 -7.45152 0
      vertex 161.718 -7.45128 0
    endloop
  endfacet
  facet normal 0.427518 0.903594 -0.0273254
    outer loop
      vertex 159.62 -6.70087 0
      vertex 160.135 -5.7349 40
      vertex 160.71 -6.00695 40
    endloop
  endfacet
  facet normal 0.562102 0.826621 -0.0271993
    outer loop
      vertex 160.135 -5.7349 40
      vertex 159.62 -6.70087 0
      vertex 159.619 -6.70019 0
    endloop
  endfacet
  facet normal 0.133736 0.99064 -0.0273377
    outer loop
      vertex 162.455 -7.56068 0
      vertex 162.561 -6.47115 40
      vertex 162.563 -6.47142 40
    endloop
  endfacet
  facet normal 0.146656 0.98881 -0.0273221
    outer loop
      vertex 162.561 -6.47115 40
      vertex 162.455 -7.56068 0
      vertex 161.719 -7.45152 0
    endloop
  endfacet
  facet normal -0.233286 0.972024 -0.0273287
    outer loop
      vertex 164.681 -7.45152 0
      vertex 164.469 -6.37779 40
      vertex 164.682 -7.45128 0
    endloop
  endfacet
  facet normal -0.146535 0.988828 -0.02732
    outer loop
      vertex 164.469 -6.37779 40
      vertex 164.681 -7.45152 0
      vertex 163.839 -6.47115 40
    endloop
  endfacet
  facet normal 0.727122 -0.685964 -0.0273423
    outer loop
      vertex 157.829 5.37314 0
      vertex 158.602 4.59813 40
      vertex 157.828 5.37208 0
    endloop
  endfacet
  facet normal 0.671671 -0.740345 -0.0273244
    outer loop
      vertex 158.602 4.59813 40
      vertex 157.829 5.37314 0
      vertex 159.073 5.02544 40
    endloop
  endfacet
  facet normal 0.671473 -0.740526 -0.0273198
    outer loop
      vertex 158.38 5.87276 0
      vertex 159.073 5.02544 40
      vertex 157.829 5.37314 0
    endloop
  endfacet
  facet normal 0.526746 -0.84959 -0.0271227
    outer loop
      vertex 159.073 5.02544 40
      vertex 158.38 5.87276 0
      vertex 159.075 5.02668 40
    endloop
  endfacet
  facet normal 0.146656 -0.98881 -0.0273221
    outer loop
      vertex 162.455 7.56068 0
      vertex 162.561 6.47115 40
      vertex 161.719 7.45152 0
    endloop
  endfacet
  facet normal 0.133736 -0.99064 -0.0273377
    outer loop
      vertex 162.561 6.47115 40
      vertex 162.455 7.56068 0
      vertex 162.563 6.47142 40
    endloop
  endfacet
  facet normal 0.513749 0.857505 -0.0273209
    outer loop
      vertex 159.619 -6.70019 0
      vertex 159.589 -5.40778 40
      vertex 160.135 -5.7349 40
    endloop
  endfacet
  facet normal 0.379187 0.924847 -0.0295976
    outer loop
      vertex 159.589 -5.40778 40
      vertex 159.619 -6.70019 0
      vertex 159.617 -6.69937 0
    endloop
  endfacet
  facet normal 0.526756 0.849606 -0.0264215
    outer loop
      vertex 160.995 -7.27013 0
      vertex 161.311 -6.22211 40
      vertex 161.312 -6.22273 40
    endloop
  endfacet
  facet normal 0.336548 0.94127 -0.0273205
    outer loop
      vertex 161.311 -6.22211 40
      vertex 160.995 -7.27013 0
      vertex 160.294 -7.01949 0
    endloop
  endfacet
  facet normal -0.727122 0.685964 -0.0273423
    outer loop
      vertex 168.571 -5.37314 0
      vertex 167.798 -4.59813 40
      vertex 168.572 -5.37208 0
    endloop
  endfacet
  facet normal -0.671671 0.740345 -0.0273244
    outer loop
      vertex 167.798 -4.59813 40
      vertex 168.571 -5.37314 0
      vertex 167.327 -5.02544 40
    endloop
  endfacet
  facet normal -0.242978 0.969647 -0.0273195
    outer loop
      vertex 164.684 -7.4509 0
      vertex 164.469 -6.37779 40
      vertex 165.086 -6.22318 40
    endloop
  endfacet
  facet normal -0.186591 0.982057 -0.0273493
    outer loop
      vertex 164.469 -6.37779 40
      vertex 164.684 -7.4509 0
      vertex 164.682 -7.45128 0
    endloop
  endfacet
  facet normal 0.857493 0.51377 -0.0273141
    outer loop
      vertex 157.792 -3.61114 40
      vertex 156.5 -3.58133 0
      vertex 157.465 -3.06537 40
    endloop
  endfacet
  facet normal 0.805388 0.592197 -0.0255727
    outer loop
      vertex 156.5 -3.58133 0
      vertex 157.792 -3.61114 40
      vertex 156.501 -3.58269 0
    endloop
  endfacet
  facet normal 0.846192 0.532196 -0.0269323
    outer loop
      vertex 157.793 -3.61273 40
      vertex 156.501 -3.58269 0
      vertex 157.792 -3.61114 40
    endloop
  endfacet
  facet normal 0.85769 0.513442 -0.0273178
    outer loop
      vertex 156.501 -3.58269 0
      vertex 157.793 -3.61273 40
      vertex 156.883 -4.22081 0
    endloop
  endfacet
  facet normal 0.802934 0.595441 -0.0273187
    outer loop
      vertex 158.172 -4.1238 40
      vertex 156.883 -4.22081 0
      vertex 157.793 -3.61273 40
    endloop
  endfacet
  facet normal 0.78774 0.615422 -0.0268775
    outer loop
      vertex 156.883 -4.22081 0
      vertex 158.172 -4.1238 40
      vertex 156.884 -4.22209 0
    endloop
  endfacet
  facet normal 0.336826 0.94117 -0.0273256
    outer loop
      vertex 160.294 -7.01949 0
      vertex 160.712 -6.00774 40
      vertex 161.311 -6.22211 40
    endloop
  endfacet
  facet normal 0.46812 0.883245 -0.0272324
    outer loop
      vertex 160.712 -6.00774 40
      vertex 160.294 -7.01949 0
      vertex 160.293 -7.01896 0
    endloop
  endfacet
  facet normal 0.983489 -0.145853 0.107132
    outer loop
      vertex 96.9258 -1.50946 -24
      vertex 94.1541 -2.49716 0.0999994
      vertex 96.7041 -3.00439 -24
    endloop
  endfacet
  facet normal -0.736645 -0.66774 0.107136
    outer loop
      vertex 71.7055 -8.12023 0.0999994
      vertex 69.6956 -9.76966 -24
      vertex 70.7106 -10.8894 -24
    endloop
  endfacet
  facet normal 0.993048 0.0487572 0.107134
    outer loop
      vertex 97 0 -24
      vertex 94.3384 1.25462 0.0999994
      vertex 94.4 0 0.0999994
    endloop
  endfacet
  facet normal 0.993046 0.0488148 0.107131
    outer loop
      vertex 96.9258 1.50946 -24
      vertex 94.3384 1.25462 0.0999994
      vertex 97 0 -24
    endloop
  endfacet
  facet normal 0.667753 0.736633 0.107137
    outer loop
      vertex 91.3697 11.9044 -24
      vertex 89.7202 9.89453 0.0999994
      vertex 92.4894 10.8894 -24
    endloop
  endfacet
  facet normal -0.983488 0.145853 0.107136
    outer loop
      vertex 66.4959 3.00439 -24
      vertex 66.2742 1.50946 -24
      vertex 69.046 2.49716 0.0999994
    endloop
  endfacet
  facet normal -0.0488135 0.993046 0.107131
    outer loop
      vertex 81.6 15.4 -24
      vertex 80.0905 15.3258 -24
      vertex 80.3454 12.7384 0.0999994
    endloop
  endfacet
  facet normal -0.964451 -0.241572 0.107136
    outer loop
      vertex 69.046 -2.49716 0.0999994
      vertex 66.8631 -4.47038 -24
      vertex 69.3512 -3.71564 0.0999994
    endloop
  endfacet
  facet normal 0.852779 -0.511166 0.107133
    outer loop
      vertex 95.1816 -7.25951 -24
      vertex 92.2428 -7.1113 0.0999994
      vertex 94.4046 -8.55578 -24
    endloop
  endfacet
  facet normal 0.241573 -0.964451 0.107132
    outer loop
      vertex 86.0704 -14.7369 -24
      vertex 84.0972 -12.5541 0.0999994
      vertex 84.6044 -15.1041 -24
    endloop
  endfacet
  facet normal -0.96445 -0.241575 0.107136
    outer loop
      vertex 69.046 -2.49716 0.0999994
      vertex 66.4959 -3.00439 -24
      vertex 66.8631 -4.47038 -24
    endloop
  endfacet
  facet normal -0.898776 -0.425117 0.107134
    outer loop
      vertex 69.7743 -4.89835 0.0999994
      vertex 68.0184 -7.25951 -24
      vertex 70.3114 -6.03388 0.0999994
    endloop
  endfacet
  facet normal 0.736645 -0.66774 0.107136
    outer loop
      vertex 93.5044 -9.76966 -24
      vertex 91.4945 -8.12023 0.0999994
      vertex 92.4894 -10.8894 -24
    endloop
  endfacet
  facet normal -0.334997 -0.936109 0.107131
    outer loop
      vertex 76.7017 -11.8257 0.0999994
      vertex 75.7067 -14.2277 -24
      vertex 77.1296 -14.7369 -24
    endloop
  endfacet
  facet normal -0.667665 0.736714 0.10713
    outer loop
      vertex 73.4798 9.89453 0.0999994
      vertex 70.7106 10.8894 -24
      vertex 72.549 9.05097 0.0999994
    endloop
  endfacet
  facet normal -0.241573 0.964451 0.107132
    outer loop
      vertex 78.5956 15.1041 -24
      vertex 77.1296 14.7369 -24
      vertex 79.1028 12.5541 0.0999994
    endloop
  endfacet
  facet normal -0.511157 0.852784 0.107133
    outer loop
      vertex 74.3405 13.5816 -24
      vertex 73.0442 12.8046 -24
      vertex 74.4887 10.6428 0.0999994
    endloop
  endfacet
  facet normal -0.852779 0.511166 0.107133
    outer loop
      vertex 68.7954 8.55578 -24
      vertex 68.0184 7.25951 -24
      vertex 70.9572 7.1113 0.0999994
    endloop
  endfacet
  facet normal -0.667665 -0.736714 0.10713
    outer loop
      vertex 72.549 -9.05097 0.0999994
      vertex 70.7106 -10.8894 -24
      vertex 73.4798 -9.89453 0.0999994
    endloop
  endfacet
  facet normal 0.983489 0.145853 0.107132
    outer loop
      vertex 96.7041 3.00439 -24
      vertex 94.1541 2.49716 0.0999994
      vertex 96.9258 1.50946 -24
    endloop
  endfacet
  facet normal -0.667753 0.736633 0.107137
    outer loop
      vertex 71.8303 11.9044 -24
      vertex 70.7106 10.8894 -24
      vertex 73.4798 9.89453 0.0999994
    endloop
  endfacet
  facet normal 0.667665 0.736714 0.10713
    outer loop
      vertex 92.4894 10.8894 -24
      vertex 89.7202 9.89453 0.0999994
      vertex 90.651 9.05097 0.0999994
    endloop
  endfacet
  facet normal 0.048758 -0.993048 0.107134
    outer loop
      vertex 81.6 -12.8 0.0999994
      vertex 81.6 -15.4 -24
      vertex 82.8546 -12.7384 0.0999994
    endloop
  endfacet
  facet normal 0.852785 -0.511155 0.107134
    outer loop
      vertex 92.8886 -6.03388 0.0999994
      vertex 92.2428 -7.1113 0.0999994
      vertex 95.1816 -7.25951 -24
    endloop
  endfacet
  facet normal -0.736716 0.667662 0.10713
    outer loop
      vertex 72.549 9.05097 0.0999994
      vertex 70.7106 10.8894 -24
      vertex 71.7055 8.12023 0.0999994
    endloop
  endfacet
  facet normal -0.852785 -0.511155 0.107134
    outer loop
      vertex 70.3114 -6.03388 0.0999994
      vertex 68.0184 -7.25951 -24
      vertex 70.9572 -7.1113 0.0999994
    endloop
  endfacet
  facet normal 0.983485 0.145876 0.10713
    outer loop
      vertex 96.9258 1.50946 -24
      vertex 94.1541 2.49716 0.0999994
      vertex 94.3384 1.25462 0.0999994
    endloop
  endfacet
  facet normal -0.0488135 -0.993046 0.107131
    outer loop
      vertex 80.3454 -12.7384 0.0999994
      vertex 80.0905 -15.3258 -24
      vertex 81.6 -15.4 -24
    endloop
  endfacet
  facet normal 0.667665 -0.736714 0.10713
    outer loop
      vertex 90.651 -9.05097 0.0999994
      vertex 89.7202 -9.89453 0.0999994
      vertex 92.4894 -10.8894 -24
    endloop
  endfacet
  facet normal 0.334997 -0.936109 0.107131
    outer loop
      vertex 86.4983 -11.8257 0.0999994
      vertex 86.0704 -14.7369 -24
      vertex 87.4933 -14.2277 -24
    endloop
  endfacet
  facet normal -0.592233 -0.798613 0.107134
    outer loop
      vertex 74.4887 -10.6428 0.0999994
      vertex 71.8303 -11.9044 -24
      vertex 73.0442 -12.8046 -24
    endloop
  endfacet
  facet normal 0.936112 0.334988 0.10713
    outer loop
      vertex 95.8277 5.89332 -24
      vertex 93.4257 4.89835 0.0999994
      vertex 96.3369 4.47038 -24
    endloop
  endfacet
  facet normal -0.936112 0.334988 0.10713
    outer loop
      vertex 67.3723 5.89332 -24
      vertex 66.8631 4.47038 -24
      vertex 69.7743 4.89835 0.0999994
    endloop
  endfacet
  facet normal 0.898802 0.425062 0.107131
    outer loop
      vertex 95.1816 7.25951 -24
      vertex 93.4257 4.89835 0.0999994
      vertex 95.8277 5.89332 -24
    endloop
  endfacet
  facet normal -0.898802 -0.425062 0.107131
    outer loop
      vertex 69.7743 -4.89835 0.0999994
      vertex 67.3723 -5.89332 -24
      vertex 68.0184 -7.25951 -24
    endloop
  endfacet
  facet normal -0.048758 0.993048 0.107134
    outer loop
      vertex 81.6 15.4 -24
      vertex 80.3454 12.7384 0.0999994
      vertex 81.6 12.8 0.0999994
    endloop
  endfacet
  facet normal 0.0488135 -0.993046 0.107131
    outer loop
      vertex 82.8546 -12.7384 0.0999994
      vertex 81.6 -15.4 -24
      vertex 83.1095 -15.3258 -24
    endloop
  endfacet
  facet normal 0.798608 -0.592239 0.107133
    outer loop
      vertex 94.4046 -8.55578 -24
      vertex 92.2428 -7.1113 0.0999994
      vertex 93.5044 -9.76966 -24
    endloop
  endfacet
  facet normal -0.59228 -0.798577 0.107137
    outer loop
      vertex 73.4798 -9.89453 0.0999994
      vertex 71.8303 -11.9044 -24
      vertex 74.4887 -10.6428 0.0999994
    endloop
  endfacet
  facet normal -0.936112 -0.334988 0.10713
    outer loop
      vertex 69.7743 -4.89835 0.0999994
      vertex 66.8631 -4.47038 -24
      vertex 67.3723 -5.89332 -24
    endloop
  endfacet
  facet normal -0.96445 0.241575 0.107136
    outer loop
      vertex 66.8631 4.47038 -24
      vertex 66.4959 3.00439 -24
      vertex 69.046 2.49716 0.0999994
    endloop
  endfacet
  facet normal 0.96445 -0.241575 0.107132
    outer loop
      vertex 96.7041 -3.00439 -24
      vertex 94.1541 -2.49716 0.0999994
      vertex 96.3369 -4.47038 -24
    endloop
  endfacet
  facet normal 0.993048 -0.0487572 0.107134
    outer loop
      vertex 94.4 0 0.0999994
      vertex 94.3384 -1.25462 0.0999994
      vertex 97 0 -24
    endloop
  endfacet
  facet normal 0.241573 0.964451 0.107132
    outer loop
      vertex 84.6044 15.1041 -24
      vertex 84.0972 12.5541 0.0999994
      vertex 86.0704 14.7369 -24
    endloop
  endfacet
  facet normal 0.59228 0.798577 0.107137
    outer loop
      vertex 91.3697 11.9044 -24
      vertex 88.7113 10.6428 0.0999994
      vertex 89.7202 9.89453 0.0999994
    endloop
  endfacet
  facet normal -0.798574 0.592284 0.107136
    outer loop
      vertex 71.7055 8.12023 0.0999994
      vertex 69.6956 9.76966 -24
      vertex 70.9572 7.1113 0.0999994
    endloop
  endfacet
  facet normal 0 0 -1
    outer loop
      vertex 94.5893 0 -24
      vertex 97 0 -24
      vertex 96.9258 -1.50946 -24
    endloop
  endfacet
  facet normal 0 0 -1
    outer loop
      vertex 94.5261 -1.27733 -24
      vertex 96.9258 -1.50946 -24
      vertex 96.7041 -3.00439 -24
    endloop
  endfacet
  facet normal 0 0 -1
    outer loop
      vertex 97 0 -24
      vertex 94.5893 0 -24
      vertex 96.9258 1.50946 -24
    endloop
  endfacet
  facet normal 0 0 -1
    outer loop
      vertex 94.3397 -2.53409 -24
      vertex 96.7041 -3.00439 -24
      vertex 96.3369 -4.47038 -24
    endloop
  endfacet
  facet normal 0 0 -1
    outer loop
      vertex 94.527 1.26898 -24
      vertex 96.9258 1.50946 -24
      vertex 94.5893 0 -24
    endloop
  endfacet
  facet normal 0 0 -1
    outer loop
      vertex 94.0286 -3.77455 -24
      vertex 96.3369 -4.47038 -24
      vertex 95.8277 -5.89332 -24
    endloop
  endfacet
  facet normal 0 0 -1
    outer loop
      vertex 94.5268 1.27317 -24
      vertex 96.9258 1.50946 -24
      vertex 94.527 1.26898 -24
    endloop
  endfacet
  facet normal 0 0 -1
    outer loop
      vertex 93.6005 -4.97079 -24
      vertex 95.8277 -5.89332 -24
      vertex 95.1816 -7.25951 -24
    endloop
  endfacet
  facet normal 0 0 -1
    outer loop
      vertex 94.5261 1.27733 -24
      vertex 96.9258 1.50946 -24
      vertex 94.5268 1.27317 -24
    endloop
  endfacet
  facet normal -0 0 -1
    outer loop
      vertex 96.9258 1.50946 -24
      vertex 94.5261 1.27733 -24
      vertex 96.7041 3.00439 -24
    endloop
  endfacet
  facet normal 0 0 -1
    outer loop
      vertex 96.9258 -1.50946 -24
      vertex 94.527 -1.26898 -24
      vertex 94.5893 0 -24
    endloop
  endfacet
  facet normal 0 0 -1
    outer loop
      vertex 96.9258 -1.50946 -24
      vertex 94.5268 -1.27317 -24
      vertex 94.527 -1.26898 -24
    endloop
  endfacet
  facet normal 0 0 -1
    outer loop
      vertex 96.9258 -1.50946 -24
      vertex 94.5261 -1.27733 -24
      vertex 94.5268 -1.27317 -24
    endloop
  endfacet
  facet normal 0 0 -1
    outer loop
      vertex 93.0555 -6.12311 -24
      vertex 95.1816 -7.25951 -24
      vertex 94.4046 -8.55578 -24
    endloop
  endfacet
  facet normal 0 0 -1
    outer loop
      vertex 96.7041 -3.00439 -24
      vertex 94.3397 -2.53409 -24
      vertex 94.5261 -1.27733 -24
    endloop
  endfacet
  facet normal 0 0 -1
    outer loop
      vertex 96.3369 -4.47038 -24
      vertex 94.031 -3.76652 -24
      vertex 94.3397 -2.53409 -24
    endloop
  endfacet
  facet normal 0 0 -1
    outer loop
      vertex 96.3369 -4.47038 -24
      vertex 94.03 -3.77059 -24
      vertex 94.031 -3.76652 -24
    endloop
  endfacet
  facet normal 0 0 -1
    outer loop
      vertex 96.3369 -4.47038 -24
      vertex 94.0286 -3.77455 -24
      vertex 94.03 -3.77059 -24
    endloop
  endfacet
  facet normal 0 0 -1
    outer loop
      vertex 95.8277 -5.89332 -24
      vertex 93.6005 -4.97079 -24
      vertex 94.0286 -3.77455 -24
    endloop
  endfacet
  facet normal 0 0 -1
    outer loop
      vertex 92.3977 -7.21984 -24
      vertex 94.4046 -8.55578 -24
      vertex 93.5044 -9.76966 -24
    endloop
  endfacet
  facet normal 0 0 -1
    outer loop
      vertex 95.1816 -7.25951 -24
      vertex 93.0573 -6.11932 -24
      vertex 93.6005 -4.97079 -24
    endloop
  endfacet
  facet normal 0 0 -1
    outer loop
      vertex 95.1816 -7.25951 -24
      vertex 93.0555 -6.12311 -24
      vertex 93.0573 -6.11932 -24
    endloop
  endfacet
  facet normal 0 0 -1
    outer loop
      vertex 91.638 -8.24344 -24
      vertex 93.5044 -9.76966 -24
      vertex 92.4894 -10.8894 -24
    endloop
  endfacet
  facet normal 0 0 -1
    outer loop
      vertex 94.4046 -8.55578 -24
      vertex 92.4024 -7.21287 -24
      vertex 93.0555 -6.12311 -24
    endloop
  endfacet
  facet normal 0 0 -1
    outer loop
      vertex 94.4046 -8.55578 -24
      vertex 92.4002 -7.21647 -24
      vertex 92.4024 -7.21287 -24
    endloop
  endfacet
  facet normal 0 0 -1
    outer loop
      vertex 94.4046 -8.55578 -24
      vertex 92.3977 -7.21984 -24
      vertex 92.4002 -7.21647 -24
    endloop
  endfacet
  facet normal 0 0 -1
    outer loop
      vertex 93.5044 -9.76966 -24
      vertex 91.6409 -8.24032 -24
      vertex 92.3977 -7.21984 -24
    endloop
  endfacet
  facet normal 0 0 -1
    outer loop
      vertex 93.5044 -9.76966 -24
      vertex 91.638 -8.24344 -24
      vertex 91.6409 -8.24032 -24
    endloop
  endfacet
  facet normal 0 0 -1
    outer loop
      vertex 90.7848 -9.18482 -24
      vertex 92.4894 -10.8894 -24
      vertex 91.3697 -11.9044 -24
    endloop
  endfacet
  facet normal 0 0 -1
    outer loop
      vertex 92.4894 -10.8894 -24
      vertex 90.7848 -9.18482 -24
      vertex 91.638 -8.24344 -24
    endloop
  endfacet
  facet normal 0 0 -1
    outer loop
      vertex 89.8403 -10.0409 -24
      vertex 91.3697 -11.9044 -24
      vertex 90.1558 -12.8046 -24
    endloop
  endfacet
  facet normal 0 0 -1
    outer loop
      vertex 91.3697 -11.9044 -24
      vertex 89.8434 -10.038 -24
      vertex 90.7848 -9.18482 -24
    endloop
  endfacet
  facet normal 0 0 -1
    outer loop
      vertex 91.3697 -11.9044 -24
      vertex 89.8403 -10.0409 -24
      vertex 89.8434 -10.038 -24
    endloop
  endfacet
  facet normal 0 0 -1
    outer loop
      vertex 88.8129 -10.8024 -24
      vertex 90.1558 -12.8046 -24
      vertex 88.8595 -13.5816 -24
    endloop
  endfacet
  facet normal 0 0 -1
    outer loop
      vertex 90.1558 -12.8046 -24
      vertex 88.8198 -10.7977 -24
      vertex 89.8403 -10.0409 -24
    endloop
  endfacet
  facet normal 0 0 -1
    outer loop
      vertex 90.1558 -12.8046 -24
      vertex 88.8165 -10.8002 -24
      vertex 88.8198 -10.7977 -24
    endloop
  endfacet
  facet normal 0 0 -1
    outer loop
      vertex 90.1558 -12.8046 -24
      vertex 88.8129 -10.8024 -24
      vertex 88.8165 -10.8002 -24
    endloop
  endfacet
  facet normal 0 0 -1
    outer loop
      vertex 88.8595 -13.5816 -24
      vertex 87.7231 -11.4555 -24
      vertex 88.8129 -10.8024 -24
    endloop
  endfacet
  facet normal 0 0 -1
    outer loop
      vertex 88.8595 -13.5816 -24
      vertex 87.7193 -11.4573 -24
      vertex 87.7231 -11.4555 -24
    endloop
  endfacet
  facet normal 0 0 -1
    outer loop
      vertex 87.4933 -14.2277 -24
      vertex 87.7193 -11.4573 -24
      vertex 88.8595 -13.5816 -24
    endloop
  endfacet
  facet normal 0 0 -1
    outer loop
      vertex 87.4933 -14.2277 -24
      vertex 86.5708 -12.0005 -24
      vertex 87.7193 -11.4573 -24
    endloop
  endfacet
  facet normal 0 0 -1
    outer loop
      vertex 86.0704 -14.7369 -24
      vertex 86.5708 -12.0005 -24
      vertex 87.4933 -14.2277 -24
    endloop
  endfacet
  facet normal 0 0 -1
    outer loop
      vertex 86.0704 -14.7369 -24
      vertex 85.3745 -12.4286 -24
      vertex 86.5708 -12.0005 -24
    endloop
  endfacet
  facet normal 0 0 -1
    outer loop
      vertex 86.0704 -14.7369 -24
      vertex 85.3706 -12.43 -24
      vertex 85.3745 -12.4286 -24
    endloop
  endfacet
  facet normal 0 0 -1
    outer loop
      vertex 86.0704 -14.7369 -24
      vertex 85.3665 -12.431 -24
      vertex 85.3706 -12.43 -24
    endloop
  endfacet
  facet normal 0 0 -1
    outer loop
      vertex 84.6044 -15.1041 -24
      vertex 85.3665 -12.431 -24
      vertex 86.0704 -14.7369 -24
    endloop
  endfacet
  facet normal 0 0 -1
    outer loop
      vertex 84.6044 -15.1041 -24
      vertex 84.1341 -12.7397 -24
      vertex 85.3665 -12.431 -24
    endloop
  endfacet
  facet normal 0 0 -1
    outer loop
      vertex 83.1095 -15.3258 -24
      vertex 84.1341 -12.7397 -24
      vertex 84.6044 -15.1041 -24
    endloop
  endfacet
  facet normal 0 0 -1
    outer loop
      vertex 83.1095 -15.3258 -24
      vertex 82.8773 -12.9261 -24
      vertex 84.1341 -12.7397 -24
    endloop
  endfacet
  facet normal 0 0 -1
    outer loop
      vertex 83.1095 -15.3258 -24
      vertex 82.8732 -12.9268 -24
      vertex 82.8773 -12.9261 -24
    endloop
  endfacet
  facet normal 0 0 -1
    outer loop
      vertex 83.1095 -15.3258 -24
      vertex 82.869 -12.927 -24
      vertex 82.8732 -12.9268 -24
    endloop
  endfacet
  facet normal 0 0 -1
    outer loop
      vertex 81.6 -15.4 -24
      vertex 82.869 -12.927 -24
      vertex 83.1095 -15.3258 -24
    endloop
  endfacet
  facet normal 0 0 -1
    outer loop
      vertex 81.6 -15.4 -24
      vertex 81.6 -12.9893 -24
      vertex 82.869 -12.927 -24
    endloop
  endfacet
  facet normal 0 0 -1
    outer loop
      vertex 81.6 -15.4 -24
      vertex 80.331 -12.927 -24
      vertex 81.6 -12.9893 -24
    endloop
  endfacet
  facet normal 0 0 -1
    outer loop
      vertex 80.0905 -15.3258 -24
      vertex 80.331 -12.927 -24
      vertex 81.6 -15.4 -24
    endloop
  endfacet
  facet normal -0 0 -1
    outer loop
      vertex 80.331 -12.927 -24
      vertex 80.0905 -15.3258 -24
      vertex 80.3268 -12.9268 -24
    endloop
  endfacet
  facet normal -0 0 -1
    outer loop
      vertex 80.3268 -12.9268 -24
      vertex 80.0905 -15.3258 -24
      vertex 80.3227 -12.9261 -24
    endloop
  endfacet
  facet normal 0 0 -1
    outer loop
      vertex 80.0905 -15.3258 -24
      vertex 79.0659 -12.7397 -24
      vertex 80.3227 -12.9261 -24
    endloop
  endfacet
  facet normal 0 0 -1
    outer loop
      vertex 78.5956 -15.1041 -24
      vertex 79.0659 -12.7397 -24
      vertex 80.0905 -15.3258 -24
    endloop
  endfacet
  facet normal 0 0 -1
    outer loop
      vertex 78.5956 -15.1041 -24
      vertex 77.8335 -12.431 -24
      vertex 79.0659 -12.7397 -24
    endloop
  endfacet
  facet normal 0 0 -1
    outer loop
      vertex 77.1296 -14.7369 -24
      vertex 77.8335 -12.431 -24
      vertex 78.5956 -15.1041 -24
    endloop
  endfacet
  facet normal -0 0 -1
    outer loop
      vertex 77.8335 -12.431 -24
      vertex 77.1296 -14.7369 -24
      vertex 77.8294 -12.43 -24
    endloop
  endfacet
  facet normal -0 0 -1
    outer loop
      vertex 77.8294 -12.43 -24
      vertex 77.1296 -14.7369 -24
      vertex 77.8254 -12.4286 -24
    endloop
  endfacet
  facet normal 0 0 -1
    outer loop
      vertex 77.1296 -14.7369 -24
      vertex 76.6292 -12.0005 -24
      vertex 77.8254 -12.4286 -24
    endloop
  endfacet
  facet normal 0 0 -1
    outer loop
      vertex 75.7067 -14.2277 -24
      vertex 76.6292 -12.0005 -24
      vertex 77.1296 -14.7369 -24
    endloop
  endfacet
  facet normal 0 0 -1
    outer loop
      vertex 75.7067 -14.2277 -24
      vertex 75.4807 -11.4573 -24
      vertex 76.6292 -12.0005 -24
    endloop
  endfacet
  facet normal 0 0 -1
    outer loop
      vertex 74.3405 -13.5816 -24
      vertex 75.4807 -11.4573 -24
      vertex 75.7067 -14.2277 -24
    endloop
  endfacet
  facet normal -0 0 -1
    outer loop
      vertex 75.4807 -11.4573 -24
      vertex 74.3405 -13.5816 -24
      vertex 75.4769 -11.4555 -24
    endloop
  endfacet
  facet normal -0 0 -1
    outer loop
      vertex 75.4769 -11.4555 -24
      vertex 74.3405 -13.5816 -24
      vertex 74.3871 -10.8024 -24
    endloop
  endfacet
  facet normal 0 0 -1
    outer loop
      vertex 73.0442 -12.8046 -24
      vertex 74.3871 -10.8024 -24
      vertex 74.3405 -13.5816 -24
    endloop
  endfacet
  facet normal -0 0 -1
    outer loop
      vertex 74.3871 -10.8024 -24
      vertex 73.0442 -12.8046 -24
      vertex 74.3835 -10.8002 -24
    endloop
  endfacet
  facet normal -0 0 -1
    outer loop
      vertex 74.3835 -10.8002 -24
      vertex 73.0442 -12.8046 -24
      vertex 74.3802 -10.7977 -24
    endloop
  endfacet
  facet normal -0 0 -1
    outer loop
      vertex 74.3802 -10.7977 -24
      vertex 73.0442 -12.8046 -24
      vertex 73.3597 -10.0409 -24
    endloop
  endfacet
  facet normal 0 0 -1
    outer loop
      vertex 71.8303 -11.9044 -24
      vertex 73.3597 -10.0409 -24
      vertex 73.0442 -12.8046 -24
    endloop
  endfacet
  facet normal -0 0 -1
    outer loop
      vertex 73.3597 -10.0409 -24
      vertex 71.8303 -11.9044 -24
      vertex 73.3566 -10.038 -24
    endloop
  endfacet
  facet normal -0 0 -1
    outer loop
      vertex 73.3566 -10.038 -24
      vertex 71.8303 -11.9044 -24
      vertex 72.4152 -9.18482 -24
    endloop
  endfacet
  facet normal 0 0 -1
    outer loop
      vertex 70.7106 -10.8894 -24
      vertex 72.4152 -9.18482 -24
      vertex 71.8303 -11.9044 -24
    endloop
  endfacet
  facet normal -0 0 -1
    outer loop
      vertex 72.4152 -9.18482 -24
      vertex 70.7106 -10.8894 -24
      vertex 71.562 -8.24344 -24
    endloop
  endfacet
  facet normal 0 0 -1
    outer loop
      vertex 69.6956 -9.76966 -24
      vertex 71.562 -8.24344 -24
      vertex 70.7106 -10.8894 -24
    endloop
  endfacet
  facet normal -0 0 -1
    outer loop
      vertex 71.562 -8.24344 -24
      vertex 69.6956 -9.76966 -24
      vertex 71.5591 -8.24032 -24
    endloop
  endfacet
  facet normal -0 0 -1
    outer loop
      vertex 71.5591 -8.24032 -24
      vertex 69.6956 -9.76966 -24
      vertex 70.8023 -7.21984 -24
    endloop
  endfacet
  facet normal 0 0 -1
    outer loop
      vertex 68.7954 -8.55578 -24
      vertex 70.8023 -7.21984 -24
      vertex 69.6956 -9.76966 -24
    endloop
  endfacet
  facet normal -0 0 -1
    outer loop
      vertex 70.8023 -7.21984 -24
      vertex 68.7954 -8.55578 -24
      vertex 70.7998 -7.21647 -24
    endloop
  endfacet
  facet normal -0 0 -1
    outer loop
      vertex 70.7998 -7.21647 -24
      vertex 68.7954 -8.55578 -24
      vertex 70.7976 -7.21287 -24
    endloop
  endfacet
  facet normal -0 0 -1
    outer loop
      vertex 70.7976 -7.21287 -24
      vertex 68.7954 -8.55578 -24
      vertex 70.1445 -6.12311 -24
    endloop
  endfacet
  facet normal 0 0 -1
    outer loop
      vertex 68.0184 -7.25951 -24
      vertex 70.1445 -6.12311 -24
      vertex 68.7954 -8.55578 -24
    endloop
  endfacet
  facet normal -0 0 -1
    outer loop
      vertex 70.1445 -6.12311 -24
      vertex 68.0184 -7.25951 -24
      vertex 70.1427 -6.11932 -24
    endloop
  endfacet
  facet normal -0 0 -1
    outer loop
      vertex 70.1427 -6.11932 -24
      vertex 68.0184 -7.25951 -24
      vertex 69.5994 -4.97079 -24
    endloop
  endfacet
  facet normal 0 0 -1
    outer loop
      vertex 67.3723 -5.89332 -24
      vertex 69.5994 -4.97079 -24
      vertex 68.0184 -7.25951 -24
    endloop
  endfacet
  facet normal -0 0 -1
    outer loop
      vertex 69.5994 -4.97079 -24
      vertex 67.3723 -5.89332 -24
      vertex 69.1714 -3.77455 -24
    endloop
  endfacet
  facet normal 0 0 -1
    outer loop
      vertex 66.8631 -4.47038 -24
      vertex 69.1714 -3.77455 -24
      vertex 67.3723 -5.89332 -24
    endloop
  endfacet
  facet normal -0 0 -1
    outer loop
      vertex 69.1714 -3.77455 -24
      vertex 66.8631 -4.47038 -24
      vertex 69.17 -3.77059 -24
    endloop
  endfacet
  facet normal -0 0 -1
    outer loop
      vertex 69.17 -3.77059 -24
      vertex 66.8631 -4.47038 -24
      vertex 69.169 -3.76652 -24
    endloop
  endfacet
  facet normal -0 0 -1
    outer loop
      vertex 69.169 -3.76652 -24
      vertex 66.8631 -4.47038 -24
      vertex 68.8603 -2.53409 -24
    endloop
  endfacet
  facet normal 0 0 -1
    outer loop
      vertex 66.4959 -3.00439 -24
      vertex 68.8603 -2.53409 -24
      vertex 66.8631 -4.47038 -24
    endloop
  endfacet
  facet normal -0 0 -1
    outer loop
      vertex 68.8603 -2.53409 -24
      vertex 66.4959 -3.00439 -24
      vertex 68.6739 -1.27733 -24
    endloop
  endfacet
  facet normal 0 0 -1
    outer loop
      vertex 94.3397 2.53409 -24
      vertex 96.7041 3.00439 -24
      vertex 94.5261 1.27733 -24
    endloop
  endfacet
  facet normal -0 0 -1
    outer loop
      vertex 96.7041 3.00439 -24
      vertex 94.3397 2.53409 -24
      vertex 96.3369 4.47038 -24
    endloop
  endfacet
  facet normal 0 0 -1
    outer loop
      vertex 94.031 3.76652 -24
      vertex 96.3369 4.47038 -24
      vertex 94.3397 2.53409 -24
    endloop
  endfacet
  facet normal 0 0 -1
    outer loop
      vertex 94.03 3.77059 -24
      vertex 96.3369 4.47038 -24
      vertex 94.031 3.76652 -24
    endloop
  endfacet
  facet normal 0 0 -1
    outer loop
      vertex 94.0286 3.77455 -24
      vertex 96.3369 4.47038 -24
      vertex 94.03 3.77059 -24
    endloop
  endfacet
  facet normal -0 0 -1
    outer loop
      vertex 96.3369 4.47038 -24
      vertex 94.0286 3.77455 -24
      vertex 95.8277 5.89332 -24
    endloop
  endfacet
  facet normal 0 0 -1
    outer loop
      vertex 93.6005 4.97079 -24
      vertex 95.8277 5.89332 -24
      vertex 94.0286 3.77455 -24
    endloop
  endfacet
  facet normal -0 0 -1
    outer loop
      vertex 95.8277 5.89332 -24
      vertex 93.6005 4.97079 -24
      vertex 95.1816 7.25951 -24
    endloop
  endfacet
  facet normal 0 0 -1
    outer loop
      vertex 93.0573 6.11932 -24
      vertex 95.1816 7.25951 -24
      vertex 93.6005 4.97079 -24
    endloop
  endfacet
  facet normal 0 0 -1
    outer loop
      vertex 93.0555 6.12311 -24
      vertex 95.1816 7.25951 -24
      vertex 93.0573 6.11932 -24
    endloop
  endfacet
  facet normal -0 0 -1
    outer loop
      vertex 95.1816 7.25951 -24
      vertex 93.0555 6.12311 -24
      vertex 94.4046 8.55578 -24
    endloop
  endfacet
  facet normal 0 0 -1
    outer loop
      vertex 92.4024 7.21287 -24
      vertex 94.4046 8.55578 -24
      vertex 93.0555 6.12311 -24
    endloop
  endfacet
  facet normal 0 0 -1
    outer loop
      vertex 92.4002 7.21647 -24
      vertex 94.4046 8.55578 -24
      vertex 92.4024 7.21287 -24
    endloop
  endfacet
  facet normal 0 0 -1
    outer loop
      vertex 92.3977 7.21984 -24
      vertex 94.4046 8.55578 -24
      vertex 92.4002 7.21647 -24
    endloop
  endfacet
  facet normal -0 0 -1
    outer loop
      vertex 94.4046 8.55578 -24
      vertex 92.3977 7.21984 -24
      vertex 93.5044 9.76966 -24
    endloop
  endfacet
  facet normal 0 0 -1
    outer loop
      vertex 91.6409 8.24032 -24
      vertex 93.5044 9.76966 -24
      vertex 92.3977 7.21984 -24
    endloop
  endfacet
  facet normal 0 0 -1
    outer loop
      vertex 91.638 8.24344 -24
      vertex 93.5044 9.76966 -24
      vertex 91.6409 8.24032 -24
    endloop
  endfacet
  facet normal -0 0 -1
    outer loop
      vertex 93.5044 9.76966 -24
      vertex 91.638 8.24344 -24
      vertex 92.4894 10.8894 -24
    endloop
  endfacet
  facet normal 0 0 -1
    outer loop
      vertex 90.7848 9.18482 -24
      vertex 92.4894 10.8894 -24
      vertex 91.638 8.24344 -24
    endloop
  endfacet
  facet normal -0 0 -1
    outer loop
      vertex 92.4894 10.8894 -24
      vertex 90.7848 9.18482 -24
      vertex 91.3697 11.9044 -24
    endloop
  endfacet
  facet normal 0 0 -1
    outer loop
      vertex 89.8434 10.038 -24
      vertex 91.3697 11.9044 -24
      vertex 90.7848 9.18482 -24
    endloop
  endfacet
  facet normal 0 0 -1
    outer loop
      vertex 89.8403 10.0409 -24
      vertex 91.3697 11.9044 -24
      vertex 89.8434 10.038 -24
    endloop
  endfacet
  facet normal -0 0 -1
    outer loop
      vertex 91.3697 11.9044 -24
      vertex 89.8403 10.0409 -24
      vertex 90.1558 12.8046 -24
    endloop
  endfacet
  facet normal 0 0 -1
    outer loop
      vertex 88.8198 10.7977 -24
      vertex 90.1558 12.8046 -24
      vertex 89.8403 10.0409 -24
    endloop
  endfacet
  facet normal 0 0 -1
    outer loop
      vertex 88.8165 10.8002 -24
      vertex 90.1558 12.8046 -24
      vertex 88.8198 10.7977 -24
    endloop
  endfacet
  facet normal 0 0 -1
    outer loop
      vertex 88.8129 10.8024 -24
      vertex 90.1558 12.8046 -24
      vertex 88.8165 10.8002 -24
    endloop
  endfacet
  facet normal -0 0 -1
    outer loop
      vertex 90.1558 12.8046 -24
      vertex 88.8129 10.8024 -24
      vertex 88.8595 13.5816 -24
    endloop
  endfacet
  facet normal 0 0 -1
    outer loop
      vertex 87.7231 11.4555 -24
      vertex 88.8595 13.5816 -24
      vertex 88.8129 10.8024 -24
    endloop
  endfacet
  facet normal 0 0 -1
    outer loop
      vertex 87.7193 11.4573 -24
      vertex 88.8595 13.5816 -24
      vertex 87.7231 11.4555 -24
    endloop
  endfacet
  facet normal 0 0 -1
    outer loop
      vertex 87.7193 11.4573 -24
      vertex 87.4933 14.2277 -24
      vertex 88.8595 13.5816 -24
    endloop
  endfacet
  facet normal 0 0 -1
    outer loop
      vertex 86.5708 12.0005 -24
      vertex 87.4933 14.2277 -24
      vertex 87.7193 11.4573 -24
    endloop
  endfacet
  facet normal 0 0 -1
    outer loop
      vertex 86.5708 12.0005 -24
      vertex 86.0704 14.7369 -24
      vertex 87.4933 14.2277 -24
    endloop
  endfacet
  facet normal 0 0 -1
    outer loop
      vertex 85.3745 12.4286 -24
      vertex 86.0704 14.7369 -24
      vertex 86.5708 12.0005 -24
    endloop
  endfacet
  facet normal 0 0 -1
    outer loop
      vertex 85.3706 12.43 -24
      vertex 86.0704 14.7369 -24
      vertex 85.3745 12.4286 -24
    endloop
  endfacet
  facet normal 0 0 -1
    outer loop
      vertex 85.3665 12.431 -24
      vertex 86.0704 14.7369 -24
      vertex 85.3706 12.43 -24
    endloop
  endfacet
  facet normal 0 0 -1
    outer loop
      vertex 85.3665 12.431 -24
      vertex 84.6044 15.1041 -24
      vertex 86.0704 14.7369 -24
    endloop
  endfacet
  facet normal 0 0 -1
    outer loop
      vertex 84.1341 12.7397 -24
      vertex 84.6044 15.1041 -24
      vertex 85.3665 12.431 -24
    endloop
  endfacet
  facet normal 0 0 -1
    outer loop
      vertex 84.1341 12.7397 -24
      vertex 83.1095 15.3258 -24
      vertex 84.6044 15.1041 -24
    endloop
  endfacet
  facet normal 0 0 -1
    outer loop
      vertex 82.8773 12.9261 -24
      vertex 83.1095 15.3258 -24
      vertex 84.1341 12.7397 -24
    endloop
  endfacet
  facet normal 0 0 -1
    outer loop
      vertex 82.8732 12.9268 -24
      vertex 83.1095 15.3258 -24
      vertex 82.8773 12.9261 -24
    endloop
  endfacet
  facet normal 0 0 -1
    outer loop
      vertex 82.869 12.927 -24
      vertex 83.1095 15.3258 -24
      vertex 82.8732 12.9268 -24
    endloop
  endfacet
  facet normal 0 0 -1
    outer loop
      vertex 81.6 12.9893 -24
      vertex 83.1095 15.3258 -24
      vertex 82.869 12.927 -24
    endloop
  endfacet
  facet normal 0 0 -1
    outer loop
      vertex 81.6 12.9893 -24
      vertex 81.6 15.4 -24
      vertex 83.1095 15.3258 -24
    endloop
  endfacet
  facet normal 0 0 -1
    outer loop
      vertex 80.331 12.927 -24
      vertex 81.6 15.4 -24
      vertex 81.6 12.9893 -24
    endloop
  endfacet
  facet normal 0 0 -1
    outer loop
      vertex 80.0905 15.3258 -24
      vertex 80.331 12.927 -24
      vertex 80.3268 12.9268 -24
    endloop
  endfacet
  facet normal 0 0 -1
    outer loop
      vertex 80.0905 15.3258 -24
      vertex 80.3268 12.9268 -24
      vertex 80.3227 12.9261 -24
    endloop
  endfacet
  facet normal 0 0 -1
    outer loop
      vertex 80.331 12.927 -24
      vertex 80.0905 15.3258 -24
      vertex 81.6 15.4 -24
    endloop
  endfacet
  facet normal 0 0 -1
    outer loop
      vertex 79.0659 12.7397 -24
      vertex 80.0905 15.3258 -24
      vertex 80.3227 12.9261 -24
    endloop
  endfacet
  facet normal 0 0 -1
    outer loop
      vertex 79.0659 12.7397 -24
      vertex 78.5956 15.1041 -24
      vertex 80.0905 15.3258 -24
    endloop
  endfacet
  facet normal 0 0 -1
    outer loop
      vertex 77.8335 12.431 -24
      vertex 78.5956 15.1041 -24
      vertex 79.0659 12.7397 -24
    endloop
  endfacet
  facet normal 0 0 -1
    outer loop
      vertex 77.1296 14.7369 -24
      vertex 77.8335 12.431 -24
      vertex 77.8294 12.43 -24
    endloop
  endfacet
  facet normal 0 0 -1
    outer loop
      vertex 77.1296 14.7369 -24
      vertex 77.8294 12.43 -24
      vertex 77.8254 12.4286 -24
    endloop
  endfacet
  facet normal 0 0 -1
    outer loop
      vertex 77.8335 12.431 -24
      vertex 77.1296 14.7369 -24
      vertex 78.5956 15.1041 -24
    endloop
  endfacet
  facet normal 0 0 -1
    outer loop
      vertex 76.6292 12.0005 -24
      vertex 77.1296 14.7369 -24
      vertex 77.8254 12.4286 -24
    endloop
  endfacet
  facet normal 0 0 -1
    outer loop
      vertex 76.6292 12.0005 -24
      vertex 75.7067 14.2277 -24
      vertex 77.1296 14.7369 -24
    endloop
  endfacet
  facet normal 0 0 -1
    outer loop
      vertex 75.4807 11.4573 -24
      vertex 75.7067 14.2277 -24
      vertex 76.6292 12.0005 -24
    endloop
  endfacet
  facet normal 0 0 -1
    outer loop
      vertex 74.3405 13.5816 -24
      vertex 75.4807 11.4573 -24
      vertex 75.4769 11.4555 -24
    endloop
  endfacet
  facet normal 0 0 -1
    outer loop
      vertex 74.3405 13.5816 -24
      vertex 75.4769 11.4555 -24
      vertex 74.3871 10.8024 -24
    endloop
  endfacet
  facet normal 0 0 -1
    outer loop
      vertex 73.0442 12.8046 -24
      vertex 74.3871 10.8024 -24
      vertex 74.3835 10.8002 -24
    endloop
  endfacet
  facet normal 0 0 -1
    outer loop
      vertex 73.0442 12.8046 -24
      vertex 74.3835 10.8002 -24
      vertex 74.3802 10.7977 -24
    endloop
  endfacet
  facet normal 0 0 -1
    outer loop
      vertex 75.4807 11.4573 -24
      vertex 74.3405 13.5816 -24
      vertex 75.7067 14.2277 -24
    endloop
  endfacet
  facet normal 0 0 -1
    outer loop
      vertex 73.0442 12.8046 -24
      vertex 74.3802 10.7977 -24
      vertex 73.3597 10.0409 -24
    endloop
  endfacet
  facet normal 0 0 -1
    outer loop
      vertex 71.8303 11.9044 -24
      vertex 73.3597 10.0409 -24
      vertex 73.3566 10.038 -24
    endloop
  endfacet
  facet normal 0 0 -1
    outer loop
      vertex 74.3871 10.8024 -24
      vertex 73.0442 12.8046 -24
      vertex 74.3405 13.5816 -24
    endloop
  endfacet
  facet normal 0 0 -1
    outer loop
      vertex 71.8303 11.9044 -24
      vertex 73.3566 10.038 -24
      vertex 72.4152 9.18482 -24
    endloop
  endfacet
  facet normal 0 0 -1
    outer loop
      vertex 73.3597 10.0409 -24
      vertex 71.8303 11.9044 -24
      vertex 73.0442 12.8046 -24
    endloop
  endfacet
  facet normal 0 0 -1
    outer loop
      vertex 70.7106 10.8894 -24
      vertex 72.4152 9.18482 -24
      vertex 71.562 8.24344 -24
    endloop
  endfacet
  facet normal 0 0 -1
    outer loop
      vertex 69.6956 9.76966 -24
      vertex 71.562 8.24344 -24
      vertex 71.5591 8.24032 -24
    endloop
  endfacet
  facet normal 0 0 -1
    outer loop
      vertex 69.6956 9.76966 -24
      vertex 71.5591 8.24032 -24
      vertex 70.8023 7.21984 -24
    endloop
  endfacet
  facet normal 0 0 -1
    outer loop
      vertex 68.7954 8.55578 -24
      vertex 70.8023 7.21984 -24
      vertex 70.7998 7.21647 -24
    endloop
  endfacet
  facet normal 0 0 -1
    outer loop
      vertex 68.7954 8.55578 -24
      vertex 70.7998 7.21647 -24
      vertex 70.7976 7.21287 -24
    endloop
  endfacet
  facet normal 0 0 -1
    outer loop
      vertex 72.4152 9.18482 -24
      vertex 70.7106 10.8894 -24
      vertex 71.8303 11.9044 -24
    endloop
  endfacet
  facet normal 0 0 -1
    outer loop
      vertex 68.7954 8.55578 -24
      vertex 70.7976 7.21287 -24
      vertex 70.1445 6.12311 -24
    endloop
  endfacet
  facet normal 0 0 -1
    outer loop
      vertex 68.0184 7.25951 -24
      vertex 70.1445 6.12311 -24
      vertex 70.1427 6.11932 -24
    endloop
  endfacet
  facet normal 0 0 -1
    outer loop
      vertex 71.562 8.24344 -24
      vertex 69.6956 9.76966 -24
      vertex 70.7106 10.8894 -24
    endloop
  endfacet
  facet normal 0 0 -1
    outer loop
      vertex 68.0184 7.25951 -24
      vertex 70.1427 6.11932 -24
      vertex 69.5994 4.97079 -24
    endloop
  endfacet
  facet normal 0 0 -1
    outer loop
      vertex 67.3723 5.89332 -24
      vertex 69.5994 4.97079 -24
      vertex 69.1714 3.77455 -24
    endloop
  endfacet
  facet normal 0 0 -1
    outer loop
      vertex 66.8631 4.47038 -24
      vertex 69.1714 3.77455 -24
      vertex 69.17 3.77059 -24
    endloop
  endfacet
  facet normal 0 0 -1
    outer loop
      vertex 66.8631 4.47038 -24
      vertex 69.17 3.77059 -24
      vertex 69.169 3.76652 -24
    endloop
  endfacet
  facet normal 0 0 -1
    outer loop
      vertex 66.8631 4.47038 -24
      vertex 69.169 3.76652 -24
      vertex 68.8603 2.53409 -24
    endloop
  endfacet
  facet normal 0 0 -1
    outer loop
      vertex 70.8023 7.21984 -24
      vertex 68.7954 8.55578 -24
      vertex 69.6956 9.76966 -24
    endloop
  endfacet
  facet normal 0 0 -1
    outer loop
      vertex 66.4959 3.00439 -24
      vertex 68.8603 2.53409 -24
      vertex 68.6739 1.27733 -24
    endloop
  endfacet
  facet normal 0 0 -1
    outer loop
      vertex 66.2742 1.50946 -24
      vertex 68.6739 1.27733 -24
      vertex 68.6732 1.27317 -24
    endloop
  endfacet
  facet normal 0 0 -1
    outer loop
      vertex 66.2742 1.50946 -24
      vertex 68.6732 1.27317 -24
      vertex 68.673 1.26898 -24
    endloop
  endfacet
  facet normal 0 0 -1
    outer loop
      vertex 66.2742 1.50946 -24
      vertex 68.673 1.26898 -24
      vertex 68.6107 0 -24
    endloop
  endfacet
  facet normal 0 0 -1
    outer loop
      vertex 66.2742 -1.50946 -24
      vertex 68.6739 -1.27733 -24
      vertex 66.4959 -3.00439 -24
    endloop
  endfacet
  facet normal 0 0 -1
    outer loop
      vertex 70.1445 6.12311 -24
      vertex 68.0184 7.25951 -24
      vertex 68.7954 8.55578 -24
    endloop
  endfacet
  facet normal -0 0 -1
    outer loop
      vertex 68.6739 -1.27733 -24
      vertex 66.2742 -1.50946 -24
      vertex 68.6732 -1.27317 -24
    endloop
  endfacet
  facet normal 0 0 -1
    outer loop
      vertex 69.5994 4.97079 -24
      vertex 67.3723 5.89332 -24
      vertex 68.0184 7.25951 -24
    endloop
  endfacet
  facet normal -0 0 -1
    outer loop
      vertex 68.6732 -1.27317 -24
      vertex 66.2742 -1.50946 -24
      vertex 68.673 -1.26898 -24
    endloop
  endfacet
  facet normal 0 0 -1
    outer loop
      vertex 69.1714 3.77455 -24
      vertex 66.8631 4.47038 -24
      vertex 67.3723 5.89332 -24
    endloop
  endfacet
  facet normal -0 0 -1
    outer loop
      vertex 68.673 -1.26898 -24
      vertex 66.2742 -1.50946 -24
      vertex 68.6107 0 -24
    endloop
  endfacet
  facet normal 0 0 -1
    outer loop
      vertex 68.8603 2.53409 -24
      vertex 66.4959 3.00439 -24
      vertex 66.8631 4.47038 -24
    endloop
  endfacet
  facet normal 0 0 -1
    outer loop
      vertex 66.2 0 -24
      vertex 68.6107 0 -24
      vertex 66.2742 -1.50946 -24
    endloop
  endfacet
  facet normal 0 0 -1
    outer loop
      vertex 68.6739 1.27733 -24
      vertex 66.2742 1.50946 -24
      vertex 66.4959 3.00439 -24
    endloop
  endfacet
  facet normal 0 0 -1
    outer loop
      vertex 68.6107 0 -24
      vertex 66.2 0 -24
      vertex 66.2742 1.50946 -24
    endloop
  endfacet
  facet normal -0.936145 0.334894 0.107136
    outer loop
      vertex 69.7743 4.89835 0.0999994
      vertex 66.8631 4.47038 -24
      vertex 69.3512 3.71564 0.0999994
    endloop
  endfacet
  facet normal 0.592233 0.798613 0.107134
    outer loop
      vertex 90.1558 12.8046 -24
      vertex 88.7113 10.6428 0.0999994
      vertex 91.3697 11.9044 -24
    endloop
  endfacet
  facet normal 0.667753 -0.736633 0.107137
    outer loop
      vertex 92.4894 -10.8894 -24
      vertex 89.7202 -9.89453 0.0999994
      vertex 91.3697 -11.9044 -24
    endloop
  endfacet
  facet normal -0.852785 0.511155 0.107134
    outer loop
      vertex 70.9572 7.1113 0.0999994
      vertex 68.0184 7.25951 -24
      vertex 70.3114 6.03388 0.0999994
    endloop
  endfacet
  facet normal 0.511162 -0.852781 0.107133
    outer loop
      vertex 88.7113 -10.6428 0.0999994
      vertex 87.6339 -11.2886 0.0999994
      vertex 88.8595 -13.5816 -24
    endloop
  endfacet
  facet normal 0.241661 -0.964428 0.107137
    outer loop
      vertex 85.3156 -12.2488 0.0999994
      vertex 84.0972 -12.5541 0.0999994
      vertex 86.0704 -14.7369 -24
    endloop
  endfacet
  facet normal -0.993048 -0.0487572 0.107134
    outer loop
      vertex 68.8 0 0.0999994
      vertex 66.2 0 -24
      vertex 68.8616 -1.25462 0.0999994
    endloop
  endfacet
  facet normal -0.993046 -0.0488148 0.107131
    outer loop
      vertex 68.8616 -1.25462 0.0999994
      vertex 66.2 0 -24
      vertex 66.2742 -1.50946 -24
    endloop
  endfacet
  facet normal 0.96445 0.241575 0.107132
    outer loop
      vertex 96.3369 4.47038 -24
      vertex 94.1541 2.49716 0.0999994
      vertex 96.7041 3.00439 -24
    endloop
  endfacet
  facet normal 0.852785 0.511155 0.107134
    outer loop
      vertex 95.1816 7.25951 -24
      vertex 92.2428 7.1113 0.0999994
      vertex 92.8886 6.03388 0.0999994
    endloop
  endfacet
  facet normal -0.59228 0.798577 0.107137
    outer loop
      vertex 74.4887 10.6428 0.0999994
      vertex 71.8303 11.9044 -24
      vertex 73.4798 9.89453 0.0999994
    endloop
  endfacet
  facet normal -0.736716 -0.667662 0.10713
    outer loop
      vertex 71.7055 -8.12023 0.0999994
      vertex 70.7106 -10.8894 -24
      vertex 72.549 -9.05097 0.0999994
    endloop
  endfacet
  facet normal 0.145869 0.983486 0.107131
    outer loop
      vertex 83.1095 15.3258 -24
      vertex 82.8546 12.7384 0.0999994
      vertex 84.0972 12.5541 0.0999994
    endloop
  endfacet
  facet normal -0.42506 -0.898803 0.107131
    outer loop
      vertex 76.7017 -11.8257 0.0999994
      vertex 74.3405 -13.5816 -24
      vertex 75.7067 -14.2277 -24
    endloop
  endfacet
  facet normal -0.983474 -0.145953 0.10713
    outer loop
      vertex 68.8616 -1.25462 0.0999994
      vertex 66.2742 -1.50946 -24
      vertex 69.046 -2.49716 0.0999994
    endloop
  endfacet
  facet normal -0.983488 -0.145853 0.107136
    outer loop
      vertex 69.046 -2.49716 0.0999994
      vertex 66.2742 -1.50946 -24
      vertex 66.4959 -3.00439 -24
    endloop
  endfacet
  facet normal -0.048758 -0.993048 0.107134
    outer loop
      vertex 81.6 -12.8 0.0999994
      vertex 80.3454 -12.7384 0.0999994
      vertex 81.6 -15.4 -24
    endloop
  endfacet
  facet normal 0.145855 -0.983488 0.107132
    outer loop
      vertex 84.0972 -12.5541 0.0999994
      vertex 83.1095 -15.3258 -24
      vertex 84.6044 -15.1041 -24
    endloop
  endfacet
  facet normal 0.334997 0.936109 0.107131
    outer loop
      vertex 87.4933 14.2277 -24
      vertex 86.0704 14.7369 -24
      vertex 86.4983 11.8257 0.0999994
    endloop
  endfacet
  facet normal 0.964432 -0.241646 0.107136
    outer loop
      vertex 94.1541 -2.49716 0.0999994
      vertex 93.8488 -3.71564 0.0999994
      vertex 96.3369 -4.47038 -24
    endloop
  endfacet
  facet normal -0.667753 -0.736633 0.107137
    outer loop
      vertex 73.4798 -9.89453 0.0999994
      vertex 70.7106 -10.8894 -24
      vertex 71.8303 -11.9044 -24
    endloop
  endfacet
  facet normal 0.936145 0.334894 0.107136
    outer loop
      vertex 96.3369 4.47038 -24
      vertex 93.4257 4.89835 0.0999994
      vertex 93.8488 3.71564 0.0999994
    endloop
  endfacet
  facet normal -0.511157 -0.852784 0.107133
    outer loop
      vertex 74.4887 -10.6428 0.0999994
      vertex 73.0442 -12.8046 -24
      vertex 74.3405 -13.5816 -24
    endloop
  endfacet
  facet normal -0.334897 -0.936144 0.107137
    outer loop
      vertex 77.8844 -12.2488 0.0999994
      vertex 76.7017 -11.8257 0.0999994
      vertex 77.1296 -14.7369 -24
    endloop
  endfacet
  facet normal 0.736716 -0.667662 0.10713
    outer loop
      vertex 91.4945 -8.12023 0.0999994
      vertex 90.651 -9.05097 0.0999994
      vertex 92.4894 -10.8894 -24
    endloop
  endfacet
  facet normal 0.993046 -0.0488148 0.107131
    outer loop
      vertex 97 0 -24
      vertex 94.3384 -1.25462 0.0999994
      vertex 96.9258 -1.50946 -24
    endloop
  endfacet
  facet normal 0.798574 0.592284 0.107136
    outer loop
      vertex 93.5044 9.76966 -24
      vertex 91.4945 8.12023 0.0999994
      vertex 92.2428 7.1113 0.0999994
    endloop
  endfacet
  facet normal 0.145869 -0.983486 0.107131
    outer loop
      vertex 84.0972 -12.5541 0.0999994
      vertex 82.8546 -12.7384 0.0999994
      vertex 83.1095 -15.3258 -24
    endloop
  endfacet
  facet normal 0.145855 0.983488 0.107132
    outer loop
      vertex 84.6044 15.1041 -24
      vertex 83.1095 15.3258 -24
      vertex 84.0972 12.5541 0.0999994
    endloop
  endfacet
  facet normal -0.898802 0.425062 0.107131
    outer loop
      vertex 68.0184 7.25951 -24
      vertex 67.3723 5.89332 -24
      vertex 69.7743 4.89835 0.0999994
    endloop
  endfacet
  facet normal 0.42506 -0.898803 0.107131
    outer loop
      vertex 88.8595 -13.5816 -24
      vertex 86.4983 -11.8257 0.0999994
      vertex 87.4933 -14.2277 -24
    endloop
  endfacet
  facet normal 0.425095 -0.898786 0.107133
    outer loop
      vertex 87.6339 -11.2886 0.0999994
      vertex 86.4983 -11.8257 0.0999994
      vertex 88.8595 -13.5816 -24
    endloop
  endfacet
  facet normal -0.936145 -0.334894 0.107136
    outer loop
      vertex 69.3512 -3.71564 0.0999994
      vertex 66.8631 -4.47038 -24
      vertex 69.7743 -4.89835 0.0999994
    endloop
  endfacet
  facet normal 0.798608 0.592239 0.107133
    outer loop
      vertex 93.5044 9.76966 -24
      vertex 92.2428 7.1113 0.0999994
      vertex 94.4046 8.55578 -24
    endloop
  endfacet
  facet normal 0.852779 0.511166 0.107133
    outer loop
      vertex 94.4046 8.55578 -24
      vertex 92.2428 7.1113 0.0999994
      vertex 95.1816 7.25951 -24
    endloop
  endfacet
  facet normal 0.736645 0.66774 0.107136
    outer loop
      vertex 92.4894 10.8894 -24
      vertex 91.4945 8.12023 0.0999994
      vertex 93.5044 9.76966 -24
    endloop
  endfacet
  facet normal 0.898776 0.425117 0.107134
    outer loop
      vertex 95.1816 7.25951 -24
      vertex 92.8886 6.03388 0.0999994
      vertex 93.4257 4.89835 0.0999994
    endloop
  endfacet
  facet normal 0.241661 0.964428 0.107137
    outer loop
      vertex 86.0704 14.7369 -24
      vertex 84.0972 12.5541 0.0999994
      vertex 85.3156 12.2488 0.0999994
    endloop
  endfacet
  facet normal 0.334897 0.936144 0.107137
    outer loop
      vertex 86.0704 14.7369 -24
      vertex 85.3156 12.2488 0.0999994
      vertex 86.4983 11.8257 0.0999994
    endloop
  endfacet
  facet normal -0.42506 0.898803 0.107131
    outer loop
      vertex 75.7067 14.2277 -24
      vertex 74.3405 13.5816 -24
      vertex 76.7017 11.8257 0.0999994
    endloop
  endfacet
  facet normal -0.798608 0.592239 0.107133
    outer loop
      vertex 69.6956 9.76966 -24
      vertex 68.7954 8.55578 -24
      vertex 70.9572 7.1113 0.0999994
    endloop
  endfacet
  facet normal -0.334997 0.936109 0.107131
    outer loop
      vertex 77.1296 14.7369 -24
      vertex 75.7067 14.2277 -24
      vertex 76.7017 11.8257 0.0999994
    endloop
  endfacet
  facet normal 0.798574 -0.592284 0.107136
    outer loop
      vertex 92.2428 -7.1113 0.0999994
      vertex 91.4945 -8.12023 0.0999994
      vertex 93.5044 -9.76966 -24
    endloop
  endfacet
  facet normal 0.936145 -0.334894 0.107136
    outer loop
      vertex 93.8488 -3.71564 0.0999994
      vertex 93.4257 -4.89835 0.0999994
      vertex 96.3369 -4.47038 -24
    endloop
  endfacet
  facet normal -0.425095 0.898786 0.107133
    outer loop
      vertex 76.7017 11.8257 0.0999994
      vertex 74.3405 13.5816 -24
      vertex 75.5661 11.2886 0.0999994
    endloop
  endfacet
  facet normal 0.0488135 0.993046 0.107131
    outer loop
      vertex 83.1095 15.3258 -24
      vertex 81.6 15.4 -24
      vertex 82.8546 12.7384 0.0999994
    endloop
  endfacet
  facet normal 0.511162 0.852781 0.107133
    outer loop
      vertex 88.8595 13.5816 -24
      vertex 87.6339 11.2886 0.0999994
      vertex 88.7113 10.6428 0.0999994
    endloop
  endfacet
  facet normal -0.145869 0.983486 0.107131
    outer loop
      vertex 80.0905 15.3258 -24
      vertex 79.1028 12.5541 0.0999994
      vertex 80.3454 12.7384 0.0999994
    endloop
  endfacet
  facet normal 0.736716 0.667662 0.10713
    outer loop
      vertex 92.4894 10.8894 -24
      vertex 90.651 9.05097 0.0999994
      vertex 91.4945 8.12023 0.0999994
    endloop
  endfacet
  facet normal 0.334897 -0.936144 0.107137
    outer loop
      vertex 86.4983 -11.8257 0.0999994
      vertex 85.3156 -12.2488 0.0999994
      vertex 86.0704 -14.7369 -24
    endloop
  endfacet
  facet normal 0.048758 0.993048 0.107134
    outer loop
      vertex 81.6 15.4 -24
      vertex 81.6 12.8 0.0999994
      vertex 82.8546 12.7384 0.0999994
    endloop
  endfacet
  facet normal -0.964451 0.241572 0.107136
    outer loop
      vertex 69.3512 3.71564 0.0999994
      vertex 66.8631 4.47038 -24
      vertex 69.046 2.49716 0.0999994
    endloop
  endfacet
  facet normal 0.42506 0.898803 0.107131
    outer loop
      vertex 87.4933 14.2277 -24
      vertex 86.4983 11.8257 0.0999994
      vertex 88.8595 13.5816 -24
    endloop
  endfacet
  facet normal 0.983485 -0.145876 0.10713
    outer loop
      vertex 94.3384 -1.25462 0.0999994
      vertex 94.1541 -2.49716 0.0999994
      vertex 96.9258 -1.50946 -24
    endloop
  endfacet
  facet normal -0 0 1
    outer loop
      vertex 92.0104 0.00524373 0.0999994
      vertex 94.4 0 0.0999994
      vertex 94.3384 1.25462 0.0999994
    endloop
  endfacet
  facet normal 0 0 1
    outer loop
      vertex 91.9606 1.02043 0.0999994
      vertex 94.3384 1.25462 0.0999994
      vertex 94.1541 2.49716 0.0999994
    endloop
  endfacet
  facet normal 0 0 1
    outer loop
      vertex 94.4 0 0.0999994
      vertex 92.0104 0.00524373 0.0999994
      vertex 92.0107 0 0.0999994
    endloop
  endfacet
  facet normal 0 0 1
    outer loop
      vertex 91.8094 2.03612 0.0999994
      vertex 94.1541 2.49716 0.0999994
      vertex 93.8488 3.71564 0.0999994
    endloop
  endfacet
  facet normal 0 0 1
    outer loop
      vertex 92.0104 -0.00524373 0.0999994
      vertex 94.4 0 0.0999994
      vertex 92.0107 0 0.0999994
    endloop
  endfacet
  facet normal 0 0 1
    outer loop
      vertex 91.5624 3.02207 0.0999994
      vertex 93.8488 3.71564 0.0999994
      vertex 93.4257 4.89835 0.0999994
    endloop
  endfacet
  facet normal 0 0 1
    outer loop
      vertex 94.4 0 0.0999994
      vertex 92.0104 -0.00524373 0.0999994
      vertex 94.3384 -1.25462 0.0999994
    endloop
  endfacet
  facet normal 0 0 1
    outer loop
      vertex 91.216 3.98875 0.0999994
      vertex 93.4257 4.89835 0.0999994
      vertex 92.8886 6.03388 0.0999994
    endloop
  endfacet
  facet normal -0 0 1
    outer loop
      vertex 91.9606 -1.02043 0.0999994
      vertex 94.3384 -1.25462 0.0999994
      vertex 92.0104 -0.00524373 0.0999994
    endloop
  endfacet
  facet normal 0 0 1
    outer loop
      vertex 90.7787 4.91207 0.0999994
      vertex 92.8886 6.03388 0.0999994
      vertex 92.2428 7.1113 0.0999994
    endloop
  endfacet
  facet normal 0 0 1
    outer loop
      vertex 94.3384 -1.25462 0.0999994
      vertex 91.9606 -1.02043 0.0999994
      vertex 94.1541 -2.49716 0.0999994
    endloop
  endfacet
  facet normal -0 0 1
    outer loop
      vertex 91.8107 -2.03103 0.0999994
      vertex 94.1541 -2.49716 0.0999994
      vertex 91.8114 -2.02583 0.0999994
    endloop
  endfacet
  facet normal -0 0 1
    outer loop
      vertex 91.8114 -2.02583 0.0999994
      vertex 94.1541 -2.49716 0.0999994
      vertex 91.9606 -1.02043 0.0999994
    endloop
  endfacet
  facet normal 0 0 1
    outer loop
      vertex 94.3384 1.25462 0.0999994
      vertex 91.9606 1.02043 0.0999994
      vertex 92.0104 0.00524373 0.0999994
    endloop
  endfacet
  facet normal 0 0 1
    outer loop
      vertex 94.1541 2.49716 0.0999994
      vertex 91.8114 2.02583 0.0999994
      vertex 91.9606 1.02043 0.0999994
    endloop
  endfacet
  facet normal 0 0 1
    outer loop
      vertex 94.1541 2.49716 0.0999994
      vertex 91.8107 2.03103 0.0999994
      vertex 91.8114 2.02583 0.0999994
    endloop
  endfacet
  facet normal 0 0 1
    outer loop
      vertex 94.1541 2.49716 0.0999994
      vertex 91.8094 2.03612 0.0999994
      vertex 91.8107 2.03103 0.0999994
    endloop
  endfacet
  facet normal 0 0 1
    outer loop
      vertex 93.8488 3.71564 0.0999994
      vertex 91.5624 3.02207 0.0999994
      vertex 91.8094 2.03612 0.0999994
    endloop
  endfacet
  facet normal 0 0 1
    outer loop
      vertex 90.2562 5.78387 0.0999994
      vertex 92.2428 7.1113 0.0999994
      vertex 91.4945 8.12023 0.0999994
    endloop
  endfacet
  facet normal 0 0 1
    outer loop
      vertex 93.4257 4.89835 0.0999994
      vertex 91.22 3.97906 0.0999994
      vertex 91.5624 3.02207 0.0999994
    endloop
  endfacet
  facet normal 0 0 1
    outer loop
      vertex 93.4257 4.89835 0.0999994
      vertex 91.2182 3.984 0.0999994
      vertex 91.22 3.97906 0.0999994
    endloop
  endfacet
  facet normal 0 0 1
    outer loop
      vertex 93.4257 4.89835 0.0999994
      vertex 91.216 3.98875 0.0999994
      vertex 91.2182 3.984 0.0999994
    endloop
  endfacet
  facet normal 0 0 1
    outer loop
      vertex 92.8886 6.03388 0.0999994
      vertex 90.7814 4.90757 0.0999994
      vertex 91.216 3.98875 0.0999994
    endloop
  endfacet
  facet normal 0 0 1
    outer loop
      vertex 92.8886 6.03388 0.0999994
      vertex 90.7787 4.91207 0.0999994
      vertex 90.7814 4.90757 0.0999994
    endloop
  endfacet
  facet normal 0 0 1
    outer loop
      vertex 89.6476 6.60448 0.0999994
      vertex 91.4945 8.12023 0.0999994
      vertex 90.651 9.05097 0.0999994
    endloop
  endfacet
  facet normal 0 0 1
    outer loop
      vertex 92.2428 7.1113 0.0999994
      vertex 90.2562 5.78387 0.0999994
      vertex 90.7787 4.91207 0.0999994
    endloop
  endfacet
  facet normal 0 0 1
    outer loop
      vertex 88.9576 7.365 0.0999994
      vertex 90.651 9.05097 0.0999994
      vertex 89.7202 9.89453 0.0999994
    endloop
  endfacet
  facet normal 0 0 1
    outer loop
      vertex 91.4945 8.12023 0.0999994
      vertex 89.6507 6.60026 0.0999994
      vertex 90.2562 5.78387 0.0999994
    endloop
  endfacet
  facet normal 0 0 1
    outer loop
      vertex 91.4945 8.12023 0.0999994
      vertex 89.6476 6.60448 0.0999994
      vertex 89.6507 6.60026 0.0999994
    endloop
  endfacet
  facet normal 0 0 1
    outer loop
      vertex 90.651 9.05097 0.0999994
      vertex 88.965 7.35759 0.0999994
      vertex 89.6476 6.60448 0.0999994
    endloop
  endfacet
  facet normal 0 0 1
    outer loop
      vertex 90.651 9.05097 0.0999994
      vertex 88.9615 7.36148 0.0999994
      vertex 88.965 7.35759 0.0999994
    endloop
  endfacet
  facet normal 0 0 1
    outer loop
      vertex 90.651 9.05097 0.0999994
      vertex 88.9576 7.365 0.0999994
      vertex 88.9615 7.36148 0.0999994
    endloop
  endfacet
  facet normal 0 0 1
    outer loop
      vertex 88.2003 8.05071 0.0999994
      vertex 89.7202 9.89453 0.0999994
      vertex 88.7113 10.6428 0.0999994
    endloop
  endfacet
  facet normal 0 0 1
    outer loop
      vertex 89.7202 9.89453 0.0999994
      vertex 88.2045 8.04758 0.0999994
      vertex 88.9576 7.365 0.0999994
    endloop
  endfacet
  facet normal 0 0 1
    outer loop
      vertex 89.7202 9.89453 0.0999994
      vertex 88.2003 8.05071 0.0999994
      vertex 88.2045 8.04758 0.0999994
    endloop
  endfacet
  facet normal 0 0 1
    outer loop
      vertex 87.3839 8.65618 0.0999994
      vertex 88.7113 10.6428 0.0999994
      vertex 87.6339 11.2886 0.0999994
    endloop
  endfacet
  facet normal 0 0 1
    outer loop
      vertex 88.7113 10.6428 0.0999994
      vertex 87.3839 8.65618 0.0999994
      vertex 88.2003 8.05071 0.0999994
    endloop
  endfacet
  facet normal 0 0 1
    outer loop
      vertex 87.6339 11.2886 0.0999994
      vertex 86.5121 9.17872 0.0999994
      vertex 87.3839 8.65618 0.0999994
    endloop
  endfacet
  facet normal 0 0 1
    outer loop
      vertex 87.6339 11.2886 0.0999994
      vertex 86.5076 9.18142 0.0999994
      vertex 86.5121 9.17872 0.0999994
    endloop
  endfacet
  facet normal 0 0 1
    outer loop
      vertex 86.4983 11.8257 0.0999994
      vertex 86.5076 9.18142 0.0999994
      vertex 87.6339 11.2886 0.0999994
    endloop
  endfacet
  facet normal 0 0 1
    outer loop
      vertex 86.4983 11.8257 0.0999994
      vertex 85.5887 9.61599 0.0999994
      vertex 86.5076 9.18142 0.0999994
    endloop
  endfacet
  facet normal 0 0 1
    outer loop
      vertex 86.4983 11.8257 0.0999994
      vertex 85.584 9.61823 0.0999994
      vertex 85.5887 9.61599 0.0999994
    endloop
  endfacet
  facet normal 0 0 1
    outer loop
      vertex 86.4983 11.8257 0.0999994
      vertex 85.5791 9.62 0.0999994
      vertex 85.584 9.61823 0.0999994
    endloop
  endfacet
  facet normal 0 0 1
    outer loop
      vertex 85.3156 12.2488 0.0999994
      vertex 85.5791 9.62 0.0999994
      vertex 86.4983 11.8257 0.0999994
    endloop
  endfacet
  facet normal 0 0 1
    outer loop
      vertex 85.3156 12.2488 0.0999994
      vertex 84.6221 9.96242 0.0999994
      vertex 85.5791 9.62 0.0999994
    endloop
  endfacet
  facet normal 0 0 1
    outer loop
      vertex 84.0972 12.5541 0.0999994
      vertex 84.6221 9.96242 0.0999994
      vertex 85.3156 12.2488 0.0999994
    endloop
  endfacet
  facet normal 0 0 1
    outer loop
      vertex 84.0972 12.5541 0.0999994
      vertex 83.6361 10.2094 0.0999994
      vertex 84.6221 9.96242 0.0999994
    endloop
  endfacet
  facet normal 0 0 1
    outer loop
      vertex 84.0972 12.5541 0.0999994
      vertex 83.631 10.2107 0.0999994
      vertex 83.6361 10.2094 0.0999994
    endloop
  endfacet
  facet normal 0 0 1
    outer loop
      vertex 84.0972 12.5541 0.0999994
      vertex 83.6258 10.2114 0.0999994
      vertex 83.631 10.2107 0.0999994
    endloop
  endfacet
  facet normal 0 0 1
    outer loop
      vertex 82.8546 12.7384 0.0999994
      vertex 83.6258 10.2114 0.0999994
      vertex 84.0972 12.5541 0.0999994
    endloop
  endfacet
  facet normal 0 0 1
    outer loop
      vertex 82.8546 12.7384 0.0999994
      vertex 82.6204 10.3606 0.0999994
      vertex 83.6258 10.2114 0.0999994
    endloop
  endfacet
  facet normal 0 0 1
    outer loop
      vertex 82.8546 12.7384 0.0999994
      vertex 81.6052 10.4104 0.0999994
      vertex 82.6204 10.3606 0.0999994
    endloop
  endfacet
  facet normal 0 0 1
    outer loop
      vertex 81.6 12.8 0.0999994
      vertex 81.6052 10.4104 0.0999994
      vertex 82.8546 12.7384 0.0999994
    endloop
  endfacet
  facet normal 0 0 1
    outer loop
      vertex 81.6 12.8 0.0999994
      vertex 81.6 10.4107 0.0999994
      vertex 81.6052 10.4104 0.0999994
    endloop
  endfacet
  facet normal 0 0 1
    outer loop
      vertex 81.6 12.8 0.0999994
      vertex 81.5948 10.4104 0.0999994
      vertex 81.6 10.4107 0.0999994
    endloop
  endfacet
  facet normal 0 0 1
    outer loop
      vertex 81.6 12.8 0.0999994
      vertex 80.5796 10.3606 0.0999994
      vertex 81.5948 10.4104 0.0999994
    endloop
  endfacet
  facet normal -0 0 1
    outer loop
      vertex 80.3454 12.7384 0.0999994
      vertex 80.5796 10.3606 0.0999994
      vertex 81.6 12.8 0.0999994
    endloop
  endfacet
  facet normal 0 0 1
    outer loop
      vertex 80.3454 12.7384 0.0999994
      vertex 79.5742 10.2114 0.0999994
      vertex 80.5796 10.3606 0.0999994
    endloop
  endfacet
  facet normal -0 0 1
    outer loop
      vertex 79.1028 12.5541 0.0999994
      vertex 79.5742 10.2114 0.0999994
      vertex 80.3454 12.7384 0.0999994
    endloop
  endfacet
  facet normal 0 0 1
    outer loop
      vertex 79.5742 10.2114 0.0999994
      vertex 79.1028 12.5541 0.0999994
      vertex 79.569 10.2107 0.0999994
    endloop
  endfacet
  facet normal 0 0 1
    outer loop
      vertex 79.569 10.2107 0.0999994
      vertex 79.1028 12.5541 0.0999994
      vertex 79.5639 10.2094 0.0999994
    endloop
  endfacet
  facet normal 0 0 1
    outer loop
      vertex 79.1028 12.5541 0.0999994
      vertex 78.5779 9.96242 0.0999994
      vertex 79.5639 10.2094 0.0999994
    endloop
  endfacet
  facet normal -0 0 1
    outer loop
      vertex 77.8844 12.2488 0.0999994
      vertex 78.5779 9.96242 0.0999994
      vertex 79.1028 12.5541 0.0999994
    endloop
  endfacet
  facet normal 0 0 1
    outer loop
      vertex 77.8844 12.2488 0.0999994
      vertex 77.6209 9.62 0.0999994
      vertex 78.5779 9.96242 0.0999994
    endloop
  endfacet
  facet normal -0 0 1
    outer loop
      vertex 76.7017 11.8257 0.0999994
      vertex 77.6209 9.62 0.0999994
      vertex 77.8844 12.2488 0.0999994
    endloop
  endfacet
  facet normal 0 0 1
    outer loop
      vertex 77.6209 9.62 0.0999994
      vertex 76.7017 11.8257 0.0999994
      vertex 77.616 9.61823 0.0999994
    endloop
  endfacet
  facet normal 0 0 1
    outer loop
      vertex 77.616 9.61823 0.0999994
      vertex 76.7017 11.8257 0.0999994
      vertex 77.6113 9.61599 0.0999994
    endloop
  endfacet
  facet normal 0 0 1
    outer loop
      vertex 76.7017 11.8257 0.0999994
      vertex 76.6924 9.18142 0.0999994
      vertex 77.6113 9.61599 0.0999994
    endloop
  endfacet
  facet normal -0 0 1
    outer loop
      vertex 75.5661 11.2886 0.0999994
      vertex 76.6924 9.18142 0.0999994
      vertex 76.7017 11.8257 0.0999994
    endloop
  endfacet
  facet normal 0 0 1
    outer loop
      vertex 76.6924 9.18142 0.0999994
      vertex 75.5661 11.2886 0.0999994
      vertex 76.6879 9.17872 0.0999994
    endloop
  endfacet
  facet normal 0 0 1
    outer loop
      vertex 76.6879 9.17872 0.0999994
      vertex 75.5661 11.2886 0.0999994
      vertex 75.8161 8.65618 0.0999994
    endloop
  endfacet
  facet normal -0 0 1
    outer loop
      vertex 74.4887 10.6428 0.0999994
      vertex 75.8161 8.65618 0.0999994
      vertex 75.5661 11.2886 0.0999994
    endloop
  endfacet
  facet normal 0 0 1
    outer loop
      vertex 75.8161 8.65618 0.0999994
      vertex 74.4887 10.6428 0.0999994
      vertex 74.9997 8.05071 0.0999994
    endloop
  endfacet
  facet normal -0 0 1
    outer loop
      vertex 73.4798 9.89453 0.0999994
      vertex 74.9997 8.05071 0.0999994
      vertex 74.4887 10.6428 0.0999994
    endloop
  endfacet
  facet normal 0 0 1
    outer loop
      vertex 74.9997 8.05071 0.0999994
      vertex 73.4798 9.89453 0.0999994
      vertex 74.9955 8.04758 0.0999994
    endloop
  endfacet
  facet normal 0 0 1
    outer loop
      vertex 74.9955 8.04758 0.0999994
      vertex 73.4798 9.89453 0.0999994
      vertex 74.2424 7.365 0.0999994
    endloop
  endfacet
  facet normal -0 0 1
    outer loop
      vertex 72.549 9.05097 0.0999994
      vertex 74.2424 7.365 0.0999994
      vertex 73.4798 9.89453 0.0999994
    endloop
  endfacet
  facet normal 0 0 1
    outer loop
      vertex 74.2424 7.365 0.0999994
      vertex 72.549 9.05097 0.0999994
      vertex 74.2385 7.36148 0.0999994
    endloop
  endfacet
  facet normal 0 0 1
    outer loop
      vertex 74.2385 7.36148 0.0999994
      vertex 72.549 9.05097 0.0999994
      vertex 74.235 7.35759 0.0999994
    endloop
  endfacet
  facet normal 0 0 1
    outer loop
      vertex 74.235 7.35759 0.0999994
      vertex 72.549 9.05097 0.0999994
      vertex 73.5524 6.60448 0.0999994
    endloop
  endfacet
  facet normal -0 0 1
    outer loop
      vertex 71.7055 8.12023 0.0999994
      vertex 73.5524 6.60448 0.0999994
      vertex 72.549 9.05097 0.0999994
    endloop
  endfacet
  facet normal 0 0 1
    outer loop
      vertex 73.5524 6.60448 0.0999994
      vertex 71.7055 8.12023 0.0999994
      vertex 73.5493 6.60026 0.0999994
    endloop
  endfacet
  facet normal 0 0 1
    outer loop
      vertex 73.5493 6.60026 0.0999994
      vertex 71.7055 8.12023 0.0999994
      vertex 72.9438 5.78387 0.0999994
    endloop
  endfacet
  facet normal -0 0 1
    outer loop
      vertex 70.9572 7.1113 0.0999994
      vertex 72.9438 5.78387 0.0999994
      vertex 71.7055 8.12023 0.0999994
    endloop
  endfacet
  facet normal 0 0 1
    outer loop
      vertex 72.9438 5.78387 0.0999994
      vertex 70.9572 7.1113 0.0999994
      vertex 72.4213 4.91207 0.0999994
    endloop
  endfacet
  facet normal -0 0 1
    outer loop
      vertex 70.3114 6.03388 0.0999994
      vertex 72.4213 4.91207 0.0999994
      vertex 70.9572 7.1113 0.0999994
    endloop
  endfacet
  facet normal 0 0 1
    outer loop
      vertex 72.4213 4.91207 0.0999994
      vertex 70.3114 6.03388 0.0999994
      vertex 72.4186 4.90757 0.0999994
    endloop
  endfacet
  facet normal 0 0 1
    outer loop
      vertex 72.4186 4.90757 0.0999994
      vertex 70.3114 6.03388 0.0999994
      vertex 71.984 3.98875 0.0999994
    endloop
  endfacet
  facet normal -0 0 1
    outer loop
      vertex 69.7743 4.89835 0.0999994
      vertex 71.984 3.98875 0.0999994
      vertex 70.3114 6.03388 0.0999994
    endloop
  endfacet
  facet normal 0 0 1
    outer loop
      vertex 71.984 3.98875 0.0999994
      vertex 69.7743 4.89835 0.0999994
      vertex 71.9818 3.984 0.0999994
    endloop
  endfacet
  facet normal 0 0 1
    outer loop
      vertex 71.9818 3.984 0.0999994
      vertex 69.7743 4.89835 0.0999994
      vertex 71.98 3.97906 0.0999994
    endloop
  endfacet
  facet normal 0 0 1
    outer loop
      vertex 71.98 3.97906 0.0999994
      vertex 69.7743 4.89835 0.0999994
      vertex 71.6376 3.02207 0.0999994
    endloop
  endfacet
  facet normal -0 0 1
    outer loop
      vertex 69.3512 3.71564 0.0999994
      vertex 71.6376 3.02207 0.0999994
      vertex 69.7743 4.89835 0.0999994
    endloop
  endfacet
  facet normal 0 0 1
    outer loop
      vertex 68.8616 1.25462 0.0999994
      vertex 71.1896 0.00524373 0.0999994
      vertex 71.2394 1.02043 0.0999994
    endloop
  endfacet
  facet normal -0 0 1
    outer loop
      vertex 69.046 2.49716 0.0999994
      vertex 71.3906 2.03612 0.0999994
      vertex 69.3512 3.71564 0.0999994
    endloop
  endfacet
  facet normal 0 0 1
    outer loop
      vertex 71.6376 3.02207 0.0999994
      vertex 69.3512 3.71564 0.0999994
      vertex 71.3906 2.03612 0.0999994
    endloop
  endfacet
  facet normal -0 0 1
    outer loop
      vertex 91.8094 -2.03612 0.0999994
      vertex 94.1541 -2.49716 0.0999994
      vertex 91.8107 -2.03103 0.0999994
    endloop
  endfacet
  facet normal 0 0 1
    outer loop
      vertex 94.1541 -2.49716 0.0999994
      vertex 91.8094 -2.03612 0.0999994
      vertex 93.8488 -3.71564 0.0999994
    endloop
  endfacet
  facet normal -0 0 1
    outer loop
      vertex 91.5624 -3.02207 0.0999994
      vertex 93.8488 -3.71564 0.0999994
      vertex 91.8094 -2.03612 0.0999994
    endloop
  endfacet
  facet normal 0 0 1
    outer loop
      vertex 93.8488 -3.71564 0.0999994
      vertex 91.5624 -3.02207 0.0999994
      vertex 93.4257 -4.89835 0.0999994
    endloop
  endfacet
  facet normal -0 0 1
    outer loop
      vertex 91.22 -3.97906 0.0999994
      vertex 93.4257 -4.89835 0.0999994
      vertex 91.5624 -3.02207 0.0999994
    endloop
  endfacet
  facet normal -0 0 1
    outer loop
      vertex 91.2182 -3.984 0.0999994
      vertex 93.4257 -4.89835 0.0999994
      vertex 91.22 -3.97906 0.0999994
    endloop
  endfacet
  facet normal -0 0 1
    outer loop
      vertex 91.216 -3.98875 0.0999994
      vertex 93.4257 -4.89835 0.0999994
      vertex 91.2182 -3.984 0.0999994
    endloop
  endfacet
  facet normal 0 0 1
    outer loop
      vertex 93.4257 -4.89835 0.0999994
      vertex 91.216 -3.98875 0.0999994
      vertex 92.8886 -6.03388 0.0999994
    endloop
  endfacet
  facet normal -0 0 1
    outer loop
      vertex 90.7814 -4.90757 0.0999994
      vertex 92.8886 -6.03388 0.0999994
      vertex 91.216 -3.98875 0.0999994
    endloop
  endfacet
  facet normal -0 0 1
    outer loop
      vertex 90.7787 -4.91207 0.0999994
      vertex 92.8886 -6.03388 0.0999994
      vertex 90.7814 -4.90757 0.0999994
    endloop
  endfacet
  facet normal 0 0 1
    outer loop
      vertex 92.8886 -6.03388 0.0999994
      vertex 90.7787 -4.91207 0.0999994
      vertex 92.2428 -7.1113 0.0999994
    endloop
  endfacet
  facet normal -0 0 1
    outer loop
      vertex 90.2562 -5.78387 0.0999994
      vertex 92.2428 -7.1113 0.0999994
      vertex 90.7787 -4.91207 0.0999994
    endloop
  endfacet
  facet normal 0 0 1
    outer loop
      vertex 92.2428 -7.1113 0.0999994
      vertex 90.2562 -5.78387 0.0999994
      vertex 91.4945 -8.12023 0.0999994
    endloop
  endfacet
  facet normal -0 0 1
    outer loop
      vertex 89.6507 -6.60026 0.0999994
      vertex 91.4945 -8.12023 0.0999994
      vertex 90.2562 -5.78387 0.0999994
    endloop
  endfacet
  facet normal -0 0 1
    outer loop
      vertex 89.6476 -6.60448 0.0999994
      vertex 91.4945 -8.12023 0.0999994
      vertex 89.6507 -6.60026 0.0999994
    endloop
  endfacet
  facet normal 0 0 1
    outer loop
      vertex 91.4945 -8.12023 0.0999994
      vertex 89.6476 -6.60448 0.0999994
      vertex 90.651 -9.05097 0.0999994
    endloop
  endfacet
  facet normal -0 0 1
    outer loop
      vertex 88.965 -7.35759 0.0999994
      vertex 90.651 -9.05097 0.0999994
      vertex 89.6476 -6.60448 0.0999994
    endloop
  endfacet
  facet normal -0 0 1
    outer loop
      vertex 88.9615 -7.36148 0.0999994
      vertex 90.651 -9.05097 0.0999994
      vertex 88.965 -7.35759 0.0999994
    endloop
  endfacet
  facet normal -0 0 1
    outer loop
      vertex 88.9576 -7.365 0.0999994
      vertex 90.651 -9.05097 0.0999994
      vertex 88.9615 -7.36148 0.0999994
    endloop
  endfacet
  facet normal 0 0 1
    outer loop
      vertex 90.651 -9.05097 0.0999994
      vertex 88.9576 -7.365 0.0999994
      vertex 89.7202 -9.89453 0.0999994
    endloop
  endfacet
  facet normal -0 0 1
    outer loop
      vertex 88.2045 -8.04758 0.0999994
      vertex 89.7202 -9.89453 0.0999994
      vertex 88.9576 -7.365 0.0999994
    endloop
  endfacet
  facet normal -0 0 1
    outer loop
      vertex 88.2003 -8.05071 0.0999994
      vertex 89.7202 -9.89453 0.0999994
      vertex 88.2045 -8.04758 0.0999994
    endloop
  endfacet
  facet normal 0 0 1
    outer loop
      vertex 89.7202 -9.89453 0.0999994
      vertex 88.2003 -8.05071 0.0999994
      vertex 88.7113 -10.6428 0.0999994
    endloop
  endfacet
  facet normal -0 0 1
    outer loop
      vertex 87.3839 -8.65618 0.0999994
      vertex 88.7113 -10.6428 0.0999994
      vertex 88.2003 -8.05071 0.0999994
    endloop
  endfacet
  facet normal 0 0 1
    outer loop
      vertex 88.7113 -10.6428 0.0999994
      vertex 87.3839 -8.65618 0.0999994
      vertex 87.6339 -11.2886 0.0999994
    endloop
  endfacet
  facet normal -0 0 1
    outer loop
      vertex 86.5121 -9.17872 0.0999994
      vertex 87.6339 -11.2886 0.0999994
      vertex 87.3839 -8.65618 0.0999994
    endloop
  endfacet
  facet normal -0 0 1
    outer loop
      vertex 86.5076 -9.18142 0.0999994
      vertex 87.6339 -11.2886 0.0999994
      vertex 86.5121 -9.17872 0.0999994
    endloop
  endfacet
  facet normal 0 0 1
    outer loop
      vertex 86.5076 -9.18142 0.0999994
      vertex 86.4983 -11.8257 0.0999994
      vertex 87.6339 -11.2886 0.0999994
    endloop
  endfacet
  facet normal -0 0 1
    outer loop
      vertex 85.5887 -9.61599 0.0999994
      vertex 86.4983 -11.8257 0.0999994
      vertex 86.5076 -9.18142 0.0999994
    endloop
  endfacet
  facet normal -0 0 1
    outer loop
      vertex 85.584 -9.61823 0.0999994
      vertex 86.4983 -11.8257 0.0999994
      vertex 85.5887 -9.61599 0.0999994
    endloop
  endfacet
  facet normal -0 0 1
    outer loop
      vertex 85.5791 -9.62 0.0999994
      vertex 86.4983 -11.8257 0.0999994
      vertex 85.584 -9.61823 0.0999994
    endloop
  endfacet
  facet normal 0 0 1
    outer loop
      vertex 85.5791 -9.62 0.0999994
      vertex 85.3156 -12.2488 0.0999994
      vertex 86.4983 -11.8257 0.0999994
    endloop
  endfacet
  facet normal -0 0 1
    outer loop
      vertex 84.6221 -9.96242 0.0999994
      vertex 85.3156 -12.2488 0.0999994
      vertex 85.5791 -9.62 0.0999994
    endloop
  endfacet
  facet normal 0 0 1
    outer loop
      vertex 84.6221 -9.96242 0.0999994
      vertex 84.0972 -12.5541 0.0999994
      vertex 85.3156 -12.2488 0.0999994
    endloop
  endfacet
  facet normal -0 0 1
    outer loop
      vertex 83.6361 -10.2094 0.0999994
      vertex 84.0972 -12.5541 0.0999994
      vertex 84.6221 -9.96242 0.0999994
    endloop
  endfacet
  facet normal -0 0 1
    outer loop
      vertex 83.631 -10.2107 0.0999994
      vertex 84.0972 -12.5541 0.0999994
      vertex 83.6361 -10.2094 0.0999994
    endloop
  endfacet
  facet normal -0 0 1
    outer loop
      vertex 83.6258 -10.2114 0.0999994
      vertex 84.0972 -12.5541 0.0999994
      vertex 83.631 -10.2107 0.0999994
    endloop
  endfacet
  facet normal 0 0 1
    outer loop
      vertex 83.6258 -10.2114 0.0999994
      vertex 82.8546 -12.7384 0.0999994
      vertex 84.0972 -12.5541 0.0999994
    endloop
  endfacet
  facet normal -0 0 1
    outer loop
      vertex 82.6204 -10.3606 0.0999994
      vertex 82.8546 -12.7384 0.0999994
      vertex 83.6258 -10.2114 0.0999994
    endloop
  endfacet
  facet normal -0 0 1
    outer loop
      vertex 81.6052 -10.4104 0.0999994
      vertex 82.8546 -12.7384 0.0999994
      vertex 82.6204 -10.3606 0.0999994
    endloop
  endfacet
  facet normal 0 0 1
    outer loop
      vertex 81.6 -12.8 0.0999994
      vertex 81.6052 -10.4104 0.0999994
      vertex 81.6 -10.4107 0.0999994
    endloop
  endfacet
  facet normal 0 0 1
    outer loop
      vertex 81.6052 -10.4104 0.0999994
      vertex 81.6 -12.8 0.0999994
      vertex 82.8546 -12.7384 0.0999994
    endloop
  endfacet
  facet normal 0 0 1
    outer loop
      vertex 81.5948 -10.4104 0.0999994
      vertex 81.6 -12.8 0.0999994
      vertex 81.6 -10.4107 0.0999994
    endloop
  endfacet
  facet normal 0 0 1
    outer loop
      vertex 80.5796 -10.3606 0.0999994
      vertex 81.6 -12.8 0.0999994
      vertex 81.5948 -10.4104 0.0999994
    endloop
  endfacet
  facet normal 0 0 1
    outer loop
      vertex 80.5796 -10.3606 0.0999994
      vertex 80.3454 -12.7384 0.0999994
      vertex 81.6 -12.8 0.0999994
    endloop
  endfacet
  facet normal 0 0 1
    outer loop
      vertex 79.5742 -10.2114 0.0999994
      vertex 80.3454 -12.7384 0.0999994
      vertex 80.5796 -10.3606 0.0999994
    endloop
  endfacet
  facet normal 0 0 1
    outer loop
      vertex 79.1028 -12.5541 0.0999994
      vertex 79.5742 -10.2114 0.0999994
      vertex 79.569 -10.2107 0.0999994
    endloop
  endfacet
  facet normal 0 0 1
    outer loop
      vertex 79.1028 -12.5541 0.0999994
      vertex 79.569 -10.2107 0.0999994
      vertex 79.5639 -10.2094 0.0999994
    endloop
  endfacet
  facet normal 0 0 1
    outer loop
      vertex 79.5742 -10.2114 0.0999994
      vertex 79.1028 -12.5541 0.0999994
      vertex 80.3454 -12.7384 0.0999994
    endloop
  endfacet
  facet normal 0 0 1
    outer loop
      vertex 78.5779 -9.96242 0.0999994
      vertex 79.1028 -12.5541 0.0999994
      vertex 79.5639 -10.2094 0.0999994
    endloop
  endfacet
  facet normal 0 0 1
    outer loop
      vertex 78.5779 -9.96242 0.0999994
      vertex 77.8844 -12.2488 0.0999994
      vertex 79.1028 -12.5541 0.0999994
    endloop
  endfacet
  facet normal 0 0 1
    outer loop
      vertex 77.6209 -9.62 0.0999994
      vertex 77.8844 -12.2488 0.0999994
      vertex 78.5779 -9.96242 0.0999994
    endloop
  endfacet
  facet normal 0 0 1
    outer loop
      vertex 76.7017 -11.8257 0.0999994
      vertex 77.6209 -9.62 0.0999994
      vertex 77.616 -9.61823 0.0999994
    endloop
  endfacet
  facet normal 0 0 1
    outer loop
      vertex 76.7017 -11.8257 0.0999994
      vertex 77.616 -9.61823 0.0999994
      vertex 77.6113 -9.61599 0.0999994
    endloop
  endfacet
  facet normal 0 0 1
    outer loop
      vertex 77.6209 -9.62 0.0999994
      vertex 76.7017 -11.8257 0.0999994
      vertex 77.8844 -12.2488 0.0999994
    endloop
  endfacet
  facet normal 0 0 1
    outer loop
      vertex 76.6924 -9.18142 0.0999994
      vertex 76.7017 -11.8257 0.0999994
      vertex 77.6113 -9.61599 0.0999994
    endloop
  endfacet
  facet normal 0 0 1
    outer loop
      vertex 75.5661 -11.2886 0.0999994
      vertex 76.6924 -9.18142 0.0999994
      vertex 76.6879 -9.17872 0.0999994
    endloop
  endfacet
  facet normal 0 0 1
    outer loop
      vertex 75.5661 -11.2886 0.0999994
      vertex 76.6879 -9.17872 0.0999994
      vertex 75.8161 -8.65618 0.0999994
    endloop
  endfacet
  facet normal 0 0 1
    outer loop
      vertex 76.6924 -9.18142 0.0999994
      vertex 75.5661 -11.2886 0.0999994
      vertex 76.7017 -11.8257 0.0999994
    endloop
  endfacet
  facet normal 0 0 1
    outer loop
      vertex 74.4887 -10.6428 0.0999994
      vertex 75.8161 -8.65618 0.0999994
      vertex 74.9997 -8.05071 0.0999994
    endloop
  endfacet
  facet normal 0 0 1
    outer loop
      vertex 73.4798 -9.89453 0.0999994
      vertex 74.9997 -8.05071 0.0999994
      vertex 74.9955 -8.04758 0.0999994
    endloop
  endfacet
  facet normal 0 0 1
    outer loop
      vertex 75.8161 -8.65618 0.0999994
      vertex 74.4887 -10.6428 0.0999994
      vertex 75.5661 -11.2886 0.0999994
    endloop
  endfacet
  facet normal 0 0 1
    outer loop
      vertex 73.4798 -9.89453 0.0999994
      vertex 74.9955 -8.04758 0.0999994
      vertex 74.2424 -7.365 0.0999994
    endloop
  endfacet
  facet normal 0 0 1
    outer loop
      vertex 72.549 -9.05097 0.0999994
      vertex 74.2424 -7.365 0.0999994
      vertex 74.2385 -7.36148 0.0999994
    endloop
  endfacet
  facet normal 0 0 1
    outer loop
      vertex 72.549 -9.05097 0.0999994
      vertex 74.2385 -7.36148 0.0999994
      vertex 74.235 -7.35759 0.0999994
    endloop
  endfacet
  facet normal 0 0 1
    outer loop
      vertex 72.549 -9.05097 0.0999994
      vertex 74.235 -7.35759 0.0999994
      vertex 73.5524 -6.60448 0.0999994
    endloop
  endfacet
  facet normal 0 0 1
    outer loop
      vertex 71.7055 -8.12023 0.0999994
      vertex 73.5524 -6.60448 0.0999994
      vertex 73.5493 -6.60026 0.0999994
    endloop
  endfacet
  facet normal 0 0 1
    outer loop
      vertex 74.9997 -8.05071 0.0999994
      vertex 73.4798 -9.89453 0.0999994
      vertex 74.4887 -10.6428 0.0999994
    endloop
  endfacet
  facet normal 0 0 1
    outer loop
      vertex 71.7055 -8.12023 0.0999994
      vertex 73.5493 -6.60026 0.0999994
      vertex 72.9438 -5.78387 0.0999994
    endloop
  endfacet
  facet normal 0 0 1
    outer loop
      vertex 74.2424 -7.365 0.0999994
      vertex 72.549 -9.05097 0.0999994
      vertex 73.4798 -9.89453 0.0999994
    endloop
  endfacet
  facet normal 0 0 1
    outer loop
      vertex 70.9572 -7.1113 0.0999994
      vertex 72.9438 -5.78387 0.0999994
      vertex 72.4213 -4.91207 0.0999994
    endloop
  endfacet
  facet normal 0 0 1
    outer loop
      vertex 70.3114 -6.03388 0.0999994
      vertex 72.4213 -4.91207 0.0999994
      vertex 72.4186 -4.90757 0.0999994
    endloop
  endfacet
  facet normal 0 0 1
    outer loop
      vertex 70.3114 -6.03388 0.0999994
      vertex 72.4186 -4.90757 0.0999994
      vertex 71.984 -3.98875 0.0999994
    endloop
  endfacet
  facet normal 0 0 1
    outer loop
      vertex 69.7743 -4.89835 0.0999994
      vertex 71.984 -3.98875 0.0999994
      vertex 71.9818 -3.984 0.0999994
    endloop
  endfacet
  facet normal 0 0 1
    outer loop
      vertex 69.7743 -4.89835 0.0999994
      vertex 71.9818 -3.984 0.0999994
      vertex 71.98 -3.97906 0.0999994
    endloop
  endfacet
  facet normal 0 0 1
    outer loop
      vertex 73.5524 -6.60448 0.0999994
      vertex 71.7055 -8.12023 0.0999994
      vertex 72.549 -9.05097 0.0999994
    endloop
  endfacet
  facet normal 0 0 1
    outer loop
      vertex 69.7743 -4.89835 0.0999994
      vertex 71.98 -3.97906 0.0999994
      vertex 71.6376 -3.02207 0.0999994
    endloop
  endfacet
  facet normal 0 0 1
    outer loop
      vertex 69.3512 -3.71564 0.0999994
      vertex 71.6376 -3.02207 0.0999994
      vertex 71.3906 -2.03612 0.0999994
    endloop
  endfacet
  facet normal 0 0 1
    outer loop
      vertex 69.046 -2.49716 0.0999994
      vertex 71.3906 -2.03612 0.0999994
      vertex 71.3893 -2.03103 0.0999994
    endloop
  endfacet
  facet normal 0 0 1
    outer loop
      vertex 69.046 -2.49716 0.0999994
      vertex 71.3893 -2.03103 0.0999994
      vertex 71.3886 -2.02583 0.0999994
    endloop
  endfacet
  facet normal 0 0 1
    outer loop
      vertex 69.046 -2.49716 0.0999994
      vertex 71.3886 -2.02583 0.0999994
      vertex 71.2394 -1.02043 0.0999994
    endloop
  endfacet
  facet normal -0 0 1
    outer loop
      vertex 68.8 0 0.0999994
      vertex 71.1896 -0.00524373 0.0999994
      vertex 71.1893 0 0.0999994
    endloop
  endfacet
  facet normal 0 0 1
    outer loop
      vertex 72.9438 -5.78387 0.0999994
      vertex 70.9572 -7.1113 0.0999994
      vertex 71.7055 -8.12023 0.0999994
    endloop
  endfacet
  facet normal 0 0 1
    outer loop
      vertex 71.1896 -0.00524373 0.0999994
      vertex 68.8616 -1.25462 0.0999994
      vertex 71.2394 -1.02043 0.0999994
    endloop
  endfacet
  facet normal 0 0 1
    outer loop
      vertex 71.3906 2.03612 0.0999994
      vertex 69.046 2.49716 0.0999994
      vertex 71.3893 2.03103 0.0999994
    endloop
  endfacet
  facet normal 0 0 1
    outer loop
      vertex 71.3893 2.03103 0.0999994
      vertex 69.046 2.49716 0.0999994
      vertex 71.3886 2.02583 0.0999994
    endloop
  endfacet
  facet normal 0 0 1
    outer loop
      vertex 72.4213 -4.91207 0.0999994
      vertex 70.3114 -6.03388 0.0999994
      vertex 70.9572 -7.1113 0.0999994
    endloop
  endfacet
  facet normal 0 0 1
    outer loop
      vertex 71.3886 2.02583 0.0999994
      vertex 69.046 2.49716 0.0999994
      vertex 71.2394 1.02043 0.0999994
    endloop
  endfacet
  facet normal 0 0 1
    outer loop
      vertex 71.984 -3.98875 0.0999994
      vertex 69.7743 -4.89835 0.0999994
      vertex 70.3114 -6.03388 0.0999994
    endloop
  endfacet
  facet normal -0 0 1
    outer loop
      vertex 68.8616 1.25462 0.0999994
      vertex 71.2394 1.02043 0.0999994
      vertex 69.046 2.49716 0.0999994
    endloop
  endfacet
  facet normal 0 0 1
    outer loop
      vertex 71.6376 -3.02207 0.0999994
      vertex 69.3512 -3.71564 0.0999994
      vertex 69.7743 -4.89835 0.0999994
    endloop
  endfacet
  facet normal 0 0 1
    outer loop
      vertex 68.8 0 0.0999994
      vertex 71.1896 0.00524373 0.0999994
      vertex 68.8616 1.25462 0.0999994
    endloop
  endfacet
  facet normal 0 0 1
    outer loop
      vertex 71.3906 -2.03612 0.0999994
      vertex 69.046 -2.49716 0.0999994
      vertex 69.3512 -3.71564 0.0999994
    endloop
  endfacet
  facet normal 0 0 1
    outer loop
      vertex 71.1896 0.00524373 0.0999994
      vertex 68.8 0 0.0999994
      vertex 71.1893 0 0.0999994
    endloop
  endfacet
  facet normal 0 0 1
    outer loop
      vertex 71.2394 -1.02043 0.0999994
      vertex 68.8616 -1.25462 0.0999994
      vertex 69.046 -2.49716 0.0999994
    endloop
  endfacet
  facet normal 0 0 1
    outer loop
      vertex 71.1896 -0.00524373 0.0999994
      vertex 68.8 0 0.0999994
      vertex 68.8616 -1.25462 0.0999994
    endloop
  endfacet
  facet normal -0.241661 0.964428 0.107137
    outer loop
      vertex 79.1028 12.5541 0.0999994
      vertex 77.1296 14.7369 -24
      vertex 77.8844 12.2488 0.0999994
    endloop
  endfacet
  facet normal -0.511162 -0.852781 0.107133
    outer loop
      vertex 74.4887 -10.6428 0.0999994
      vertex 74.3405 -13.5816 -24
      vertex 75.5661 -11.2886 0.0999994
    endloop
  endfacet
  facet normal 0.425095 0.898786 0.107133
    outer loop
      vertex 88.8595 13.5816 -24
      vertex 86.4983 11.8257 0.0999994
      vertex 87.6339 11.2886 0.0999994
    endloop
  endfacet
  facet normal 0.511157 0.852784 0.107133
    outer loop
      vertex 88.8595 13.5816 -24
      vertex 88.7113 10.6428 0.0999994
      vertex 90.1558 12.8046 -24
    endloop
  endfacet
  facet normal 0.898802 -0.425062 0.107131
    outer loop
      vertex 95.8277 -5.89332 -24
      vertex 93.4257 -4.89835 0.0999994
      vertex 95.1816 -7.25951 -24
    endloop
  endfacet
  facet normal 0.964432 0.241646 0.107136
    outer loop
      vertex 96.3369 4.47038 -24
      vertex 93.8488 3.71564 0.0999994
      vertex 94.1541 2.49716 0.0999994
    endloop
  endfacet
  facet normal -0.993048 0.0487572 0.107134
    outer loop
      vertex 68.8616 1.25462 0.0999994
      vertex 66.2 0 -24
      vertex 68.8 0 0.0999994
    endloop
  endfacet
  facet normal 0.936112 -0.334988 0.10713
    outer loop
      vertex 96.3369 -4.47038 -24
      vertex 93.4257 -4.89835 0.0999994
      vertex 95.8277 -5.89332 -24
    endloop
  endfacet
  facet normal -0.425095 -0.898786 0.107133
    outer loop
      vertex 75.5661 -11.2886 0.0999994
      vertex 74.3405 -13.5816 -24
      vertex 76.7017 -11.8257 0.0999994
    endloop
  endfacet
  facet normal -0.736645 0.66774 0.107136
    outer loop
      vertex 70.7106 10.8894 -24
      vertex 69.6956 9.76966 -24
      vertex 71.7055 8.12023 0.0999994
    endloop
  endfacet
  facet normal -0.241661 -0.964428 0.107137
    outer loop
      vertex 77.8844 -12.2488 0.0999994
      vertex 77.1296 -14.7369 -24
      vertex 79.1028 -12.5541 0.0999994
    endloop
  endfacet
  facet normal -0.241573 -0.964451 0.107132
    outer loop
      vertex 79.1028 -12.5541 0.0999994
      vertex 77.1296 -14.7369 -24
      vertex 78.5956 -15.1041 -24
    endloop
  endfacet
  facet normal -0.145855 0.983488 0.107132
    outer loop
      vertex 80.0905 15.3258 -24
      vertex 78.5956 15.1041 -24
      vertex 79.1028 12.5541 0.0999994
    endloop
  endfacet
  facet normal -0.592233 0.798613 0.107134
    outer loop
      vertex 73.0442 12.8046 -24
      vertex 71.8303 11.9044 -24
      vertex 74.4887 10.6428 0.0999994
    endloop
  endfacet
  facet normal -0.983474 0.145953 0.10713
    outer loop
      vertex 69.046 2.49716 0.0999994
      vertex 66.2742 1.50946 -24
      vertex 68.8616 1.25462 0.0999994
    endloop
  endfacet
  facet normal -0.993046 0.0488148 0.107131
    outer loop
      vertex 66.2742 1.50946 -24
      vertex 66.2 0 -24
      vertex 68.8616 1.25462 0.0999994
    endloop
  endfacet
  facet normal -0.145855 -0.983488 0.107132
    outer loop
      vertex 79.1028 -12.5541 0.0999994
      vertex 78.5956 -15.1041 -24
      vertex 80.0905 -15.3258 -24
    endloop
  endfacet
  facet normal -0.145869 -0.983486 0.107131
    outer loop
      vertex 80.3454 -12.7384 0.0999994
      vertex 79.1028 -12.5541 0.0999994
      vertex 80.0905 -15.3258 -24
    endloop
  endfacet
  facet normal -0.798608 -0.592239 0.107133
    outer loop
      vertex 70.9572 -7.1113 0.0999994
      vertex 68.7954 -8.55578 -24
      vertex 69.6956 -9.76966 -24
    endloop
  endfacet
  facet normal -0.798574 -0.592284 0.107136
    outer loop
      vertex 70.9572 -7.1113 0.0999994
      vertex 69.6956 -9.76966 -24
      vertex 71.7055 -8.12023 0.0999994
    endloop
  endfacet
  facet normal -0.852779 -0.511166 0.107133
    outer loop
      vertex 70.9572 -7.1113 0.0999994
      vertex 68.0184 -7.25951 -24
      vertex 68.7954 -8.55578 -24
    endloop
  endfacet
  facet normal -0.898776 0.425117 0.107134
    outer loop
      vertex 70.3114 6.03388 0.0999994
      vertex 68.0184 7.25951 -24
      vertex 69.7743 4.89835 0.0999994
    endloop
  endfacet
  facet normal -0.511162 0.852781 0.107133
    outer loop
      vertex 75.5661 11.2886 0.0999994
      vertex 74.3405 13.5816 -24
      vertex 74.4887 10.6428 0.0999994
    endloop
  endfacet
  facet normal 0.59228 -0.798577 0.107137
    outer loop
      vertex 89.7202 -9.89453 0.0999994
      vertex 88.7113 -10.6428 0.0999994
      vertex 91.3697 -11.9044 -24
    endloop
  endfacet
  facet normal -0.334897 0.936144 0.107137
    outer loop
      vertex 77.1296 14.7369 -24
      vertex 76.7017 11.8257 0.0999994
      vertex 77.8844 12.2488 0.0999994
    endloop
  endfacet
  facet normal 0.898776 -0.425117 0.107134
    outer loop
      vertex 93.4257 -4.89835 0.0999994
      vertex 92.8886 -6.03388 0.0999994
      vertex 95.1816 -7.25951 -24
    endloop
  endfacet
  facet normal 0.511157 -0.852784 0.107133
    outer loop
      vertex 90.1558 -12.8046 -24
      vertex 88.7113 -10.6428 0.0999994
      vertex 88.8595 -13.5816 -24
    endloop
  endfacet
  facet normal 0.592233 -0.798613 0.107134
    outer loop
      vertex 91.3697 -11.9044 -24
      vertex 88.7113 -10.6428 0.0999994
      vertex 90.1558 -12.8046 -24
    endloop
  endfacet
  facet normal -0.993142 -0.0487578 -0.106264
    outer loop
      vertex 94.5893 0 -24
      vertex 92.0104 0.00524373 0.0999994
      vertex 94.527 1.26898 -24
    endloop
  endfacet
  facet normal -0.99272 -0.0567947 -0.106217
    outer loop
      vertex 92.0104 0.00524373 0.0999994
      vertex 94.5893 0 -24
      vertex 92.0107 0 0.0999994
    endloop
  endfacet
  facet normal 0.0487181 0.993144 -0.106262
    outer loop
      vertex 80.331 -12.927 -24
      vertex 80.5796 -10.3606 0.0999994
      vertex 81.5948 -10.4104 0.0999994
    endloop
  endfacet
  facet normal 0.0472959 0.993213 -0.106255
    outer loop
      vertex 80.5796 -10.3606 0.0999994
      vertex 80.331 -12.927 -24
      vertex 80.3268 -12.9268 -24
    endloop
  endfacet
  facet normal 0.936218 0.334968 -0.106263
    outer loop
      vertex 71.98 -3.97906 0.0999994
      vertex 69.17 -3.77059 -24
      vertex 71.6376 -3.02207 0.0999994
    endloop
  endfacet
  facet normal 0.937459 0.331425 -0.106438
    outer loop
      vertex 69.17 -3.77059 -24
      vertex 71.98 -3.97906 0.0999994
      vertex 69.1714 -3.77455 -24
    endloop
  endfacet
  facet normal -0.898186 -0.426579 -0.106269
    outer loop
      vertex 93.0573 6.11932 -24
      vertex 90.7814 4.90757 0.0999994
      vertex 93.0555 6.12311 -24
    endloop
  endfacet
  facet normal -0.89886 -0.425159 -0.106261
    outer loop
      vertex 90.7814 4.90757 0.0999994
      vertex 93.0573 6.11932 -24
      vertex 91.216 3.98875 0.0999994
    endloop
  endfacet
  facet normal 0.99272 -0.0567947 -0.106217
    outer loop
      vertex 68.6107 0 -24
      vertex 71.1896 0.00524373 0.0999994
      vertex 71.1893 0 0.0999994
    endloop
  endfacet
  facet normal 0.993142 -0.0487578 -0.106264
    outer loop
      vertex 71.1896 0.00524373 0.0999994
      vertex 68.6107 0 -24
      vertex 68.673 1.26898 -24
    endloop
  endfacet
  facet normal 0.167346 0.98017 -0.106125
    outer loop
      vertex 80.3227 -12.9261 -24
      vertex 80.5796 -10.3606 0.0999994
      vertex 80.3268 -12.9268 -24
    endloop
  endfacet
  facet normal 0.14596 0.983567 -0.106259
    outer loop
      vertex 80.5796 -10.3606 0.0999994
      vertex 80.3227 -12.9261 -24
      vertex 79.5742 -10.2114 0.0999994
    endloop
  endfacet
  facet normal 0.963415 0.246059 -0.106235
    outer loop
      vertex 71.3906 -2.03612 0.0999994
      vertex 68.8603 -2.53409 -24
      vertex 71.3893 -2.03103 0.0999994
    endloop
  endfacet
  facet normal 0.964541 0.241599 -0.106261
    outer loop
      vertex 68.8603 -2.53409 -24
      vertex 71.3906 -2.03612 0.0999994
      vertex 69.169 -3.76652 -24
    endloop
  endfacet
  facet normal 0.983567 -0.14596 -0.106259
    outer loop
      vertex 71.2394 1.02043 0.0999994
      vertex 68.6739 1.27733 -24
      vertex 71.3886 2.02583 0.0999994
    endloop
  endfacet
  facet normal 0.980566 -0.164999 -0.106142
    outer loop
      vertex 68.6739 1.27733 -24
      vertex 71.2394 1.02043 0.0999994
      vertex 68.6732 1.27317 -24
    endloop
  endfacet
  facet normal 0.898845 -0.425189 -0.106263
    outer loop
      vertex 71.984 3.98875 0.0999994
      vertex 69.5994 4.97079 -24
      vertex 70.1427 6.11932 -24
    endloop
  endfacet
  facet normal 0.902258 -0.417888 -0.106303
    outer loop
      vertex 69.5994 4.97079 -24
      vertex 71.984 3.98875 0.0999994
      vertex 71.9818 3.984 0.0999994
    endloop
  endfacet
  facet normal -0.852899 -0.511148 -0.106261
    outer loop
      vertex 93.0555 6.12311 -24
      vertex 90.7787 4.91207 0.0999994
      vertex 92.4024 7.21287 -24
    endloop
  endfacet
  facet normal -0.852638 -0.511583 -0.106259
    outer loop
      vertex 90.7787 4.91207 0.0999994
      vertex 93.0555 6.12311 -24
      vertex 90.7814 4.90757 0.0999994
    endloop
  endfacet
  facet normal -0.425134 0.898871 -0.106261
    outer loop
      vertex 86.5708 -12.0005 -24
      vertex 85.5887 -9.61599 0.0999994
      vertex 87.7193 -11.4573 -24
    endloop
  endfacet
  facet normal -0.427797 0.897609 -0.106245
    outer loop
      vertex 85.5887 -9.61599 0.0999994
      vertex 86.5708 -12.0005 -24
      vertex 85.584 -9.61823 0.0999994
    endloop
  endfacet
  facet normal -0.145878 -0.983579 -0.106263
    outer loop
      vertex 84.1341 12.7397 -24
      vertex 83.6258 10.2114 0.0999994
      vertex 82.8773 12.9261 -24
    endloop
  endfacet
  facet normal -0.132658 -0.985458 -0.106181
    outer loop
      vertex 83.6258 10.2114 0.0999994
      vertex 84.1341 12.7397 -24
      vertex 83.631 10.2107 0.0999994
    endloop
  endfacet
  facet normal -0.739167 0.66506 -0.106429
    outer loop
      vertex 91.638 -8.24344 -24
      vertex 88.9615 -7.36148 0.0999994
      vertex 88.965 -7.35759 0.0999994
    endloop
  endfacet
  facet normal -0.736763 0.667749 -0.10626
    outer loop
      vertex 88.9615 -7.36148 0.0999994
      vertex 91.638 -8.24344 -24
      vertex 90.7848 -9.18482 -24
    endloop
  endfacet
  facet normal -0.592318 -0.798666 -0.106262
    outer loop
      vertex 88.8165 10.8002 -24
      vertex 88.2003 8.05071 0.0999994
      vertex 87.3839 8.65618 0.0999994
    endloop
  endfacet
  facet normal -0.60047 -0.79262 -0.105781
    outer loop
      vertex 88.2003 8.05071 0.0999994
      vertex 88.8165 10.8002 -24
      vertex 88.8198 10.7977 -24
    endloop
  endfacet
  facet normal -0.235615 0.966023 -0.106228
    outer loop
      vertex 85.3665 -12.431 -24
      vertex 84.6221 -9.96242 0.0999994
      vertex 85.3706 -12.43 -24
    endloop
  endfacet
  facet normal -0.241604 0.964539 -0.106261
    outer loop
      vertex 84.6221 -9.96242 0.0999994
      vertex 85.3665 -12.431 -24
      vertex 83.6361 -10.2094 0.0999994
    endloop
  endfacet
  facet normal -0.511134 0.852907 -0.10626
    outer loop
      vertex 87.7231 -11.4555 -24
      vertex 86.5121 -9.17872 0.0999994
      vertex 88.8129 -10.8024 -24
    endloop
  endfacet
  facet normal -0.511583 0.852638 -0.106257
    outer loop
      vertex 86.5121 -9.17872 0.0999994
      vertex 87.7231 -11.4555 -24
      vertex 86.5076 -9.18142 0.0999994
    endloop
  endfacet
  facet normal 0.99272 0.0567947 -0.106217
    outer loop
      vertex 71.1896 -0.00524373 0.0999994
      vertex 68.6107 0 -24
      vertex 71.1893 0 0.0999994
    endloop
  endfacet
  facet normal 0.993142 0.0487578 -0.106264
    outer loop
      vertex 68.6107 0 -24
      vertex 71.1896 -0.00524373 0.0999994
      vertex 68.673 -1.26898 -24
    endloop
  endfacet
  facet normal 0.0487571 -0.993142 -0.106264
    outer loop
      vertex 81.6 12.9893 -24
      vertex 81.5948 10.4104 0.0999994
      vertex 80.331 12.927 -24
    endloop
  endfacet
  facet normal 0.0572707 -0.992693 -0.106214
    outer loop
      vertex 81.5948 10.4104 0.0999994
      vertex 81.6 12.9893 -24
      vertex 81.6 10.4107 0.0999994
    endloop
  endfacet
  facet normal -0.99272 0.0567947 -0.106217
    outer loop
      vertex 94.5893 0 -24
      vertex 92.0104 -0.00524373 0.0999994
      vertex 92.0107 0 0.0999994
    endloop
  endfacet
  facet normal -0.993142 0.0487578 -0.106264
    outer loop
      vertex 92.0104 -0.00524373 0.0999994
      vertex 94.5893 0 -24
      vertex 94.527 -1.26898 -24
    endloop
  endfacet
  facet normal 0.328469 -0.938482 -0.106583
    outer loop
      vertex 77.8294 12.43 -24
      vertex 77.6209 9.62 0.0999994
      vertex 77.8254 12.4286 -24
    endloop
  endfacet
  facet normal 0.334982 -0.936213 -0.106262
    outer loop
      vertex 77.6209 9.62 0.0999994
      vertex 77.8294 12.43 -24
      vertex 78.5779 9.96242 0.0999994
    endloop
  endfacet
  facet normal 0.848447 -0.518495 -0.106302
    outer loop
      vertex 72.9438 5.78387 0.0999994
      vertex 70.7976 7.21287 -24
      vertex 70.7998 7.21647 -24
    endloop
  endfacet
  facet normal 0.852888 -0.511165 -0.106262
    outer loop
      vertex 70.7976 7.21287 -24
      vertex 72.9438 5.78387 0.0999994
      vertex 72.4213 4.91207 0.0999994
    endloop
  endfacet
  facet normal -0.334982 -0.936213 -0.106262
    outer loop
      vertex 85.3706 12.43 -24
      vertex 85.5791 9.62 0.0999994
      vertex 84.6221 9.96242 0.0999994
    endloop
  endfacet
  facet normal -0.335954 -0.935871 -0.106214
    outer loop
      vertex 85.5791 9.62 0.0999994
      vertex 85.3706 12.43 -24
      vertex 85.3745 12.4286 -24
    endloop
  endfacet
  facet normal -0.511194 -0.852871 -0.106263
    outer loop
      vertex 88.8129 10.8024 -24
      vertex 87.3839 8.65618 0.0999994
      vertex 86.5121 9.17872 0.0999994
    endloop
  endfacet
  facet normal -0.518495 -0.848447 -0.106302
    outer loop
      vertex 87.3839 8.65618 0.0999994
      vertex 88.8129 10.8024 -24
      vertex 88.8165 10.8002 -24
    endloop
  endfacet
  facet normal -0.425105 -0.898885 -0.10626
    outer loop
      vertex 87.7193 11.4573 -24
      vertex 86.5076 9.18142 0.0999994
      vertex 85.5887 9.61599 0.0999994
    endloop
  endfacet
  facet normal -0.425663 -0.898621 -0.106263
    outer loop
      vertex 86.5076 9.18142 0.0999994
      vertex 87.7193 11.4573 -24
      vertex 87.7231 11.4555 -24
    endloop
  endfacet
  facet normal -0.852638 0.511583 -0.106259
    outer loop
      vertex 93.0555 -6.12311 -24
      vertex 90.7787 -4.91207 0.0999994
      vertex 90.7814 -4.90757 0.0999994
    endloop
  endfacet
  facet normal -0.852899 0.511148 -0.106261
    outer loop
      vertex 90.7787 -4.91207 0.0999994
      vertex 93.0555 -6.12311 -24
      vertex 92.4024 -7.21287 -24
    endloop
  endfacet
  facet normal -0.0487181 -0.993144 -0.106262
    outer loop
      vertex 82.869 12.927 -24
      vertex 82.6204 10.3606 0.0999994
      vertex 81.6052 10.4104 0.0999994
    endloop
  endfacet
  facet normal -0.0472959 -0.993213 -0.106255
    outer loop
      vertex 82.6204 10.3606 0.0999994
      vertex 82.869 12.927 -24
      vertex 82.8732 12.9268 -24
    endloop
  endfacet
  facet normal -0.132658 0.985458 -0.106181
    outer loop
      vertex 84.1341 -12.7397 -24
      vertex 83.6258 -10.2114 0.0999994
      vertex 83.631 -10.2107 0.0999994
    endloop
  endfacet
  facet normal -0.145878 0.983579 -0.106263
    outer loop
      vertex 83.6258 -10.2114 0.0999994
      vertex 84.1341 -12.7397 -24
      vertex 82.8773 -12.9261 -24
    endloop
  endfacet
  facet normal -0.33782 -0.935209 -0.106121
    outer loop
      vertex 85.3745 12.4286 -24
      vertex 85.584 9.61823 0.0999994
      vertex 85.5791 9.62 0.0999994
    endloop
  endfacet
  facet normal -0.335022 -0.936199 -0.106261
    outer loop
      vertex 85.584 9.61823 0.0999994
      vertex 85.3745 12.4286 -24
      vertex 86.5708 12.0005 -24
    endloop
  endfacet
  facet normal 0.852899 -0.511148 -0.106261
    outer loop
      vertex 72.4213 4.91207 0.0999994
      vertex 70.1445 6.12311 -24
      vertex 70.7976 7.21287 -24
    endloop
  endfacet
  facet normal 0.852638 -0.511583 -0.106259
    outer loop
      vertex 70.1445 6.12311 -24
      vertex 72.4213 4.91207 0.0999994
      vertex 72.4186 4.90757 0.0999994
    endloop
  endfacet
  facet normal -0.167346 -0.98017 -0.106125
    outer loop
      vertex 82.8773 12.9261 -24
      vertex 82.6204 10.3606 0.0999994
      vertex 82.8732 12.9268 -24
    endloop
  endfacet
  facet normal -0.14596 -0.983567 -0.106259
    outer loop
      vertex 82.6204 10.3606 0.0999994
      vertex 82.8773 12.9261 -24
      vertex 83.6258 10.2114 0.0999994
    endloop
  endfacet
  facet normal 0.245606 0.963531 -0.106238
    outer loop
      vertex 79.0659 -12.7397 -24
      vertex 79.5639 -10.2094 0.0999994
      vertex 79.569 -10.2107 0.0999994
    endloop
  endfacet
  facet normal 0.241604 0.964539 -0.106261
    outer loop
      vertex 79.5639 -10.2094 0.0999994
      vertex 79.0659 -12.7397 -24
      vertex 77.8335 -12.431 -24
    endloop
  endfacet
  facet normal 0.679344 -0.726195 -0.105514
    outer loop
      vertex 73.3597 10.0409 -24
      vertex 74.2424 7.365 0.0999994
      vertex 73.3566 10.038 -24
    endloop
  endfacet
  facet normal 0.667762 -0.736751 -0.106262
    outer loop
      vertex 74.2424 7.365 0.0999994
      vertex 73.3597 10.0409 -24
      vertex 74.9955 8.04758 0.0999994
    endloop
  endfacet
  facet normal 0.964532 0.241634 -0.106263
    outer loop
      vertex 71.6376 -3.02207 0.0999994
      vertex 69.169 -3.76652 -24
      vertex 71.3906 -2.03612 0.0999994
    endloop
  endfacet
  facet normal 0.965621 0.237253 -0.106239
    outer loop
      vertex 69.169 -3.76652 -24
      vertex 71.6376 -3.02207 0.0999994
      vertex 69.17 -3.77059 -24
    endloop
  endfacet
  facet normal 0.594177 0.797299 -0.106152
    outer loop
      vertex 74.3802 -10.7977 -24
      vertex 74.9955 -8.04758 0.0999994
      vertex 74.9997 -8.05071 0.0999994
    endloop
  endfacet
  facet normal 0.592299 0.79868 -0.106262
    outer loop
      vertex 74.9955 -8.04758 0.0999994
      vertex 74.3802 -10.7977 -24
      vertex 73.3597 -10.0409 -24
    endloop
  endfacet
  facet normal -0.963415 0.246059 -0.106235
    outer loop
      vertex 94.3397 -2.53409 -24
      vertex 91.8094 -2.03612 0.0999994
      vertex 91.8107 -2.03103 0.0999994
    endloop
  endfacet
  facet normal -0.964541 0.241599 -0.106261
    outer loop
      vertex 91.8094 -2.03612 0.0999994
      vertex 94.3397 -2.53409 -24
      vertex 94.031 -3.76652 -24
    endloop
  endfacet
  facet normal -0.0572707 -0.992693 -0.106214
    outer loop
      vertex 81.6 12.9893 -24
      vertex 81.6052 10.4104 0.0999994
      vertex 81.6 10.4107 0.0999994
    endloop
  endfacet
  facet normal -0.0487571 -0.993142 -0.106264
    outer loop
      vertex 81.6052 10.4104 0.0999994
      vertex 81.6 12.9893 -24
      vertex 82.869 12.927 -24
    endloop
  endfacet
  facet normal 0.427797 0.897609 -0.106245
    outer loop
      vertex 76.6292 -12.0005 -24
      vertex 77.6113 -9.61599 0.0999994
      vertex 77.616 -9.61823 0.0999994
    endloop
  endfacet
  facet normal 0.425134 0.898871 -0.106261
    outer loop
      vertex 77.6113 -9.61599 0.0999994
      vertex 76.6292 -12.0005 -24
      vertex 75.4807 -11.4573 -24
    endloop
  endfacet
  facet normal 0.985458 -0.132658 -0.106181
    outer loop
      vertex 71.3886 2.02583 0.0999994
      vertex 68.8603 2.53409 -24
      vertex 71.3893 2.03103 0.0999994
    endloop
  endfacet
  facet normal 0.983578 -0.145882 -0.106263
    outer loop
      vertex 68.8603 2.53409 -24
      vertex 71.3886 2.02583 0.0999994
      vertex 68.6739 1.27733 -24
    endloop
  endfacet
  facet normal -0.736763 -0.667749 -0.10626
    outer loop
      vertex 91.638 8.24344 -24
      vertex 88.9615 7.36148 0.0999994
      vertex 90.7848 9.18482 -24
    endloop
  endfacet
  facet normal -0.739167 -0.66506 -0.106429
    outer loop
      vertex 88.9615 7.36148 0.0999994
      vertex 91.638 8.24344 -24
      vertex 88.965 7.35759 0.0999994
    endloop
  endfacet
  facet normal -0.667733 0.736778 -0.10626
    outer loop
      vertex 89.8434 -10.038 -24
      vertex 88.9615 -7.36148 0.0999994
      vertex 90.7848 -9.18482 -24
    endloop
  endfacet
  facet normal -0.666215 0.738136 -0.106356
    outer loop
      vertex 88.9615 -7.36148 0.0999994
      vertex 89.8434 -10.038 -24
      vertex 88.9576 -7.365 0.0999994
    endloop
  endfacet
  facet normal 0.511583 0.852638 -0.106257
    outer loop
      vertex 75.4769 -11.4555 -24
      vertex 76.6879 -9.17872 0.0999994
      vertex 76.6924 -9.18142 0.0999994
    endloop
  endfacet
  facet normal 0.511134 0.852907 -0.10626
    outer loop
      vertex 76.6879 -9.17872 0.0999994
      vertex 75.4769 -11.4555 -24
      vertex 74.3871 -10.8024 -24
    endloop
  endfacet
  facet normal 0.14596 -0.983567 -0.106259
    outer loop
      vertex 80.3227 12.9261 -24
      vertex 80.5796 10.3606 0.0999994
      vertex 79.5742 10.2114 0.0999994
    endloop
  endfacet
  facet normal 0.167346 -0.98017 -0.106125
    outer loop
      vertex 80.5796 10.3606 0.0999994
      vertex 80.3227 12.9261 -24
      vertex 80.3268 12.9268 -24
    endloop
  endfacet
  facet normal 0.852638 0.511583 -0.106259
    outer loop
      vertex 72.4213 -4.91207 0.0999994
      vertex 70.1445 -6.12311 -24
      vertex 72.4186 -4.90757 0.0999994
    endloop
  endfacet
  facet normal 0.852899 0.511148 -0.106261
    outer loop
      vertex 70.1445 -6.12311 -24
      vertex 72.4213 -4.91207 0.0999994
      vertex 70.7976 -7.21287 -24
    endloop
  endfacet
  facet normal -0.427797 -0.897609 -0.106245
    outer loop
      vertex 86.5708 12.0005 -24
      vertex 85.5887 9.61599 0.0999994
      vertex 85.584 9.61823 0.0999994
    endloop
  endfacet
  facet normal -0.425134 -0.898871 -0.106261
    outer loop
      vertex 85.5887 9.61599 0.0999994
      vertex 86.5708 12.0005 -24
      vertex 87.7193 11.4573 -24
    endloop
  endfacet
  facet normal 0.736746 0.667768 -0.106262
    outer loop
      vertex 74.235 -7.35759 0.0999994
      vertex 71.5591 -8.24032 -24
      vertex 73.5524 -6.60448 0.0999994
    endloop
  endfacet
  facet normal 0.728358 0.677 -0.105669
    outer loop
      vertex 71.5591 -8.24032 -24
      vertex 74.235 -7.35759 0.0999994
      vertex 71.562 -8.24344 -24
    endloop
  endfacet
  facet normal -0.245606 -0.963531 -0.106238
    outer loop
      vertex 84.1341 12.7397 -24
      vertex 83.6361 10.2094 0.0999994
      vertex 83.631 10.2107 0.0999994
    endloop
  endfacet
  facet normal -0.241604 -0.964539 -0.106261
    outer loop
      vertex 83.6361 10.2094 0.0999994
      vertex 84.1341 12.7397 -24
      vertex 85.3665 12.431 -24
    endloop
  endfacet
  facet normal -0.0487571 0.993142 -0.106264
    outer loop
      vertex 81.6 -12.9893 -24
      vertex 81.6052 -10.4104 0.0999994
      vertex 82.869 -12.927 -24
    endloop
  endfacet
  facet normal -0.0572707 0.992693 -0.106214
    outer loop
      vertex 81.6052 -10.4104 0.0999994
      vertex 81.6 -12.9893 -24
      vertex 81.6 -10.4107 0.0999994
    endloop
  endfacet
  facet normal 0.993208 -0.0474085 -0.106255
    outer loop
      vertex 71.2394 1.02043 0.0999994
      vertex 68.673 1.26898 -24
      vertex 68.6732 1.27317 -24
    endloop
  endfacet
  facet normal 0.993144 -0.0487187 -0.106262
    outer loop
      vertex 68.673 1.26898 -24
      vertex 71.2394 1.02043 0.0999994
      vertex 71.1896 0.00524373 0.0999994
    endloop
  endfacet
  facet normal 0.898186 -0.426579 -0.106269
    outer loop
      vertex 72.4186 4.90757 0.0999994
      vertex 70.1427 6.11932 -24
      vertex 70.1445 6.12311 -24
    endloop
  endfacet
  facet normal 0.89886 -0.425159 -0.106261
    outer loop
      vertex 70.1427 6.11932 -24
      vertex 72.4186 4.90757 0.0999994
      vertex 71.984 3.98875 0.0999994
    endloop
  endfacet
  facet normal -0.592299 0.79868 -0.106262
    outer loop
      vertex 88.8198 -10.7977 -24
      vertex 88.2045 -8.04758 0.0999994
      vertex 89.8403 -10.0409 -24
    endloop
  endfacet
  facet normal -0.594177 0.797299 -0.106152
    outer loop
      vertex 88.2045 -8.04758 0.0999994
      vertex 88.8198 -10.7977 -24
      vertex 88.2003 -8.05071 0.0999994
    endloop
  endfacet
  facet normal 0.736763 -0.667749 -0.10626
    outer loop
      vertex 74.2385 7.36148 0.0999994
      vertex 71.562 8.24344 -24
      vertex 72.4152 9.18482 -24
    endloop
  endfacet
  facet normal 0.739167 -0.66506 -0.106429
    outer loop
      vertex 71.562 8.24344 -24
      vertex 74.2385 7.36148 0.0999994
      vertex 74.235 7.35759 0.0999994
    endloop
  endfacet
  facet normal -0.241604 -0.964539 -0.106261
    outer loop
      vertex 85.3665 12.431 -24
      vertex 84.6221 9.96242 0.0999994
      vertex 83.6361 10.2094 0.0999994
    endloop
  endfacet
  facet normal -0.235615 -0.966023 -0.106228
    outer loop
      vertex 84.6221 9.96242 0.0999994
      vertex 85.3665 12.431 -24
      vertex 85.3706 12.43 -24
    endloop
  endfacet
  facet normal 0.965621 -0.237253 -0.106239
    outer loop
      vertex 71.6376 3.02207 0.0999994
      vertex 69.169 3.76652 -24
      vertex 69.17 3.77059 -24
    endloop
  endfacet
  facet normal 0.964532 -0.241634 -0.106263
    outer loop
      vertex 69.169 3.76652 -24
      vertex 71.6376 3.02207 0.0999994
      vertex 71.3906 2.03612 0.0999994
    endloop
  endfacet
  facet normal 0.518495 -0.848447 -0.106302
    outer loop
      vertex 74.3871 10.8024 -24
      vertex 75.8161 8.65618 0.0999994
      vertex 74.3835 10.8002 -24
    endloop
  endfacet
  facet normal 0.511194 -0.852871 -0.106263
    outer loop
      vertex 75.8161 8.65618 0.0999994
      vertex 74.3871 10.8024 -24
      vertex 76.6879 9.17872 0.0999994
    endloop
  endfacet
  facet normal -0.679344 0.726195 -0.105514
    outer loop
      vertex 89.8403 -10.0409 -24
      vertex 88.9576 -7.365 0.0999994
      vertex 89.8434 -10.038 -24
    endloop
  endfacet
  facet normal -0.667762 0.736751 -0.106262
    outer loop
      vertex 88.9576 -7.365 0.0999994
      vertex 89.8403 -10.0409 -24
      vertex 88.2045 -8.04758 0.0999994
    endloop
  endfacet
  facet normal -0.898876 -0.425125 -0.10626
    outer loop
      vertex 93.6005 4.97079 -24
      vertex 91.216 3.98875 0.0999994
      vertex 93.0573 6.11932 -24
    endloop
  endfacet
  facet normal -0.902258 -0.417888 -0.106299
    outer loop
      vertex 91.216 3.98875 0.0999994
      vertex 93.6005 4.97079 -24
      vertex 91.2182 3.984 0.0999994
    endloop
  endfacet
  facet normal -0.965621 -0.237253 -0.106239
    outer loop
      vertex 94.031 3.76652 -24
      vertex 91.5624 3.02207 0.0999994
      vertex 94.03 3.77059 -24
    endloop
  endfacet
  facet normal -0.964532 -0.241634 -0.106263
    outer loop
      vertex 91.5624 3.02207 0.0999994
      vertex 94.031 3.76652 -24
      vertex 91.8094 2.03612 0.0999994
    endloop
  endfacet
  facet normal 0.425134 -0.898871 -0.106261
    outer loop
      vertex 76.6292 12.0005 -24
      vertex 77.6113 9.61599 0.0999994
      vertex 75.4807 11.4573 -24
    endloop
  endfacet
  facet normal 0.427797 -0.897609 -0.106245
    outer loop
      vertex 77.6113 9.61599 0.0999994
      vertex 76.6292 12.0005 -24
      vertex 77.616 9.61823 0.0999994
    endloop
  endfacet
  facet normal -0.964532 0.241634 -0.106263
    outer loop
      vertex 94.031 -3.76652 -24
      vertex 91.5624 -3.02207 0.0999994
      vertex 91.8094 -2.03612 0.0999994
    endloop
  endfacet
  facet normal -0.965621 0.237253 -0.106239
    outer loop
      vertex 91.5624 -3.02207 0.0999994
      vertex 94.031 -3.76652 -24
      vertex 94.03 -3.77059 -24
    endloop
  endfacet
  facet normal -0.798675 -0.592307 -0.106262
    outer loop
      vertex 92.3977 7.21984 -24
      vertex 89.6476 6.60448 0.0999994
      vertex 91.6409 8.24032 -24
    endloop
  endfacet
  facet normal -0.801338 -0.58866 -0.106473
    outer loop
      vertex 89.6476 6.60448 0.0999994
      vertex 92.3977 7.21984 -24
      vertex 89.6507 6.60026 0.0999994
    endloop
  endfacet
  facet normal 0.334982 0.936213 -0.106262
    outer loop
      vertex 77.8294 -12.43 -24
      vertex 77.6209 -9.62 0.0999994
      vertex 78.5779 -9.96242 0.0999994
    endloop
  endfacet
  facet normal 0.328469 0.938482 -0.106583
    outer loop
      vertex 77.6209 -9.62 0.0999994
      vertex 77.8294 -12.43 -24
      vertex 77.8254 -12.4286 -24
    endloop
  endfacet
  facet normal -0.425663 0.898621 -0.106263
    outer loop
      vertex 87.7193 -11.4573 -24
      vertex 86.5076 -9.18142 0.0999994
      vertex 87.7231 -11.4555 -24
    endloop
  endfacet
  facet normal -0.425105 0.898885 -0.10626
    outer loop
      vertex 86.5076 -9.18142 0.0999994
      vertex 87.7193 -11.4573 -24
      vertex 85.5887 -9.61599 0.0999994
    endloop
  endfacet
  facet normal 0.511194 0.852871 -0.106263
    outer loop
      vertex 74.3871 -10.8024 -24
      vertex 75.8161 -8.65618 0.0999994
      vertex 76.6879 -9.17872 0.0999994
    endloop
  endfacet
  facet normal 0.518495 0.848447 -0.106302
    outer loop
      vertex 75.8161 -8.65618 0.0999994
      vertex 74.3871 -10.8024 -24
      vertex 74.3835 -10.8002 -24
    endloop
  endfacet
  facet normal 0.89886 0.425159 -0.106261
    outer loop
      vertex 72.4186 -4.90757 0.0999994
      vertex 70.1427 -6.11932 -24
      vertex 71.984 -3.98875 0.0999994
    endloop
  endfacet
  facet normal 0.898186 0.426579 -0.106269
    outer loop
      vertex 70.1427 -6.11932 -24
      vertex 72.4186 -4.90757 0.0999994
      vertex 70.1445 -6.12311 -24
    endloop
  endfacet
  facet normal -0.666215 -0.738136 -0.106356
    outer loop
      vertex 89.8434 10.038 -24
      vertex 88.9615 7.36148 0.0999994
      vertex 88.9576 7.365 0.0999994
    endloop
  endfacet
  facet normal -0.667733 -0.736778 -0.10626
    outer loop
      vertex 88.9615 7.36148 0.0999994
      vertex 89.8434 10.038 -24
      vertex 90.7848 9.18482 -24
    endloop
  endfacet
  facet normal 0.241604 -0.964539 -0.106261
    outer loop
      vertex 79.0659 12.7397 -24
      vertex 79.5639 10.2094 0.0999994
      vertex 77.8335 12.431 -24
    endloop
  endfacet
  facet normal 0.245606 -0.963531 -0.106238
    outer loop
      vertex 79.5639 10.2094 0.0999994
      vertex 79.0659 12.7397 -24
      vertex 79.569 10.2107 0.0999994
    endloop
  endfacet
  facet normal -0.980566 -0.164999 -0.106142
    outer loop
      vertex 91.9606 1.02043 0.0999994
      vertex 94.5261 1.27733 -24
      vertex 94.5268 1.27317 -24
    endloop
  endfacet
  facet normal -0.983567 -0.14596 -0.106259
    outer loop
      vertex 94.5261 1.27733 -24
      vertex 91.9606 1.02043 0.0999994
      vertex 91.8114 2.02583 0.0999994
    endloop
  endfacet
  facet normal -0.936194 -0.335037 -0.106262
    outer loop
      vertex 94.0286 3.77455 -24
      vertex 91.2182 3.984 0.0999994
      vertex 93.6005 4.97079 -24
    endloop
  endfacet
  facet normal -0.934279 -0.340425 -0.105991
    outer loop
      vertex 91.2182 3.984 0.0999994
      vertex 94.0286 3.77455 -24
      vertex 91.22 3.97906 0.0999994
    endloop
  endfacet
  facet normal -0.60047 0.79262 -0.105781
    outer loop
      vertex 88.8165 -10.8002 -24
      vertex 88.2003 -8.05071 0.0999994
      vertex 88.8198 -10.7977 -24
    endloop
  endfacet
  facet normal -0.592318 0.798666 -0.106262
    outer loop
      vertex 88.2003 -8.05071 0.0999994
      vertex 88.8165 -10.8002 -24
      vertex 87.3839 -8.65618 0.0999994
    endloop
  endfacet
  facet normal 0.739167 0.66506 -0.106429
    outer loop
      vertex 74.2385 -7.36148 0.0999994
      vertex 71.562 -8.24344 -24
      vertex 74.235 -7.35759 0.0999994
    endloop
  endfacet
  facet normal 0.736763 0.667749 -0.10626
    outer loop
      vertex 71.562 -8.24344 -24
      vertex 74.2385 -7.36148 0.0999994
      vertex 72.4152 -9.18482 -24
    endloop
  endfacet
  facet normal -0.983578 0.145882 -0.106263
    outer loop
      vertex 94.3397 -2.53409 -24
      vertex 91.8114 -2.02583 0.0999994
      vertex 94.5261 -1.27733 -24
    endloop
  endfacet
  facet normal -0.985458 0.132658 -0.106181
    outer loop
      vertex 91.8114 -2.02583 0.0999994
      vertex 94.3397 -2.53409 -24
      vertex 91.8107 -2.03103 0.0999994
    endloop
  endfacet
  facet normal 0.33782 0.935209 -0.106122
    outer loop
      vertex 77.8254 -12.4286 -24
      vertex 77.616 -9.61823 0.0999994
      vertex 77.6209 -9.62 0.0999994
    endloop
  endfacet
  facet normal 0.335047 0.93619 -0.106261
    outer loop
      vertex 77.616 -9.61823 0.0999994
      vertex 77.8254 -12.4286 -24
      vertex 76.6292 -12.0005 -24
    endloop
  endfacet
  facet normal 0.667733 -0.736778 -0.10626
    outer loop
      vertex 73.3566 10.038 -24
      vertex 74.2385 7.36148 0.0999994
      vertex 72.4152 9.18482 -24
    endloop
  endfacet
  facet normal 0.666215 -0.738136 -0.106356
    outer loop
      vertex 74.2385 7.36148 0.0999994
      vertex 73.3566 10.038 -24
      vertex 74.2424 7.365 0.0999994
    endloop
  endfacet
  facet normal -0.728358 -0.677 -0.105669
    outer loop
      vertex 91.6409 8.24032 -24
      vertex 88.965 7.35759 0.0999994
      vertex 91.638 8.24344 -24
    endloop
  endfacet
  facet normal -0.736746 -0.667768 -0.106262
    outer loop
      vertex 88.965 7.35759 0.0999994
      vertex 91.6409 8.24032 -24
      vertex 89.6476 6.60448 0.0999994
    endloop
  endfacet
  facet normal 0.728358 -0.677 -0.105669
    outer loop
      vertex 74.235 7.35759 0.0999994
      vertex 71.5591 8.24032 -24
      vertex 71.562 8.24344 -24
    endloop
  endfacet
  facet normal 0.736746 -0.667768 -0.106262
    outer loop
      vertex 71.5591 8.24032 -24
      vertex 74.235 7.35759 0.0999994
      vertex 73.5524 6.60448 0.0999994
    endloop
  endfacet
  facet normal -0.335022 0.936199 -0.106261
    outer loop
      vertex 85.3745 -12.4286 -24
      vertex 85.584 -9.61823 0.0999994
      vertex 86.5708 -12.0005 -24
    endloop
  endfacet
  facet normal -0.33782 0.935209 -0.106121
    outer loop
      vertex 85.584 -9.61823 0.0999994
      vertex 85.3745 -12.4286 -24
      vertex 85.5791 -9.62 0.0999994
    endloop
  endfacet
  facet normal 0.425663 -0.898621 -0.106263
    outer loop
      vertex 75.4807 11.4573 -24
      vertex 76.6924 9.18142 0.0999994
      vertex 75.4769 11.4555 -24
    endloop
  endfacet
  facet normal 0.425105 -0.898885 -0.10626
    outer loop
      vertex 76.6924 9.18142 0.0999994
      vertex 75.4807 11.4573 -24
      vertex 77.6113 9.61599 0.0999994
    endloop
  endfacet
  facet normal 0.798649 0.592342 -0.106261
    outer loop
      vertex 73.5493 -6.60026 0.0999994
      vertex 70.7998 -7.21647 -24
      vertex 72.9438 -5.78387 0.0999994
    endloop
  endfacet
  facet normal 0.798588 0.592424 -0.106256
    outer loop
      vertex 70.7998 -7.21647 -24
      vertex 73.5493 -6.60026 0.0999994
      vertex 70.8023 -7.21984 -24
    endloop
  endfacet
  facet normal 0.335047 -0.93619 -0.106261
    outer loop
      vertex 77.8254 12.4286 -24
      vertex 77.616 9.61823 0.0999994
      vertex 76.6292 12.0005 -24
    endloop
  endfacet
  facet normal 0.33782 -0.935209 -0.106122
    outer loop
      vertex 77.616 9.61823 0.0999994
      vertex 77.8254 12.4286 -24
      vertex 77.6209 9.62 0.0999994
    endloop
  endfacet
  facet normal 0.511134 -0.852907 -0.10626
    outer loop
      vertex 75.4769 11.4555 -24
      vertex 76.6879 9.17872 0.0999994
      vertex 74.3871 10.8024 -24
    endloop
  endfacet
  facet normal 0.511583 -0.852638 -0.106257
    outer loop
      vertex 76.6879 9.17872 0.0999994
      vertex 75.4769 11.4555 -24
      vertex 76.6924 9.18142 0.0999994
    endloop
  endfacet
  facet normal -0.511583 -0.852638 -0.106257
    outer loop
      vertex 87.7231 11.4555 -24
      vertex 86.5121 9.17872 0.0999994
      vertex 86.5076 9.18142 0.0999994
    endloop
  endfacet
  facet normal -0.511134 -0.852907 -0.10626
    outer loop
      vertex 86.5121 9.17872 0.0999994
      vertex 87.7231 11.4555 -24
      vertex 88.8129 10.8024 -24
    endloop
  endfacet
  facet normal 0.801338 0.58866 -0.106473
    outer loop
      vertex 73.5524 -6.60448 0.0999994
      vertex 70.8023 -7.21984 -24
      vertex 73.5493 -6.60026 0.0999994
    endloop
  endfacet
  facet normal 0.798675 0.592307 -0.106262
    outer loop
      vertex 70.8023 -7.21984 -24
      vertex 73.5524 -6.60448 0.0999994
      vertex 71.5591 -8.24032 -24
    endloop
  endfacet
  facet normal -0.934279 0.340425 -0.105991
    outer loop
      vertex 94.0286 -3.77455 -24
      vertex 91.2182 -3.984 0.0999994
      vertex 91.22 -3.97906 0.0999994
    endloop
  endfacet
  facet normal -0.936194 0.335037 -0.106262
    outer loop
      vertex 91.2182 -3.984 0.0999994
      vertex 94.0286 -3.77455 -24
      vertex 93.6005 -4.97079 -24
    endloop
  endfacet
  facet normal -0.798588 -0.592424 -0.106256
    outer loop
      vertex 92.4002 7.21647 -24
      vertex 89.6507 6.60026 0.0999994
      vertex 92.3977 7.21984 -24
    endloop
  endfacet
  facet normal -0.798649 -0.592342 -0.106261
    outer loop
      vertex 89.6507 6.60026 0.0999994
      vertex 92.4002 7.21647 -24
      vertex 90.2562 5.78387 0.0999994
    endloop
  endfacet
  facet normal -0.902258 0.417888 -0.106299
    outer loop
      vertex 93.6005 -4.97079 -24
      vertex 91.216 -3.98875 0.0999994
      vertex 91.2182 -3.984 0.0999994
    endloop
  endfacet
  facet normal -0.898876 0.425125 -0.10626
    outer loop
      vertex 91.216 -3.98875 0.0999994
      vertex 93.6005 -4.97079 -24
      vertex 93.0573 -6.11932 -24
    endloop
  endfacet
  facet normal 0.993144 0.0487187 -0.106262
    outer loop
      vertex 71.2394 -1.02043 0.0999994
      vertex 68.673 -1.26898 -24
      vertex 71.1896 -0.00524373 0.0999994
    endloop
  endfacet
  facet normal 0.993208 0.0474085 -0.106255
    outer loop
      vertex 68.673 -1.26898 -24
      vertex 71.2394 -1.02043 0.0999994
      vertex 68.6732 -1.27317 -24
    endloop
  endfacet
  facet normal -0.937459 -0.331425 -0.106438
    outer loop
      vertex 94.03 3.77059 -24
      vertex 91.22 3.97906 0.0999994
      vertex 94.0286 3.77455 -24
    endloop
  endfacet
  facet normal -0.936218 -0.334968 -0.106263
    outer loop
      vertex 91.22 3.97906 0.0999994
      vertex 94.03 3.77059 -24
      vertex 91.5624 3.02207 0.0999994
    endloop
  endfacet
  facet normal 0.798675 -0.592307 -0.106262
    outer loop
      vertex 73.5524 6.60448 0.0999994
      vertex 70.8023 7.21984 -24
      vertex 71.5591 8.24032 -24
    endloop
  endfacet
  facet normal 0.801338 -0.58866 -0.106473
    outer loop
      vertex 70.8023 7.21984 -24
      vertex 73.5524 6.60448 0.0999994
      vertex 73.5493 6.60026 0.0999994
    endloop
  endfacet
  facet normal 0.798588 -0.592424 -0.106256
    outer loop
      vertex 73.5493 6.60026 0.0999994
      vertex 70.7998 7.21647 -24
      vertex 70.8023 7.21984 -24
    endloop
  endfacet
  facet normal 0.798649 -0.592342 -0.106261
    outer loop
      vertex 70.7998 7.21647 -24
      vertex 73.5493 6.60026 0.0999994
      vertex 72.9438 5.78387 0.0999994
    endloop
  endfacet
  facet normal -0.0472959 0.993213 -0.106255
    outer loop
      vertex 82.869 -12.927 -24
      vertex 82.6204 -10.3606 0.0999994
      vertex 82.8732 -12.9268 -24
    endloop
  endfacet
  facet normal -0.0487181 0.993144 -0.106262
    outer loop
      vertex 82.6204 -10.3606 0.0999994
      vertex 82.869 -12.927 -24
      vertex 81.6052 -10.4104 0.0999994
    endloop
  endfacet
  facet normal 0.666215 0.738136 -0.106356
    outer loop
      vertex 73.3566 -10.038 -24
      vertex 74.2385 -7.36148 0.0999994
      vertex 74.2424 -7.365 0.0999994
    endloop
  endfacet
  facet normal 0.667733 0.736778 -0.10626
    outer loop
      vertex 74.2385 -7.36148 0.0999994
      vertex 73.3566 -10.038 -24
      vertex 72.4152 -9.18482 -24
    endloop
  endfacet
  facet normal -0.518495 0.848447 -0.106302
    outer loop
      vertex 88.8129 -10.8024 -24
      vertex 87.3839 -8.65618 0.0999994
      vertex 88.8165 -10.8002 -24
    endloop
  endfacet
  facet normal -0.511194 0.852871 -0.106263
    outer loop
      vertex 87.3839 -8.65618 0.0999994
      vertex 88.8129 -10.8024 -24
      vertex 86.5121 -9.17872 0.0999994
    endloop
  endfacet
  facet normal -0.736746 0.667768 -0.106262
    outer loop
      vertex 91.6409 -8.24032 -24
      vertex 88.965 -7.35759 0.0999994
      vertex 89.6476 -6.60448 0.0999994
    endloop
  endfacet
  facet normal -0.728358 0.677 -0.105669
    outer loop
      vertex 88.965 -7.35759 0.0999994
      vertex 91.6409 -8.24032 -24
      vertex 91.638 -8.24344 -24
    endloop
  endfacet
  facet normal 0.592299 -0.79868 -0.106262
    outer loop
      vertex 74.3802 10.7977 -24
      vertex 74.9955 8.04758 0.0999994
      vertex 73.3597 10.0409 -24
    endloop
  endfacet
  facet normal 0.594177 -0.797299 -0.106152
    outer loop
      vertex 74.9955 8.04758 0.0999994
      vertex 74.3802 10.7977 -24
      vertex 74.9997 8.05071 0.0999994
    endloop
  endfacet
  facet normal 0.667762 0.736751 -0.106262
    outer loop
      vertex 73.3597 -10.0409 -24
      vertex 74.2424 -7.365 0.0999994
      vertex 74.9955 -8.04758 0.0999994
    endloop
  endfacet
  facet normal 0.679344 0.726195 -0.105514
    outer loop
      vertex 74.2424 -7.365 0.0999994
      vertex 73.3597 -10.0409 -24
      vertex 73.3566 -10.038 -24
    endloop
  endfacet
  facet normal -0.964541 -0.241599 -0.106261
    outer loop
      vertex 94.3397 2.53409 -24
      vertex 91.8094 2.03612 0.0999994
      vertex 94.031 3.76652 -24
    endloop
  endfacet
  facet normal -0.963415 -0.246059 -0.106235
    outer loop
      vertex 91.8094 2.03612 0.0999994
      vertex 94.3397 2.53409 -24
      vertex 91.8107 2.03103 0.0999994
    endloop
  endfacet
  facet normal -0.985458 -0.132658 -0.106181
    outer loop
      vertex 94.3397 2.53409 -24
      vertex 91.8114 2.02583 0.0999994
      vertex 91.8107 2.03103 0.0999994
    endloop
  endfacet
  facet normal -0.983578 -0.145882 -0.106263
    outer loop
      vertex 91.8114 2.02583 0.0999994
      vertex 94.3397 2.53409 -24
      vertex 94.5261 1.27733 -24
    endloop
  endfacet
  facet normal -0.937459 0.331425 -0.106438
    outer loop
      vertex 91.22 -3.97906 0.0999994
      vertex 94.03 -3.77059 -24
      vertex 94.0286 -3.77455 -24
    endloop
  endfacet
  facet normal -0.936218 0.334968 -0.106263
    outer loop
      vertex 94.03 -3.77059 -24
      vertex 91.22 -3.97906 0.0999994
      vertex 91.5624 -3.02207 0.0999994
    endloop
  endfacet
  facet normal -0.848447 -0.518495 -0.106302
    outer loop
      vertex 92.4024 7.21287 -24
      vertex 90.2562 5.78387 0.0999994
      vertex 92.4002 7.21647 -24
    endloop
  endfacet
  facet normal -0.852888 -0.511165 -0.106262
    outer loop
      vertex 90.2562 5.78387 0.0999994
      vertex 92.4024 7.21287 -24
      vertex 90.7787 4.91207 0.0999994
    endloop
  endfacet
  facet normal -0.993208 -0.0474085 -0.106255
    outer loop
      vertex 94.527 1.26898 -24
      vertex 91.9606 1.02043 0.0999994
      vertex 94.5268 1.27317 -24
    endloop
  endfacet
  facet normal -0.993144 -0.0487187 -0.106262
    outer loop
      vertex 91.9606 1.02043 0.0999994
      vertex 94.527 1.26898 -24
      vertex 92.0104 0.00524373 0.0999994
    endloop
  endfacet
  facet normal 0.241604 0.964539 -0.106261
    outer loop
      vertex 77.8335 -12.431 -24
      vertex 78.5779 -9.96242 0.0999994
      vertex 79.5639 -10.2094 0.0999994
    endloop
  endfacet
  facet normal 0.235615 0.966023 -0.106228
    outer loop
      vertex 78.5779 -9.96242 0.0999994
      vertex 77.8335 -12.431 -24
      vertex 77.8294 -12.43 -24
    endloop
  endfacet
  facet normal -0.980566 0.164999 -0.106142
    outer loop
      vertex 94.5261 -1.27733 -24
      vertex 91.9606 -1.02043 0.0999994
      vertex 94.5268 -1.27317 -24
    endloop
  endfacet
  facet normal -0.983567 0.14596 -0.106259
    outer loop
      vertex 91.9606 -1.02043 0.0999994
      vertex 94.5261 -1.27733 -24
      vertex 91.8114 -2.02583 0.0999994
    endloop
  endfacet
  facet normal -0.993144 0.0487187 -0.106262
    outer loop
      vertex 94.527 -1.26898 -24
      vertex 91.9606 -1.02043 0.0999994
      vertex 92.0104 -0.00524373 0.0999994
    endloop
  endfacet
  facet normal -0.993208 0.0474085 -0.106255
    outer loop
      vertex 91.9606 -1.02043 0.0999994
      vertex 94.527 -1.26898 -24
      vertex 94.5268 -1.27317 -24
    endloop
  endfacet
  facet normal 0.852888 0.511165 -0.106262
    outer loop
      vertex 72.9438 -5.78387 0.0999994
      vertex 70.7976 -7.21287 -24
      vertex 72.4213 -4.91207 0.0999994
    endloop
  endfacet
  facet normal 0.848447 0.518495 -0.106302
    outer loop
      vertex 70.7976 -7.21287 -24
      vertex 72.9438 -5.78387 0.0999994
      vertex 70.7998 -7.21647 -24
    endloop
  endfacet
  facet normal 0.592318 0.798666 -0.106262
    outer loop
      vertex 74.3835 -10.8002 -24
      vertex 74.9997 -8.05071 0.0999994
      vertex 75.8161 -8.65618 0.0999994
    endloop
  endfacet
  facet normal 0.60047 0.79262 -0.105781
    outer loop
      vertex 74.9997 -8.05071 0.0999994
      vertex 74.3835 -10.8002 -24
      vertex 74.3802 -10.7977 -24
    endloop
  endfacet
  facet normal 0.0472959 -0.993213 -0.106255
    outer loop
      vertex 80.331 12.927 -24
      vertex 80.5796 10.3606 0.0999994
      vertex 80.3268 12.9268 -24
    endloop
  endfacet
  facet normal 0.0487181 -0.993144 -0.106262
    outer loop
      vertex 80.5796 10.3606 0.0999994
      vertex 80.331 12.927 -24
      vertex 81.5948 10.4104 0.0999994
    endloop
  endfacet
  facet normal -0.89886 0.425159 -0.106261
    outer loop
      vertex 93.0573 -6.11932 -24
      vertex 90.7814 -4.90757 0.0999994
      vertex 91.216 -3.98875 0.0999994
    endloop
  endfacet
  facet normal -0.898186 0.426579 -0.106269
    outer loop
      vertex 90.7814 -4.90757 0.0999994
      vertex 93.0573 -6.11932 -24
      vertex 93.0555 -6.12311 -24
    endloop
  endfacet
  facet normal 0.132658 -0.985458 -0.106181
    outer loop
      vertex 79.0659 12.7397 -24
      vertex 79.5742 10.2114 0.0999994
      vertex 79.569 10.2107 0.0999994
    endloop
  endfacet
  facet normal 0.145878 -0.983579 -0.106263
    outer loop
      vertex 79.5742 10.2114 0.0999994
      vertex 79.0659 12.7397 -24
      vertex 80.3227 12.9261 -24
    endloop
  endfacet
  facet normal -0.852888 0.511165 -0.106262
    outer loop
      vertex 92.4024 -7.21287 -24
      vertex 90.2562 -5.78387 0.0999994
      vertex 90.7787 -4.91207 0.0999994
    endloop
  endfacet
  facet normal -0.848447 0.518495 -0.106302
    outer loop
      vertex 90.2562 -5.78387 0.0999994
      vertex 92.4024 -7.21287 -24
      vertex 92.4002 -7.21647 -24
    endloop
  endfacet
  facet normal -0.241604 0.964539 -0.106261
    outer loop
      vertex 84.1341 -12.7397 -24
      vertex 83.6361 -10.2094 0.0999994
      vertex 85.3665 -12.431 -24
    endloop
  endfacet
  facet normal -0.245606 0.963531 -0.106238
    outer loop
      vertex 83.6361 -10.2094 0.0999994
      vertex 84.1341 -12.7397 -24
      vertex 83.631 -10.2107 0.0999994
    endloop
  endfacet
  facet normal 0.985458 0.132658 -0.106181
    outer loop
      vertex 68.8603 -2.53409 -24
      vertex 71.3886 -2.02583 0.0999994
      vertex 71.3893 -2.03103 0.0999994
    endloop
  endfacet
  facet normal 0.983578 0.145882 -0.106263
    outer loop
      vertex 71.3886 -2.02583 0.0999994
      vertex 68.8603 -2.53409 -24
      vertex 68.6739 -1.27733 -24
    endloop
  endfacet
  facet normal -0.335954 0.935871 -0.106214
    outer loop
      vertex 85.3706 -12.43 -24
      vertex 85.5791 -9.62 0.0999994
      vertex 85.3745 -12.4286 -24
    endloop
  endfacet
  facet normal -0.334982 0.936213 -0.106262
    outer loop
      vertex 85.5791 -9.62 0.0999994
      vertex 85.3706 -12.43 -24
      vertex 84.6221 -9.96242 0.0999994
    endloop
  endfacet
  facet normal 0.964541 -0.241599 -0.106261
    outer loop
      vertex 71.3906 2.03612 0.0999994
      vertex 68.8603 2.53409 -24
      vertex 69.169 3.76652 -24
    endloop
  endfacet
  facet normal 0.963415 -0.246059 -0.106235
    outer loop
      vertex 68.8603 2.53409 -24
      vertex 71.3906 2.03612 0.0999994
      vertex 71.3893 2.03103 0.0999994
    endloop
  endfacet
  facet normal 0.937459 -0.331425 -0.106438
    outer loop
      vertex 71.98 3.97906 0.0999994
      vertex 69.17 3.77059 -24
      vertex 69.1714 3.77455 -24
    endloop
  endfacet
  facet normal 0.936218 -0.334968 -0.106263
    outer loop
      vertex 69.17 3.77059 -24
      vertex 71.98 3.97906 0.0999994
      vertex 71.6376 3.02207 0.0999994
    endloop
  endfacet
  facet normal 0.145878 0.983579 -0.106263
    outer loop
      vertex 79.0659 -12.7397 -24
      vertex 79.5742 -10.2114 0.0999994
      vertex 80.3227 -12.9261 -24
    endloop
  endfacet
  facet normal 0.132658 0.985458 -0.106181
    outer loop
      vertex 79.5742 -10.2114 0.0999994
      vertex 79.0659 -12.7397 -24
      vertex 79.569 -10.2107 0.0999994
    endloop
  endfacet
  facet normal 0.934279 -0.340425 -0.105991
    outer loop
      vertex 69.1714 3.77455 -24
      vertex 71.9818 3.984 0.0999994
      vertex 71.98 3.97906 0.0999994
    endloop
  endfacet
  facet normal 0.936218 -0.334967 -0.106265
    outer loop
      vertex 71.9818 3.984 0.0999994
      vertex 69.1714 3.77455 -24
      vertex 69.5994 4.97079 -24
    endloop
  endfacet
  facet normal 0.0572707 0.992693 -0.106214
    outer loop
      vertex 81.6 -12.9893 -24
      vertex 81.5948 -10.4104 0.0999994
      vertex 81.6 -10.4107 0.0999994
    endloop
  endfacet
  facet normal 0.0487571 0.993142 -0.106264
    outer loop
      vertex 81.5948 -10.4104 0.0999994
      vertex 81.6 -12.9893 -24
      vertex 80.331 -12.927 -24
    endloop
  endfacet
  facet normal -0.801338 0.58866 -0.106473
    outer loop
      vertex 92.3977 -7.21984 -24
      vertex 89.6476 -6.60448 0.0999994
      vertex 89.6507 -6.60026 0.0999994
    endloop
  endfacet
  facet normal -0.798675 0.592307 -0.106262
    outer loop
      vertex 89.6476 -6.60448 0.0999994
      vertex 92.3977 -7.21984 -24
      vertex 91.6409 -8.24032 -24
    endloop
  endfacet
  facet normal -0.798649 0.592342 -0.106261
    outer loop
      vertex 92.4002 -7.21647 -24
      vertex 89.6507 -6.60026 0.0999994
      vertex 90.2562 -5.78387 0.0999994
    endloop
  endfacet
  facet normal -0.798588 0.592424 -0.106256
    outer loop
      vertex 89.6507 -6.60026 0.0999994
      vertex 92.4002 -7.21647 -24
      vertex 92.3977 -7.21984 -24
    endloop
  endfacet
  facet normal -0.14596 0.983567 -0.106259
    outer loop
      vertex 82.8773 -12.9261 -24
      vertex 82.6204 -10.3606 0.0999994
      vertex 83.6258 -10.2114 0.0999994
    endloop
  endfacet
  facet normal -0.167346 0.98017 -0.106125
    outer loop
      vertex 82.6204 -10.3606 0.0999994
      vertex 82.8773 -12.9261 -24
      vertex 82.8732 -12.9268 -24
    endloop
  endfacet
  facet normal 0.902258 0.417888 -0.106303
    outer loop
      vertex 71.984 -3.98875 0.0999994
      vertex 69.5994 -4.97079 -24
      vertex 71.9818 -3.984 0.0999994
    endloop
  endfacet
  facet normal 0.898845 0.425189 -0.106263
    outer loop
      vertex 69.5994 -4.97079 -24
      vertex 71.984 -3.98875 0.0999994
      vertex 70.1427 -6.11932 -24
    endloop
  endfacet
  facet normal 0.934279 0.340425 -0.105991
    outer loop
      vertex 71.9818 -3.984 0.0999994
      vertex 69.1714 -3.77455 -24
      vertex 71.98 -3.97906 0.0999994
    endloop
  endfacet
  facet normal 0.936218 0.334967 -0.106265
    outer loop
      vertex 69.1714 -3.77455 -24
      vertex 71.9818 -3.984 0.0999994
      vertex 69.5994 -4.97079 -24
    endloop
  endfacet
  facet normal 0.425105 0.898885 -0.10626
    outer loop
      vertex 75.4807 -11.4573 -24
      vertex 76.6924 -9.18142 0.0999994
      vertex 77.6113 -9.61599 0.0999994
    endloop
  endfacet
  facet normal 0.425663 0.898621 -0.106263
    outer loop
      vertex 76.6924 -9.18142 0.0999994
      vertex 75.4807 -11.4573 -24
      vertex 75.4769 -11.4555 -24
    endloop
  endfacet
  facet normal -0.594177 -0.797299 -0.106152
    outer loop
      vertex 88.8198 10.7977 -24
      vertex 88.2045 8.04758 0.0999994
      vertex 88.2003 8.05071 0.0999994
    endloop
  endfacet
  facet normal -0.592299 -0.79868 -0.106262
    outer loop
      vertex 88.2045 8.04758 0.0999994
      vertex 88.8198 10.7977 -24
      vertex 89.8403 10.0409 -24
    endloop
  endfacet
  facet normal -0.667762 -0.736751 -0.106262
    outer loop
      vertex 89.8403 10.0409 -24
      vertex 88.9576 7.365 0.0999994
      vertex 88.2045 8.04758 0.0999994
    endloop
  endfacet
  facet normal -0.679344 -0.726195 -0.105514
    outer loop
      vertex 88.9576 7.365 0.0999994
      vertex 89.8403 10.0409 -24
      vertex 89.8434 10.038 -24
    endloop
  endfacet
  facet normal 0.60047 -0.79262 -0.105781
    outer loop
      vertex 74.3835 10.8002 -24
      vertex 74.9997 8.05071 0.0999994
      vertex 74.3802 10.7977 -24
    endloop
  endfacet
  facet normal 0.592318 -0.798666 -0.106262
    outer loop
      vertex 74.9997 8.05071 0.0999994
      vertex 74.3835 10.8002 -24
      vertex 75.8161 8.65618 0.0999994
    endloop
  endfacet
  facet normal 0.235615 -0.966023 -0.106228
    outer loop
      vertex 77.8335 12.431 -24
      vertex 78.5779 9.96242 0.0999994
      vertex 77.8294 12.43 -24
    endloop
  endfacet
  facet normal 0.241604 -0.964539 -0.106261
    outer loop
      vertex 78.5779 9.96242 0.0999994
      vertex 77.8335 12.431 -24
      vertex 79.5639 10.2094 0.0999994
    endloop
  endfacet
  facet normal 0.980566 0.164999 -0.106142
    outer loop
      vertex 71.2394 -1.02043 0.0999994
      vertex 68.6739 -1.27733 -24
      vertex 68.6732 -1.27317 -24
    endloop
  endfacet
  facet normal 0.983567 0.14596 -0.106259
    outer loop
      vertex 68.6739 -1.27733 -24
      vertex 71.2394 -1.02043 0.0999994
      vertex 71.3886 -2.02583 0.0999994
    endloop
  endfacet
endsolid OpenSCAD_Model
