solid OpenSCAD_Model
  facet normal -0.989187 -0.146658 0
    outer loop
      vertex 18.1754 0.499887 0
      vertex 18.102 0.99496 3.75
      vertex 18.102 0.99496 0
    endloop
  endfacet
  facet normal -0.989187 -0.146658 0
    outer loop
      vertex 18.102 0.99496 3.75
      vertex 18.1754 0.499887 0
      vertex 18.1754 0.499887 3.75
    endloop
  endfacet
  facet normal -0.998791 -0.0491516 0
    outer loop
      vertex 18.2 0 0
      vertex 18.1754 0.499887 3.75
      vertex 18.1754 0.499887 0
    endloop
  endfacet
  facet normal -0.998791 -0.0491516 0
    outer loop
      vertex 18.1754 0.499887 3.75
      vertex 18.2 0 0
      vertex 18.2 0 3.75
    endloop
  endfacet
  facet normal -0.970035 -0.242963 0
    outer loop
      vertex 18.102 0.99496 0
      vertex 17.9804 1.48045 3.75
      vertex 17.9804 1.48045 0
    endloop
  endfacet
  facet normal -0.970035 -0.242963 0
    outer loop
      vertex 17.9804 1.48045 3.75
      vertex 18.102 0.99496 0
      vertex 18.102 0.99496 3.75
    endloop
  endfacet
  facet normal -0.427589 0.903973 0
    outer loop
      vertex 15.5041 -4.4978 0
      vertex 15.0517 -4.71179 3.75
      vertex 15.5041 -4.4978 3.75
    endloop
  endfacet
  facet normal -0.427589 0.903973 0
    outer loop
      vertex 15.0517 -4.71179 3.75
      vertex 15.5041 -4.4978 0
      vertex 15.0517 -4.71179 0
    endloop
  endfacet
  facet normal -0.427589 -0.903973 0
    outer loop
      vertex 15.0517 4.71179 0
      vertex 15.5041 4.4978 3.75
      vertex 15.0517 4.71179 3.75
    endloop
  endfacet
  facet normal -0.427589 -0.903973 -0
    outer loop
      vertex 15.5041 4.4978 3.75
      vertex 15.0517 4.71179 0
      vertex 15.5041 4.4978 0
    endloop
  endfacet
  facet normal 0.427589 -0.903973 0
    outer loop
      vertex 10.6959 4.4978 0
      vertex 11.1483 4.71179 3.75
      vertex 10.6959 4.4978 3.75
    endloop
  endfacet
  facet normal 0.427589 -0.903973 0
    outer loop
      vertex 11.1483 4.71179 3.75
      vertex 10.6959 4.4978 0
      vertex 11.1483 4.71179 0
    endloop
  endfacet
  facet normal -0.595695 -0.803211 0
    outer loop
      vertex 15.9334 4.24049 0
      vertex 16.3354 3.94235 3.75
      vertex 15.9334 4.24049 3.75
    endloop
  endfacet
  facet normal -0.595695 -0.803211 -0
    outer loop
      vertex 16.3354 3.94235 3.75
      vertex 15.9334 4.24049 0
      vertex 16.3354 3.94235 0
    endloop
  endfacet
  facet normal -0.242978 -0.970032 0
    outer loop
      vertex 14.095 5.002 0
      vertex 14.5805 4.88039 3.75
      vertex 14.095 5.002 3.75
    endloop
  endfacet
  facet normal -0.242978 -0.970032 -0
    outer loop
      vertex 14.5805 4.88039 3.75
      vertex 14.095 5.002 0
      vertex 14.5805 4.88039 0
    endloop
  endfacet
  facet normal 0.970031 -0.242982 0
    outer loop
      vertex 8.098 0.99496 3.75
      vertex 8.21961 1.48045 0
      vertex 8.21961 1.48045 3.75
    endloop
  endfacet
  facet normal 0.970031 -0.242982 0
    outer loop
      vertex 8.21961 1.48045 0
      vertex 8.098 0.99496 3.75
      vertex 8.098 0.99496 0
    endloop
  endfacet
  facet normal -0.514099 0.857731 0
    outer loop
      vertex 15.9334 -4.24049 0
      vertex 15.5041 -4.4978 3.75
      vertex 15.9334 -4.24049 3.75
    endloop
  endfacet
  facet normal -0.514099 0.857731 0
    outer loop
      vertex 15.5041 -4.4978 3.75
      vertex 15.9334 -4.24049 0
      vertex 15.5041 -4.4978 0
    endloop
  endfacet
  facet normal -0.90398 -0.427574 0
    outer loop
      vertex 17.8118 1.95168 0
      vertex 17.5978 2.40412 3.75
      vertex 17.5978 2.40412 0
    endloop
  endfacet
  facet normal -0.90398 -0.427574 0
    outer loop
      vertex 17.5978 2.40412 3.75
      vertex 17.8118 1.95168 0
      vertex 17.8118 1.95168 3.75
    endloop
  endfacet
  facet normal 0.242978 -0.970032 0
    outer loop
      vertex 11.6195 4.88039 0
      vertex 12.105 5.002 3.75
      vertex 11.6195 4.88039 3.75
    endloop
  endfacet
  facet normal 0.242978 -0.970032 0
    outer loop
      vertex 12.105 5.002 3.75
      vertex 11.6195 4.88039 0
      vertex 12.105 5.002 0
    endloop
  endfacet
  facet normal -0.514099 -0.857731 0
    outer loop
      vertex 15.5041 4.4978 0
      vertex 15.9334 4.24049 3.75
      vertex 15.5041 4.4978 3.75
    endloop
  endfacet
  facet normal -0.514099 -0.857731 -0
    outer loop
      vertex 15.9334 4.24049 3.75
      vertex 15.5041 4.4978 0
      vertex 15.9334 4.24049 0
    endloop
  endfacet
  facet normal 0.989176 -0.146736 0
    outer loop
      vertex 8.02456 0.499887 3.75
      vertex 8.098 0.99496 0
      vertex 8.098 0.99496 3.75
    endloop
  endfacet
  facet normal 0.989176 -0.146736 0
    outer loop
      vertex 8.098 0.99496 0
      vertex 8.02456 0.499887 3.75
      vertex 8.02456 0.499887 0
    endloop
  endfacet
  facet normal -0.998791 0.0491516 0
    outer loop
      vertex 18.1754 -0.499887 0
      vertex 18.2 0 3.75
      vertex 18.2 0 0
    endloop
  endfacet
  facet normal -0.998791 0.0491516 0
    outer loop
      vertex 18.2 0 3.75
      vertex 18.1754 -0.499887 0
      vertex 18.1754 -0.499887 3.75
    endloop
  endfacet
  facet normal 0.595695 0.803211 -0
    outer loop
      vertex 10.2666 -4.24049 0
      vertex 9.8646 -3.94235 3.75
      vertex 10.2666 -4.24049 3.75
    endloop
  endfacet
  facet normal 0.595695 0.803211 0
    outer loop
      vertex 9.8646 -3.94235 3.75
      vertex 10.2666 -4.24049 0
      vertex 9.8646 -3.94235 0
    endloop
  endfacet
  facet normal -0.242978 0.970032 0
    outer loop
      vertex 14.5805 -4.88039 0
      vertex 14.095 -5.002 3.75
      vertex 14.5805 -4.88039 3.75
    endloop
  endfacet
  facet normal -0.242978 0.970032 0
    outer loop
      vertex 14.095 -5.002 3.75
      vertex 14.5805 -4.88039 0
      vertex 14.095 -5.002 0
    endloop
  endfacet
  facet normal -0.803242 -0.595653 0
    outer loop
      vertex 17.3405 2.83341 0
      vertex 17.0424 3.2354 3.75
      vertex 17.0424 3.2354 0
    endloop
  endfacet
  facet normal -0.803242 -0.595653 0
    outer loop
      vertex 17.0424 3.2354 3.75
      vertex 17.3405 2.83341 0
      vertex 17.3405 2.83341 3.75
    endloop
  endfacet
  facet normal -0.146728 0.989177 0
    outer loop
      vertex 14.095 -5.002 0
      vertex 13.5999 -5.07544 3.75
      vertex 14.095 -5.002 3.75
    endloop
  endfacet
  facet normal -0.146728 0.989177 0
    outer loop
      vertex 13.5999 -5.07544 3.75
      vertex 14.095 -5.002 0
      vertex 13.5999 -5.07544 0
    endloop
  endfacet
  facet normal 0.941543 -0.336892 0
    outer loop
      vertex 8.21961 1.48045 3.75
      vertex 8.38822 1.95168 0
      vertex 8.38822 1.95168 3.75
    endloop
  endfacet
  facet normal 0.941543 -0.336892 0
    outer loop
      vertex 8.38822 1.95168 0
      vertex 8.21961 1.48045 3.75
      vertex 8.21961 1.48045 0
    endloop
  endfacet
  facet normal -0.336893 0.941543 0
    outer loop
      vertex 15.0517 -4.71179 0
      vertex 14.5805 -4.88039 3.75
      vertex 15.0517 -4.71179 3.75
    endloop
  endfacet
  facet normal -0.336893 0.941543 0
    outer loop
      vertex 14.5805 -4.88039 3.75
      vertex 15.0517 -4.71179 0
      vertex 14.5805 -4.88039 0
    endloop
  endfacet
  facet normal -0.989187 0.146658 0
    outer loop
      vertex 18.102 -0.99496 0
      vertex 18.1754 -0.499887 3.75
      vertex 18.1754 -0.499887 0
    endloop
  endfacet
  facet normal -0.989187 0.146658 0
    outer loop
      vertex 18.1754 -0.499887 3.75
      vertex 18.102 -0.99496 0
      vertex 18.102 -0.99496 3.75
    endloop
  endfacet
  facet normal 0.941543 0.336892 0
    outer loop
      vertex 8.38822 -1.95168 3.75
      vertex 8.21961 -1.48045 0
      vertex 8.21961 -1.48045 3.75
    endloop
  endfacet
  facet normal 0.941543 0.336892 0
    outer loop
      vertex 8.21961 -1.48045 0
      vertex 8.38822 -1.95168 3.75
      vertex 8.38822 -1.95168 0
    endloop
  endfacet
  facet normal -0.90398 0.427574 0
    outer loop
      vertex 17.5978 -2.40412 0
      vertex 17.8118 -1.95168 3.75
      vertex 17.8118 -1.95168 0
    endloop
  endfacet
  facet normal -0.90398 0.427574 0
    outer loop
      vertex 17.8118 -1.95168 3.75
      vertex 17.5978 -2.40412 0
      vertex 17.5978 -2.40412 3.75
    endloop
  endfacet
  facet normal 0.595695 -0.803211 0
    outer loop
      vertex 9.8646 3.94235 0
      vertex 10.2666 4.24049 3.75
      vertex 9.8646 3.94235 3.75
    endloop
  endfacet
  facet normal 0.595695 -0.803211 0
    outer loop
      vertex 10.2666 4.24049 3.75
      vertex 9.8646 3.94235 0
      vertex 10.2666 4.24049 0
    endloop
  endfacet
  facet normal 0.514099 -0.857731 0
    outer loop
      vertex 10.2666 4.24049 0
      vertex 10.6959 4.4978 3.75
      vertex 10.2666 4.24049 3.75
    endloop
  endfacet
  facet normal 0.514099 -0.857731 0
    outer loop
      vertex 10.6959 4.4978 3.75
      vertex 10.2666 4.24049 0
      vertex 10.6959 4.4978 0
    endloop
  endfacet
  facet normal 0.970031 0.242982 0
    outer loop
      vertex 8.21961 -1.48045 3.75
      vertex 8.098 -0.99496 0
      vertex 8.098 -0.99496 3.75
    endloop
  endfacet
  facet normal 0.970031 0.242982 0
    outer loop
      vertex 8.098 -0.99496 0
      vertex 8.21961 -1.48045 3.75
      vertex 8.21961 -1.48045 0
    endloop
  endfacet
  facet normal 0.998795 0.0490719 0
    outer loop
      vertex 8.02456 -0.499887 3.75
      vertex 8 0 0
      vertex 8 0 3.75
    endloop
  endfacet
  facet normal 0.998795 0.0490719 0
    outer loop
      vertex 8 0 0
      vertex 8.02456 -0.499887 3.75
      vertex 8.02456 -0.499887 0
    endloop
  endfacet
  facet normal -0.146728 -0.989177 0
    outer loop
      vertex 13.5999 5.07544 0
      vertex 14.095 5.002 3.75
      vertex 13.5999 5.07544 3.75
    endloop
  endfacet
  facet normal -0.146728 -0.989177 -0
    outer loop
      vertex 14.095 5.002 3.75
      vertex 13.5999 5.07544 0
      vertex 14.095 5.002 0
    endloop
  endfacet
  facet normal -0.970035 0.242963 0
    outer loop
      vertex 17.9804 -1.48045 0
      vertex 18.102 -0.99496 3.75
      vertex 18.102 -0.99496 0
    endloop
  endfacet
  facet normal -0.970035 0.242963 0
    outer loop
      vertex 18.102 -0.99496 3.75
      vertex 17.9804 -1.48045 0
      vertex 17.9804 -1.48045 3.75
    endloop
  endfacet
  facet normal -0.94155 0.336874 0
    outer loop
      vertex 17.8118 -1.95168 0
      vertex 17.9804 -1.48045 3.75
      vertex 17.9804 -1.48045 0
    endloop
  endfacet
  facet normal -0.94155 0.336874 0
    outer loop
      vertex 17.9804 -1.48045 3.75
      vertex 17.8118 -1.95168 0
      vertex 17.8118 -1.95168 3.75
    endloop
  endfacet
  facet normal -0.857734 -0.514093 0
    outer loop
      vertex 17.5978 2.40412 0
      vertex 17.3405 2.83341 3.75
      vertex 17.3405 2.83341 0
    endloop
  endfacet
  facet normal -0.857734 -0.514093 0
    outer loop
      vertex 17.3405 2.83341 3.75
      vertex 17.5978 2.40412 0
      vertex 17.5978 2.40412 3.75
    endloop
  endfacet
  facet normal -0.94155 -0.336874 0
    outer loop
      vertex 17.9804 1.48045 0
      vertex 17.8118 1.95168 3.75
      vertex 17.8118 1.95168 0
    endloop
  endfacet
  facet normal -0.94155 -0.336874 0
    outer loop
      vertex 17.8118 1.95168 3.75
      vertex 17.9804 1.48045 0
      vertex 17.9804 1.48045 3.75
    endloop
  endfacet
  facet normal -0.336893 -0.941543 0
    outer loop
      vertex 14.5805 4.88039 0
      vertex 15.0517 4.71179 3.75
      vertex 14.5805 4.88039 3.75
    endloop
  endfacet
  facet normal -0.336893 -0.941543 -0
    outer loop
      vertex 15.0517 4.71179 3.75
      vertex 14.5805 4.88039 0
      vertex 15.0517 4.71179 0
    endloop
  endfacet
  facet normal 0.0490706 -0.998795 0
    outer loop
      vertex 12.6001 5.07544 0
      vertex 13.1 5.1 3.75
      vertex 12.6001 5.07544 3.75
    endloop
  endfacet
  facet normal 0.0490706 -0.998795 0
    outer loop
      vertex 13.1 5.1 3.75
      vertex 12.6001 5.07544 0
      vertex 13.1 5.1 0
    endloop
  endfacet
  facet normal 0.427589 0.903973 -0
    outer loop
      vertex 11.1483 -4.71179 0
      vertex 10.6959 -4.4978 3.75
      vertex 11.1483 -4.71179 3.75
    endloop
  endfacet
  facet normal 0.427589 0.903973 0
    outer loop
      vertex 10.6959 -4.4978 3.75
      vertex 11.1483 -4.71179 0
      vertex 10.6959 -4.4978 0
    endloop
  endfacet
  facet normal 0.740951 -0.671559 0
    outer loop
      vertex 9.15765 3.2354 3.75
      vertex 9.49376 3.60624 0
      vertex 9.49376 3.60624 3.75
    endloop
  endfacet
  facet normal 0.740951 -0.671559 0
    outer loop
      vertex 9.49376 3.60624 0
      vertex 9.15765 3.2354 3.75
      vertex 9.15765 3.2354 0
    endloop
  endfacet
  facet normal 0.146728 -0.989177 0
    outer loop
      vertex 12.105 5.002 0
      vertex 12.6001 5.07544 3.75
      vertex 12.105 5.002 3.75
    endloop
  endfacet
  facet normal 0.146728 -0.989177 0
    outer loop
      vertex 12.6001 5.07544 3.75
      vertex 12.105 5.002 0
      vertex 12.6001 5.07544 0
    endloop
  endfacet
  facet normal -0.0490706 0.998795 0
    outer loop
      vertex 13.5999 -5.07544 0
      vertex 13.1 -5.1 3.75
      vertex 13.5999 -5.07544 3.75
    endloop
  endfacet
  facet normal -0.0490706 0.998795 0
    outer loop
      vertex 13.1 -5.1 3.75
      vertex 13.5999 -5.07544 0
      vertex 13.1 -5.1 0
    endloop
  endfacet
  facet normal -0.803242 0.595653 0
    outer loop
      vertex 17.0424 -3.2354 0
      vertex 17.3405 -2.83341 3.75
      vertex 17.3405 -2.83341 0
    endloop
  endfacet
  facet normal -0.803242 0.595653 0
    outer loop
      vertex 17.3405 -2.83341 3.75
      vertex 17.0424 -3.2354 0
      vertex 17.0424 -3.2354 3.75
    endloop
  endfacet
  facet normal -0.857734 0.514093 0
    outer loop
      vertex 17.3405 -2.83341 0
      vertex 17.5978 -2.40412 3.75
      vertex 17.5978 -2.40412 0
    endloop
  endfacet
  facet normal -0.857734 0.514093 0
    outer loop
      vertex 17.5978 -2.40412 3.75
      vertex 17.3405 -2.83341 0
      vertex 17.3405 -2.83341 3.75
    endloop
  endfacet
  facet normal 0.146728 0.989177 -0
    outer loop
      vertex 12.6001 -5.07544 0
      vertex 12.105 -5.002 3.75
      vertex 12.6001 -5.07544 3.75
    endloop
  endfacet
  facet normal 0.146728 0.989177 0
    outer loop
      vertex 12.105 -5.002 3.75
      vertex 12.6001 -5.07544 0
      vertex 12.105 -5.002 0
    endloop
  endfacet
  facet normal 0.857726 0.514108 0
    outer loop
      vertex 8.85951 -2.83341 3.75
      vertex 8.6022 -2.40412 0
      vertex 8.6022 -2.40412 3.75
    endloop
  endfacet
  facet normal 0.857726 0.514108 0
    outer loop
      vertex 8.6022 -2.40412 0
      vertex 8.85951 -2.83341 3.75
      vertex 8.85951 -2.83341 0
    endloop
  endfacet
  facet normal -0.671599 -0.740915 0
    outer loop
      vertex 16.3354 3.94235 0
      vertex 16.7062 3.60624 3.75
      vertex 16.3354 3.94235 3.75
    endloop
  endfacet
  facet normal -0.671599 -0.740915 -0
    outer loop
      vertex 16.7062 3.60624 3.75
      vertex 16.3354 3.94235 0
      vertex 16.7062 3.60624 0
    endloop
  endfacet
  facet normal 0.336893 -0.941543 0
    outer loop
      vertex 11.1483 4.71179 0
      vertex 11.6195 4.88039 3.75
      vertex 11.1483 4.71179 3.75
    endloop
  endfacet
  facet normal 0.336893 -0.941543 0
    outer loop
      vertex 11.6195 4.88039 3.75
      vertex 11.1483 4.71179 0
      vertex 11.6195 4.88039 0
    endloop
  endfacet
  facet normal 0.740951 0.671559 0
    outer loop
      vertex 9.49376 -3.60624 3.75
      vertex 9.15765 -3.2354 0
      vertex 9.15765 -3.2354 3.75
    endloop
  endfacet
  facet normal 0.740951 0.671559 0
    outer loop
      vertex 9.15765 -3.2354 0
      vertex 9.49376 -3.60624 3.75
      vertex 9.49376 -3.60624 0
    endloop
  endfacet
  facet normal 0.671559 -0.740951 0
    outer loop
      vertex 9.49376 3.60624 0
      vertex 9.8646 3.94235 3.75
      vertex 9.49376 3.60624 3.75
    endloop
  endfacet
  facet normal 0.671559 -0.740951 0
    outer loop
      vertex 9.8646 3.94235 3.75
      vertex 9.49376 3.60624 0
      vertex 9.8646 3.94235 0
    endloop
  endfacet
  facet normal 0.903996 -0.427542 0
    outer loop
      vertex 8.38822 1.95168 3.75
      vertex 8.6022 2.40412 0
      vertex 8.6022 2.40412 3.75
    endloop
  endfacet
  facet normal 0.903996 -0.427542 0
    outer loop
      vertex 8.6022 2.40412 0
      vertex 8.38822 1.95168 3.75
      vertex 8.38822 1.95168 0
    endloop
  endfacet
  facet normal 0.514099 0.857731 -0
    outer loop
      vertex 10.6959 -4.4978 0
      vertex 10.2666 -4.24049 3.75
      vertex 10.6959 -4.4978 3.75
    endloop
  endfacet
  facet normal 0.514099 0.857731 0
    outer loop
      vertex 10.2666 -4.24049 3.75
      vertex 10.6959 -4.4978 0
      vertex 10.2666 -4.24049 0
    endloop
  endfacet
  facet normal -0.0490706 -0.998795 0
    outer loop
      vertex 13.1 5.1 0
      vertex 13.5999 5.07544 3.75
      vertex 13.1 5.1 3.75
    endloop
  endfacet
  facet normal -0.0490706 -0.998795 -0
    outer loop
      vertex 13.5999 5.07544 3.75
      vertex 13.1 5.1 0
      vertex 13.5999 5.07544 0
    endloop
  endfacet
  facet normal 0.803204 0.595704 0
    outer loop
      vertex 9.15765 -3.2354 3.75
      vertex 8.85951 -2.83341 0
      vertex 8.85951 -2.83341 3.75
    endloop
  endfacet
  facet normal 0.803204 0.595704 0
    outer loop
      vertex 8.85951 -2.83341 0
      vertex 9.15765 -3.2354 3.75
      vertex 9.15765 -3.2354 0
    endloop
  endfacet
  facet normal 0.989176 0.146736 0
    outer loop
      vertex 8.098 -0.99496 3.75
      vertex 8.02456 -0.499887 0
      vertex 8.02456 -0.499887 3.75
    endloop
  endfacet
  facet normal 0.989176 0.146736 0
    outer loop
      vertex 8.02456 -0.499887 0
      vertex 8.098 -0.99496 3.75
      vertex 8.098 -0.99496 0
    endloop
  endfacet
  facet normal 0.903996 0.427542 0
    outer loop
      vertex 8.6022 -2.40412 3.75
      vertex 8.38822 -1.95168 0
      vertex 8.38822 -1.95168 3.75
    endloop
  endfacet
  facet normal 0.903996 0.427542 0
    outer loop
      vertex 8.38822 -1.95168 0
      vertex 8.6022 -2.40412 3.75
      vertex 8.6022 -2.40412 0
    endloop
  endfacet
  facet normal -0.595695 0.803211 0
    outer loop
      vertex 16.3354 -3.94235 0
      vertex 15.9334 -4.24049 3.75
      vertex 16.3354 -3.94235 3.75
    endloop
  endfacet
  facet normal -0.595695 0.803211 0
    outer loop
      vertex 15.9334 -4.24049 3.75
      vertex 16.3354 -3.94235 0
      vertex 15.9334 -4.24049 0
    endloop
  endfacet
  facet normal 0.242978 0.970032 -0
    outer loop
      vertex 12.105 -5.002 0
      vertex 11.6195 -4.88039 3.75
      vertex 12.105 -5.002 3.75
    endloop
  endfacet
  facet normal 0.242978 0.970032 0
    outer loop
      vertex 11.6195 -4.88039 3.75
      vertex 12.105 -5.002 0
      vertex 11.6195 -4.88039 0
    endloop
  endfacet
  facet normal -0.740861 -0.671658 0
    outer loop
      vertex 17.0424 3.2354 0
      vertex 16.7062 3.60624 3.75
      vertex 16.7062 3.60624 0
    endloop
  endfacet
  facet normal -0.740861 -0.671658 0
    outer loop
      vertex 16.7062 3.60624 3.75
      vertex 17.0424 3.2354 0
      vertex 17.0424 3.2354 3.75
    endloop
  endfacet
  facet normal 0.671559 0.740951 -0
    outer loop
      vertex 9.8646 -3.94235 0
      vertex 9.49376 -3.60624 3.75
      vertex 9.8646 -3.94235 3.75
    endloop
  endfacet
  facet normal 0.671559 0.740951 0
    outer loop
      vertex 9.49376 -3.60624 3.75
      vertex 9.8646 -3.94235 0
      vertex 9.49376 -3.60624 0
    endloop
  endfacet
  facet normal 0.803204 -0.595704 0
    outer loop
      vertex 8.85951 2.83341 3.75
      vertex 9.15765 3.2354 0
      vertex 9.15765 3.2354 3.75
    endloop
  endfacet
  facet normal 0.803204 -0.595704 0
    outer loop
      vertex 9.15765 3.2354 0
      vertex 8.85951 2.83341 3.75
      vertex 8.85951 2.83341 0
    endloop
  endfacet
  facet normal 0.857726 -0.514108 0
    outer loop
      vertex 8.6022 2.40412 3.75
      vertex 8.85951 2.83341 0
      vertex 8.85951 2.83341 3.75
    endloop
  endfacet
  facet normal 0.857726 -0.514108 0
    outer loop
      vertex 8.85951 2.83341 0
      vertex 8.6022 2.40412 3.75
      vertex 8.6022 2.40412 0
    endloop
  endfacet
  facet normal 0.0490706 0.998795 -0
    outer loop
      vertex 13.1 -5.1 0
      vertex 12.6001 -5.07544 3.75
      vertex 13.1 -5.1 3.75
    endloop
  endfacet
  facet normal 0.0490706 0.998795 0
    outer loop
      vertex 12.6001 -5.07544 3.75
      vertex 13.1 -5.1 0
      vertex 12.6001 -5.07544 0
    endloop
  endfacet
  facet normal 0.998795 -0.0490719 0
    outer loop
      vertex 8 0 3.75
      vertex 8.02456 0.499887 0
      vertex 8.02456 0.499887 3.75
    endloop
  endfacet
  facet normal 0.998795 -0.0490719 0
    outer loop
      vertex 8.02456 0.499887 0
      vertex 8 0 3.75
      vertex 8 0 0
    endloop
  endfacet
  facet normal 0.336893 0.941543 -0
    outer loop
      vertex 11.6195 -4.88039 0
      vertex 11.1483 -4.71179 3.75
      vertex 11.6195 -4.88039 3.75
    endloop
  endfacet
  facet normal 0.336893 0.941543 0
    outer loop
      vertex 11.1483 -4.71179 3.75
      vertex 11.6195 -4.88039 0
      vertex 11.1483 -4.71179 0
    endloop
  endfacet
  facet normal -0.740861 0.671658 0
    outer loop
      vertex 16.7062 -3.60624 0
      vertex 17.0424 -3.2354 3.75
      vertex 17.0424 -3.2354 0
    endloop
  endfacet
  facet normal -0.740861 0.671658 0
    outer loop
      vertex 17.0424 -3.2354 3.75
      vertex 16.7062 -3.60624 0
      vertex 16.7062 -3.60624 3.75
    endloop
  endfacet
  facet normal -0.671599 0.740915 0
    outer loop
      vertex 16.7062 -3.60624 0
      vertex 16.3354 -3.94235 3.75
      vertex 16.7062 -3.60624 3.75
    endloop
  endfacet
  facet normal -0.671599 0.740915 0
    outer loop
      vertex 16.3354 -3.94235 3.75
      vertex 16.7062 -3.60624 0
      vertex 16.3354 -3.94235 0
    endloop
  endfacet
  facet normal -0.553837 0.502511 0.663888
    outer loop
      vertex 17.0424 -3.2354 3.75
      vertex 17.6077 -3.73533 4.6
      vertex 17.6264 -3.71472 4.6
    endloop
  endfacet
  facet normal -0.554039 0.502286 0.66389
    outer loop
      vertex 17.6077 -3.73533 4.6
      vertex 17.0424 -3.2354 3.75
      vertex 16.7062 -3.60624 3.75
    endloop
  endfacet
  facet normal -0.600681 -0.44543 0.663908
    outer loop
      vertex 17.9687 3.25317 4.6
      vertex 17.643 3.69239 4.6
      vertex 17.3405 2.83341 3.75
    endloop
  endfacet
  facet normal -0.676013 0.319748 0.663904
    outer loop
      vertex 17.5978 -2.40412 3.75
      vertex 18.276 -2.73515 4.6
      vertex 17.8118 -1.95168 3.75
    endloop
  endfacet
  facet normal -0.675918 0.319945 0.663905
    outer loop
      vertex 18.276 -2.73515 4.6
      vertex 17.5978 -2.40412 3.75
      vertex 18.2641 -2.76029 4.6
    endloop
  endfacet
  facet normal -0.746884 -0.0367854 0.663936
    outer loop
      vertex 18.9556 0 4.6
      vertex 18.9287 0.546172 4.6
      vertex 18.2 0 3.75
    endloop
  endfacet
  facet normal -0.746991 -0.0349665 0.663914
    outer loop
      vertex 18.1754 0.499887 3.75
      vertex 18.9287 0.546172 4.6
      vertex 18.9274 0.573944 4.6
    endloop
  endfacet
  facet normal -0.746895 -0.0367555 0.663926
    outer loop
      vertex 18.9287 0.546172 4.6
      vertex 18.1754 0.499887 3.75
      vertex 18.2 0 3.75
    endloop
  endfacet
  facet normal -0.181371 0.725486 0.663909
    outer loop
      vertex 14.5805 -4.88039 3.75
      vertex 14.7728 -5.61017 4.6
      vertex 14.7998 -5.60342 4.6
    endloop
  endfacet
  facet normal -0.181701 0.725401 0.663911
    outer loop
      vertex 14.7728 -5.61017 4.6
      vertex 14.5805 -4.88039 3.75
      vertex 14.095 -5.002 3.75
    endloop
  endfacet
  facet normal -0.704118 -0.25191 0.663896
    outer loop
      vertex 18.694 1.72596 4.6
      vertex 18.5098 2.24082 4.6
      vertex 17.8118 1.95168 3.75
    endloop
  endfacet
  facet normal 0.251809 -0.704097 0.663957
    outer loop
      vertex 11.1483 4.71179 3.75
      vertex 11.4002 5.60342 4.6
      vertex 11.374 5.59405 4.6
    endloop
  endfacet
  facet normal 0.251931 -0.704093 0.663916
    outer loop
      vertex 11.4002 5.60342 4.6
      vertex 11.1483 4.71179 3.75
      vertex 11.6195 4.88039 3.75
    endloop
  endfacet
  facet normal -0.704118 0.25191 0.663896
    outer loop
      vertex 18.5098 -2.24082 4.6
      vertex 18.694 -1.72596 4.6
      vertex 17.8118 -1.95168 3.75
    endloop
  endfacet
  facet normal 0.25182 0.70413 0.663919
    outer loop
      vertex 11.6195 -4.88039 3.75
      vertex 11.374 -5.59405 4.6
      vertex 11.4002 -5.60342 4.6
    endloop
  endfacet
  facet normal 0.251931 0.704091 0.663918
    outer loop
      vertex 11.374 -5.59405 4.6
      vertex 11.6195 -4.88039 3.75
      vertex 11.1483 -4.71179 3.75
    endloop
  endfacet
  facet normal 0.445463 0.600645 0.663919
    outer loop
      vertex 9.8646 -3.94235 3.75
      vertex 9.40761 -4.54297 4.6
      vertex 10.2666 -4.24049 3.75
    endloop
  endfacet
  facet normal 0.445448 0.600656 0.663919
    outer loop
      vertex 9.40761 -4.54297 4.6
      vertex 9.8646 -3.94235 3.75
      vertex 9.38528 -4.52641 4.6
    endloop
  endfacet
  facet normal 0.725395 0.181701 0.663917
    outer loop
      vertex 7.48983 -1.67281 4.6
      vertex 8.098 -0.99496 3.75
      vertex 7.35696 -1.14236 4.6
    endloop
  endfacet
  facet normal -0.641426 0.384446 0.663908
    outer loop
      vertex 17.3405 -2.83341 3.75
      vertex 17.983 -3.22932 4.6
      vertex 17.5978 -2.40412 3.75
    endloop
  endfacet
  facet normal -0.641363 0.384549 0.663909
    outer loop
      vertex 17.983 -3.22932 4.6
      vertex 17.3405 -2.83341 3.75
      vertex 17.9687 -3.25317 4.6
    endloop
  endfacet
  facet normal -0.181717 0.725392 0.663917
    outer loop
      vertex 14.2424 -5.74304 4.6
      vertex 14.7728 -5.61017 4.6
      vertex 14.095 -5.002 3.75
    endloop
  endfacet
  facet normal -0.600681 0.44543 0.663908
    outer loop
      vertex 17.643 -3.69239 4.6
      vertex 17.9687 -3.25317 4.6
      vertex 17.3405 -2.83341 3.75
    endloop
  endfacet
  facet normal -0.73961 0.110253 0.663943
    outer loop
      vertex 18.1754 -0.499887 3.75
      vertex 18.9233 -0.601448 4.6
      vertex 18.9274 -0.573944 4.6
    endloop
  endfacet
  facet normal -0.739694 0.109668 0.663947
    outer loop
      vertex 18.9233 -0.601448 4.6
      vertex 18.1754 -0.499887 3.75
      vertex 18.102 -0.99496 3.75
    endloop
  endfacet
  facet normal 0.384456 -0.641403 0.663924
    outer loop
      vertex 10.6959 4.4978 3.75
      vertex 10.3397 5.16414 4.6
      vertex 9.87068 4.88301 4.6
    endloop
  endfacet
  facet normal -0.600674 0.445436 0.663911
    outer loop
      vertex 17.0424 -3.2354 3.75
      vertex 17.643 -3.69239 4.6
      vertex 17.3405 -2.83341 3.75
    endloop
  endfacet
  facet normal -0.600143 0.446143 0.663916
    outer loop
      vertex 17.643 -3.69239 4.6
      vertex 17.0424 -3.2354 3.75
      vertex 17.6264 -3.71472 4.6
    endloop
  endfacet
  facet normal -0.675918 -0.319945 0.663905
    outer loop
      vertex 17.5978 2.40412 3.75
      vertex 18.276 2.73515 4.6
      vertex 18.2641 2.76029 4.6
    endloop
  endfacet
  facet normal -0.676013 -0.319748 0.663904
    outer loop
      vertex 18.276 2.73515 4.6
      vertex 17.5978 2.40412 3.75
      vertex 17.8118 1.95168 3.75
    endloop
  endfacet
  facet normal -0.554095 -0.502169 0.663931
    outer loop
      vertex 17.6077 3.73533 4.6
      vertex 17.2405 4.1405 4.6
      vertex 16.7062 3.60624 3.75
    endloop
  endfacet
  facet normal -0.746884 0.0367854 0.663936
    outer loop
      vertex 18.9287 -0.546172 4.6
      vertex 18.9556 0 4.6
      vertex 18.2 0 3.75
    endloop
  endfacet
  facet normal -0.554095 0.502169 0.663931
    outer loop
      vertex 17.2405 -4.1405 4.6
      vertex 17.6077 -3.73533 4.6
      vertex 16.7062 -3.60624 3.75
    endloop
  endfacet
  facet normal -0.725432 0.181615 0.663901
    outer loop
      vertex 18.7102 -1.67281 4.6
      vertex 18.843 -1.14236 4.6
      vertex 18.102 -0.99496 3.75
    endloop
  endfacet
  facet normal 0.0367025 -0.746904 0.663918
    outer loop
      vertex 13.1 5.1 3.75
      vertex 13.1 5.85556 4.6
      vertex 12.5538 5.82872 4.6
    endloop
  endfacet
  facet normal -0.703839 0.252715 0.663887
    outer loop
      vertex 17.9804 -1.48045 3.75
      vertex 18.694 -1.72596 4.6
      vertex 18.7034 -1.69978 4.6
    endloop
  endfacet
  facet normal -0.704118 0.251924 0.663892
    outer loop
      vertex 18.694 -1.72596 4.6
      vertex 17.9804 -1.48045 3.75
      vertex 17.8118 -1.95168 3.75
    endloop
  endfacet
  facet normal -0.641443 0.384431 0.663901
    outer loop
      vertex 17.983 -3.22932 4.6
      vertex 18.2641 -2.76029 4.6
      vertex 17.5978 -2.40412 3.75
    endloop
  endfacet
  facet normal 0.554086 -0.502195 0.663919
    outer loop
      vertex 8.59227 3.73533 4.6
      vertex 9.15765 3.2354 3.75
      vertex 9.49376 3.60624 3.75
    endloop
  endfacet
  facet normal 0.554217 -0.502049 0.663921
    outer loop
      vertex 9.15765 3.2354 3.75
      vertex 8.59227 3.73533 4.6
      vertex 8.5736 3.71472 4.6
    endloop
  endfacet
  facet normal 0.641412 0.384454 0.663917
    outer loop
      vertex 8.21699 -3.22932 4.6
      vertex 8.6022 -2.40412 3.75
      vertex 7.93586 -2.76029 4.6
    endloop
  endfacet
  facet normal 0.181717 0.725392 0.663917
    outer loop
      vertex 11.9576 -5.74304 4.6
      vertex 12.105 -5.002 3.75
      vertex 11.4272 -5.61017 4.6
    endloop
  endfacet
  facet normal 0.0367025 0.746904 0.663918
    outer loop
      vertex 13.1 -5.85556 4.6
      vertex 13.1 -5.1 3.75
      vertex 12.5538 -5.82872 4.6
    endloop
  endfacet
  facet normal -0.746895 0.0367555 0.663926
    outer loop
      vertex 18.1754 -0.499887 3.75
      vertex 18.9287 -0.546172 4.6
      vertex 18.2 0 3.75
    endloop
  endfacet
  facet normal -0.746991 0.0349665 0.663914
    outer loop
      vertex 18.9287 -0.546172 4.6
      vertex 18.1754 -0.499887 3.75
      vertex 18.9274 -0.573944 4.6
    endloop
  endfacet
  facet normal 0.251957 0.704089 0.66391
    outer loop
      vertex 11.374 -5.59405 4.6
      vertex 11.1483 -4.71179 3.75
      vertex 10.8592 -5.40983 4.6
    endloop
  endfacet
  facet normal 0.320131 -0.675801 0.663934
    outer loop
      vertex 10.6959 4.4978 3.75
      vertex 10.3648 5.17603 4.6
      vertex 10.3397 5.16414 4.6
    endloop
  endfacet
  facet normal 0.319748 -0.675985 0.663932
    outer loop
      vertex 10.3648 5.17603 4.6
      vertex 10.6959 4.4978 3.75
      vertex 11.1483 4.71179 3.75
    endloop
  endfacet
  facet normal 0.0366954 0.746906 0.663916
    outer loop
      vertex 12.6001 -5.07544 3.75
      vertex 12.5538 -5.82872 4.6
      vertex 13.1 -5.1 3.75
    endloop
  endfacet
  facet normal 0.0366713 0.746908 0.663916
    outer loop
      vertex 12.5538 -5.82872 4.6
      vertex 12.6001 -5.07544 3.75
      vertex 12.5261 -5.82736 4.6
    endloop
  endfacet
  facet normal 0.600639 0.44547 0.663919
    outer loop
      vertex 8.55703 -3.69239 4.6
      vertex 9.15765 -3.2354 3.75
      vertex 8.85951 -2.83341 3.75
    endloop
  endfacet
  facet normal 0.600526 0.445621 0.66392
    outer loop
      vertex 9.15765 -3.2354 3.75
      vertex 8.55703 -3.69239 4.6
      vertex 8.5736 -3.71472 4.6
    endloop
  endfacet
  facet normal -0.320131 0.675801 0.663934
    outer loop
      vertex 15.5041 -4.4978 3.75
      vertex 15.8352 -5.17603 4.6
      vertex 15.8603 -5.16414 4.6
    endloop
  endfacet
  facet normal -0.319748 0.675985 0.663932
    outer loop
      vertex 15.8352 -5.17603 4.6
      vertex 15.5041 -4.4978 3.75
      vertex 15.0517 -4.71179 3.75
    endloop
  endfacet
  facet normal -0.384468 0.641396 0.663924
    outer loop
      vertex 15.8603 -5.16414 4.6
      vertex 16.3293 -4.88301 4.6
      vertex 15.5041 -4.4978 3.75
    endloop
  endfacet
  facet normal 0.746907 0.0366963 0.663916
    outer loop
      vertex 7.27128 -0.546172 4.6
      vertex 8.02456 -0.499887 3.75
      vertex 8 0 3.75
    endloop
  endfacet
  facet normal 0.746913 0.0365765 0.663915
    outer loop
      vertex 8.02456 -0.499887 3.75
      vertex 7.27128 -0.546172 4.6
      vertex 7.27264 -0.573944 4.6
    endloop
  endfacet
  facet normal 0.384456 0.641403 0.663924
    outer loop
      vertex 10.3397 -5.16414 4.6
      vertex 10.6959 -4.4978 3.75
      vertex 9.87068 -4.88301 4.6
    endloop
  endfacet
  facet normal -0.445476 0.600623 0.66393
    outer loop
      vertex 16.3532 -4.86872 4.6
      vertex 16.7924 -4.54297 4.6
      vertex 15.9334 -4.24049 3.75
    endloop
  endfacet
  facet normal -0.251809 0.704097 0.663957
    outer loop
      vertex 15.0517 -4.71179 3.75
      vertex 14.7998 -5.60342 4.6
      vertex 14.826 -5.59405 4.6
    endloop
  endfacet
  facet normal -0.251931 0.704093 0.663916
    outer loop
      vertex 14.7998 -5.60342 4.6
      vertex 15.0517 -4.71179 3.75
      vertex 14.5805 -4.88039 3.75
    endloop
  endfacet
  facet normal -0.725098 -0.182821 0.663934
    outer loop
      vertex 17.9804 1.48045 3.75
      vertex 18.7102 1.67281 4.6
      vertex 18.7034 1.69978 4.6
    endloop
  endfacet
  facet normal -0.725389 -0.181687 0.663928
    outer loop
      vertex 18.7102 1.67281 4.6
      vertex 17.9804 1.48045 3.75
      vertex 18.102 0.99496 3.75
    endloop
  endfacet
  facet normal 0.746913 -0.0365765 0.663915
    outer loop
      vertex 7.27128 0.546172 4.6
      vertex 8.02456 0.499887 3.75
      vertex 7.27264 0.573944 4.6
    endloop
  endfacet
  facet normal 0.746907 -0.0366963 0.663916
    outer loop
      vertex 8.02456 0.499887 3.75
      vertex 7.27128 0.546172 4.6
      vertex 8 0 3.75
    endloop
  endfacet
  facet normal 0.641412 -0.384454 0.663917
    outer loop
      vertex 8.6022 2.40412 3.75
      vertex 8.21699 3.22932 4.6
      vertex 7.93586 2.76029 4.6
    endloop
  endfacet
  facet normal -0.502172 0.554094 0.66393
    outer loop
      vertex 16.8353 -4.50773 4.6
      vertex 17.2405 -4.1405 4.6
      vertex 16.7062 -3.60624 3.75
    endloop
  endfacet
  facet normal 0.384445 0.641415 0.663919
    outer loop
      vertex 10.2666 -4.24049 3.75
      vertex 9.87068 -4.88301 4.6
      vertex 10.6959 -4.4978 3.75
    endloop
  endfacet
  facet normal 0.384347 0.641475 0.663919
    outer loop
      vertex 9.87068 -4.88301 4.6
      vertex 10.2666 -4.24049 3.75
      vertex 9.84683 -4.86872 4.6
    endloop
  endfacet
  facet normal -0.676025 0.319735 0.663898
    outer loop
      vertex 18.276 -2.73515 4.6
      vertex 18.5098 -2.24082 4.6
      vertex 17.8118 -1.95168 3.75
    endloop
  endfacet
  facet normal -0.109713 0.739714 0.663917
    outer loop
      vertex 14.2424 -5.74304 4.6
      vertex 14.095 -5.002 3.75
      vertex 13.7014 -5.82328 4.6
    endloop
  endfacet
  facet normal 0.0366713 -0.746908 0.663916
    outer loop
      vertex 12.6001 5.07544 3.75
      vertex 12.5538 5.82872 4.6
      vertex 12.5261 5.82736 4.6
    endloop
  endfacet
  facet normal 0.0366954 -0.746906 0.663916
    outer loop
      vertex 12.5538 5.82872 4.6
      vertex 12.6001 5.07544 3.75
      vertex 13.1 5.1 3.75
    endloop
  endfacet
  facet normal -0.725389 0.181687 0.663928
    outer loop
      vertex 17.9804 -1.48045 3.75
      vertex 18.7102 -1.67281 4.6
      vertex 18.102 -0.99496 3.75
    endloop
  endfacet
  facet normal -0.725098 0.182821 0.663934
    outer loop
      vertex 18.7102 -1.67281 4.6
      vertex 17.9804 -1.48045 3.75
      vertex 18.7034 -1.69978 4.6
    endloop
  endfacet
  facet normal 0.109713 0.739714 0.663917
    outer loop
      vertex 12.4986 -5.82328 4.6
      vertex 12.105 -5.002 3.75
      vertex 11.9576 -5.74304 4.6
    endloop
  endfacet
  facet normal -0.739715 0.109813 0.6639
    outer loop
      vertex 18.843 -1.14236 4.6
      vertex 18.9233 -0.601448 4.6
      vertex 18.102 -0.99496 3.75
    endloop
  endfacet
  facet normal 0.181717 -0.725392 0.663917
    outer loop
      vertex 12.105 5.002 3.75
      vertex 11.9576 5.74304 4.6
      vertex 11.4272 5.61017 4.6
    endloop
  endfacet
  facet normal 0.554084 -0.5022 0.663918
    outer loop
      vertex 9.49376 3.60624 3.75
      vertex 8.9595 4.1405 4.6
      vertex 8.59227 3.73533 4.6
    endloop
  endfacet
  facet normal 0.319694 0.676034 0.663908
    outer loop
      vertex 10.8592 -5.40983 4.6
      vertex 11.1483 -4.71179 3.75
      vertex 10.3648 -5.17603 4.6
    endloop
  endfacet
  facet normal 0.739711 -0.10973 0.663918
    outer loop
      vertex 8.02456 0.499887 3.75
      vertex 7.27672 0.601448 4.6
      vertex 7.27264 0.573944 4.6
    endloop
  endfacet
  facet normal 0.739711 -0.10973 0.663918
    outer loop
      vertex 7.27672 0.601448 4.6
      vertex 8.02456 0.499887 3.75
      vertex 8.098 0.99496 3.75
    endloop
  endfacet
  facet normal 0.676014 0.319718 0.663917
    outer loop
      vertex 7.92397 -2.73515 4.6
      vertex 8.6022 -2.40412 3.75
      vertex 8.38822 -1.95168 3.75
    endloop
  endfacet
  facet normal 0.676013 0.319721 0.663917
    outer loop
      vertex 8.6022 -2.40412 3.75
      vertex 7.92397 -2.73515 4.6
      vertex 7.93586 -2.76029 4.6
    endloop
  endfacet
  facet normal -0.181717 -0.725392 0.663917
    outer loop
      vertex 14.7728 5.61017 4.6
      vertex 14.2424 5.74304 4.6
      vertex 14.095 5.002 3.75
    endloop
  endfacet
  facet normal -0.641363 -0.384549 0.663909
    outer loop
      vertex 17.3405 2.83341 3.75
      vertex 17.983 3.22932 4.6
      vertex 17.9687 3.25317 4.6
    endloop
  endfacet
  facet normal -0.641426 -0.384446 0.663908
    outer loop
      vertex 17.983 3.22932 4.6
      vertex 17.3405 2.83341 3.75
      vertex 17.5978 2.40412 3.75
    endloop
  endfacet
  facet normal 0.181371 -0.725486 0.663909
    outer loop
      vertex 11.6195 4.88039 3.75
      vertex 11.4272 5.61017 4.6
      vertex 11.4002 5.60342 4.6
    endloop
  endfacet
  facet normal 0.181701 -0.725401 0.663911
    outer loop
      vertex 11.4272 5.61017 4.6
      vertex 11.6195 4.88039 3.75
      vertex 12.105 5.002 3.75
    endloop
  endfacet
  facet normal -0.251957 -0.704089 0.66391
    outer loop
      vertex 15.0517 4.71179 3.75
      vertex 15.3408 5.40983 4.6
      vertex 14.826 5.59405 4.6
    endloop
  endfacet
  facet normal -0.0366713 0.746908 0.663916
    outer loop
      vertex 13.5999 -5.07544 3.75
      vertex 13.6462 -5.82872 4.6
      vertex 13.6739 -5.82736 4.6
    endloop
  endfacet
  facet normal -0.0366954 0.746906 0.663916
    outer loop
      vertex 13.6462 -5.82872 4.6
      vertex 13.5999 -5.07544 3.75
      vertex 13.1 -5.1 3.75
    endloop
  endfacet
  facet normal -0.181701 -0.725401 0.663911
    outer loop
      vertex 14.5805 4.88039 3.75
      vertex 14.7728 5.61017 4.6
      vertex 14.095 5.002 3.75
    endloop
  endfacet
  facet normal -0.181371 -0.725486 0.663909
    outer loop
      vertex 14.7728 5.61017 4.6
      vertex 14.5805 4.88039 3.75
      vertex 14.7998 5.60342 4.6
    endloop
  endfacet
  facet normal 0.445467 0.600639 0.663921
    outer loop
      vertex 9.84683 -4.86872 4.6
      vertex 10.2666 -4.24049 3.75
      vertex 9.40761 -4.54297 4.6
    endloop
  endfacet
  facet normal 0.739711 -0.10973 0.663918
    outer loop
      vertex 8.098 0.99496 3.75
      vertex 7.35696 1.14236 4.6
      vertex 7.27672 0.601448 4.6
    endloop
  endfacet
  facet normal 0.554086 0.502195 0.663919
    outer loop
      vertex 9.15765 -3.2354 3.75
      vertex 8.59227 -3.73533 4.6
      vertex 9.49376 -3.60624 3.75
    endloop
  endfacet
  facet normal 0.554217 0.502049 0.663921
    outer loop
      vertex 8.59227 -3.73533 4.6
      vertex 9.15765 -3.2354 3.75
      vertex 8.5736 -3.71472 4.6
    endloop
  endfacet
  facet normal -0.445476 -0.600623 0.66393
    outer loop
      vertex 16.7924 4.54297 4.6
      vertex 16.3532 4.86872 4.6
      vertex 15.9334 4.24049 3.75
    endloop
  endfacet
  facet normal 0.70409 0.251928 0.66392
    outer loop
      vertex 7.69017 -2.24082 4.6
      vertex 8.38822 -1.95168 3.75
      vertex 7.50595 -1.72596 4.6
    endloop
  endfacet
  facet normal 0.600526 -0.445621 0.66392
    outer loop
      vertex 8.55703 3.69239 4.6
      vertex 9.15765 3.2354 3.75
      vertex 8.5736 3.71472 4.6
    endloop
  endfacet
  facet normal 0.600639 -0.44547 0.663919
    outer loop
      vertex 9.15765 3.2354 3.75
      vertex 8.55703 3.69239 4.6
      vertex 8.85951 2.83341 3.75
    endloop
  endfacet
  facet normal 0.600641 -0.445469 0.663919
    outer loop
      vertex 8.85951 2.83341 3.75
      vertex 8.55703 3.69239 4.6
      vertex 8.23128 3.25317 4.6
    endloop
  endfacet
  facet normal 0.319748 0.675985 0.663932
    outer loop
      vertex 10.6959 -4.4978 3.75
      vertex 10.3648 -5.17603 4.6
      vertex 11.1483 -4.71179 3.75
    endloop
  endfacet
  facet normal 0.320131 0.675801 0.663934
    outer loop
      vertex 10.3648 -5.17603 4.6
      vertex 10.6959 -4.4978 3.75
      vertex 10.3397 -5.16414 4.6
    endloop
  endfacet
  facet normal 0.739711 0.10973 0.663918
    outer loop
      vertex 7.27672 -0.601448 4.6
      vertex 8.02456 -0.499887 3.75
      vertex 7.27264 -0.573944 4.6
    endloop
  endfacet
  facet normal 0.739711 0.10973 0.663918
    outer loop
      vertex 8.02456 -0.499887 3.75
      vertex 7.27672 -0.601448 4.6
      vertex 8.098 -0.99496 3.75
    endloop
  endfacet
  facet normal -0.445832 0.600365 0.663925
    outer loop
      vertex 16.3354 -3.94235 3.75
      vertex 16.7924 -4.54297 4.6
      vertex 16.8147 -4.52641 4.6
    endloop
  endfacet
  facet normal -0.445462 0.600642 0.663922
    outer loop
      vertex 16.7924 -4.54297 4.6
      vertex 16.3354 -3.94235 3.75
      vertex 15.9334 -4.24049 3.75
    endloop
  endfacet
  facet normal 0.70409 -0.251928 0.66392
    outer loop
      vertex 8.38822 1.95168 3.75
      vertex 7.69017 2.24082 4.6
      vertex 7.50595 1.72596 4.6
    endloop
  endfacet
  facet normal 0.181701 0.725401 0.663911
    outer loop
      vertex 11.6195 -4.88039 3.75
      vertex 11.4272 -5.61017 4.6
      vertex 12.105 -5.002 3.75
    endloop
  endfacet
  facet normal 0.181371 0.725486 0.663909
    outer loop
      vertex 11.4272 -5.61017 4.6
      vertex 11.6195 -4.88039 3.75
      vertex 11.4002 -5.60342 4.6
    endloop
  endfacet
  facet normal 0.109725 -0.739716 0.663913
    outer loop
      vertex 12.6001 5.07544 3.75
      vertex 12.4986 5.82328 4.6
      vertex 12.105 5.002 3.75
    endloop
  endfacet
  facet normal 0.109746 -0.739713 0.663913
    outer loop
      vertex 12.4986 5.82328 4.6
      vertex 12.6001 5.07544 3.75
      vertex 12.5261 5.82736 4.6
    endloop
  endfacet
  facet normal -0.0367025 0.746904 0.663918
    outer loop
      vertex 13.6462 -5.82872 4.6
      vertex 13.1 -5.1 3.75
      vertex 13.1 -5.85556 4.6
    endloop
  endfacet
  facet normal -0.319694 0.676034 0.663908
    outer loop
      vertex 15.3408 -5.40983 4.6
      vertex 15.8352 -5.17603 4.6
      vertex 15.0517 -4.71179 3.75
    endloop
  endfacet
  facet normal 0.676007 0.319726 0.66392
    outer loop
      vertex 7.92397 -2.73515 4.6
      vertex 8.38822 -1.95168 3.75
      vertex 7.69017 -2.24082 4.6
    endloop
  endfacet
  facet normal -0.553837 -0.502511 0.663888
    outer loop
      vertex 17.6077 3.73533 4.6
      vertex 17.0424 3.2354 3.75
      vertex 17.6264 3.71472 4.6
    endloop
  endfacet
  facet normal -0.554039 -0.502286 0.66389
    outer loop
      vertex 17.0424 3.2354 3.75
      vertex 17.6077 3.73533 4.6
      vertex 16.7062 3.60624 3.75
    endloop
  endfacet
  facet normal 0.739711 0.10973 0.663918
    outer loop
      vertex 7.35696 -1.14236 4.6
      vertex 8.098 -0.99496 3.75
      vertex 7.27672 -0.601448 4.6
    endloop
  endfacet
  facet normal -0.502231 0.554066 0.663909
    outer loop
      vertex 16.3354 -3.94235 3.75
      vertex 16.8353 -4.50773 4.6
      vertex 16.7062 -3.60624 3.75
    endloop
  endfacet
  facet normal -0.502338 0.55397 0.663908
    outer loop
      vertex 16.8353 -4.50773 4.6
      vertex 16.3354 -3.94235 3.75
      vertex 16.8147 -4.52641 4.6
    endloop
  endfacet
  facet normal -0.109725 0.739716 0.663913
    outer loop
      vertex 13.5999 -5.07544 3.75
      vertex 13.7014 -5.82328 4.6
      vertex 14.095 -5.002 3.75
    endloop
  endfacet
  facet normal -0.109746 0.739713 0.663913
    outer loop
      vertex 13.7014 -5.82328 4.6
      vertex 13.5999 -5.07544 3.75
      vertex 13.6739 -5.82736 4.6
    endloop
  endfacet
  facet normal 0.704086 -0.251997 0.663898
    outer loop
      vertex 7.49658 1.69978 4.6
      vertex 8.38822 1.95168 3.75
      vertex 7.50595 1.72596 4.6
    endloop
  endfacet
  facet normal 0.704089 -0.251929 0.663921
    outer loop
      vertex 8.38822 1.95168 3.75
      vertex 7.49658 1.69978 4.6
      vertex 8.21961 1.48045 3.75
    endloop
  endfacet
  facet normal 0.641476 -0.384348 0.663916
    outer loop
      vertex 8.21699 3.22932 4.6
      vertex 8.85951 2.83341 3.75
      vertex 8.23128 3.25317 4.6
    endloop
  endfacet
  facet normal 0.641413 -0.384453 0.663917
    outer loop
      vertex 8.85951 2.83341 3.75
      vertex 8.21699 3.22932 4.6
      vertex 8.6022 2.40412 3.75
    endloop
  endfacet
  facet normal 0.746908 -0.0366909 0.663914
    outer loop
      vertex 8 0 3.75
      vertex 7.27128 0.546172 4.6
      vertex 7.24445 0 4.6
    endloop
  endfacet
  facet normal 0.251957 -0.704089 0.66391
    outer loop
      vertex 11.1483 4.71179 3.75
      vertex 11.374 5.59405 4.6
      vertex 10.8592 5.40983 4.6
    endloop
  endfacet
  facet normal 0.554084 0.5022 0.663918
    outer loop
      vertex 8.9595 -4.1405 4.6
      vertex 9.49376 -3.60624 3.75
      vertex 8.59227 -3.73533 4.6
    endloop
  endfacet
  facet normal 0.109746 0.739713 0.663913
    outer loop
      vertex 12.6001 -5.07544 3.75
      vertex 12.4986 -5.82328 4.6
      vertex 12.5261 -5.82736 4.6
    endloop
  endfacet
  facet normal 0.109725 0.739716 0.663913
    outer loop
      vertex 12.4986 -5.82328 4.6
      vertex 12.6001 -5.07544 3.75
      vertex 12.105 -5.002 3.75
    endloop
  endfacet
  facet normal -0.109746 -0.739713 0.663913
    outer loop
      vertex 13.5999 5.07544 3.75
      vertex 13.7014 5.82328 4.6
      vertex 13.6739 5.82736 4.6
    endloop
  endfacet
  facet normal -0.109725 -0.739716 0.663913
    outer loop
      vertex 13.7014 5.82328 4.6
      vertex 13.5999 5.07544 3.75
      vertex 14.095 5.002 3.75
    endloop
  endfacet
  facet normal -0.383759 -0.641836 0.663909
    outer loop
      vertex 16.3293 4.88301 4.6
      vertex 15.9334 4.24049 3.75
      vertex 16.3532 4.86872 4.6
    endloop
  endfacet
  facet normal -0.384448 -0.641419 0.663914
    outer loop
      vertex 15.9334 4.24049 3.75
      vertex 16.3293 4.88301 4.6
      vertex 15.5041 4.4978 3.75
    endloop
  endfacet
  facet normal 0.676007 -0.319726 0.66392
    outer loop
      vertex 8.38822 1.95168 3.75
      vertex 7.92397 2.73515 4.6
      vertex 7.69017 2.24082 4.6
    endloop
  endfacet
  facet normal 0.319694 -0.676034 0.663908
    outer loop
      vertex 11.1483 4.71179 3.75
      vertex 10.8592 5.40983 4.6
      vertex 10.3648 5.17603 4.6
    endloop
  endfacet
  facet normal 0.600641 0.445469 0.663919
    outer loop
      vertex 8.55703 -3.69239 4.6
      vertex 8.85951 -2.83341 3.75
      vertex 8.23128 -3.25317 4.6
    endloop
  endfacet
  facet normal 0.676013 -0.319721 0.663917
    outer loop
      vertex 7.92397 2.73515 4.6
      vertex 8.6022 2.40412 3.75
      vertex 7.93586 2.76029 4.6
    endloop
  endfacet
  facet normal 0.676014 -0.319718 0.663917
    outer loop
      vertex 8.6022 2.40412 3.75
      vertex 7.92397 2.73515 4.6
      vertex 8.38822 1.95168 3.75
    endloop
  endfacet
  facet normal 0.109713 -0.739714 0.663917
    outer loop
      vertex 12.105 5.002 3.75
      vertex 12.4986 5.82328 4.6
      vertex 11.9576 5.74304 4.6
    endloop
  endfacet
  facet normal -0.383759 0.641836 0.663909
    outer loop
      vertex 15.9334 -4.24049 3.75
      vertex 16.3293 -4.88301 4.6
      vertex 16.3532 -4.86872 4.6
    endloop
  endfacet
  facet normal -0.384448 0.641419 0.663914
    outer loop
      vertex 16.3293 -4.88301 4.6
      vertex 15.9334 -4.24049 3.75
      vertex 15.5041 -4.4978 3.75
    endloop
  endfacet
  facet normal -0.384468 -0.641396 0.663924
    outer loop
      vertex 16.3293 4.88301 4.6
      vertex 15.8603 5.16414 4.6
      vertex 15.5041 4.4978 3.75
    endloop
  endfacet
  facet normal 0.725395 -0.181701 0.663917
    outer loop
      vertex 8.098 0.99496 3.75
      vertex 7.48983 1.67281 4.6
      vertex 7.35696 1.14236 4.6
    endloop
  endfacet
  facet normal -0.600143 -0.446143 0.663916
    outer loop
      vertex 17.0424 3.2354 3.75
      vertex 17.643 3.69239 4.6
      vertex 17.6264 3.71472 4.6
    endloop
  endfacet
  facet normal -0.600674 -0.445436 0.663911
    outer loop
      vertex 17.643 3.69239 4.6
      vertex 17.0424 3.2354 3.75
      vertex 17.3405 2.83341 3.75
    endloop
  endfacet
  facet normal -0.641443 -0.384431 0.663901
    outer loop
      vertex 18.2641 2.76029 4.6
      vertex 17.983 3.22932 4.6
      vertex 17.5978 2.40412 3.75
    endloop
  endfacet
  facet normal -0.109713 -0.739714 0.663917
    outer loop
      vertex 14.095 5.002 3.75
      vertex 14.2424 5.74304 4.6
      vertex 13.7014 5.82328 4.6
    endloop
  endfacet
  facet normal -0.251957 0.704089 0.66391
    outer loop
      vertex 15.3408 -5.40983 4.6
      vertex 15.0517 -4.71179 3.75
      vertex 14.826 -5.59405 4.6
    endloop
  endfacet
  facet normal 0.445467 -0.600639 0.663921
    outer loop
      vertex 10.2666 4.24049 3.75
      vertex 9.84683 4.86872 4.6
      vertex 9.40761 4.54297 4.6
    endloop
  endfacet
  facet normal -0.25182 -0.70413 0.663919
    outer loop
      vertex 14.5805 4.88039 3.75
      vertex 14.826 5.59405 4.6
      vertex 14.7998 5.60342 4.6
    endloop
  endfacet
  facet normal -0.251931 -0.704091 0.663918
    outer loop
      vertex 14.826 5.59405 4.6
      vertex 14.5805 4.88039 3.75
      vertex 15.0517 4.71179 3.75
    endloop
  endfacet
  facet normal 0.704068 0.251991 0.663919
    outer loop
      vertex 7.50595 -1.72596 4.6
      vertex 8.21961 -1.48045 3.75
      vertex 7.49658 -1.69978 4.6
    endloop
  endfacet
  facet normal 0.70409 0.251929 0.66392
    outer loop
      vertex 8.21961 -1.48045 3.75
      vertex 7.50595 -1.72596 4.6
      vertex 8.38822 -1.95168 3.75
    endloop
  endfacet
  facet normal 0.725394 0.181703 0.663918
    outer loop
      vertex 7.48983 -1.67281 4.6
      vertex 8.21961 -1.48045 3.75
      vertex 8.098 -0.99496 3.75
    endloop
  endfacet
  facet normal 0.725431 0.181559 0.663917
    outer loop
      vertex 8.21961 -1.48045 3.75
      vertex 7.48983 -1.67281 4.6
      vertex 7.49658 -1.69978 4.6
    endloop
  endfacet
  facet normal 0.445463 -0.600645 0.663919
    outer loop
      vertex 9.40761 4.54297 4.6
      vertex 9.8646 3.94235 3.75
      vertex 10.2666 4.24049 3.75
    endloop
  endfacet
  facet normal 0.445448 -0.600656 0.663919
    outer loop
      vertex 9.8646 3.94235 3.75
      vertex 9.40761 4.54297 4.6
      vertex 9.38528 4.52641 4.6
    endloop
  endfacet
  facet normal 0.384445 -0.641415 0.663919
    outer loop
      vertex 9.87068 4.88301 4.6
      vertex 10.2666 4.24049 3.75
      vertex 10.6959 4.4978 3.75
    endloop
  endfacet
  facet normal 0.384347 -0.641475 0.663919
    outer loop
      vertex 10.2666 4.24049 3.75
      vertex 9.87068 4.88301 4.6
      vertex 9.84683 4.86872 4.6
    endloop
  endfacet
  facet normal 0.641413 0.384453 0.663917
    outer loop
      vertex 8.21699 -3.22932 4.6
      vertex 8.85951 -2.83341 3.75
      vertex 8.6022 -2.40412 3.75
    endloop
  endfacet
  facet normal 0.641476 0.384348 0.663916
    outer loop
      vertex 8.85951 -2.83341 3.75
      vertex 8.21699 -3.22932 4.6
      vertex 8.23128 -3.25317 4.6
    endloop
  endfacet
  facet normal 0.725431 -0.181559 0.663917
    outer loop
      vertex 7.48983 1.67281 4.6
      vertex 8.21961 1.48045 3.75
      vertex 7.49658 1.69978 4.6
    endloop
  endfacet
  facet normal 0.725394 -0.181703 0.663918
    outer loop
      vertex 8.21961 1.48045 3.75
      vertex 7.48983 1.67281 4.6
      vertex 8.098 0.99496 3.75
    endloop
  endfacet
  facet normal 0.502195 0.554086 0.663919
    outer loop
      vertex 9.36467 -4.50773 4.6
      vertex 9.8646 -3.94235 3.75
      vertex 9.49376 -3.60624 3.75
    endloop
  endfacet
  facet normal 0.502197 0.554084 0.663919
    outer loop
      vertex 9.8646 -3.94235 3.75
      vertex 9.36467 -4.50773 4.6
      vertex 9.38528 -4.52641 4.6
    endloop
  endfacet
  facet normal 0.5022 0.554084 0.663918
    outer loop
      vertex 9.36467 -4.50773 4.6
      vertex 9.49376 -3.60624 3.75
      vertex 8.9595 -4.1405 4.6
    endloop
  endfacet
  facet normal -0.319748 -0.675985 0.663932
    outer loop
      vertex 15.5041 4.4978 3.75
      vertex 15.8352 5.17603 4.6
      vertex 15.0517 4.71179 3.75
    endloop
  endfacet
  facet normal -0.320131 -0.675801 0.663934
    outer loop
      vertex 15.8352 5.17603 4.6
      vertex 15.5041 4.4978 3.75
      vertex 15.8603 5.16414 4.6
    endloop
  endfacet
  facet normal 0.746908 0.0366909 0.663914
    outer loop
      vertex 7.27128 -0.546172 4.6
      vertex 8 0 3.75
      vertex 7.24445 0 4.6
    endloop
  endfacet
  facet normal -0.676025 -0.319735 0.663898
    outer loop
      vertex 18.5098 2.24082 4.6
      vertex 18.276 2.73515 4.6
      vertex 17.8118 1.95168 3.75
    endloop
  endfacet
  facet normal 0.5022 -0.554084 0.663918
    outer loop
      vertex 9.49376 3.60624 3.75
      vertex 9.36467 4.50773 4.6
      vertex 8.9595 4.1405 4.6
    endloop
  endfacet
  facet normal 0.502197 -0.554084 0.663919
    outer loop
      vertex 9.36467 4.50773 4.6
      vertex 9.8646 3.94235 3.75
      vertex 9.38528 4.52641 4.6
    endloop
  endfacet
  facet normal 0.502195 -0.554086 0.663919
    outer loop
      vertex 9.8646 3.94235 3.75
      vertex 9.36467 4.50773 4.6
      vertex 9.49376 3.60624 3.75
    endloop
  endfacet
  facet normal -0.0366954 -0.746906 0.663916
    outer loop
      vertex 13.5999 5.07544 3.75
      vertex 13.6462 5.82872 4.6
      vertex 13.1 5.1 3.75
    endloop
  endfacet
  facet normal -0.0366713 -0.746908 0.663916
    outer loop
      vertex 13.6462 5.82872 4.6
      vertex 13.5999 5.07544 3.75
      vertex 13.6739 5.82736 4.6
    endloop
  endfacet
  facet normal -0.445832 -0.600365 0.663925
    outer loop
      vertex 16.7924 4.54297 4.6
      vertex 16.3354 3.94235 3.75
      vertex 16.8147 4.52641 4.6
    endloop
  endfacet
  facet normal -0.445462 -0.600642 0.663922
    outer loop
      vertex 16.3354 3.94235 3.75
      vertex 16.7924 4.54297 4.6
      vertex 15.9334 4.24049 3.75
    endloop
  endfacet
  facet normal -0.502172 -0.554094 0.66393
    outer loop
      vertex 17.2405 4.1405 4.6
      vertex 16.8353 4.50773 4.6
      vertex 16.7062 3.60624 3.75
    endloop
  endfacet
  facet normal -0.319694 -0.676034 0.663908
    outer loop
      vertex 15.8352 5.17603 4.6
      vertex 15.3408 5.40983 4.6
      vertex 15.0517 4.71179 3.75
    endloop
  endfacet
  facet normal -0.502338 -0.55397 0.663908
    outer loop
      vertex 16.3354 3.94235 3.75
      vertex 16.8353 4.50773 4.6
      vertex 16.8147 4.52641 4.6
    endloop
  endfacet
  facet normal -0.502231 -0.554066 0.663909
    outer loop
      vertex 16.8353 4.50773 4.6
      vertex 16.3354 3.94235 3.75
      vertex 16.7062 3.60624 3.75
    endloop
  endfacet
  facet normal -0.725432 -0.181615 0.663901
    outer loop
      vertex 18.843 1.14236 4.6
      vertex 18.7102 1.67281 4.6
      vertex 18.102 0.99496 3.75
    endloop
  endfacet
  facet normal -0.0367025 -0.746904 0.663918
    outer loop
      vertex 13.6462 5.82872 4.6
      vertex 13.1 5.85556 4.6
      vertex 13.1 5.1 3.75
    endloop
  endfacet
  facet normal -0.70407 -0.252798 0.66361
    outer loop
      vertex 17.8118 1.95168 3.75
      vertex 18.7034 1.69978 4.6
      vertex 18.694 1.72596 4.6
    endloop
  endfacet
  facet normal -0.704105 -0.25192 0.663907
    outer loop
      vertex 18.7034 1.69978 4.6
      vertex 17.8118 1.95168 3.75
      vertex 17.9804 1.48045 3.75
    endloop
  endfacet
  facet normal -0.739715 -0.109813 0.6639
    outer loop
      vertex 18.9233 0.601448 4.6
      vertex 18.843 1.14236 4.6
      vertex 18.102 0.99496 3.75
    endloop
  endfacet
  facet normal -0.739694 -0.109668 0.663947
    outer loop
      vertex 18.1754 0.499887 3.75
      vertex 18.9233 0.601448 4.6
      vertex 18.102 0.99496 3.75
    endloop
  endfacet
  facet normal -0.73961 -0.110253 0.663943
    outer loop
      vertex 18.9233 0.601448 4.6
      vertex 18.1754 0.499887 3.75
      vertex 18.9274 0.573944 4.6
    endloop
  endfacet
  facet normal -0.367619 -0.929976 0
    outer loop
      vertex 8.18934 16.1743 0
      vertex 8.65481 15.9903 3.75
      vertex 8.18934 16.1743 3.75
    endloop
  endfacet
  facet normal -0.367619 -0.929976 -0
    outer loop
      vertex 8.65481 15.9903 3.75
      vertex 8.18934 16.1743 0
      vertex 8.65481 15.9903 0
    endloop
  endfacet
  facet normal -0.456787 -0.889576 0
    outer loop
      vertex 8.65481 15.9903 0
      vertex 9.1 15.7617 3.75
      vertex 8.65481 15.9903 3.75
    endloop
  endfacet
  facet normal -0.456787 -0.889576 -0
    outer loop
      vertex 9.1 15.7617 3.75
      vertex 8.65481 15.9903 0
      vertex 9.1 15.7617 0
    endloop
  endfacet
  facet normal -0.274536 -0.961577 0
    outer loop
      vertex 7.70809 16.3117 0
      vertex 8.18934 16.1743 3.75
      vertex 7.70809 16.3117 3.75
    endloop
  endfacet
  facet normal -0.274536 -0.961577 -0
    outer loop
      vertex 8.18934 16.1743 3.75
      vertex 7.70809 16.3117 0
      vertex 8.18934 16.1743 0
    endloop
  endfacet
  facet normal -0.996656 0.0817063 0
    outer loop
      vertex 11.6064 10.6792 0
      vertex 11.6473 11.1781 3.75
      vertex 11.6473 11.1781 0
    endloop
  endfacet
  facet normal -0.996656 0.0817063 0
    outer loop
      vertex 11.6473 11.1781 3.75
      vertex 11.6064 10.6792 0
      vertex 11.6064 10.6792 3.75
    endloop
  endfacet
  facet normal 0.569203 -0.822197 0
    outer loop
      vertex 3.44532 15.391 0
      vertex 3.85685 15.6759 3.75
      vertex 3.44532 15.391 3.75
    endloop
  endfacet
  facet normal 0.569203 -0.822197 0
    outer loop
      vertex 3.85685 15.6759 3.75
      vertex 3.44532 15.391 0
      vertex 3.85685 15.6759 0
    endloop
  endfacet
  facet normal 0.996655 -0.0817225 0
    outer loop
      vertex 1.45273 11.5118 3.75
      vertex 1.49363 12.0106 0
      vertex 1.49363 12.0106 3.75
    endloop
  endfacet
  facet normal 0.996655 -0.0817225 0
    outer loop
      vertex 1.49363 12.0106 0
      vertex 1.45273 11.5118 3.75
      vertex 1.45273 11.5118 0
    endloop
  endfacet
  facet normal 0.397805 -0.91747 0
    outer loop
      vertex 4.29433 15.919 0
      vertex 4.75352 16.1181 3.75
      vertex 4.29433 15.919 3.75
    endloop
  endfacet
  facet normal 0.397805 -0.91747 0
    outer loop
      vertex 4.75352 16.1181 3.75
      vertex 4.29433 15.919 0
      vertex 4.75352 16.1181 0
    endloop
  endfacet
  facet normal 0.718542 -0.695483 0
    outer loop
      vertex 2.71562 14.7076 3.75
      vertex 3.06368 15.0672 0
      vertex 3.06368 15.0672 3.75
    endloop
  endfacet
  facet normal 0.718542 -0.695483 0
    outer loop
      vertex 3.06368 15.0672 0
      vertex 2.71562 14.7076 3.75
      vertex 2.71562 14.7076 0
    endloop
  endfacet
  facet normal 0.695433 0.718591 -0
    outer loop
      vertex 3.18734 7.51055 0
      vertex 2.82769 7.85861 3.75
      vertex 3.18734 7.51055 3.75
    endloop
  endfacet
  facet normal 0.695433 0.718591 0
    outer loop
      vertex 2.82769 7.85861 3.75
      vertex 3.18734 7.51055 0
      vertex 2.82769 7.85861 0
    endloop
  endfacet
  facet normal -0.999866 -0.0163847 0
    outer loop
      vertex 11.6473 11.1781 0
      vertex 11.6391 11.6785 3.75
      vertex 11.6391 11.6785 0
    endloop
  endfacet
  facet normal -0.999866 -0.0163847 0
    outer loop
      vertex 11.6391 11.6785 3.75
      vertex 11.6473 11.1781 0
      vertex 11.6473 11.1781 3.75
    endloop
  endfacet
  facet normal -0.0817209 -0.996655 0
    outer loop
      vertex 6.71687 16.4422 0
      vertex 7.21568 16.4013 3.75
      vertex 6.71687 16.4422 3.75
    endloop
  endfacet
  facet normal -0.0817209 -0.996655 -0
    outer loop
      vertex 7.21568 16.4013 3.75
      vertex 6.71687 16.4422 0
      vertex 7.21568 16.4013 0
    endloop
  endfacet
  facet normal 0.961568 -0.274565 0
    outer loop
      vertex 1.58323 12.503 3.75
      vertex 1.72066 12.9843 0
      vertex 1.72066 12.9843 3.75
    endloop
  endfacet
  facet normal 0.961568 -0.274565 0
    outer loop
      vertex 1.72066 12.9843 0
      vertex 1.58323 12.503 3.75
      vertex 1.58323 12.503 0
    endloop
  endfacet
  facet normal 0.485728 -0.87411 0
    outer loop
      vertex 3.85685 15.6759 0
      vertex 4.29433 15.919 3.75
      vertex 3.85685 15.6759 3.75
    endloop
  endfacet
  facet normal 0.485728 -0.87411 0
    outer loop
      vertex 4.29433 15.919 3.75
      vertex 3.85685 15.6759 0
      vertex 4.29433 15.919 0
    endloop
  endfacet
  facet normal 0.621664 0.783284 -0
    outer loop
      vertex 3.57937 7.19941 0
      vertex 3.18734 7.51055 3.75
      vertex 3.57937 7.19941 3.75
    endloop
  endfacet
  facet normal 0.621664 0.783284 0
    outer loop
      vertex 3.18734 7.51055 3.75
      vertex 3.57937 7.19941 0
      vertex 3.18734 7.51055 0
    endloop
  endfacet
  facet normal -0.541881 -0.840455 0
    outer loop
      vertex 9.1 15.7617 0
      vertex 9.52063 15.4905 3.75
      vertex 9.1 15.7617 3.75
    endloop
  endfacet
  facet normal -0.541881 -0.840455 -0
    outer loop
      vertex 9.52063 15.4905 3.75
      vertex 9.1 15.7617 0
      vertex 9.52063 15.4905 0
    endloop
  endfacet
  facet normal -0.397755 0.917492 0
    outer loop
      vertex 8.80567 6.77088 0
      vertex 8.34648 6.57181 3.75
      vertex 8.80567 6.77088 3.75
    endloop
  endfacet
  facet normal -0.397755 0.917492 0
    outer loop
      vertex 8.34648 6.57181 3.75
      vertex 8.80567 6.77088 0
      vertex 8.34648 6.57181 0
    endloop
  endfacet
  facet normal -0.961518 0.274742 0
    outer loop
      vertex 11.3793 9.70559 0
      vertex 11.5168 10.1868 3.75
      vertex 11.5168 10.1868 0
    endloop
  endfacet
  facet normal -0.961518 0.274742 0
    outer loop
      vertex 11.5168 10.1868 3.75
      vertex 11.3793 9.70559 0
      vertex 11.3793 9.70559 3.75
    endloop
  endfacet
  facet normal 0.114288 -0.993448 0
    outer loop
      vertex 5.71923 16.3768 0
      vertex 6.21644 16.434 3.75
      vertex 5.71923 16.3768 3.75
    endloop
  endfacet
  facet normal 0.114288 -0.993448 0
    outer loop
      vertex 6.21644 16.434 3.75
      vertex 5.71923 16.3768 0
      vertex 6.21644 16.434 0
    endloop
  endfacet
  facet normal -0.930042 0.367453 0
    outer loop
      vertex 11.1954 9.24013 0
      vertex 11.3793 9.70559 3.75
      vertex 11.3793 9.70559 0
    endloop
  endfacet
  facet normal -0.930042 0.367453 0
    outer loop
      vertex 11.3793 9.70559 3.75
      vertex 11.1954 9.24013 0
      vertex 11.1954 9.24013 3.75
    endloop
  endfacet
  facet normal 0.762535 0.646948 0
    outer loop
      vertex 2.82769 7.85861 3.75
      vertex 2.5039 8.24025 0
      vertex 2.5039 8.24025 3.75
    endloop
  endfacet
  facet normal 0.762535 0.646948 0
    outer loop
      vertex 2.5039 8.24025 0
      vertex 2.82769 7.85861 3.75
      vertex 2.82769 7.85861 0
    endloop
  endfacet
  facet normal -0.983844 0.179026 0
    outer loop
      vertex 11.5168 10.1868 0
      vertex 11.6064 10.6792 3.75
      vertex 11.6064 10.6792 0
    endloop
  endfacet
  facet normal -0.983844 0.179026 0
    outer loop
      vertex 11.6064 10.6792 3.75
      vertex 11.5168 10.1868 0
      vertex 11.5168 10.1868 3.75
    endloop
  endfacet
  facet normal -0.621738 -0.783226 0
    outer loop
      vertex 9.52063 15.4905 0
      vertex 9.91266 15.1793 3.75
      vertex 9.52063 15.4905 3.75
    endloop
  endfacet
  facet normal -0.621738 -0.783226 -0
    outer loop
      vertex 9.91266 15.1793 3.75
      vertex 9.52063 15.4905 0
      vertex 9.91266 15.1793 0
    endloop
  endfacet
  facet normal 0.179023 0.983845 -0
    outer loop
      vertex 5.88432 6.28856 0
      vertex 5.39191 6.37816 3.75
      vertex 5.88432 6.28856 3.75
    endloop
  endfacet
  facet normal 0.179023 0.983845 0
    outer loop
      vertex 5.39191 6.37816 3.75
      vertex 5.88432 6.28856 0
      vertex 5.39191 6.37816 0
    endloop
  endfacet
  facet normal -0.822271 -0.569096 0
    outer loop
      vertex 10.8809 14.0381 0
      vertex 10.5961 14.4496 3.75
      vertex 10.5961 14.4496 0
    endloop
  endfacet
  facet normal -0.822271 -0.569096 0
    outer loop
      vertex 10.5961 14.4496 3.75
      vertex 10.8809 14.0381 0
      vertex 10.8809 14.0381 3.75
    endloop
  endfacet
  facet normal 0.993447 0.11429 0
    outer loop
      vertex 1.51812 10.5142 3.75
      vertex 1.46092 11.0114 0
      vertex 1.46092 11.0114 3.75
    endloop
  endfacet
  facet normal 0.993447 0.11429 0
    outer loop
      vertex 1.46092 11.0114 0
      vertex 1.51812 10.5142 3.75
      vertex 1.51812 10.5142 0
    endloop
  endfacet
  facet normal 0.999866 0.0163647 0
    outer loop
      vertex 1.46092 11.0114 3.75
      vertex 1.45273 11.5118 0
      vertex 1.45273 11.5118 3.75
    endloop
  endfacet
  facet normal 0.999866 0.0163647 0
    outer loop
      vertex 1.45273 11.5118 0
      vertex 1.46092 11.0114 3.75
      vertex 1.46092 11.0114 0
    endloop
  endfacet
  facet normal 0.274592 0.961561 -0
    outer loop
      vertex 5.39191 6.37816 0
      vertex 4.91066 6.51559 3.75
      vertex 5.39191 6.37816 3.75
    endloop
  endfacet
  facet normal 0.274592 0.961561 0
    outer loop
      vertex 4.91066 6.51559 3.75
      vertex 5.39191 6.37816 0
      vertex 4.91066 6.51559 0
    endloop
  endfacet
  facet normal 0.456898 0.889519 -0
    outer loop
      vertex 4.44519 6.69953 0
      vertex 4 6.9282 3.75
      vertex 4.44519 6.69953 3.75
    endloop
  endfacet
  facet normal 0.456898 0.889519 0
    outer loop
      vertex 4 6.9282 3.75
      vertex 4.44519 6.69953 0
      vertex 4 6.9282 0
    endloop
  endfacet
  facet normal 0.783261 -0.621693 0
    outer loop
      vertex 2.40448 14.3156 3.75
      vertex 2.71562 14.7076 0
      vertex 2.71562 14.7076 3.75
    endloop
  endfacet
  facet normal 0.783261 -0.621693 0
    outer loop
      vertex 2.71562 14.7076 0
      vertex 2.40448 14.3156 3.75
      vertex 2.40448 14.3156 0
    endloop
  endfacet
  facet normal -0.695381 -0.718641 0
    outer loop
      vertex 9.91266 15.1793 0
      vertex 10.2723 14.8313 3.75
      vertex 9.91266 15.1793 3.75
    endloop
  endfacet
  facet normal -0.695381 -0.718641 -0
    outer loop
      vertex 10.2723 14.8313 3.75
      vertex 9.91266 15.1793 0
      vertex 10.2723 14.8313 0
    endloop
  endfacet
  facet normal -0.762575 -0.6469 0
    outer loop
      vertex 10.5961 14.4496 0
      vertex 10.2723 14.8313 3.75
      vertex 10.2723 14.8313 0
    endloop
  endfacet
  facet normal -0.762575 -0.6469 0
    outer loop
      vertex 10.2723 14.8313 3.75
      vertex 10.5961 14.4496 0
      vertex 10.5961 14.4496 3.75
    endloop
  endfacet
  facet normal 0.0163837 -0.999866 0
    outer loop
      vertex 6.21644 16.434 0
      vertex 6.71687 16.4422 3.75
      vertex 6.21644 16.434 3.75
    endloop
  endfacet
  facet normal 0.0163837 -0.999866 0
    outer loop
      vertex 6.71687 16.4422 3.75
      vertex 6.21644 16.434 0
      vertex 6.71687 16.4422 0
    endloop
  endfacet
  facet normal -0.179023 -0.983845 0
    outer loop
      vertex 7.21568 16.4013 0
      vertex 7.70809 16.3117 3.75
      vertex 7.21568 16.4013 3.75
    endloop
  endfacet
  facet normal -0.179023 -0.983845 -0
    outer loop
      vertex 7.70809 16.3117 3.75
      vertex 7.21568 16.4013 0
      vertex 7.70809 16.3117 0
    endloop
  endfacet
  facet normal 0.646959 -0.762525 0
    outer loop
      vertex 3.06368 15.0672 0
      vertex 3.44532 15.391 3.75
      vertex 3.06368 15.0672 3.75
    endloop
  endfacet
  facet normal 0.646959 -0.762525 0
    outer loop
      vertex 3.44532 15.391 3.75
      vertex 3.06368 15.0672 0
      vertex 3.44532 15.391 0
    endloop
  endfacet
  facet normal 0.889523 -0.45689 0
    outer loop
      vertex 1.9046 13.4497 3.75
      vertex 2.13327 13.8949 0
      vertex 2.13327 13.8949 3.75
    endloop
  endfacet
  facet normal 0.889523 -0.45689 0
    outer loop
      vertex 2.13327 13.8949 0
      vertex 1.9046 13.4497 3.75
      vertex 1.9046 13.4497 0
    endloop
  endfacet
  facet normal -0.569108 0.822263 0
    outer loop
      vertex 9.65468 7.29883 0
      vertex 9.24315 7.014 3.75
      vertex 9.65468 7.29883 3.75
    endloop
  endfacet
  facet normal -0.569108 0.822263 0
    outer loop
      vertex 9.24315 7.014 3.75
      vertex 9.65468 7.29883 0
      vertex 9.24315 7.014 0
    endloop
  endfacet
  facet normal 0.952071 0.305876 0
    outer loop
      vertex 1.77688 9.54846 3.75
      vertex 1.62378 10.025 0
      vertex 1.62378 10.025 3.75
    endloop
  endfacet
  facet normal 0.952071 0.305876 0
    outer loop
      vertex 1.62378 10.025 0
      vertex 1.77688 9.54846 3.75
      vertex 1.77688 9.54846 0
    endloop
  endfacet
  facet normal 0.929999 -0.367563 0
    outer loop
      vertex 1.72066 12.9843 3.75
      vertex 1.9046 13.4497 0
      vertex 1.9046 13.4497 3.75
    endloop
  endfacet
  facet normal 0.929999 -0.367563 0
    outer loop
      vertex 1.9046 13.4497 0
      vertex 1.72066 12.9843 3.75
      vertex 1.72066 12.9843 0
    endloop
  endfacet
  facet normal -0.889499 0.456937 0
    outer loop
      vertex 10.9667 8.79493 0
      vertex 11.1954 9.24013 3.75
      vertex 11.1954 9.24013 0
    endloop
  endfacet
  facet normal -0.889499 0.456937 0
    outer loop
      vertex 11.1954 9.24013 3.75
      vertex 10.9667 8.79493 0
      vertex 10.9667 8.79493 3.75
    endloop
  endfacet
  facet normal -0.917546 -0.39763 0
    outer loop
      vertex 11.3231 13.1414 0
      vertex 11.1241 13.6006 3.75
      vertex 11.1241 13.6006 0
    endloop
  endfacet
  facet normal -0.917546 -0.39763 0
    outer loop
      vertex 11.1241 13.6006 3.75
      vertex 11.3231 13.1414 0
      vertex 11.3231 13.1414 3.75
    endloop
  endfacet
  facet normal -0.874035 -0.485863 0
    outer loop
      vertex 11.1241 13.6006 0
      vertex 10.8809 14.0381 3.75
      vertex 10.8809 14.0381 0
    endloop
  endfacet
  facet normal -0.874035 -0.485863 0
    outer loop
      vertex 10.8809 14.0381 3.75
      vertex 11.1241 13.6006 0
      vertex 11.1241 13.6006 3.75
    endloop
  endfacet
  facet normal -0.783323 0.621615 0
    outer loop
      vertex 10.3844 7.98227 0
      vertex 10.6955 8.3743 3.75
      vertex 10.6955 8.3743 0
    endloop
  endfacet
  facet normal -0.783323 0.621615 0
    outer loop
      vertex 10.6955 8.3743 3.75
      vertex 10.3844 7.98227 0
      vertex 10.3844 7.98227 3.75
    endloop
  endfacet
  facet normal -0.0163637 0.999866 0
    outer loop
      vertex 6.88356 6.25585 0
      vertex 6.38313 6.24766 3.75
      vertex 6.88356 6.25585 3.75
    endloop
  endfacet
  facet normal -0.0163637 0.999866 0
    outer loop
      vertex 6.38313 6.24766 3.75
      vertex 6.88356 6.25585 0
      vertex 6.38313 6.24766 0
    endloop
  endfacet
  facet normal 0.305899 -0.952064 0
    outer loop
      vertex 4.75352 16.1181 0
      vertex 5.23002 16.2712 3.75
      vertex 4.75352 16.1181 3.75
    endloop
  endfacet
  facet normal 0.305899 -0.952064 0
    outer loop
      vertex 5.23002 16.2712 3.75
      vertex 4.75352 16.1181 0
      vertex 5.23002 16.2712 0
    endloop
  endfacet
  facet normal 0.983844 -0.179026 0
    outer loop
      vertex 1.49363 12.0106 3.75
      vertex 1.58323 12.503 0
      vertex 1.58323 12.503 3.75
    endloop
  endfacet
  facet normal 0.983844 -0.179026 0
    outer loop
      vertex 1.58323 12.503 0
      vertex 1.49363 12.0106 3.75
      vertex 1.49363 12.0106 0
    endloop
  endfacet
  facet normal -0.211113 0.977462 0
    outer loop
      vertex 7.86998 6.41871 0
      vertex 7.38077 6.31305 3.75
      vertex 7.86998 6.41871 3.75
    endloop
  endfacet
  facet normal -0.211113 0.977462 0
    outer loop
      vertex 7.38077 6.31305 3.75
      vertex 7.86998 6.41871 0
      vertex 7.38077 6.31305 0
    endloop
  endfacet
  facet normal 0.977461 0.211117 0
    outer loop
      vertex 1.62378 10.025 3.75
      vertex 1.51812 10.5142 0
      vertex 1.51812 10.5142 3.75
    endloop
  endfacet
  facet normal 0.977461 0.211117 0
    outer loop
      vertex 1.51812 10.5142 0
      vertex 1.62378 10.025 3.75
      vertex 1.62378 10.025 0
    endloop
  endfacet
  facet normal 0.822269 0.569099 0
    outer loop
      vertex 2.5039 8.24025 3.75
      vertex 2.21907 8.65179 0
      vertex 2.21907 8.65179 3.75
    endloop
  endfacet
  facet normal 0.822269 0.569099 0
    outer loop
      vertex 2.21907 8.65179 0
      vertex 2.5039 8.24025 3.75
      vertex 2.5039 8.24025 0
    endloop
  endfacet
  facet normal -0.485758 0.874093 0
    outer loop
      vertex 9.24315 7.014 0
      vertex 8.80567 6.77088 3.75
      vertex 9.24315 7.014 3.75
    endloop
  endfacet
  facet normal -0.485758 0.874093 0
    outer loop
      vertex 8.80567 6.77088 3.75
      vertex 9.24315 7.014 0
      vertex 8.80567 6.77088 0
    endloop
  endfacet
  facet normal 0.840487 -0.541832 0
    outer loop
      vertex 2.13327 13.8949 3.75
      vertex 2.40448 14.3156 0
      vertex 2.40448 14.3156 3.75
    endloop
  endfacet
  facet normal 0.840487 -0.541832 0
    outer loop
      vertex 2.40448 14.3156 0
      vertex 2.13327 13.8949 3.75
      vertex 2.13327 13.8949 0
    endloop
  endfacet
  facet normal -0.114288 0.993448 0
    outer loop
      vertex 7.38077 6.31305 0
      vertex 6.88356 6.25585 3.75
      vertex 7.38077 6.31305 3.75
    endloop
  endfacet
  facet normal -0.114288 0.993448 0
    outer loop
      vertex 6.88356 6.25585 3.75
      vertex 7.38077 6.31305 0
      vertex 6.88356 6.25585 0
    endloop
  endfacet
  facet normal 0.367515 0.930017 -0
    outer loop
      vertex 4.91066 6.51559 0
      vertex 4.44519 6.69953 3.75
      vertex 4.91066 6.51559 3.75
    endloop
  endfacet
  facet normal 0.367515 0.930017 0
    outer loop
      vertex 4.44519 6.69953 3.75
      vertex 4.91066 6.51559 0
      vertex 4.44519 6.69953 0
    endloop
  endfacet
  facet normal 0.0817209 0.996655 -0
    outer loop
      vertex 6.38313 6.24766 0
      vertex 5.88432 6.28856 3.75
      vertex 6.38313 6.24766 3.75
    endloop
  endfacet
  facet normal 0.0817209 0.996655 0
    outer loop
      vertex 5.88432 6.28856 3.75
      vertex 6.38313 6.24766 0
      vertex 5.88432 6.28856 0
    endloop
  endfacet
  facet normal -0.993447 -0.11429 0
    outer loop
      vertex 11.6391 11.6785 0
      vertex 11.5819 12.1757 3.75
      vertex 11.5819 12.1757 0
    endloop
  endfacet
  facet normal -0.993447 -0.11429 0
    outer loop
      vertex 11.5819 12.1757 3.75
      vertex 11.6391 11.6785 0
      vertex 11.6391 11.6785 3.75
    endloop
  endfacet
  facet normal -0.718541 0.695485 0
    outer loop
      vertex 10.0363 7.62263 0
      vertex 10.3844 7.98227 3.75
      vertex 10.3844 7.98227 0
    endloop
  endfacet
  facet normal -0.718541 0.695485 0
    outer loop
      vertex 10.3844 7.98227 3.75
      vertex 10.0363 7.62263 0
      vertex 10.0363 7.62263 3.75
    endloop
  endfacet
  facet normal 0.210998 -0.977486 0
    outer loop
      vertex 5.23002 16.2712 0
      vertex 5.71923 16.3768 3.75
      vertex 5.23002 16.2712 3.75
    endloop
  endfacet
  facet normal 0.210998 -0.977486 0
    outer loop
      vertex 5.71923 16.3768 3.75
      vertex 5.23002 16.2712 0
      vertex 5.71923 16.3768 0
    endloop
  endfacet
  facet normal -0.305899 0.952064 0
    outer loop
      vertex 8.34648 6.57181 0
      vertex 7.86998 6.41871 3.75
      vertex 8.34648 6.57181 3.75
    endloop
  endfacet
  facet normal -0.305899 0.952064 0
    outer loop
      vertex 7.86998 6.41871 3.75
      vertex 8.34648 6.57181 0
      vertex 7.86998 6.41871 0
    endloop
  endfacet
  facet normal 0.917495 0.397748 0
    outer loop
      vertex 1.97595 9.08926 3.75
      vertex 1.77688 9.54846 0
      vertex 1.77688 9.54846 3.75
    endloop
  endfacet
  facet normal 0.917495 0.397748 0
    outer loop
      vertex 1.77688 9.54846 0
      vertex 1.97595 9.08926 3.75
      vertex 1.97595 9.08926 0
    endloop
  endfacet
  facet normal 0.874088 0.485767 0
    outer loop
      vertex 2.21907 8.65179 3.75
      vertex 1.97595 9.08926 0
      vertex 1.97595 9.08926 3.75
    endloop
  endfacet
  facet normal 0.874088 0.485767 0
    outer loop
      vertex 1.97595 9.08926 0
      vertex 2.21907 8.65179 3.75
      vertex 2.21907 8.65179 0
    endloop
  endfacet
  facet normal -0.840455 0.541881 0
    outer loop
      vertex 10.6955 8.3743 0
      vertex 10.9667 8.79493 3.75
      vertex 10.9667 8.79493 0
    endloop
  endfacet
  facet normal -0.840455 0.541881 0
    outer loop
      vertex 10.9667 8.79493 3.75
      vertex 10.6955 8.3743 0
      vertex 10.6955 8.3743 3.75
    endloop
  endfacet
  facet normal 0.541895 0.840446 -0
    outer loop
      vertex 4 6.9282 0
      vertex 3.57937 7.19941 3.75
      vertex 4 6.9282 3.75
    endloop
  endfacet
  facet normal 0.541895 0.840446 0
    outer loop
      vertex 3.57937 7.19941 3.75
      vertex 4 6.9282 0
      vertex 3.57937 7.19941 0
    endloop
  endfacet
  facet normal -0.646979 0.762508 0
    outer loop
      vertex 10.0363 7.62263 0
      vertex 9.65468 7.29883 3.75
      vertex 10.0363 7.62263 3.75
    endloop
  endfacet
  facet normal -0.646979 0.762508 0
    outer loop
      vertex 9.65468 7.29883 3.75
      vertex 10.0363 7.62263 0
      vertex 9.65468 7.29883 0
    endloop
  endfacet
  facet normal -0.952064 -0.305899 0
    outer loop
      vertex 11.4762 12.6649 0
      vertex 11.3231 13.1414 3.75
      vertex 11.3231 13.1414 0
    endloop
  endfacet
  facet normal -0.952064 -0.305899 0
    outer loop
      vertex 11.3231 13.1414 3.75
      vertex 11.4762 12.6649 0
      vertex 11.4762 12.6649 3.75
    endloop
  endfacet
  facet normal -0.977444 -0.211193 0
    outer loop
      vertex 11.5819 12.1757 0
      vertex 11.4762 12.6649 3.75
      vertex 11.4762 12.6649 0
    endloop
  endfacet
  facet normal -0.977444 -0.211193 0
    outer loop
      vertex 11.4762 12.6649 3.75
      vertex 11.5819 12.1757 0
      vertex 11.5819 12.1757 3.75
    endloop
  endfacet
  facet normal -0.711249 -0.23082 0.663963
    outer loop
      vertex 11.3231 13.1414 3.75
      vertex 12.0388 13.3811 4.6
      vertex 12.0302 13.4076 4.6
    endloop
  endfacet
  facet normal -0.71193 -0.228744 0.663951
    outer loop
      vertex 12.0388 13.3811 4.6
      vertex 11.3231 13.1414 3.75
      vertex 11.4762 12.6649 3.75
    endloop
  endfacet
  facet normal 0.0854671 -0.74288 0.663946
    outer loop
      vertex 6.21644 16.434 3.75
      vertex 6.16703 17.188 4.6
      vertex 5.62378 17.1255 4.6
    endloop
  endfacet
  facet normal -0.614657 -0.425947 0.663902
    outer loop
      vertex 11.5067 14.4599 4.6
      vertex 10.8809 14.0381 3.75
      vertex 11.5225 14.4371 4.6
    endloop
  endfacet
  facet normal -0.614908 -0.425579 0.663905
    outer loop
      vertex 10.8809 14.0381 3.75
      vertex 11.5067 14.4599 4.6
      vertex 10.5961 14.4496 3.75
    endloop
  endfacet
  facet normal -0.341626 -0.665226 0.663902
    outer loop
      vertex 9.1 15.7617 3.75
      vertex 9.47778 16.416 4.6
      vertex 8.99136 16.6658 4.6
    endloop
  endfacet
  facet normal -0.341589 -0.665232 0.663915
    outer loop
      vertex 9.1 15.7617 3.75
      vertex 8.96663 16.6785 4.6
      vertex 8.65481 15.9903 3.75
    endloop
  endfacet
  facet normal -0.341625 -0.665226 0.663902
    outer loop
      vertex 8.96663 16.6785 4.6
      vertex 9.1 15.7617 3.75
      vertex 8.99136 16.6658 4.6
    endloop
  endfacet
  facet normal -0.719351 0.2043 0.663925
    outer loop
      vertex 11.5168 10.1868 3.75
      vertex 12.245 9.98854 4.6
      vertex 12.2526 10.0153 4.6
    endloop
  endfacet
  facet normal -0.719029 0.205454 0.663918
    outer loop
      vertex 12.245 9.98854 4.6
      vertex 11.5168 10.1868 3.75
      vertex 11.3793 9.70559 3.75
    endloop
  endfacet
  facet normal -0.133879 -0.735722 0.66392
    outer loop
      vertex 7.8523 17.0525 4.6
      vertex 7.3143 17.1504 4.6
      vertex 7.21568 16.4013 3.75
    endloop
  endfacet
  facet normal 0.735769 -0.133647 0.663915
    outer loop
      vertex 0.842433 12.6472 4.6
      vertex 1.58323 12.503 3.75
      vertex 0.84741 12.6746 4.6
    endloop
  endfacet
  facet normal 0.735726 -0.133877 0.663916
    outer loop
      vertex 1.58323 12.503 3.75
      vertex 0.842433 12.6472 4.6
      vertex 1.49363 12.0106 3.75
    endloop
  endfacet
  facet normal -0.570162 -0.483865 0.663921
    outer loop
      vertex 11.1955 14.9096 4.6
      vertex 10.8417 15.3265 4.6
      vertex 10.5961 14.4496 3.75
    endloop
  endfacet
  facet normal -0.48369 0.570313 0.663918
    outer loop
      vertex 10.0363 7.62263 3.75
      vertex 10.5316 7.05319 4.6
      vertex 10.5528 7.07117 4.6
    endloop
  endfacet
  facet normal -0.483814 0.570207 0.663919
    outer loop
      vertex 10.5316 7.05319 4.6
      vertex 10.0363 7.62263 3.75
      vertex 9.65468 7.29883 3.75
    endloop
  endfacet
  facet normal -0.297464 0.686105 0.663909
    outer loop
      vertex 8.80567 6.77088 3.75
      vertex 8.61262 5.86468 4.6
      vertex 8.63813 5.87574 4.6
    endloop
  endfacet
  facet normal -0.297444 0.686107 0.663916
    outer loop
      vertex 8.61262 5.86468 4.6
      vertex 8.80567 6.77088 3.75
      vertex 8.34648 6.57181 3.75
    endloop
  endfacet
  facet normal 0.205331 0.719064 0.663918
    outer loop
      vertex 5.19361 5.64998 4.6
      vertex 4.91066 6.51559 3.75
      vertex 4.66779 5.80013 4.6
    endloop
  endfacet
  facet normal -0.653706 -0.36317 0.663909
    outer loop
      vertex 11.7882 13.9591 4.6
      vertex 11.1241 13.6006 3.75
      vertex 11.8017 13.9348 4.6
    endloop
  endfacet
  facet normal -0.653616 -0.363336 0.663908
    outer loop
      vertex 11.1241 13.6006 3.75
      vertex 11.7882 13.9591 4.6
      vertex 10.8809 14.0381 3.75
    endloop
  endfacet
  facet normal -0.719028 0.205394 0.663937
    outer loop
      vertex 12.0948 9.46273 4.6
      vertex 12.245 9.98854 4.6
      vertex 11.3793 9.70559 3.75
    endloop
  endfacet
  facet normal -0.686115 -0.297449 0.663905
    outer loop
      vertex 12.0192 13.4331 4.6
      vertex 11.8017 13.9348 4.6
      vertex 11.1241 13.6006 3.75
    endloop
  endfacet
  facet normal -0.465129 -0.585579 0.663891
    outer loop
      vertex 9.52063 15.4905 3.75
      vertex 9.98251 16.0873 4.6
      vertex 9.96073 16.1046 4.6
    endloop
  endfacet
  facet normal -0.464953 -0.585718 0.663893
    outer loop
      vertex 9.98251 16.0873 4.6
      vertex 9.52063 15.4905 3.75
      vertex 9.91266 15.1793 3.75
    endloop
  endfacet
  facet normal 0.747707 0.0122366 0.663916
    outer loop
      vertex 0.706528 10.9898 4.6
      vertex 1.45273 11.5118 3.75
      vertex 0.697581 11.5365 4.6
    endloop
  endfacet
  facet normal -0.686284 -0.296044 0.664359
    outer loop
      vertex 11.1241 13.6006 3.75
      vertex 12.0302 13.4076 4.6
      vertex 12.0192 13.4331 4.6
    endloop
  endfacet
  facet normal -0.686147 -0.29735 0.663917
    outer loop
      vertex 12.0302 13.4076 4.6
      vertex 11.1241 13.6006 3.75
      vertex 11.3231 13.1414 3.75
    endloop
  endfacet
  facet normal -0.0618567 -0.745239 0.663922
    outer loop
      vertex 6.71687 16.4422 3.75
      vertex 6.7693 17.1951 4.6
      vertex 6.74159 17.1974 4.6
    endloop
  endfacet
  facet normal -0.0611107 -0.745296 0.663927
    outer loop
      vertex 6.7693 17.1951 4.6
      vertex 6.71687 16.4422 3.75
      vertex 7.21568 16.4013 3.75
    endloop
  endfacet
  facet normal 0.157816 -0.730971 0.66391
    outer loop
      vertex 5.23002 16.2712 3.75
      vertex 5.56898 17.1164 4.6
      vertex 5.03447 17.001 4.6
    endloop
  endfacet
  facet normal -0.405215 -0.628515 0.663905
    outer loop
      vertex 9.93736 16.1197 4.6
      vertex 9.47778 16.416 4.6
      vertex 9.1 15.7617 3.75
    endloop
  endfacet
  facet normal -0.711984 -0.228666 0.663921
    outer loop
      vertex 12.206 12.8605 4.6
      vertex 12.0388 13.3811 4.6
      vertex 11.4762 12.6649 3.75
    endloop
  endfacet
  facet normal -0.520022 -0.537388 0.663922
    outer loop
      vertex 10.8038 15.3671 4.6
      vertex 10.4108 15.7474 4.6
      vertex 9.91266 15.1793 3.75
    endloop
  endfacet
  facet normal 0.665177 -0.341683 0.663922
    outer loop
      vertex 2.13327 13.8949 3.75
      vertex 1.47894 14.2727 4.6
      vertex 1.22909 13.7863 4.6
    endloop
  endfacet
  facet normal -0.571414 -0.482468 0.66386
    outer loop
      vertex 10.2723 14.8313 3.75
      vertex 10.8417 15.3265 4.6
      vertex 10.8238 15.3477 4.6
    endloop
  endfacet
  facet normal -0.570289 -0.483782 0.663872
    outer loop
      vertex 10.8417 15.3265 4.6
      vertex 10.2723 14.8313 3.75
      vertex 10.5961 14.4496 3.75
    endloop
  endfacet
  facet normal -0.653619 -0.363319 0.663913
    outer loop
      vertex 11.7882 13.9591 4.6
      vertex 11.5225 14.4371 4.6
      vertex 10.8809 14.0381 3.75
    endloop
  endfacet
  facet normal 0.711968 0.228737 0.663914
    outer loop
      vertex 1.06125 9.30879 4.6
      vertex 1.77688 9.54846 3.75
      vertex 1.62378 10.025 3.75
    endloop
  endfacet
  facet normal 0.712026 0.228558 0.663913
    outer loop
      vertex 1.77688 9.54846 3.75
      vertex 1.06125 9.30879 4.6
      vertex 1.06975 9.28231 4.6
    endloop
  endfacet
  facet normal -0.0122393 0.747707 0.663916
    outer loop
      vertex 6.90517 5.50146 4.6
      vertex 6.38313 6.24766 3.75
      vertex 6.35841 5.49251 4.6
    endloop
  endfacet
  facet normal -0.537371 0.520072 0.663895
    outer loop
      vertex 10.5721 7.09115 4.6
      vertex 10.9524 7.4841 4.6
      vertex 10.3844 7.98227 3.75
    endloop
  endfacet
  facet normal -0.628429 0.405288 0.663941
    outer loop
      vertex 11.3247 7.95757 4.6
      vertex 11.6211 8.41716 4.6
      vertex 10.9667 8.79493 3.75
    endloop
  endfacet
  facet normal -0.405836 -0.628104 0.663914
    outer loop
      vertex 9.93736 16.1197 4.6
      vertex 9.52063 15.4905 3.75
      vertex 9.96073 16.1046 4.6
    endloop
  endfacet
  facet normal -0.405225 -0.628503 0.66391
    outer loop
      vertex 9.52063 15.4905 3.75
      vertex 9.93736 16.1197 4.6
      vertex 9.1 15.7617 3.75
    endloop
  endfacet
  facet normal -0.48379 0.570243 0.663905
    outer loop
      vertex 10.1146 6.69941 4.6
      vertex 10.5316 7.05319 4.6
      vertex 9.65468 7.29883 3.75
    endloop
  endfacet
  facet normal 0.745306 -0.0611312 0.663914
    outer loop
      vertex 1.45273 11.5118 3.75
      vertex 0.699853 11.5642 4.6
      vertex 0.697581 11.5365 4.6
    endloop
  endfacet
  facet normal 0.745307 -0.0611128 0.663914
    outer loop
      vertex 0.699853 11.5642 4.6
      vertex 1.45273 11.5118 3.75
      vertex 1.49363 12.0106 3.75
    endloop
  endfacet
  facet normal -0.628503 0.405225 0.66391
    outer loop
      vertex 10.6955 8.3743 3.75
      vertex 11.3247 7.95757 4.6
      vertex 10.9667 8.79493 3.75
    endloop
  endfacet
  facet normal -0.62934 0.403941 0.6639
    outer loop
      vertex 11.3247 7.95757 4.6
      vertex 10.6955 8.3743 3.75
      vertex 11.3097 7.9342 4.6
    endloop
  endfacet
  facet normal -0.085533 0.7429 0.663916
    outer loop
      vertex 7.38077 6.31305 3.75
      vertex 7.47622 5.56441 4.6
      vertex 7.50384 5.56759 4.6
    endloop
  endfacet
  facet normal -0.0854655 0.742908 0.663915
    outer loop
      vertex 7.47622 5.56441 4.6
      vertex 7.38077 6.31305 3.75
      vertex 6.88356 6.25585 3.75
    endloop
  endfacet
  facet normal -0.745278 0.0618823 0.663876
    outer loop
      vertex 11.6473 11.1781 3.75
      vertex 12.4001 11.1256 4.6
      vertex 12.4024 11.1533 4.6
    endloop
  endfacet
  facet normal -0.745338 0.0611031 0.663881
    outer loop
      vertex 12.4001 11.1256 4.6
      vertex 11.6473 11.1781 3.75
      vertex 11.6064 10.6792 3.75
    endloop
  endfacet
  facet normal -0.747729 -0.0121704 0.663892
    outer loop
      vertex 12.4024 11.1533 4.6
      vertex 12.3935 11.7001 4.6
      vertex 11.6473 11.1781 3.75
    endloop
  endfacet
  facet normal 0.341671 0.665188 0.663917
    outer loop
      vertex 4 6.9282 3.75
      vertex 4.13337 6.01132 4.6
      vertex 4.44519 6.69953 3.75
    endloop
  endfacet
  facet normal 0.34161 0.665199 0.663937
    outer loop
      vertex 4.13337 6.01132 4.6
      vertex 4 6.9282 3.75
      vertex 4.10864 6.02402 4.6
    endloop
  endfacet
  facet normal -0.363257 0.653652 0.663916
    outer loop
      vertex 9.64213 6.37238 4.6
      vertex 9.24315 7.014 3.75
      vertex 9.16415 6.10675 4.6
    endloop
  endfacet
  facet normal -0.742924 -0.0854643 0.663897
    outer loop
      vertex 12.393 11.7279 4.6
      vertex 12.3305 12.2712 4.6
      vertex 11.6391 11.6785 3.75
    endloop
  endfacet
  facet normal -0.735725 0.133877 0.663917
    outer loop
      vertex 11.5168 10.1868 3.75
      vertex 12.2576 10.0426 4.6
      vertex 11.6064 10.6792 3.75
    endloop
  endfacet
  facet normal -0.735566 0.134719 0.663922
    outer loop
      vertex 12.2576 10.0426 4.6
      vertex 11.5168 10.1868 3.75
      vertex 12.2526 10.0153 4.6
    endloop
  endfacet
  facet normal -0.204511 -0.719287 0.663929
    outer loop
      vertex 7.70809 16.3117 3.75
      vertex 7.90639 17.0399 4.6
      vertex 7.87966 17.0475 4.6
    endloop
  endfacet
  facet normal -0.205298 -0.719067 0.663924
    outer loop
      vertex 7.90639 17.0399 4.6
      vertex 7.70809 16.3117 3.75
      vertex 8.18934 16.1743 3.75
    endloop
  endfacet
  facet normal 0.405234 0.628493 0.663914
    outer loop
      vertex 3.57937 7.19941 3.75
      vertex 3.16264 6.5702 4.6
      vertex 4 6.9282 3.75
    endloop
  endfacet
  facet normal 0.405077 0.628595 0.663913
    outer loop
      vertex 3.16264 6.5702 4.6
      vertex 3.57937 7.19941 3.75
      vertex 3.13927 6.58526 4.6
    endloop
  endfacet
  facet normal 0.65365 0.363256 0.663918
    outer loop
      vertex 1.57745 8.2528 4.6
      vertex 2.21907 8.65179 3.75
      vertex 1.31182 8.73078 4.6
    endloop
  endfacet
  facet normal -0.730934 -0.157947 0.663918
    outer loop
      vertex 12.3215 12.326 4.6
      vertex 12.206 12.8605 4.6
      vertex 11.4762 12.6649 3.75
    endloop
  endfacet
  facet normal -0.363253 0.653653 0.663917
    outer loop
      vertex 8.80567 6.77088 3.75
      vertex 9.16415 6.10675 4.6
      vertex 9.24315 7.014 3.75
    endloop
  endfacet
  facet normal -0.363167 0.6537 0.663917
    outer loop
      vertex 9.16415 6.10675 4.6
      vertex 8.80567 6.77088 3.75
      vertex 9.13985 6.09325 4.6
    endloop
  endfacet
  facet normal -0.614922 -0.425537 0.663919
    outer loop
      vertex 11.5067 14.4599 4.6
      vertex 11.1955 14.9096 4.6
      vertex 10.5961 14.4496 3.75
    endloop
  endfacet
  facet normal -0.695446 0.274858 0.663934
    outer loop
      vertex 11.8938 8.95416 4.6
      vertex 12.0948 9.46273 4.6
      vertex 11.3793 9.70559 3.75
    endloop
  endfacet
  facet normal 0.665121 -0.341985 0.663823
    outer loop
      vertex 1.21639 13.7616 4.6
      vertex 2.13327 13.8949 3.75
      vertex 1.22909 13.7863 4.6
    endloop
  endfacet
  facet normal 0.665177 -0.341658 0.663935
    outer loop
      vertex 2.13327 13.8949 3.75
      vertex 1.21639 13.7616 4.6
      vertex 1.9046 13.4497 3.75
    endloop
  endfacet
  facet normal -0.520664 -0.536767 0.663921
    outer loop
      vertex 10.8038 15.3671 4.6
      vertex 10.2723 14.8313 3.75
      vertex 10.8238 15.3477 4.6
    endloop
  endfacet
  facet normal -0.520012 -0.537405 0.663915
    outer loop
      vertex 10.2723 14.8313 3.75
      vertex 10.8038 15.3671 4.6
      vertex 9.91266 15.1793 3.75
    endloop
  endfacet
  facet normal -0.585721 0.464945 0.663895
    outer loop
      vertex 10.9524 7.4841 4.6
      vertex 11.2924 7.91242 4.6
      vertex 10.3844 7.98227 3.75
    endloop
  endfacet
  facet normal -0.464866 -0.585753 0.663923
    outer loop
      vertex 10.4108 15.7474 4.6
      vertex 9.98251 16.0873 4.6
      vertex 9.91266 15.1793 3.75
    endloop
  endfacet
  facet normal 0.719067 -0.205347 0.663909
    outer loop
      vertex 1.72066 12.9843 3.75
      vertex 1.0052 13.2271 4.6
      vertex 0.855045 12.7013 4.6
    endloop
  endfacet
  facet normal 0.71195 0.228762 0.663924
    outer loop
      vertex 1.06125 9.30879 4.6
      vertex 1.62378 10.025 3.75
      vertex 0.893969 9.8294 4.6
    endloop
  endfacet
  facet normal -0.425601 0.614892 0.663907
    outer loop
      vertex 9.66499 6.38821 4.6
      vertex 10.1146 6.69941 4.6
      vertex 9.65468 7.29883 3.75
    endloop
  endfacet
  facet normal 0.464885 0.585745 0.663916
    outer loop
      vertex 3.11749 6.60255 4.6
      vertex 3.57937 7.19941 3.75
      vertex 3.18734 7.51055 3.75
    endloop
  endfacet
  facet normal 0.464951 0.585693 0.663916
    outer loop
      vertex 3.57937 7.19941 3.75
      vertex 3.11749 6.60255 4.6
      vertex 3.13927 6.58526 4.6
    endloop
  endfacet
  facet normal 0.0613233 0.745293 0.663911
    outer loop
      vertex 6.38313 6.24766 3.75
      vertex 6.3307 5.49479 4.6
      vertex 6.35841 5.49251 4.6
    endloop
  endfacet
  facet normal 0.0611118 0.745309 0.663912
    outer loop
      vertex 6.3307 5.49479 4.6
      vertex 6.38313 6.24766 3.75
      vertex 5.88432 6.28856 3.75
    endloop
  endfacet
  facet normal 0.537326 -0.52008 0.663926
    outer loop
      vertex 2.71562 14.7076 3.75
      vertex 2.52785 15.5987 4.6
      vertex 2.14756 15.2058 4.6
    endloop
  endfacet
  facet normal 0.0107588 -0.747735 0.66391
    outer loop
      vertex 6.21644 16.434 3.75
      vertex 6.19483 17.1884 4.6
      vertex 6.16703 17.188 4.6
    endloop
  endfacet
  facet normal 0.0122518 -0.747703 0.66392
    outer loop
      vertex 6.19483 17.1884 4.6
      vertex 6.21644 16.434 3.75
      vertex 6.71687 16.4422 3.75
    endloop
  endfacet
  facet normal 0.71899 -0.205599 0.663915
    outer loop
      vertex 1.58323 12.503 3.75
      vertex 0.855045 12.7013 4.6
      vertex 0.84741 12.6746 4.6
    endloop
  endfacet
  facet normal 0.719067 -0.205322 0.663917
    outer loop
      vertex 0.855045 12.7013 4.6
      vertex 1.58323 12.503 3.75
      vertex 1.72066 12.9843 3.75
    endloop
  endfacet
  facet normal 0.483802 -0.570184 0.663947
    outer loop
      vertex 3.44532 15.391 3.75
      vertex 2.98536 15.9905 4.6
      vertex 2.56839 15.6367 4.6
    endloop
  endfacet
  facet normal -0.665176 0.341702 0.663914
    outer loop
      vertex 10.9667 8.79493 3.75
      vertex 11.8836 8.9283 4.6
      vertex 11.1954 9.24013 3.75
    endloop
  endfacet
  facet normal -0.665192 0.341607 0.663946
    outer loop
      vertex 11.8836 8.9283 4.6
      vertex 10.9667 8.79493 3.75
      vertex 11.8709 8.90357 4.6
    endloop
  endfacet
  facet normal 0.53757 -0.51983 0.663924
    outer loop
      vertex 2.52785 15.5987 4.6
      vertex 3.06368 15.0672 3.75
      vertex 2.54719 15.6187 4.6
    endloop
  endfacet
  facet normal 0.537324 -0.520081 0.663926
    outer loop
      vertex 3.06368 15.0672 3.75
      vertex 2.52785 15.5987 4.6
      vertex 2.71562 14.7076 3.75
    endloop
  endfacet
  facet normal -0.297447 0.686107 0.663915
    outer loop
      vertex 9.13985 6.09325 4.6
      vertex 8.80567 6.77088 3.75
      vertex 8.63813 5.87574 4.6
    endloop
  endfacet
  facet normal 0.464874 0.585749 0.66392
    outer loop
      vertex 3.11749 6.60255 4.6
      vertex 3.18734 7.51055 3.75
      vertex 2.68916 6.94249 4.6
    endloop
  endfacet
  facet normal -0.157872 0.730955 0.663914
    outer loop
      vertex 7.38077 6.31305 3.75
      vertex 7.53102 5.57346 4.6
      vertex 7.86998 6.41871 3.75
    endloop
  endfacet
  facet normal -0.157863 0.730956 0.663914
    outer loop
      vertex 7.53102 5.57346 4.6
      vertex 7.38077 6.31305 3.75
      vertex 7.50384 5.56759 4.6
    endloop
  endfacet
  facet normal 0.29744 -0.686123 0.663901
    outer loop
      vertex 4.29433 15.919 3.75
      vertex 4.46187 16.8141 4.6
      vertex 3.96015 16.5966 4.6
    endloop
  endfacet
  facet normal 0.13388 0.735726 0.663915
    outer loop
      vertex 5.7857 5.53947 4.6
      vertex 5.88432 6.28856 3.75
      vertex 5.2477 5.63737 4.6
    endloop
  endfacet
  facet normal 0.686105 0.297464 0.663909
    outer loop
      vertex 1.97595 9.08926 3.75
      vertex 1.06975 9.28231 4.6
      vertex 1.08081 9.2568 4.6
    endloop
  endfacet
  facet normal 0.686108 0.297438 0.663918
    outer loop
      vertex 1.06975 9.28231 4.6
      vertex 1.97595 9.08926 3.75
      vertex 1.77688 9.54846 3.75
    endloop
  endfacet
  facet normal 0.686108 0.29744 0.663917
    outer loop
      vertex 1.29831 8.75509 4.6
      vertex 1.97595 9.08926 3.75
      vertex 1.08081 9.2568 4.6
    endloop
  endfacet
  facet normal -0.425585 0.614897 0.663912
    outer loop
      vertex 9.24315 7.014 3.75
      vertex 9.66499 6.38821 4.6
      vertex 9.65468 7.29883 3.75
    endloop
  endfacet
  facet normal -0.425732 0.614797 0.663911
    outer loop
      vertex 9.66499 6.38821 4.6
      vertex 9.24315 7.014 3.75
      vertex 9.64213 6.37238 4.6
    endloop
  endfacet
  facet normal 0.27483 0.695473 0.663917
    outer loop
      vertex 4.44519 6.69953 3.75
      vertex 4.15923 6.0011 4.6
      vertex 4.91066 6.51559 3.75
    endloop
  endfacet
  facet normal 0.274851 0.695464 0.663917
    outer loop
      vertex 4.15923 6.0011 4.6
      vertex 4.44519 6.69953 3.75
      vertex 4.13337 6.01132 4.6
    endloop
  endfacet
  facet normal -0.742843 -0.0861267 0.663903
    outer loop
      vertex 11.5819 12.1757 3.75
      vertex 12.3305 12.2712 4.6
      vertex 12.3273 12.2988 4.6
    endloop
  endfacet
  facet normal -0.742922 -0.0854689 0.663899
    outer loop
      vertex 12.3305 12.2712 4.6
      vertex 11.5819 12.1757 3.75
      vertex 11.6391 11.6785 3.75
    endloop
  endfacet
  facet normal 0.570232 0.48379 0.663915
    outer loop
      vertex 2.25825 7.36332 4.6
      vertex 2.5039 8.24025 3.75
      vertex 1.90448 7.7803 4.6
    endloop
  endfacet
  facet normal -0.537334 0.520093 0.663909
    outer loop
      vertex 10.0363 7.62263 3.75
      vertex 10.5721 7.09115 4.6
      vertex 10.3844 7.98227 3.75
    endloop
  endfacet
  facet normal -0.53786 0.519555 0.663904
    outer loop
      vertex 10.5721 7.09115 4.6
      vertex 10.0363 7.62263 3.75
      vertex 10.5528 7.07117 4.6
    endloop
  endfacet
  facet normal 0.695606 -0.274482 0.663922
    outer loop
      vertex 1.20617 13.7357 4.6
      vertex 1.9046 13.4497 3.75
      vertex 1.21639 13.7616 4.6
    endloop
  endfacet
  facet normal 0.695452 -0.274864 0.663925
    outer loop
      vertex 1.9046 13.4497 3.75
      vertex 1.20617 13.7357 4.6
      vertex 1.72066 12.9843 3.75
    endloop
  endfacet
  facet normal -0.66519 0.341614 0.663944
    outer loop
      vertex 11.6211 8.41716 4.6
      vertex 11.8709 8.90357 4.6
      vertex 10.9667 8.79493 3.75
    endloop
  endfacet
  facet normal -0.745315 0.0609927 0.663917
    outer loop
      vertex 12.3555 10.5806 4.6
      vertex 12.4001 11.1256 4.6
      vertex 11.6064 10.6792 3.75
    endloop
  endfacet
  facet normal 0.0611015 0.745307 0.663915
    outer loop
      vertex 6.3307 5.49479 4.6
      vertex 5.88432 6.28856 3.75
      vertex 5.7857 5.53947 4.6
    endloop
  endfacet
  facet normal 0.157786 -0.730968 0.663919
    outer loop
      vertex 5.71923 16.3768 3.75
      vertex 5.56898 17.1164 4.6
      vertex 5.23002 16.2712 3.75
    endloop
  endfacet
  facet normal 0.158634 -0.73079 0.663914
    outer loop
      vertex 5.56898 17.1164 4.6
      vertex 5.71923 16.3768 3.75
      vertex 5.59616 17.1223 4.6
    endloop
  endfacet
  facet normal 0.274833 0.695471 0.663918
    outer loop
      vertex 4.66779 5.80013 4.6
      vertex 4.91066 6.51559 3.75
      vertex 4.15923 6.0011 4.6
    endloop
  endfacet
  facet normal -0.730933 -0.157931 0.663924
    outer loop
      vertex 11.5819 12.1757 3.75
      vertex 12.3215 12.326 4.6
      vertex 11.4762 12.6649 3.75
    endloop
  endfacet
  facet normal -0.731348 -0.155949 0.663935
    outer loop
      vertex 12.3215 12.326 4.6
      vertex 11.5819 12.1757 3.75
      vertex 12.3273 12.2988 4.6
    endloop
  endfacet
  facet normal -0.695501 0.274788 0.663905
    outer loop
      vertex 11.1954 9.24013 3.75
      vertex 11.8938 8.95416 4.6
      vertex 11.3793 9.70559 3.75
    endloop
  endfacet
  facet normal -0.695661 0.274391 0.663902
    outer loop
      vertex 11.8938 8.95416 4.6
      vertex 11.1954 9.24013 3.75
      vertex 11.8836 8.9283 4.6
    endloop
  endfacet
  facet normal 0.570229 0.483792 0.663916
    outer loop
      vertex 2.25825 7.36332 4.6
      vertex 2.82769 7.85861 3.75
      vertex 2.5039 8.24025 3.75
    endloop
  endfacet
  facet normal 0.570181 0.483847 0.663916
    outer loop
      vertex 2.82769 7.85861 3.75
      vertex 2.25825 7.36332 4.6
      vertex 2.27624 7.34212 4.6
    endloop
  endfacet
  facet normal 0.653649 0.36326 0.663917
    outer loop
      vertex 1.97595 9.08926 3.75
      vertex 1.31182 8.73078 4.6
      vertex 2.21907 8.65179 3.75
    endloop
  endfacet
  facet normal 0.65365 0.363258 0.663917
    outer loop
      vertex 1.31182 8.73078 4.6
      vertex 1.97595 9.08926 3.75
      vertex 1.29831 8.75509 4.6
    endloop
  endfacet
  facet normal 0.405239 0.628487 0.663917
    outer loop
      vertex 3.62222 6.27387 4.6
      vertex 4 6.9282 3.75
      vertex 3.16264 6.5702 4.6
    endloop
  endfacet
  facet normal 0.735729 -0.13387 0.663913
    outer loop
      vertex 1.49363 12.0106 3.75
      vertex 0.842433 12.6472 4.6
      vertex 0.744541 12.1092 4.6
    endloop
  endfacet
  facet normal -0.157867 0.730954 0.663916
    outer loop
      vertex 8.06553 5.6889 4.6
      vertex 7.86998 6.41871 3.75
      vertex 7.53102 5.57346 4.6
    endloop
  endfacet
  facet normal -0.585552 0.465108 0.66393
    outer loop
      vertex 10.6955 8.3743 3.75
      vertex 11.2924 7.91242 4.6
      vertex 11.3097 7.9342 4.6
    endloop
  endfacet
  facet normal -0.585763 0.464839 0.663932
    outer loop
      vertex 11.2924 7.91242 4.6
      vertex 10.6955 8.3743 3.75
      vertex 10.3844 7.98227 3.75
    endloop
  endfacet
  facet normal 0.585745 -0.46492 0.663892
    outer loop
      vertex 1.80762 14.7774 4.6
      vertex 2.40448 14.3156 3.75
      vertex 2.71562 14.7076 3.75
    endloop
  endfacet
  facet normal 0.584882 -0.466019 0.663882
    outer loop
      vertex 2.40448 14.3156 3.75
      vertex 1.80762 14.7774 4.6
      vertex 1.79033 14.7557 4.6
    endloop
  endfacet
  facet normal 0.363172 -0.65371 0.663904
    outer loop
      vertex 3.93585 16.5831 4.6
      vertex 4.29433 15.919 3.75
      vertex 3.96015 16.5966 4.6
    endloop
  endfacet
  facet normal 0.363236 -0.653675 0.663904
    outer loop
      vertex 4.29433 15.919 3.75
      vertex 3.93585 16.5831 4.6
      vertex 3.85685 15.6759 3.75
    endloop
  endfacet
  facet normal 0.614893 0.425587 0.663915
    outer loop
      vertex 1.90448 7.7803 4.6
      vertex 2.5039 8.24025 3.75
      vertex 1.59327 8.22994 4.6
    endloop
  endfacet
  facet normal 0.745307 -0.0611125 0.663914
    outer loop
      vertex 1.49363 12.0106 3.75
      vertex 0.744541 12.1092 4.6
      vertex 0.699853 11.5642 4.6
    endloop
  endfacet
  facet normal -0.085457 0.742911 0.663912
    outer loop
      vertex 6.93297 5.50192 4.6
      vertex 7.47622 5.56441 4.6
      vertex 6.88356 6.25585 3.75
    endloop
  endfacet
  facet normal 0.614897 0.425575 0.663919
    outer loop
      vertex 2.21907 8.65179 3.75
      vertex 1.59327 8.22994 4.6
      vertex 2.5039 8.24025 3.75
    endloop
  endfacet
  facet normal 0.614916 0.425546 0.663919
    outer loop
      vertex 1.59327 8.22994 4.6
      vertex 2.21907 8.65179 3.75
      vertex 1.57745 8.2528 4.6
    endloop
  endfacet
  facet normal 0.695488 -0.274818 0.663906
    outer loop
      vertex 1.72066 12.9843 3.75
      vertex 1.20617 13.7357 4.6
      vertex 1.0052 13.2271 4.6
    endloop
  endfacet
  facet normal -0.747677 -0.0134474 0.663927
    outer loop
      vertex 11.6391 11.6785 3.75
      vertex 12.3935 11.7001 4.6
      vertex 12.393 11.7279 4.6
    endloop
  endfacet
  facet normal -0.747703 -0.0122525 0.66392
    outer loop
      vertex 12.3935 11.7001 4.6
      vertex 11.6391 11.6785 3.75
      vertex 11.6473 11.1781 3.75
    endloop
  endfacet
  facet normal 0.36323 -0.653676 0.663906
    outer loop
      vertex 3.85685 15.6759 3.75
      vertex 3.93585 16.5831 4.6
      vertex 3.45787 16.3175 4.6
    endloop
  endfacet
  facet normal 0.520057 0.537356 0.66392
    outer loop
      vertex 2.68916 6.94249 4.6
      vertex 3.18734 7.51055 3.75
      vertex 2.29622 7.32278 4.6
    endloop
  endfacet
  facet normal 0.0860605 -0.74281 0.663948
    outer loop
      vertex 5.71923 16.3768 3.75
      vertex 5.62378 17.1255 4.6
      vertex 5.59616 17.1223 4.6
    endloop
  endfacet
  facet normal 0.0854626 -0.742882 0.663945
    outer loop
      vertex 5.62378 17.1255 4.6
      vertex 5.71923 16.3768 3.75
      vertex 6.21644 16.434 3.75
    endloop
  endfacet
  facet normal 0.0123074 -0.747686 0.663939
    outer loop
      vertex 6.71687 16.4422 3.75
      vertex 6.74159 17.1974 4.6
      vertex 6.19483 17.1884 4.6
    endloop
  endfacet
  facet normal 0.585783 -0.464825 0.663925
    outer loop
      vertex 2.71562 14.7076 3.75
      vertex 2.14756 15.2058 4.6
      vertex 1.80762 14.7774 4.6
    endloop
  endfacet
  facet normal -0.735723 0.13388 0.663918
    outer loop
      vertex 12.2576 10.0426 4.6
      vertex 12.3555 10.5806 4.6
      vertex 11.6064 10.6792 3.75
    endloop
  endfacet
  facet normal 0.742909 0.0854557 0.663915
    outer loop
      vertex 0.769478 10.4187 4.6
      vertex 1.46092 11.0114 3.75
      vertex 0.706983 10.962 4.6
    endloop
  endfacet
  facet normal 0.483788 -0.570206 0.663938
    outer loop
      vertex 2.56839 15.6367 4.6
      vertex 3.06368 15.0672 3.75
      vertex 3.44532 15.391 3.75
    endloop
  endfacet
  facet normal 0.48399 -0.570033 0.66394
    outer loop
      vertex 3.06368 15.0672 3.75
      vertex 2.56839 15.6367 4.6
      vertex 2.54719 15.6187 4.6
    endloop
  endfacet
  facet normal 0.133875 0.735729 0.663913
    outer loop
      vertex 5.39191 6.37816 3.75
      vertex 5.2477 5.63737 4.6
      vertex 5.88432 6.28856 3.75
    endloop
  endfacet
  facet normal 0.133654 0.73577 0.663912
    outer loop
      vertex 5.2477 5.63737 4.6
      vertex 5.39191 6.37816 3.75
      vertex 5.22034 5.64234 4.6
    endloop
  endfacet
  facet normal 0.20551 0.719017 0.663913
    outer loop
      vertex 5.39191 6.37816 3.75
      vertex 5.19361 5.64998 4.6
      vertex 5.22034 5.64234 4.6
    endloop
  endfacet
  facet normal 0.205342 0.719064 0.663914
    outer loop
      vertex 5.19361 5.64998 4.6
      vertex 5.39191 6.37816 3.75
      vertex 4.91066 6.51559 3.75
    endloop
  endfacet
  facet normal 0.742904 0.0854669 0.663919
    outer loop
      vertex 0.769478 10.4187 4.6
      vertex 1.51812 10.5142 3.75
      vertex 1.46092 11.0114 3.75
    endloop
  endfacet
  facet normal 0.742895 0.0855406 0.66392
    outer loop
      vertex 1.51812 10.5142 3.75
      vertex 0.769478 10.4187 4.6
      vertex 0.772656 10.3911 4.6
    endloop
  endfacet
  facet normal 0.747707 0.0122377 0.663916
    outer loop
      vertex 0.706528 10.9898 4.6
      vertex 1.46092 11.0114 3.75
      vertex 1.45273 11.5118 3.75
    endloop
  endfacet
  facet normal 0.747707 0.0122377 0.663916
    outer loop
      vertex 1.46092 11.0114 3.75
      vertex 0.706528 10.9898 4.6
      vertex 0.706983 10.962 4.6
    endloop
  endfacet
  facet normal -0.0123721 0.747705 0.663916
    outer loop
      vertex 6.88356 6.25585 3.75
      vertex 6.90517 5.50146 4.6
      vertex 6.93297 5.50192 4.6
    endloop
  endfacet
  facet normal -0.0122369 0.747708 0.663915
    outer loop
      vertex 6.90517 5.50146 4.6
      vertex 6.88356 6.25585 3.75
      vertex 6.38313 6.24766 3.75
    endloop
  endfacet
  facet normal 0.52005 0.537367 0.663916
    outer loop
      vertex 2.82769 7.85861 3.75
      vertex 2.29622 7.32278 4.6
      vertex 3.18734 7.51055 3.75
    endloop
  endfacet
  facet normal 0.520104 0.537315 0.663916
    outer loop
      vertex 2.29622 7.32278 4.6
      vertex 2.82769 7.85861 3.75
      vertex 2.27624 7.34212 4.6
    endloop
  endfacet
  facet normal -0.228636 0.712001 0.663913
    outer loop
      vertex 8.34648 6.57181 3.75
      vertex 8.58615 5.85618 4.6
      vertex 8.61262 5.86468 4.6
    endloop
  endfacet
  facet normal -0.228754 0.711962 0.663914
    outer loop
      vertex 8.58615 5.85618 4.6
      vertex 8.34648 6.57181 3.75
      vertex 7.86998 6.41871 3.75
    endloop
  endfacet
  facet normal -0.228759 0.711959 0.663916
    outer loop
      vertex 8.06553 5.6889 4.6
      vertex 8.58615 5.85618 4.6
      vertex 7.86998 6.41871 3.75
    endloop
  endfacet
  facet normal 0.425182 -0.615168 0.663919
    outer loop
      vertex 3.43501 16.3017 4.6
      vertex 3.85685 15.6759 3.75
      vertex 3.45787 16.3175 4.6
    endloop
  endfacet
  facet normal 0.425654 -0.614845 0.663915
    outer loop
      vertex 3.85685 15.6759 3.75
      vertex 3.43501 16.3017 4.6
      vertex 3.44532 15.391 3.75
    endloop
  endfacet
  facet normal 0.341674 0.665187 0.663917
    outer loop
      vertex 4.10864 6.02402 4.6
      vertex 4 6.9282 3.75
      vertex 3.62222 6.27387 4.6
    endloop
  endfacet
  facet normal -0.0611283 -0.7453 0.663921
    outer loop
      vertex 7.21568 16.4013 3.75
      vertex 7.3143 17.1504 4.6
      vertex 6.7693 17.1951 4.6
    endloop
  endfacet
  facet normal 0.730948 0.157872 0.663922
    outer loop
      vertex 0.893969 9.8294 4.6
      vertex 1.62378 10.025 3.75
      vertex 0.778526 10.3639 4.6
    endloop
  endfacet
  facet normal 0.730974 0.157751 0.663922
    outer loop
      vertex 0.778526 10.3639 4.6
      vertex 1.51812 10.5142 3.75
      vertex 0.772656 10.3911 4.6
    endloop
  endfacet
  facet normal 0.730948 0.157874 0.663921
    outer loop
      vertex 1.51812 10.5142 3.75
      vertex 0.778526 10.3639 4.6
      vertex 1.62378 10.025 3.75
    endloop
  endfacet
  facet normal 0.628713 -0.404902 0.663908
    outer loop
      vertex 1.77526 14.7323 4.6
      vertex 2.40448 14.3156 3.75
      vertex 1.79033 14.7557 4.6
    endloop
  endfacet
  facet normal 0.628527 -0.405188 0.66391
    outer loop
      vertex 2.40448 14.3156 3.75
      vertex 1.77526 14.7323 4.6
      vertex 2.13327 13.8949 3.75
    endloop
  endfacet
  facet normal 0.298493 -0.685996 0.66356
    outer loop
      vertex 4.29433 15.919 3.75
      vertex 4.48738 16.8252 4.6
      vertex 4.46187 16.8141 4.6
    endloop
  endfacet
  facet normal 0.297487 -0.686102 0.663901
    outer loop
      vertex 4.48738 16.8252 4.6
      vertex 4.29433 15.919 3.75
      vertex 4.75352 16.1181 3.75
    endloop
  endfacet
  facet normal 0.228785 -0.711955 0.66391
    outer loop
      vertex 5.23002 16.2712 3.75
      vertex 5.03447 17.001 4.6
      vertex 4.51385 16.8337 4.6
    endloop
  endfacet
  facet normal 0.425553 -0.614878 0.66395
    outer loop
      vertex 3.44532 15.391 3.75
      vertex 3.43501 16.3017 4.6
      vertex 2.98536 15.9905 4.6
    endloop
  endfacet
  facet normal 0.22864 -0.712012 0.663899
    outer loop
      vertex 4.75352 16.1181 3.75
      vertex 4.51385 16.8337 4.6
      vertex 4.48738 16.8252 4.6
    endloop
  endfacet
  facet normal 0.228758 -0.711974 0.6639
    outer loop
      vertex 4.51385 16.8337 4.6
      vertex 4.75352 16.1181 3.75
      vertex 5.23002 16.2712 3.75
    endloop
  endfacet
  facet normal -0.205401 -0.719068 0.663891
    outer loop
      vertex 8.18934 16.1743 3.75
      vertex 8.43221 16.8897 4.6
      vertex 7.90639 17.0399 4.6
    endloop
  endfacet
  facet normal 0.628497 -0.405214 0.663923
    outer loop
      vertex 2.13327 13.8949 3.75
      vertex 1.77526 14.7323 4.6
      vertex 1.47894 14.2727 4.6
    endloop
  endfacet
  facet normal -0.133874 -0.735724 0.663918
    outer loop
      vertex 7.70809 16.3117 3.75
      vertex 7.8523 17.0525 4.6
      vertex 7.21568 16.4013 3.75
    endloop
  endfacet
  facet normal -0.134433 -0.735619 0.663922
    outer loop
      vertex 7.8523 17.0525 4.6
      vertex 7.70809 16.3117 3.75
      vertex 7.87966 17.0475 4.6
    endloop
  endfacet
  facet normal -0.274758 -0.695525 0.663893
    outer loop
      vertex 8.94077 16.6888 4.6
      vertex 8.43221 16.8897 4.6
      vertex 8.18934 16.1743 3.75
    endloop
  endfacet
  facet normal -0.274897 -0.695415 0.66395
    outer loop
      vertex 8.65481 15.9903 3.75
      vertex 8.94077 16.6888 4.6
      vertex 8.18934 16.1743 3.75
    endloop
  endfacet
  facet normal -0.276695 -0.694692 0.66396
    outer loop
      vertex 8.94077 16.6888 4.6
      vertex 8.65481 15.9903 3.75
      vertex 8.96663 16.6785 4.6
    endloop
  endfacet
  facet normal 0.621738 -0.783226 0
    outer loop
      vertex -9.91266 15.1793 0
      vertex -9.52063 15.4905 3.75
      vertex -9.91266 15.1793 3.75
    endloop
  endfacet
  facet normal 0.621738 -0.783226 0
    outer loop
      vertex -9.52063 15.4905 3.75
      vertex -9.91266 15.1793 0
      vertex -9.52063 15.4905 0
    endloop
  endfacet
  facet normal 0.541881 -0.840455 0
    outer loop
      vertex -9.52063 15.4905 0
      vertex -9.1 15.7617 3.75
      vertex -9.52063 15.4905 3.75
    endloop
  endfacet
  facet normal 0.541881 -0.840455 0
    outer loop
      vertex -9.1 15.7617 3.75
      vertex -9.52063 15.4905 0
      vertex -9.1 15.7617 0
    endloop
  endfacet
  facet normal 0.695381 -0.718641 0
    outer loop
      vertex -10.2723 14.8313 0
      vertex -9.91266 15.1793 3.75
      vertex -10.2723 14.8313 3.75
    endloop
  endfacet
  facet normal 0.695381 -0.718641 0
    outer loop
      vertex -9.91266 15.1793 3.75
      vertex -10.2723 14.8313 0
      vertex -9.91266 15.1793 0
    endloop
  endfacet
  facet normal -0.569203 -0.822197 0
    outer loop
      vertex -3.85685 15.6759 0
      vertex -3.44532 15.391 3.75
      vertex -3.85685 15.6759 3.75
    endloop
  endfacet
  facet normal -0.569203 -0.822197 -0
    outer loop
      vertex -3.44532 15.391 3.75
      vertex -3.85685 15.6759 0
      vertex -3.44532 15.391 0
    endloop
  endfacet
  facet normal 0.996656 0.0817063 0
    outer loop
      vertex -11.6064 10.6792 3.75
      vertex -11.6473 11.1781 0
      vertex -11.6473 11.1781 3.75
    endloop
  endfacet
  facet normal 0.996656 0.0817063 0
    outer loop
      vertex -11.6473 11.1781 0
      vertex -11.6064 10.6792 3.75
      vertex -11.6064 10.6792 0
    endloop
  endfacet
  facet normal 0.569108 0.822263 -0
    outer loop
      vertex -9.24315 7.014 0
      vertex -9.65468 7.29883 3.75
      vertex -9.24315 7.014 3.75
    endloop
  endfacet
  facet normal 0.569108 0.822263 0
    outer loop
      vertex -9.65468 7.29883 3.75
      vertex -9.24315 7.014 0
      vertex -9.65468 7.29883 0
    endloop
  endfacet
  facet normal 0.993447 -0.11429 0
    outer loop
      vertex -11.6391 11.6785 3.75
      vertex -11.5819 12.1757 0
      vertex -11.5819 12.1757 3.75
    endloop
  endfacet
  facet normal 0.993447 -0.11429 0
    outer loop
      vertex -11.5819 12.1757 0
      vertex -11.6391 11.6785 3.75
      vertex -11.6391 11.6785 0
    endloop
  endfacet
  facet normal 0.961518 0.274742 0
    outer loop
      vertex -11.3793 9.70559 3.75
      vertex -11.5168 10.1868 0
      vertex -11.5168 10.1868 3.75
    endloop
  endfacet
  facet normal 0.961518 0.274742 0
    outer loop
      vertex -11.5168 10.1868 0
      vertex -11.3793 9.70559 3.75
      vertex -11.3793 9.70559 0
    endloop
  endfacet
  facet normal -0.274592 0.961561 0
    outer loop
      vertex -4.91066 6.51559 0
      vertex -5.39191 6.37816 3.75
      vertex -4.91066 6.51559 3.75
    endloop
  endfacet
  facet normal -0.274592 0.961561 0
    outer loop
      vertex -5.39191 6.37816 3.75
      vertex -4.91066 6.51559 0
      vertex -5.39191 6.37816 0
    endloop
  endfacet
  facet normal -0.485728 -0.87411 0
    outer loop
      vertex -4.29433 15.919 0
      vertex -3.85685 15.6759 3.75
      vertex -4.29433 15.919 3.75
    endloop
  endfacet
  facet normal -0.485728 -0.87411 -0
    outer loop
      vertex -3.85685 15.6759 3.75
      vertex -4.29433 15.919 0
      vertex -3.85685 15.6759 0
    endloop
  endfacet
  facet normal 0.822271 -0.569096 0
    outer loop
      vertex -10.8809 14.0381 3.75
      vertex -10.5961 14.4496 0
      vertex -10.5961 14.4496 3.75
    endloop
  endfacet
  facet normal 0.822271 -0.569096 0
    outer loop
      vertex -10.5961 14.4496 0
      vertex -10.8809 14.0381 3.75
      vertex -10.8809 14.0381 0
    endloop
  endfacet
  facet normal 0.718541 0.695485 0
    outer loop
      vertex -10.0363 7.62263 3.75
      vertex -10.3844 7.98227 0
      vertex -10.3844 7.98227 3.75
    endloop
  endfacet
  facet normal 0.718541 0.695485 0
    outer loop
      vertex -10.3844 7.98227 0
      vertex -10.0363 7.62263 3.75
      vertex -10.0363 7.62263 0
    endloop
  endfacet
  facet normal 0.999866 -0.0163847 0
    outer loop
      vertex -11.6473 11.1781 3.75
      vertex -11.6391 11.6785 0
      vertex -11.6391 11.6785 3.75
    endloop
  endfacet
  facet normal 0.999866 -0.0163847 0
    outer loop
      vertex -11.6391 11.6785 0
      vertex -11.6473 11.1781 3.75
      vertex -11.6473 11.1781 0
    endloop
  endfacet
  facet normal -0.367515 0.930017 0
    outer loop
      vertex -4.44519 6.69953 0
      vertex -4.91066 6.51559 3.75
      vertex -4.44519 6.69953 3.75
    endloop
  endfacet
  facet normal -0.367515 0.930017 0
    outer loop
      vertex -4.91066 6.51559 3.75
      vertex -4.44519 6.69953 0
      vertex -4.91066 6.51559 0
    endloop
  endfacet
  facet normal 0.456787 -0.889576 0
    outer loop
      vertex -9.1 15.7617 0
      vertex -8.65481 15.9903 3.75
      vertex -9.1 15.7617 3.75
    endloop
  endfacet
  facet normal 0.456787 -0.889576 0
    outer loop
      vertex -8.65481 15.9903 3.75
      vertex -9.1 15.7617 0
      vertex -8.65481 15.9903 0
    endloop
  endfacet
  facet normal -0.993447 0.11429 0
    outer loop
      vertex -1.51812 10.5142 0
      vertex -1.46092 11.0114 3.75
      vertex -1.46092 11.0114 0
    endloop
  endfacet
  facet normal -0.993447 0.11429 0
    outer loop
      vertex -1.46092 11.0114 3.75
      vertex -1.51812 10.5142 0
      vertex -1.51812 10.5142 3.75
    endloop
  endfacet
  facet normal -0.718542 -0.695483 0
    outer loop
      vertex -2.71562 14.7076 0
      vertex -3.06368 15.0672 3.75
      vertex -3.06368 15.0672 0
    endloop
  endfacet
  facet normal -0.718542 -0.695483 0
    outer loop
      vertex -3.06368 15.0672 3.75
      vertex -2.71562 14.7076 0
      vertex -2.71562 14.7076 3.75
    endloop
  endfacet
  facet normal 0.917546 -0.39763 0
    outer loop
      vertex -11.3231 13.1414 3.75
      vertex -11.1241 13.6006 0
      vertex -11.1241 13.6006 3.75
    endloop
  endfacet
  facet normal 0.917546 -0.39763 0
    outer loop
      vertex -11.1241 13.6006 0
      vertex -11.3231 13.1414 3.75
      vertex -11.3231 13.1414 0
    endloop
  endfacet
  facet normal -0.783261 -0.621693 0
    outer loop
      vertex -2.40448 14.3156 0
      vertex -2.71562 14.7076 3.75
      vertex -2.71562 14.7076 0
    endloop
  endfacet
  facet normal -0.783261 -0.621693 0
    outer loop
      vertex -2.71562 14.7076 3.75
      vertex -2.40448 14.3156 0
      vertex -2.40448 14.3156 3.75
    endloop
  endfacet
  facet normal -0.179023 0.983845 0
    outer loop
      vertex -5.39191 6.37816 0
      vertex -5.88432 6.28856 3.75
      vertex -5.39191 6.37816 3.75
    endloop
  endfacet
  facet normal -0.179023 0.983845 0
    outer loop
      vertex -5.88432 6.28856 3.75
      vertex -5.39191 6.37816 0
      vertex -5.88432 6.28856 0
    endloop
  endfacet
  facet normal -0.646959 -0.762525 0
    outer loop
      vertex -3.44532 15.391 0
      vertex -3.06368 15.0672 3.75
      vertex -3.44532 15.391 3.75
    endloop
  endfacet
  facet normal -0.646959 -0.762525 -0
    outer loop
      vertex -3.06368 15.0672 3.75
      vertex -3.44532 15.391 0
      vertex -3.06368 15.0672 0
    endloop
  endfacet
  facet normal 0.367619 -0.929976 0
    outer loop
      vertex -8.65481 15.9903 0
      vertex -8.18934 16.1743 3.75
      vertex -8.65481 15.9903 3.75
    endloop
  endfacet
  facet normal 0.367619 -0.929976 0
    outer loop
      vertex -8.18934 16.1743 3.75
      vertex -8.65481 15.9903 0
      vertex -8.18934 16.1743 0
    endloop
  endfacet
  facet normal -0.762535 0.646948 0
    outer loop
      vertex -2.82769 7.85861 0
      vertex -2.5039 8.24025 3.75
      vertex -2.5039 8.24025 0
    endloop
  endfacet
  facet normal -0.762535 0.646948 0
    outer loop
      vertex -2.5039 8.24025 3.75
      vertex -2.82769 7.85861 0
      vertex -2.82769 7.85861 3.75
    endloop
  endfacet
  facet normal 0.0817209 -0.996655 0
    outer loop
      vertex -7.21568 16.4013 0
      vertex -6.71687 16.4422 3.75
      vertex -7.21568 16.4013 3.75
    endloop
  endfacet
  facet normal 0.0817209 -0.996655 0
    outer loop
      vertex -6.71687 16.4422 3.75
      vertex -7.21568 16.4013 0
      vertex -6.71687 16.4422 0
    endloop
  endfacet
  facet normal 0.397755 0.917492 -0
    outer loop
      vertex -8.34648 6.57181 0
      vertex -8.80567 6.77088 3.75
      vertex -8.34648 6.57181 3.75
    endloop
  endfacet
  facet normal 0.397755 0.917492 0
    outer loop
      vertex -8.80567 6.77088 3.75
      vertex -8.34648 6.57181 0
      vertex -8.80567 6.77088 0
    endloop
  endfacet
  facet normal 0.485758 0.874093 -0
    outer loop
      vertex -8.80567 6.77088 0
      vertex -9.24315 7.014 3.75
      vertex -8.80567 6.77088 3.75
    endloop
  endfacet
  facet normal 0.485758 0.874093 0
    outer loop
      vertex -9.24315 7.014 3.75
      vertex -8.80567 6.77088 0
      vertex -9.24315 7.014 0
    endloop
  endfacet
  facet normal -0.695433 0.718591 0
    outer loop
      vertex -2.82769 7.85861 0
      vertex -3.18734 7.51055 3.75
      vertex -2.82769 7.85861 3.75
    endloop
  endfacet
  facet normal -0.695433 0.718591 0
    outer loop
      vertex -3.18734 7.51055 3.75
      vertex -2.82769 7.85861 0
      vertex -3.18734 7.51055 0
    endloop
  endfacet
  facet normal -0.541895 0.840446 0
    outer loop
      vertex -3.57937 7.19941 0
      vertex -4 6.9282 3.75
      vertex -3.57937 7.19941 3.75
    endloop
  endfacet
  facet normal -0.541895 0.840446 0
    outer loop
      vertex -4 6.9282 3.75
      vertex -3.57937 7.19941 0
      vertex -4 6.9282 0
    endloop
  endfacet
  facet normal 0.930042 0.367453 0
    outer loop
      vertex -11.1954 9.24013 3.75
      vertex -11.3793 9.70559 0
      vertex -11.3793 9.70559 3.75
    endloop
  endfacet
  facet normal 0.930042 0.367453 0
    outer loop
      vertex -11.3793 9.70559 0
      vertex -11.1954 9.24013 3.75
      vertex -11.1954 9.24013 0
    endloop
  endfacet
  facet normal 0.274536 -0.961577 0
    outer loop
      vertex -8.18934 16.1743 0
      vertex -7.70809 16.3117 3.75
      vertex -8.18934 16.1743 3.75
    endloop
  endfacet
  facet normal 0.274536 -0.961577 0
    outer loop
      vertex -7.70809 16.3117 3.75
      vertex -8.18934 16.1743 0
      vertex -7.70809 16.3117 0
    endloop
  endfacet
  facet normal 0.179023 -0.983845 0
    outer loop
      vertex -7.70809 16.3117 0
      vertex -7.21568 16.4013 3.75
      vertex -7.70809 16.3117 3.75
    endloop
  endfacet
  facet normal 0.179023 -0.983845 0
    outer loop
      vertex -7.21568 16.4013 3.75
      vertex -7.70809 16.3117 0
      vertex -7.21568 16.4013 0
    endloop
  endfacet
  facet normal 0.874035 -0.485863 0
    outer loop
      vertex -11.1241 13.6006 3.75
      vertex -10.8809 14.0381 0
      vertex -10.8809 14.0381 3.75
    endloop
  endfacet
  facet normal 0.874035 -0.485863 0
    outer loop
      vertex -10.8809 14.0381 0
      vertex -11.1241 13.6006 3.75
      vertex -11.1241 13.6006 0
    endloop
  endfacet
  facet normal 0.762575 -0.6469 0
    outer loop
      vertex -10.5961 14.4496 3.75
      vertex -10.2723 14.8313 0
      vertex -10.2723 14.8313 3.75
    endloop
  endfacet
  facet normal 0.762575 -0.6469 0
    outer loop
      vertex -10.2723 14.8313 0
      vertex -10.5961 14.4496 3.75
      vertex -10.5961 14.4496 0
    endloop
  endfacet
  facet normal 0.983844 0.179026 0
    outer loop
      vertex -11.5168 10.1868 3.75
      vertex -11.6064 10.6792 0
      vertex -11.6064 10.6792 3.75
    endloop
  endfacet
  facet normal 0.983844 0.179026 0
    outer loop
      vertex -11.6064 10.6792 0
      vertex -11.5168 10.1868 3.75
      vertex -11.5168 10.1868 0
    endloop
  endfacet
  facet normal 0.840455 0.541881 0
    outer loop
      vertex -10.6955 8.3743 3.75
      vertex -10.9667 8.79493 0
      vertex -10.9667 8.79493 3.75
    endloop
  endfacet
  facet normal 0.840455 0.541881 0
    outer loop
      vertex -10.9667 8.79493 0
      vertex -10.6955 8.3743 3.75
      vertex -10.6955 8.3743 0
    endloop
  endfacet
  facet normal -0.996655 -0.0817225 0
    outer loop
      vertex -1.45273 11.5118 0
      vertex -1.49363 12.0106 3.75
      vertex -1.49363 12.0106 0
    endloop
  endfacet
  facet normal -0.996655 -0.0817225 0
    outer loop
      vertex -1.49363 12.0106 3.75
      vertex -1.45273 11.5118 0
      vertex -1.45273 11.5118 3.75
    endloop
  endfacet
  facet normal 0.211113 0.977462 -0
    outer loop
      vertex -7.38077 6.31305 0
      vertex -7.86998 6.41871 3.75
      vertex -7.38077 6.31305 3.75
    endloop
  endfacet
  facet normal 0.211113 0.977462 0
    outer loop
      vertex -7.86998 6.41871 3.75
      vertex -7.38077 6.31305 0
      vertex -7.86998 6.41871 0
    endloop
  endfacet
  facet normal 0.783323 0.621615 0
    outer loop
      vertex -10.3844 7.98227 3.75
      vertex -10.6955 8.3743 0
      vertex -10.6955 8.3743 3.75
    endloop
  endfacet
  facet normal 0.783323 0.621615 0
    outer loop
      vertex -10.6955 8.3743 0
      vertex -10.3844 7.98227 3.75
      vertex -10.3844 7.98227 0
    endloop
  endfacet
  facet normal -0.840487 -0.541832 0
    outer loop
      vertex -2.13327 13.8949 0
      vertex -2.40448 14.3156 3.75
      vertex -2.40448 14.3156 0
    endloop
  endfacet
  facet normal -0.840487 -0.541832 0
    outer loop
      vertex -2.40448 14.3156 3.75
      vertex -2.13327 13.8949 0
      vertex -2.13327 13.8949 3.75
    endloop
  endfacet
  facet normal -0.114288 -0.993448 0
    outer loop
      vertex -6.21644 16.434 0
      vertex -5.71923 16.3768 3.75
      vertex -6.21644 16.434 3.75
    endloop
  endfacet
  facet normal -0.114288 -0.993448 -0
    outer loop
      vertex -5.71923 16.3768 3.75
      vertex -6.21644 16.434 0
      vertex -5.71923 16.3768 0
    endloop
  endfacet
  facet normal -0.0163837 -0.999866 0
    outer loop
      vertex -6.71687 16.4422 0
      vertex -6.21644 16.434 3.75
      vertex -6.71687 16.4422 3.75
    endloop
  endfacet
  facet normal -0.0163837 -0.999866 -0
    outer loop
      vertex -6.21644 16.434 3.75
      vertex -6.71687 16.4422 0
      vertex -6.21644 16.434 0
    endloop
  endfacet
  facet normal -0.929999 -0.367563 0
    outer loop
      vertex -1.72066 12.9843 0
      vertex -1.9046 13.4497 3.75
      vertex -1.9046 13.4497 0
    endloop
  endfacet
  facet normal -0.929999 -0.367563 0
    outer loop
      vertex -1.9046 13.4497 3.75
      vertex -1.72066 12.9843 0
      vertex -1.72066 12.9843 3.75
    endloop
  endfacet
  facet normal -0.874088 0.485767 0
    outer loop
      vertex -2.21907 8.65179 0
      vertex -1.97595 9.08926 3.75
      vertex -1.97595 9.08926 0
    endloop
  endfacet
  facet normal -0.874088 0.485767 0
    outer loop
      vertex -1.97595 9.08926 3.75
      vertex -2.21907 8.65179 0
      vertex -2.21907 8.65179 3.75
    endloop
  endfacet
  facet normal 0.977444 -0.211193 0
    outer loop
      vertex -11.5819 12.1757 3.75
      vertex -11.4762 12.6649 0
      vertex -11.4762 12.6649 3.75
    endloop
  endfacet
  facet normal 0.977444 -0.211193 0
    outer loop
      vertex -11.4762 12.6649 0
      vertex -11.5819 12.1757 3.75
      vertex -11.5819 12.1757 0
    endloop
  endfacet
  facet normal 0.646979 0.762508 -0
    outer loop
      vertex -9.65468 7.29883 0
      vertex -10.0363 7.62263 3.75
      vertex -9.65468 7.29883 3.75
    endloop
  endfacet
  facet normal 0.646979 0.762508 0
    outer loop
      vertex -10.0363 7.62263 3.75
      vertex -9.65468 7.29883 0
      vertex -10.0363 7.62263 0
    endloop
  endfacet
  facet normal -0.952071 0.305876 0
    outer loop
      vertex -1.77688 9.54846 0
      vertex -1.62378 10.025 3.75
      vertex -1.62378 10.025 0
    endloop
  endfacet
  facet normal -0.952071 0.305876 0
    outer loop
      vertex -1.62378 10.025 3.75
      vertex -1.77688 9.54846 0
      vertex -1.77688 9.54846 3.75
    endloop
  endfacet
  facet normal 0.305899 0.952064 -0
    outer loop
      vertex -7.86998 6.41871 0
      vertex -8.34648 6.57181 3.75
      vertex -7.86998 6.41871 3.75
    endloop
  endfacet
  facet normal 0.305899 0.952064 0
    outer loop
      vertex -8.34648 6.57181 3.75
      vertex -7.86998 6.41871 0
      vertex -8.34648 6.57181 0
    endloop
  endfacet
  facet normal -0.0817209 0.996655 0
    outer loop
      vertex -5.88432 6.28856 0
      vertex -6.38313 6.24766 3.75
      vertex -5.88432 6.28856 3.75
    endloop
  endfacet
  facet normal -0.0817209 0.996655 0
    outer loop
      vertex -6.38313 6.24766 3.75
      vertex -5.88432 6.28856 0
      vertex -6.38313 6.24766 0
    endloop
  endfacet
  facet normal -0.999866 0.0163647 0
    outer loop
      vertex -1.46092 11.0114 0
      vertex -1.45273 11.5118 3.75
      vertex -1.45273 11.5118 0
    endloop
  endfacet
  facet normal -0.999866 0.0163647 0
    outer loop
      vertex -1.45273 11.5118 3.75
      vertex -1.46092 11.0114 0
      vertex -1.46092 11.0114 3.75
    endloop
  endfacet
  facet normal 0.889499 0.456937 0
    outer loop
      vertex -10.9667 8.79493 3.75
      vertex -11.1954 9.24013 0
      vertex -11.1954 9.24013 3.75
    endloop
  endfacet
  facet normal 0.889499 0.456937 0
    outer loop
      vertex -11.1954 9.24013 0
      vertex -10.9667 8.79493 3.75
      vertex -10.9667 8.79493 0
    endloop
  endfacet
  facet normal -0.917495 0.397748 0
    outer loop
      vertex -1.97595 9.08926 0
      vertex -1.77688 9.54846 3.75
      vertex -1.77688 9.54846 0
    endloop
  endfacet
  facet normal -0.917495 0.397748 0
    outer loop
      vertex -1.77688 9.54846 3.75
      vertex -1.97595 9.08926 0
      vertex -1.97595 9.08926 3.75
    endloop
  endfacet
  facet normal -0.621664 0.783284 0
    outer loop
      vertex -3.18734 7.51055 0
      vertex -3.57937 7.19941 3.75
      vertex -3.18734 7.51055 3.75
    endloop
  endfacet
  facet normal -0.621664 0.783284 0
    outer loop
      vertex -3.57937 7.19941 3.75
      vertex -3.18734 7.51055 0
      vertex -3.57937 7.19941 0
    endloop
  endfacet
  facet normal -0.822269 0.569099 0
    outer loop
      vertex -2.5039 8.24025 0
      vertex -2.21907 8.65179 3.75
      vertex -2.21907 8.65179 0
    endloop
  endfacet
  facet normal -0.822269 0.569099 0
    outer loop
      vertex -2.21907 8.65179 3.75
      vertex -2.5039 8.24025 0
      vertex -2.5039 8.24025 3.75
    endloop
  endfacet
  facet normal -0.397805 -0.91747 0
    outer loop
      vertex -4.75352 16.1181 0
      vertex -4.29433 15.919 3.75
      vertex -4.75352 16.1181 3.75
    endloop
  endfacet
  facet normal -0.397805 -0.91747 -0
    outer loop
      vertex -4.29433 15.919 3.75
      vertex -4.75352 16.1181 0
      vertex -4.29433 15.919 0
    endloop
  endfacet
  facet normal -0.961568 -0.274565 0
    outer loop
      vertex -1.58323 12.503 0
      vertex -1.72066 12.9843 3.75
      vertex -1.72066 12.9843 0
    endloop
  endfacet
  facet normal -0.961568 -0.274565 0
    outer loop
      vertex -1.72066 12.9843 3.75
      vertex -1.58323 12.503 0
      vertex -1.58323 12.503 3.75
    endloop
  endfacet
  facet normal 0.952064 -0.305899 0
    outer loop
      vertex -11.4762 12.6649 3.75
      vertex -11.3231 13.1414 0
      vertex -11.3231 13.1414 3.75
    endloop
  endfacet
  facet normal 0.952064 -0.305899 0
    outer loop
      vertex -11.3231 13.1414 0
      vertex -11.4762 12.6649 3.75
      vertex -11.4762 12.6649 0
    endloop
  endfacet
  facet normal -0.977461 0.211117 0
    outer loop
      vertex -1.62378 10.025 0
      vertex -1.51812 10.5142 3.75
      vertex -1.51812 10.5142 0
    endloop
  endfacet
  facet normal -0.977461 0.211117 0
    outer loop
      vertex -1.51812 10.5142 3.75
      vertex -1.62378 10.025 0
      vertex -1.62378 10.025 3.75
    endloop
  endfacet
  facet normal 0.114288 0.993448 -0
    outer loop
      vertex -6.88356 6.25585 0
      vertex -7.38077 6.31305 3.75
      vertex -6.88356 6.25585 3.75
    endloop
  endfacet
  facet normal 0.114288 0.993448 0
    outer loop
      vertex -7.38077 6.31305 3.75
      vertex -6.88356 6.25585 0
      vertex -7.38077 6.31305 0
    endloop
  endfacet
  facet normal 0.0163637 0.999866 -0
    outer loop
      vertex -6.38313 6.24766 0
      vertex -6.88356 6.25585 3.75
      vertex -6.38313 6.24766 3.75
    endloop
  endfacet
  facet normal 0.0163637 0.999866 0
    outer loop
      vertex -6.88356 6.25585 3.75
      vertex -6.38313 6.24766 0
      vertex -6.88356 6.25585 0
    endloop
  endfacet
  facet normal -0.889523 -0.45689 0
    outer loop
      vertex -1.9046 13.4497 0
      vertex -2.13327 13.8949 3.75
      vertex -2.13327 13.8949 0
    endloop
  endfacet
  facet normal -0.889523 -0.45689 0
    outer loop
      vertex -2.13327 13.8949 3.75
      vertex -1.9046 13.4497 0
      vertex -1.9046 13.4497 3.75
    endloop
  endfacet
  facet normal -0.456898 0.889519 0
    outer loop
      vertex -4 6.9282 0
      vertex -4.44519 6.69953 3.75
      vertex -4 6.9282 3.75
    endloop
  endfacet
  facet normal -0.456898 0.889519 0
    outer loop
      vertex -4.44519 6.69953 3.75
      vertex -4 6.9282 0
      vertex -4.44519 6.69953 0
    endloop
  endfacet
  facet normal -0.983844 -0.179026 0
    outer loop
      vertex -1.49363 12.0106 0
      vertex -1.58323 12.503 3.75
      vertex -1.58323 12.503 0
    endloop
  endfacet
  facet normal -0.983844 -0.179026 0
    outer loop
      vertex -1.58323 12.503 3.75
      vertex -1.49363 12.0106 0
      vertex -1.49363 12.0106 3.75
    endloop
  endfacet
  facet normal -0.210998 -0.977486 0
    outer loop
      vertex -5.71923 16.3768 0
      vertex -5.23002 16.2712 3.75
      vertex -5.71923 16.3768 3.75
    endloop
  endfacet
  facet normal -0.210998 -0.977486 -0
    outer loop
      vertex -5.23002 16.2712 3.75
      vertex -5.71923 16.3768 0
      vertex -5.23002 16.2712 0
    endloop
  endfacet
  facet normal -0.305899 -0.952064 0
    outer loop
      vertex -5.23002 16.2712 0
      vertex -4.75352 16.1181 3.75
      vertex -5.23002 16.2712 3.75
    endloop
  endfacet
  facet normal -0.305899 -0.952064 -0
    outer loop
      vertex -4.75352 16.1181 3.75
      vertex -5.23002 16.2712 0
      vertex -4.75352 16.1181 0
    endloop
  endfacet
  facet normal -0.158634 -0.73079 0.663914
    outer loop
      vertex -5.71923 16.3768 3.75
      vertex -5.56898 17.1164 4.6
      vertex -5.59616 17.1223 4.6
    endloop
  endfacet
  facet normal -0.157786 -0.730968 0.663919
    outer loop
      vertex -5.56898 17.1164 4.6
      vertex -5.71923 16.3768 3.75
      vertex -5.23002 16.2712 3.75
    endloop
  endfacet
  facet normal 0.686115 -0.297449 0.663905
    outer loop
      vertex -11.1241 13.6006 3.75
      vertex -11.8017 13.9348 4.6
      vertex -12.0192 13.4331 4.6
    endloop
  endfacet
  facet normal 0.0611107 -0.745296 0.663927
    outer loop
      vertex -6.71687 16.4422 3.75
      vertex -6.7693 17.1951 4.6
      vertex -7.21568 16.4013 3.75
    endloop
  endfacet
  facet normal 0.0618567 -0.745239 0.663922
    outer loop
      vertex -6.7693 17.1951 4.6
      vertex -6.71687 16.4422 3.75
      vertex -6.74159 17.1974 4.6
    endloop
  endfacet
  facet normal 0.405215 -0.628515 0.663905
    outer loop
      vertex -9.1 15.7617 3.75
      vertex -9.47778 16.416 4.6
      vertex -9.93736 16.1197 4.6
    endloop
  endfacet
  facet normal 0.405225 -0.628503 0.66391
    outer loop
      vertex -9.93736 16.1197 4.6
      vertex -9.52063 15.4905 3.75
      vertex -9.1 15.7617 3.75
    endloop
  endfacet
  facet normal 0.405836 -0.628104 0.663914
    outer loop
      vertex -9.52063 15.4905 3.75
      vertex -9.93736 16.1197 4.6
      vertex -9.96073 16.1046 4.6
    endloop
  endfacet
  facet normal -0.53757 -0.51983 0.663924
    outer loop
      vertex -3.06368 15.0672 3.75
      vertex -2.52785 15.5987 4.6
      vertex -2.54719 15.6187 4.6
    endloop
  endfacet
  facet normal -0.537324 -0.520081 0.663926
    outer loop
      vertex -2.52785 15.5987 4.6
      vertex -3.06368 15.0672 3.75
      vertex -2.71562 14.7076 3.75
    endloop
  endfacet
  facet normal 0.570162 -0.483865 0.663921
    outer loop
      vertex -10.5961 14.4496 3.75
      vertex -10.8417 15.3265 4.6
      vertex -11.1955 14.9096 4.6
    endloop
  endfacet
  facet normal 0.483814 0.570207 0.663919
    outer loop
      vertex -10.0363 7.62263 3.75
      vertex -10.5316 7.05319 4.6
      vertex -9.65468 7.29883 3.75
    endloop
  endfacet
  facet normal 0.48369 0.570313 0.663918
    outer loop
      vertex -10.5316 7.05319 4.6
      vertex -10.0363 7.62263 3.75
      vertex -10.5528 7.07117 4.6
    endloop
  endfacet
  facet normal 0.133879 -0.735722 0.66392
    outer loop
      vertex -7.21568 16.4013 3.75
      vertex -7.3143 17.1504 4.6
      vertex -7.8523 17.0525 4.6
    endloop
  endfacet
  facet normal -0.735769 -0.133647 0.663915
    outer loop
      vertex -1.58323 12.503 3.75
      vertex -0.842433 12.6472 4.6
      vertex -0.84741 12.6746 4.6
    endloop
  endfacet
  facet normal -0.735726 -0.133877 0.663916
    outer loop
      vertex -0.842433 12.6472 4.6
      vertex -1.58323 12.503 3.75
      vertex -1.49363 12.0106 3.75
    endloop
  endfacet
  facet normal -0.742904 0.0854669 0.663919
    outer loop
      vertex -1.51812 10.5142 3.75
      vertex -0.769478 10.4187 4.6
      vertex -1.46092 11.0114 3.75
    endloop
  endfacet
  facet normal -0.742895 0.0855406 0.66392
    outer loop
      vertex -0.769478 10.4187 4.6
      vertex -1.51812 10.5142 3.75
      vertex -0.772656 10.3911 4.6
    endloop
  endfacet
  facet normal -0.520057 0.537356 0.66392
    outer loop
      vertex -2.68916 6.94249 4.6
      vertex -2.29622 7.32278 4.6
      vertex -3.18734 7.51055 3.75
    endloop
  endfacet
  facet normal -0.0122518 -0.747703 0.66392
    outer loop
      vertex -6.21644 16.434 3.75
      vertex -6.19483 17.1884 4.6
      vertex -6.71687 16.4422 3.75
    endloop
  endfacet
  facet normal -0.0107588 -0.747735 0.66391
    outer loop
      vertex -6.19483 17.1884 4.6
      vertex -6.21644 16.434 3.75
      vertex -6.16703 17.188 4.6
    endloop
  endfacet
  facet normal -0.537326 -0.52008 0.663926
    outer loop
      vertex -2.14756 15.2058 4.6
      vertex -2.52785 15.5987 4.6
      vertex -2.71562 14.7076 3.75
    endloop
  endfacet
  facet normal -0.0854671 -0.74288 0.663946
    outer loop
      vertex -5.62378 17.1255 4.6
      vertex -6.16703 17.188 4.6
      vertex -6.21644 16.434 3.75
    endloop
  endfacet
  facet normal 0.276695 -0.694692 0.66396
    outer loop
      vertex -8.65481 15.9903 3.75
      vertex -8.94077 16.6888 4.6
      vertex -8.96663 16.6785 4.6
    endloop
  endfacet
  facet normal 0.274897 -0.695415 0.66395
    outer loop
      vertex -8.94077 16.6888 4.6
      vertex -8.65481 15.9903 3.75
      vertex -8.18934 16.1743 3.75
    endloop
  endfacet
  facet normal 0.363257 0.653652 0.663916
    outer loop
      vertex -9.16415 6.10675 4.6
      vertex -9.24315 7.014 3.75
      vertex -9.64213 6.37238 4.6
    endloop
  endfacet
  facet normal -0.0854626 -0.742882 0.663945
    outer loop
      vertex -5.71923 16.3768 3.75
      vertex -5.62378 17.1255 4.6
      vertex -6.21644 16.434 3.75
    endloop
  endfacet
  facet normal -0.0860605 -0.74281 0.663948
    outer loop
      vertex -5.62378 17.1255 4.6
      vertex -5.71923 16.3768 3.75
      vertex -5.59616 17.1223 4.6
    endloop
  endfacet
  facet normal 0.614908 -0.425579 0.663905
    outer loop
      vertex -11.5067 14.4599 4.6
      vertex -10.8809 14.0381 3.75
      vertex -10.5961 14.4496 3.75
    endloop
  endfacet
  facet normal 0.614657 -0.425947 0.663902
    outer loop
      vertex -10.8809 14.0381 3.75
      vertex -11.5067 14.4599 4.6
      vertex -11.5225 14.4371 4.6
    endloop
  endfacet
  facet normal 0.711984 -0.228666 0.663921
    outer loop
      vertex -11.4762 12.6649 3.75
      vertex -12.0388 13.3811 4.6
      vertex -12.206 12.8605 4.6
    endloop
  endfacet
  facet normal 0.341626 -0.665226 0.663902
    outer loop
      vertex -9.1 15.7617 3.75
      vertex -8.99136 16.6658 4.6
      vertex -9.47778 16.416 4.6
    endloop
  endfacet
  facet normal -0.157816 -0.730971 0.66391
    outer loop
      vertex -5.23002 16.2712 3.75
      vertex -5.03447 17.001 4.6
      vertex -5.56898 17.1164 4.6
    endloop
  endfacet
  facet normal 0.205401 -0.719068 0.663891
    outer loop
      vertex -8.18934 16.1743 3.75
      vertex -7.90639 17.0399 4.6
      vertex -8.43221 16.8897 4.6
    endloop
  endfacet
  facet normal 0.628429 0.405288 0.663941
    outer loop
      vertex -11.3247 7.95757 4.6
      vertex -10.9667 8.79493 3.75
      vertex -11.6211 8.41716 4.6
    endloop
  endfacet
  facet normal 0.134433 -0.735619 0.663922
    outer loop
      vertex -7.70809 16.3117 3.75
      vertex -7.8523 17.0525 4.6
      vertex -7.87966 17.0475 4.6
    endloop
  endfacet
  facet normal 0.133874 -0.735724 0.663918
    outer loop
      vertex -7.8523 17.0525 4.6
      vertex -7.70809 16.3117 3.75
      vertex -7.21568 16.4013 3.75
    endloop
  endfacet
  facet normal -0.0123074 -0.747686 0.663939
    outer loop
      vertex -6.71687 16.4422 3.75
      vertex -6.19483 17.1884 4.6
      vertex -6.74159 17.1974 4.6
    endloop
  endfacet
  facet normal 0.157863 0.730956 0.663914
    outer loop
      vertex -7.38077 6.31305 3.75
      vertex -7.53102 5.57346 4.6
      vertex -7.50384 5.56759 4.6
    endloop
  endfacet
  facet normal 0.157872 0.730955 0.663914
    outer loop
      vertex -7.53102 5.57346 4.6
      vertex -7.38077 6.31305 3.75
      vertex -7.86998 6.41871 3.75
    endloop
  endfacet
  facet normal -0.65365 0.363256 0.663918
    outer loop
      vertex -1.57745 8.2528 4.6
      vertex -1.31182 8.73078 4.6
      vertex -2.21907 8.65179 3.75
    endloop
  endfacet
  facet normal -0.719067 -0.205347 0.663909
    outer loop
      vertex -0.855045 12.7013 4.6
      vertex -1.0052 13.2271 4.6
      vertex -1.72066 12.9843 3.75
    endloop
  endfacet
  facet normal -0.665177 -0.341683 0.663922
    outer loop
      vertex -1.22909 13.7863 4.6
      vertex -1.47894 14.2727 4.6
      vertex -2.13327 13.8949 3.75
    endloop
  endfacet
  facet normal 0.341625 -0.665226 0.663902
    outer loop
      vertex -9.1 15.7617 3.75
      vertex -8.96663 16.6785 4.6
      vertex -8.99136 16.6658 4.6
    endloop
  endfacet
  facet normal 0.341589 -0.665232 0.663915
    outer loop
      vertex -8.96663 16.6785 4.6
      vertex -9.1 15.7617 3.75
      vertex -8.65481 15.9903 3.75
    endloop
  endfacet
  facet normal -0.735729 -0.13387 0.663913
    outer loop
      vertex -0.744541 12.1092 4.6
      vertex -0.842433 12.6472 4.6
      vertex -1.49363 12.0106 3.75
    endloop
  endfacet
  facet normal 0.425585 0.614897 0.663912
    outer loop
      vertex -9.66499 6.38821 4.6
      vertex -9.24315 7.014 3.75
      vertex -9.65468 7.29883 3.75
    endloop
  endfacet
  facet normal 0.425732 0.614797 0.663911
    outer loop
      vertex -9.24315 7.014 3.75
      vertex -9.66499 6.38821 4.6
      vertex -9.64213 6.37238 4.6
    endloop
  endfacet
  facet normal -0.665121 -0.341985 0.663823
    outer loop
      vertex -2.13327 13.8949 3.75
      vertex -1.21639 13.7616 4.6
      vertex -1.22909 13.7863 4.6
    endloop
  endfacet
  facet normal -0.665177 -0.341658 0.663935
    outer loop
      vertex -1.21639 13.7616 4.6
      vertex -2.13327 13.8949 3.75
      vertex -1.9046 13.4497 3.75
    endloop
  endfacet
  facet normal -0.686108 0.297438 0.663918
    outer loop
      vertex -1.97595 9.08926 3.75
      vertex -1.06975 9.28231 4.6
      vertex -1.77688 9.54846 3.75
    endloop
  endfacet
  facet normal -0.686105 0.297464 0.663909
    outer loop
      vertex -1.06975 9.28231 4.6
      vertex -1.97595 9.08926 3.75
      vertex -1.08081 9.2568 4.6
    endloop
  endfacet
  facet normal -0.425182 -0.615168 0.663919
    outer loop
      vertex -3.85685 15.6759 3.75
      vertex -3.43501 16.3017 4.6
      vertex -3.45787 16.3175 4.6
    endloop
  endfacet
  facet normal -0.425654 -0.614845 0.663915
    outer loop
      vertex -3.43501 16.3017 4.6
      vertex -3.85685 15.6759 3.75
      vertex -3.44532 15.391 3.75
    endloop
  endfacet
  facet normal -0.36323 -0.653676 0.663906
    outer loop
      vertex -3.85685 15.6759 3.75
      vertex -3.45787 16.3175 4.6
      vertex -3.93585 16.5831 4.6
    endloop
  endfacet
  facet normal -0.405077 0.628595 0.663913
    outer loop
      vertex -3.57937 7.19941 3.75
      vertex -3.16264 6.5702 4.6
      vertex -3.13927 6.58526 4.6
    endloop
  endfacet
  facet normal -0.405234 0.628493 0.663914
    outer loop
      vertex -3.16264 6.5702 4.6
      vertex -3.57937 7.19941 3.75
      vertex -4 6.9282 3.75
    endloop
  endfacet
  facet normal -0.747707 0.0122366 0.663916
    outer loop
      vertex -0.706528 10.9898 4.6
      vertex -0.697581 11.5365 4.6
      vertex -1.45273 11.5118 3.75
    endloop
  endfacet
  facet normal -0.29744 -0.686123 0.663901
    outer loop
      vertex -4.29433 15.919 3.75
      vertex -3.96015 16.5966 4.6
      vertex -4.46187 16.8141 4.6
    endloop
  endfacet
  facet normal -0.48399 -0.570033 0.66394
    outer loop
      vertex -2.56839 15.6367 4.6
      vertex -3.06368 15.0672 3.75
      vertex -2.54719 15.6187 4.6
    endloop
  endfacet
  facet normal -0.483788 -0.570206 0.663938
    outer loop
      vertex -3.06368 15.0672 3.75
      vertex -2.56839 15.6367 4.6
      vertex -3.44532 15.391 3.75
    endloop
  endfacet
  facet normal 0.520012 -0.537405 0.663915
    outer loop
      vertex -10.8038 15.3671 4.6
      vertex -10.2723 14.8313 3.75
      vertex -9.91266 15.1793 3.75
    endloop
  endfacet
  facet normal 0.520664 -0.536767 0.663921
    outer loop
      vertex -10.2723 14.8313 3.75
      vertex -10.8038 15.3671 4.6
      vertex -10.8238 15.3477 4.6
    endloop
  endfacet
  facet normal -0.34161 0.665199 0.663937
    outer loop
      vertex -4 6.9282 3.75
      vertex -4.13337 6.01132 4.6
      vertex -4.10864 6.02402 4.6
    endloop
  endfacet
  facet normal -0.341671 0.665188 0.663917
    outer loop
      vertex -4.13337 6.01132 4.6
      vertex -4 6.9282 3.75
      vertex -4.44519 6.69953 3.75
    endloop
  endfacet
  facet normal 0.0122393 0.747707 0.663916
    outer loop
      vertex -6.35841 5.49251 4.6
      vertex -6.38313 6.24766 3.75
      vertex -6.90517 5.50146 4.6
    endloop
  endfacet
  facet normal -0.228785 -0.711955 0.66391
    outer loop
      vertex -4.51385 16.8337 4.6
      vertex -5.03447 17.001 4.6
      vertex -5.23002 16.2712 3.75
    endloop
  endfacet
  facet normal -0.747707 0.0122377 0.663916
    outer loop
      vertex -1.46092 11.0114 3.75
      vertex -0.706528 10.9898 4.6
      vertex -1.45273 11.5118 3.75
    endloop
  endfacet
  facet normal -0.747707 0.0122377 0.663916
    outer loop
      vertex -0.706528 10.9898 4.6
      vertex -1.46092 11.0114 3.75
      vertex -0.706983 10.962 4.6
    endloop
  endfacet
  facet normal 0.0611283 -0.7453 0.663921
    outer loop
      vertex -7.21568 16.4013 3.75
      vertex -6.7693 17.1951 4.6
      vertex -7.3143 17.1504 4.6
    endloop
  endfacet
  facet normal -0.585783 -0.464825 0.663925
    outer loop
      vertex -1.80762 14.7774 4.6
      vertex -2.14756 15.2058 4.6
      vertex -2.71562 14.7076 3.75
    endloop
  endfacet
  facet normal 0.628503 0.405225 0.66391
    outer loop
      vertex -11.3247 7.95757 4.6
      vertex -10.6955 8.3743 3.75
      vertex -10.9667 8.79493 3.75
    endloop
  endfacet
  facet normal 0.62934 0.403941 0.6639
    outer loop
      vertex -10.6955 8.3743 3.75
      vertex -11.3247 7.95757 4.6
      vertex -11.3097 7.9342 4.6
    endloop
  endfacet
  facet normal 0.205298 -0.719067 0.663924
    outer loop
      vertex -7.70809 16.3117 3.75
      vertex -7.90639 17.0399 4.6
      vertex -8.18934 16.1743 3.75
    endloop
  endfacet
  facet normal 0.204511 -0.719287 0.663929
    outer loop
      vertex -7.90639 17.0399 4.6
      vertex -7.70809 16.3117 3.75
      vertex -7.87966 17.0475 4.6
    endloop
  endfacet
  facet normal -0.695488 -0.274818 0.663906
    outer loop
      vertex -1.0052 13.2271 4.6
      vertex -1.20617 13.7357 4.6
      vertex -1.72066 12.9843 3.75
    endloop
  endfacet
  facet normal 0.274758 -0.695525 0.663893
    outer loop
      vertex -8.18934 16.1743 3.75
      vertex -8.43221 16.8897 4.6
      vertex -8.94077 16.6888 4.6
    endloop
  endfacet
  facet normal 0.537371 0.520072 0.663895
    outer loop
      vertex -10.5721 7.09115 4.6
      vertex -10.3844 7.98227 3.75
      vertex -10.9524 7.4841 4.6
    endloop
  endfacet
  facet normal 0.157867 0.730954 0.663916
    outer loop
      vertex -7.53102 5.57346 4.6
      vertex -7.86998 6.41871 3.75
      vertex -8.06553 5.6889 4.6
    endloop
  endfacet
  facet normal -0.745307 -0.0611125 0.663914
    outer loop
      vertex -0.699853 11.5642 4.6
      vertex -0.744541 12.1092 4.6
      vertex -1.49363 12.0106 3.75
    endloop
  endfacet
  facet normal -0.274851 0.695464 0.663917
    outer loop
      vertex -4.44519 6.69953 3.75
      vertex -4.15923 6.0011 4.6
      vertex -4.13337 6.01132 4.6
    endloop
  endfacet
  facet normal -0.27483 0.695473 0.663917
    outer loop
      vertex -4.15923 6.0011 4.6
      vertex -4.44519 6.69953 3.75
      vertex -4.91066 6.51559 3.75
    endloop
  endfacet
  facet normal -0.614916 0.425546 0.663919
    outer loop
      vertex -2.21907 8.65179 3.75
      vertex -1.59327 8.22994 4.6
      vertex -1.57745 8.2528 4.6
    endloop
  endfacet
  facet normal -0.614897 0.425575 0.663919
    outer loop
      vertex -1.59327 8.22994 4.6
      vertex -2.21907 8.65179 3.75
      vertex -2.5039 8.24025 3.75
    endloop
  endfacet
  facet normal 0.719028 0.205394 0.663937
    outer loop
      vertex -12.0948 9.46273 4.6
      vertex -11.3793 9.70559 3.75
      vertex -12.245 9.98854 4.6
    endloop
  endfacet
  facet normal 0.653616 -0.363336 0.663908
    outer loop
      vertex -11.7882 13.9591 4.6
      vertex -11.1241 13.6006 3.75
      vertex -10.8809 14.0381 3.75
    endloop
  endfacet
  facet normal 0.653706 -0.36317 0.663909
    outer loop
      vertex -11.1241 13.6006 3.75
      vertex -11.7882 13.9591 4.6
      vertex -11.8017 13.9348 4.6
    endloop
  endfacet
  facet normal 0.537334 0.520093 0.663909
    outer loop
      vertex -10.5721 7.09115 4.6
      vertex -10.0363 7.62263 3.75
      vertex -10.3844 7.98227 3.75
    endloop
  endfacet
  facet normal 0.53786 0.519555 0.663904
    outer loop
      vertex -10.0363 7.62263 3.75
      vertex -10.5721 7.09115 4.6
      vertex -10.5528 7.07117 4.6
    endloop
  endfacet
  facet normal 0.735723 0.13388 0.663918
    outer loop
      vertex -12.2576 10.0426 4.6
      vertex -11.6064 10.6792 3.75
      vertex -12.3555 10.5806 4.6
    endloop
  endfacet
  facet normal -0.628713 -0.404902 0.663908
    outer loop
      vertex -2.40448 14.3156 3.75
      vertex -1.77526 14.7323 4.6
      vertex -1.79033 14.7557 4.6
    endloop
  endfacet
  facet normal -0.628527 -0.405188 0.66391
    outer loop
      vertex -1.77526 14.7323 4.6
      vertex -2.40448 14.3156 3.75
      vertex -2.13327 13.8949 3.75
    endloop
  endfacet
  facet normal 0.719351 0.2043 0.663925
    outer loop
      vertex -12.245 9.98854 4.6
      vertex -11.5168 10.1868 3.75
      vertex -12.2526 10.0153 4.6
    endloop
  endfacet
  facet normal 0.719029 0.205454 0.663918
    outer loop
      vertex -11.5168 10.1868 3.75
      vertex -12.245 9.98854 4.6
      vertex -11.3793 9.70559 3.75
    endloop
  endfacet
  facet normal -0.742909 0.0854557 0.663915
    outer loop
      vertex -0.769478 10.4187 4.6
      vertex -0.706983 10.962 4.6
      vertex -1.46092 11.0114 3.75
    endloop
  endfacet
  facet normal -0.274833 0.695471 0.663918
    outer loop
      vertex -4.66779 5.80013 4.6
      vertex -4.15923 6.0011 4.6
      vertex -4.91066 6.51559 3.75
    endloop
  endfacet
  facet normal -0.711968 0.228737 0.663914
    outer loop
      vertex -1.77688 9.54846 3.75
      vertex -1.06125 9.30879 4.6
      vertex -1.62378 10.025 3.75
    endloop
  endfacet
  facet normal -0.712026 0.228558 0.663913
    outer loop
      vertex -1.06125 9.30879 4.6
      vertex -1.77688 9.54846 3.75
      vertex -1.06975 9.28231 4.6
    endloop
  endfacet
  facet normal 0.742924 -0.0854643 0.663897
    outer loop
      vertex -11.6391 11.6785 3.75
      vertex -12.3305 12.2712 4.6
      vertex -12.393 11.7279 4.6
    endloop
  endfacet
  facet normal -0.570232 0.48379 0.663915
    outer loop
      vertex -2.25825 7.36332 4.6
      vertex -1.90448 7.7803 4.6
      vertex -2.5039 8.24025 3.75
    endloop
  endfacet
  facet normal 0.0854655 0.742908 0.663915
    outer loop
      vertex -7.38077 6.31305 3.75
      vertex -7.47622 5.56441 4.6
      vertex -6.88356 6.25585 3.75
    endloop
  endfacet
  facet normal 0.085533 0.7429 0.663916
    outer loop
      vertex -7.47622 5.56441 4.6
      vertex -7.38077 6.31305 3.75
      vertex -7.50384 5.56759 4.6
    endloop
  endfacet
  facet normal 0.085457 0.742911 0.663912
    outer loop
      vertex -6.93297 5.50192 4.6
      vertex -6.88356 6.25585 3.75
      vertex -7.47622 5.56441 4.6
    endloop
  endfacet
  facet normal -0.745307 -0.0611128 0.663914
    outer loop
      vertex -1.45273 11.5118 3.75
      vertex -0.699853 11.5642 4.6
      vertex -1.49363 12.0106 3.75
    endloop
  endfacet
  facet normal -0.745306 -0.0611312 0.663914
    outer loop
      vertex -0.699853 11.5642 4.6
      vertex -1.45273 11.5118 3.75
      vertex -0.697581 11.5365 4.6
    endloop
  endfacet
  facet normal -0.464885 0.585745 0.663916
    outer loop
      vertex -3.57937 7.19941 3.75
      vertex -3.11749 6.60255 4.6
      vertex -3.18734 7.51055 3.75
    endloop
  endfacet
  facet normal -0.464951 0.585693 0.663916
    outer loop
      vertex -3.11749 6.60255 4.6
      vertex -3.57937 7.19941 3.75
      vertex -3.13927 6.58526 4.6
    endloop
  endfacet
  facet normal -0.297487 -0.686102 0.663901
    outer loop
      vertex -4.29433 15.919 3.75
      vertex -4.48738 16.8252 4.6
      vertex -4.75352 16.1181 3.75
    endloop
  endfacet
  facet normal -0.298493 -0.685996 0.66356
    outer loop
      vertex -4.48738 16.8252 4.6
      vertex -4.29433 15.919 3.75
      vertex -4.46187 16.8141 4.6
    endloop
  endfacet
  facet normal -0.13388 0.735726 0.663915
    outer loop
      vertex -5.7857 5.53947 4.6
      vertex -5.2477 5.63737 4.6
      vertex -5.88432 6.28856 3.75
    endloop
  endfacet
  facet normal -0.719067 -0.205322 0.663917
    outer loop
      vertex -1.58323 12.503 3.75
      vertex -0.855045 12.7013 4.6
      vertex -1.72066 12.9843 3.75
    endloop
  endfacet
  facet normal -0.71899 -0.205599 0.663915
    outer loop
      vertex -0.855045 12.7013 4.6
      vertex -1.58323 12.503 3.75
      vertex -0.84741 12.6746 4.6
    endloop
  endfacet
  facet normal 0.585763 0.464839 0.663932
    outer loop
      vertex -10.6955 8.3743 3.75
      vertex -11.2924 7.91242 4.6
      vertex -10.3844 7.98227 3.75
    endloop
  endfacet
  facet normal 0.585552 0.465108 0.66393
    outer loop
      vertex -11.2924 7.91242 4.6
      vertex -10.6955 8.3743 3.75
      vertex -11.3097 7.9342 4.6
    endloop
  endfacet
  facet normal -0.628497 -0.405214 0.663923
    outer loop
      vertex -1.47894 14.2727 4.6
      vertex -1.77526 14.7323 4.6
      vertex -2.13327 13.8949 3.75
    endloop
  endfacet
  facet normal -0.425553 -0.614878 0.66395
    outer loop
      vertex -2.98536 15.9905 4.6
      vertex -3.43501 16.3017 4.6
      vertex -3.44532 15.391 3.75
    endloop
  endfacet
  facet normal -0.614893 0.425587 0.663915
    outer loop
      vertex -1.90448 7.7803 4.6
      vertex -1.59327 8.22994 4.6
      vertex -2.5039 8.24025 3.75
    endloop
  endfacet
  facet normal 0.711249 -0.23082 0.663963
    outer loop
      vertex -12.0388 13.3811 4.6
      vertex -11.3231 13.1414 3.75
      vertex -12.0302 13.4076 4.6
    endloop
  endfacet
  facet normal 0.71193 -0.228744 0.663951
    outer loop
      vertex -11.3231 13.1414 3.75
      vertex -12.0388 13.3811 4.6
      vertex -11.4762 12.6649 3.75
    endloop
  endfacet
  facet normal -0.464874 0.585749 0.66392
    outer loop
      vertex -3.11749 6.60255 4.6
      vertex -2.68916 6.94249 4.6
      vertex -3.18734 7.51055 3.75
    endloop
  endfacet
  facet normal -0.228758 -0.711974 0.6639
    outer loop
      vertex -4.75352 16.1181 3.75
      vertex -4.51385 16.8337 4.6
      vertex -5.23002 16.2712 3.75
    endloop
  endfacet
  facet normal -0.22864 -0.712012 0.663899
    outer loop
      vertex -4.51385 16.8337 4.6
      vertex -4.75352 16.1181 3.75
      vertex -4.48738 16.8252 4.6
    endloop
  endfacet
  facet normal -0.584882 -0.466019 0.663882
    outer loop
      vertex -1.80762 14.7774 4.6
      vertex -2.40448 14.3156 3.75
      vertex -1.79033 14.7557 4.6
    endloop
  endfacet
  facet normal -0.585745 -0.46492 0.663892
    outer loop
      vertex -2.40448 14.3156 3.75
      vertex -1.80762 14.7774 4.6
      vertex -2.71562 14.7076 3.75
    endloop
  endfacet
  facet normal -0.133654 0.73577 0.663912
    outer loop
      vertex -5.39191 6.37816 3.75
      vertex -5.2477 5.63737 4.6
      vertex -5.22034 5.64234 4.6
    endloop
  endfacet
  facet normal -0.133875 0.735729 0.663913
    outer loop
      vertex -5.2477 5.63737 4.6
      vertex -5.39191 6.37816 3.75
      vertex -5.88432 6.28856 3.75
    endloop
  endfacet
  facet normal 0.0122369 0.747708 0.663915
    outer loop
      vertex -6.88356 6.25585 3.75
      vertex -6.90517 5.50146 4.6
      vertex -6.38313 6.24766 3.75
    endloop
  endfacet
  facet normal 0.0123721 0.747705 0.663916
    outer loop
      vertex -6.90517 5.50146 4.6
      vertex -6.88356 6.25585 3.75
      vertex -6.93297 5.50192 4.6
    endloop
  endfacet
  facet normal -0.341674 0.665187 0.663917
    outer loop
      vertex -3.62222 6.27387 4.6
      vertex -4 6.9282 3.75
      vertex -4.10864 6.02402 4.6
    endloop
  endfacet
  facet normal 0.48379 0.570243 0.663905
    outer loop
      vertex -10.1146 6.69941 4.6
      vertex -9.65468 7.29883 3.75
      vertex -10.5316 7.05319 4.6
    endloop
  endfacet
  facet normal -0.71195 0.228762 0.663924
    outer loop
      vertex -1.06125 9.30879 4.6
      vertex -0.893969 9.8294 4.6
      vertex -1.62378 10.025 3.75
    endloop
  endfacet
  facet normal -0.695606 -0.274482 0.663922
    outer loop
      vertex -1.9046 13.4497 3.75
      vertex -1.20617 13.7357 4.6
      vertex -1.21639 13.7616 4.6
    endloop
  endfacet
  facet normal -0.695452 -0.274864 0.663925
    outer loop
      vertex -1.20617 13.7357 4.6
      vertex -1.9046 13.4497 3.75
      vertex -1.72066 12.9843 3.75
    endloop
  endfacet
  facet normal 0.695501 0.274788 0.663905
    outer loop
      vertex -11.8938 8.95416 4.6
      vertex -11.1954 9.24013 3.75
      vertex -11.3793 9.70559 3.75
    endloop
  endfacet
  facet normal 0.695661 0.274391 0.663902
    outer loop
      vertex -11.1954 9.24013 3.75
      vertex -11.8938 8.95416 4.6
      vertex -11.8836 8.9283 4.6
    endloop
  endfacet
  facet normal 0.747677 -0.0134474 0.663927
    outer loop
      vertex -12.3935 11.7001 4.6
      vertex -11.6391 11.6785 3.75
      vertex -12.393 11.7279 4.6
    endloop
  endfacet
  facet normal 0.747703 -0.0122525 0.66392
    outer loop
      vertex -11.6391 11.6785 3.75
      vertex -12.3935 11.7001 4.6
      vertex -11.6473 11.1781 3.75
    endloop
  endfacet
  facet normal -0.0611015 0.745307 0.663915
    outer loop
      vertex -5.7857 5.53947 4.6
      vertex -5.88432 6.28856 3.75
      vertex -6.3307 5.49479 4.6
    endloop
  endfacet
  facet normal 0.425601 0.614892 0.663907
    outer loop
      vertex -9.66499 6.38821 4.6
      vertex -9.65468 7.29883 3.75
      vertex -10.1146 6.69941 4.6
    endloop
  endfacet
  facet normal -0.686108 0.29744 0.663917
    outer loop
      vertex -1.29831 8.75509 4.6
      vertex -1.08081 9.2568 4.6
      vertex -1.97595 9.08926 3.75
    endloop
  endfacet
  facet normal -0.0611118 0.745309 0.663912
    outer loop
      vertex -6.38313 6.24766 3.75
      vertex -6.3307 5.49479 4.6
      vertex -5.88432 6.28856 3.75
    endloop
  endfacet
  facet normal -0.0613233 0.745293 0.663911
    outer loop
      vertex -6.3307 5.49479 4.6
      vertex -6.38313 6.24766 3.75
      vertex -6.35841 5.49251 4.6
    endloop
  endfacet
  facet normal 0.585721 0.464945 0.663895
    outer loop
      vertex -10.9524 7.4841 4.6
      vertex -10.3844 7.98227 3.75
      vertex -11.2924 7.91242 4.6
    endloop
  endfacet
  facet normal -0.363172 -0.65371 0.663904
    outer loop
      vertex -4.29433 15.919 3.75
      vertex -3.93585 16.5831 4.6
      vertex -3.96015 16.5966 4.6
    endloop
  endfacet
  facet normal -0.363236 -0.653675 0.663904
    outer loop
      vertex -3.93585 16.5831 4.6
      vertex -4.29433 15.919 3.75
      vertex -3.85685 15.6759 3.75
    endloop
  endfacet
  facet normal 0.747729 -0.0121704 0.663892
    outer loop
      vertex -11.6473 11.1781 3.75
      vertex -12.3935 11.7001 4.6
      vertex -12.4024 11.1533 4.6
    endloop
  endfacet
  facet normal -0.205331 0.719064 0.663918
    outer loop
      vertex -4.66779 5.80013 4.6
      vertex -4.91066 6.51559 3.75
      vertex -5.19361 5.64998 4.6
    endloop
  endfacet
  facet normal 0.686284 -0.296044 0.664359
    outer loop
      vertex -12.0302 13.4076 4.6
      vertex -11.1241 13.6006 3.75
      vertex -12.0192 13.4331 4.6
    endloop
  endfacet
  facet normal 0.686147 -0.29735 0.663917
    outer loop
      vertex -11.1241 13.6006 3.75
      vertex -12.0302 13.4076 4.6
      vertex -11.3231 13.1414 3.75
    endloop
  endfacet
  facet normal 0.653619 -0.363319 0.663913
    outer loop
      vertex -10.8809 14.0381 3.75
      vertex -11.5225 14.4371 4.6
      vertex -11.7882 13.9591 4.6
    endloop
  endfacet
  facet normal 0.695446 0.274858 0.663934
    outer loop
      vertex -11.8938 8.95416 4.6
      vertex -11.3793 9.70559 3.75
      vertex -12.0948 9.46273 4.6
    endloop
  endfacet
  facet normal -0.483802 -0.570184 0.663947
    outer loop
      vertex -2.56839 15.6367 4.6
      vertex -2.98536 15.9905 4.6
      vertex -3.44532 15.391 3.75
    endloop
  endfacet
  facet normal 0.297447 0.686107 0.663915
    outer loop
      vertex -8.63813 5.87574 4.6
      vertex -8.80567 6.77088 3.75
      vertex -9.13985 6.09325 4.6
    endloop
  endfacet
  facet normal 0.735725 0.133877 0.663917
    outer loop
      vertex -12.2576 10.0426 4.6
      vertex -11.5168 10.1868 3.75
      vertex -11.6064 10.6792 3.75
    endloop
  endfacet
  facet normal 0.735566 0.134719 0.663922
    outer loop
      vertex -11.5168 10.1868 3.75
      vertex -12.2576 10.0426 4.6
      vertex -12.2526 10.0153 4.6
    endloop
  endfacet
  facet normal -0.570229 0.483792 0.663916
    outer loop
      vertex -2.82769 7.85861 3.75
      vertex -2.25825 7.36332 4.6
      vertex -2.5039 8.24025 3.75
    endloop
  endfacet
  facet normal -0.570181 0.483847 0.663916
    outer loop
      vertex -2.25825 7.36332 4.6
      vertex -2.82769 7.85861 3.75
      vertex -2.27624 7.34212 4.6
    endloop
  endfacet
  facet normal -0.520104 0.537315 0.663916
    outer loop
      vertex -2.82769 7.85861 3.75
      vertex -2.29622 7.32278 4.6
      vertex -2.27624 7.34212 4.6
    endloop
  endfacet
  facet normal -0.52005 0.537367 0.663916
    outer loop
      vertex -2.29622 7.32278 4.6
      vertex -2.82769 7.85861 3.75
      vertex -3.18734 7.51055 3.75
    endloop
  endfacet
  facet normal 0.297444 0.686107 0.663916
    outer loop
      vertex -8.80567 6.77088 3.75
      vertex -8.61262 5.86468 4.6
      vertex -8.34648 6.57181 3.75
    endloop
  endfacet
  facet normal 0.297464 0.686105 0.663909
    outer loop
      vertex -8.61262 5.86468 4.6
      vertex -8.80567 6.77088 3.75
      vertex -8.63813 5.87574 4.6
    endloop
  endfacet
  facet normal 0.363167 0.6537 0.663917
    outer loop
      vertex -8.80567 6.77088 3.75
      vertex -9.16415 6.10675 4.6
      vertex -9.13985 6.09325 4.6
    endloop
  endfacet
  facet normal 0.363253 0.653653 0.663917
    outer loop
      vertex -9.16415 6.10675 4.6
      vertex -8.80567 6.77088 3.75
      vertex -9.24315 7.014 3.75
    endloop
  endfacet
  facet normal -0.65365 0.363258 0.663917
    outer loop
      vertex -1.97595 9.08926 3.75
      vertex -1.31182 8.73078 4.6
      vertex -1.29831 8.75509 4.6
    endloop
  endfacet
  facet normal -0.653649 0.36326 0.663917
    outer loop
      vertex -1.31182 8.73078 4.6
      vertex -1.97595 9.08926 3.75
      vertex -2.21907 8.65179 3.75
    endloop
  endfacet
  facet normal -0.205342 0.719064 0.663914
    outer loop
      vertex -5.39191 6.37816 3.75
      vertex -5.19361 5.64998 4.6
      vertex -4.91066 6.51559 3.75
    endloop
  endfacet
  facet normal -0.20551 0.719017 0.663913
    outer loop
      vertex -5.19361 5.64998 4.6
      vertex -5.39191 6.37816 3.75
      vertex -5.22034 5.64234 4.6
    endloop
  endfacet
  facet normal -0.730974 0.157751 0.663922
    outer loop
      vertex -1.51812 10.5142 3.75
      vertex -0.778526 10.3639 4.6
      vertex -0.772656 10.3911 4.6
    endloop
  endfacet
  facet normal -0.730948 0.157874 0.663921
    outer loop
      vertex -0.778526 10.3639 4.6
      vertex -1.51812 10.5142 3.75
      vertex -1.62378 10.025 3.75
    endloop
  endfacet
  facet normal -0.730948 0.157872 0.663922
    outer loop
      vertex -0.893969 9.8294 4.6
      vertex -0.778526 10.3639 4.6
      vertex -1.62378 10.025 3.75
    endloop
  endfacet
  facet normal 0.745278 0.0618823 0.663876
    outer loop
      vertex -12.4001 11.1256 4.6
      vertex -11.6473 11.1781 3.75
      vertex -12.4024 11.1533 4.6
    endloop
  endfacet
  facet normal 0.745338 0.0611031 0.663881
    outer loop
      vertex -11.6473 11.1781 3.75
      vertex -12.4001 11.1256 4.6
      vertex -11.6064 10.6792 3.75
    endloop
  endfacet
  facet normal -0.405239 0.628487 0.663917
    outer loop
      vertex -3.62222 6.27387 4.6
      vertex -3.16264 6.5702 4.6
      vertex -4 6.9282 3.75
    endloop
  endfacet
  facet normal 0.614922 -0.425537 0.663919
    outer loop
      vertex -10.5961 14.4496 3.75
      vertex -11.1955 14.9096 4.6
      vertex -11.5067 14.4599 4.6
    endloop
  endfacet
  facet normal 0.228759 0.711959 0.663916
    outer loop
      vertex -8.06553 5.6889 4.6
      vertex -7.86998 6.41871 3.75
      vertex -8.58615 5.85618 4.6
    endloop
  endfacet
  facet normal 0.228754 0.711962 0.663914
    outer loop
      vertex -8.34648 6.57181 3.75
      vertex -8.58615 5.85618 4.6
      vertex -7.86998 6.41871 3.75
    endloop
  endfacet
  facet normal 0.228636 0.712001 0.663913
    outer loop
      vertex -8.58615 5.85618 4.6
      vertex -8.34648 6.57181 3.75
      vertex -8.61262 5.86468 4.6
    endloop
  endfacet
  facet normal 0.665192 0.341607 0.663946
    outer loop
      vertex -10.9667 8.79493 3.75
      vertex -11.8836 8.9283 4.6
      vertex -11.8709 8.90357 4.6
    endloop
  endfacet
  facet normal 0.665176 0.341702 0.663914
    outer loop
      vertex -11.8836 8.9283 4.6
      vertex -10.9667 8.79493 3.75
      vertex -11.1954 9.24013 3.75
    endloop
  endfacet
  facet normal 0.742843 -0.0861267 0.663903
    outer loop
      vertex -12.3305 12.2712 4.6
      vertex -11.5819 12.1757 3.75
      vertex -12.3273 12.2988 4.6
    endloop
  endfacet
  facet normal 0.742922 -0.0854689 0.663899
    outer loop
      vertex -11.5819 12.1757 3.75
      vertex -12.3305 12.2712 4.6
      vertex -11.6391 11.6785 3.75
    endloop
  endfacet
  facet normal 0.730934 -0.157947 0.663918
    outer loop
      vertex -11.4762 12.6649 3.75
      vertex -12.206 12.8605 4.6
      vertex -12.3215 12.326 4.6
    endloop
  endfacet
  facet normal 0.745315 0.0609927 0.663917
    outer loop
      vertex -12.3555 10.5806 4.6
      vertex -11.6064 10.6792 3.75
      vertex -12.4001 11.1256 4.6
    endloop
  endfacet
  facet normal 0.731348 -0.155949 0.663935
    outer loop
      vertex -11.5819 12.1757 3.75
      vertex -12.3215 12.326 4.6
      vertex -12.3273 12.2988 4.6
    endloop
  endfacet
  facet normal 0.730933 -0.157931 0.663924
    outer loop
      vertex -12.3215 12.326 4.6
      vertex -11.5819 12.1757 3.75
      vertex -11.4762 12.6649 3.75
    endloop
  endfacet
  facet normal 0.520022 -0.537388 0.663922
    outer loop
      vertex -9.91266 15.1793 3.75
      vertex -10.4108 15.7474 4.6
      vertex -10.8038 15.3671 4.6
    endloop
  endfacet
  facet normal 0.66519 0.341614 0.663944
    outer loop
      vertex -11.6211 8.41716 4.6
      vertex -10.9667 8.79493 3.75
      vertex -11.8709 8.90357 4.6
    endloop
  endfacet
  facet normal 0.571414 -0.482468 0.66386
    outer loop
      vertex -10.8417 15.3265 4.6
      vertex -10.2723 14.8313 3.75
      vertex -10.8238 15.3477 4.6
    endloop
  endfacet
  facet normal 0.570289 -0.483782 0.663872
    outer loop
      vertex -10.2723 14.8313 3.75
      vertex -10.8417 15.3265 4.6
      vertex -10.5961 14.4496 3.75
    endloop
  endfacet
  facet normal 0.464866 -0.585753 0.663923
    outer loop
      vertex -9.91266 15.1793 3.75
      vertex -9.98251 16.0873 4.6
      vertex -10.4108 15.7474 4.6
    endloop
  endfacet
  facet normal 0.465129 -0.585579 0.663891
    outer loop
      vertex -9.98251 16.0873 4.6
      vertex -9.52063 15.4905 3.75
      vertex -9.96073 16.1046 4.6
    endloop
  endfacet
  facet normal 0.464953 -0.585718 0.663893
    outer loop
      vertex -9.52063 15.4905 3.75
      vertex -9.98251 16.0873 4.6
      vertex -9.91266 15.1793 3.75
    endloop
  endfacet
  facet normal 0.989187 0.146658 0
    outer loop
      vertex -18.102 -0.99496 3.75
      vertex -18.1754 -0.499887 0
      vertex -18.1754 -0.499887 3.75
    endloop
  endfacet
  facet normal 0.989187 0.146658 0
    outer loop
      vertex -18.1754 -0.499887 0
      vertex -18.102 -0.99496 3.75
      vertex -18.102 -0.99496 0
    endloop
  endfacet
  facet normal 0.998791 0.0491516 0
    outer loop
      vertex -18.1754 -0.499887 3.75
      vertex -18.2 0 0
      vertex -18.2 0 3.75
    endloop
  endfacet
  facet normal 0.998791 0.0491516 0
    outer loop
      vertex -18.2 0 0
      vertex -18.1754 -0.499887 3.75
      vertex -18.1754 -0.499887 0
    endloop
  endfacet
  facet normal 0.970035 0.242963 0
    outer loop
      vertex -17.9804 -1.48045 3.75
      vertex -18.102 -0.99496 0
      vertex -18.102 -0.99496 3.75
    endloop
  endfacet
  facet normal 0.970035 0.242963 0
    outer loop
      vertex -18.102 -0.99496 0
      vertex -17.9804 -1.48045 3.75
      vertex -17.9804 -1.48045 0
    endloop
  endfacet
  facet normal 0.427589 -0.903973 0
    outer loop
      vertex -15.5041 4.4978 0
      vertex -15.0517 4.71179 3.75
      vertex -15.5041 4.4978 3.75
    endloop
  endfacet
  facet normal 0.427589 -0.903973 0
    outer loop
      vertex -15.0517 4.71179 3.75
      vertex -15.5041 4.4978 0
      vertex -15.0517 4.71179 0
    endloop
  endfacet
  facet normal 0.427589 0.903973 -0
    outer loop
      vertex -15.0517 -4.71179 0
      vertex -15.5041 -4.4978 3.75
      vertex -15.0517 -4.71179 3.75
    endloop
  endfacet
  facet normal 0.427589 0.903973 0
    outer loop
      vertex -15.5041 -4.4978 3.75
      vertex -15.0517 -4.71179 0
      vertex -15.5041 -4.4978 0
    endloop
  endfacet
  facet normal -0.427589 0.903973 0
    outer loop
      vertex -10.6959 -4.4978 0
      vertex -11.1483 -4.71179 3.75
      vertex -10.6959 -4.4978 3.75
    endloop
  endfacet
  facet normal -0.427589 0.903973 0
    outer loop
      vertex -11.1483 -4.71179 3.75
      vertex -10.6959 -4.4978 0
      vertex -11.1483 -4.71179 0
    endloop
  endfacet
  facet normal 0.595695 0.803211 -0
    outer loop
      vertex -15.9334 -4.24049 0
      vertex -16.3354 -3.94235 3.75
      vertex -15.9334 -4.24049 3.75
    endloop
  endfacet
  facet normal 0.595695 0.803211 0
    outer loop
      vertex -16.3354 -3.94235 3.75
      vertex -15.9334 -4.24049 0
      vertex -16.3354 -3.94235 0
    endloop
  endfacet
  facet normal 0.242978 0.970032 -0
    outer loop
      vertex -14.095 -5.002 0
      vertex -14.5805 -4.88039 3.75
      vertex -14.095 -5.002 3.75
    endloop
  endfacet
  facet normal 0.242978 0.970032 0
    outer loop
      vertex -14.5805 -4.88039 3.75
      vertex -14.095 -5.002 0
      vertex -14.5805 -4.88039 0
    endloop
  endfacet
  facet normal -0.970031 0.242982 0
    outer loop
      vertex -8.21961 -1.48045 0
      vertex -8.098 -0.99496 3.75
      vertex -8.098 -0.99496 0
    endloop
  endfacet
  facet normal -0.970031 0.242982 0
    outer loop
      vertex -8.098 -0.99496 3.75
      vertex -8.21961 -1.48045 0
      vertex -8.21961 -1.48045 3.75
    endloop
  endfacet
  facet normal 0.514099 -0.857731 0
    outer loop
      vertex -15.9334 4.24049 0
      vertex -15.5041 4.4978 3.75
      vertex -15.9334 4.24049 3.75
    endloop
  endfacet
  facet normal 0.514099 -0.857731 0
    outer loop
      vertex -15.5041 4.4978 3.75
      vertex -15.9334 4.24049 0
      vertex -15.5041 4.4978 0
    endloop
  endfacet
  facet normal 0.90398 0.427574 0
    outer loop
      vertex -17.5978 -2.40412 3.75
      vertex -17.8118 -1.95168 0
      vertex -17.8118 -1.95168 3.75
    endloop
  endfacet
  facet normal 0.90398 0.427574 0
    outer loop
      vertex -17.8118 -1.95168 0
      vertex -17.5978 -2.40412 3.75
      vertex -17.5978 -2.40412 0
    endloop
  endfacet
  facet normal -0.242978 0.970032 0
    outer loop
      vertex -11.6195 -4.88039 0
      vertex -12.105 -5.002 3.75
      vertex -11.6195 -4.88039 3.75
    endloop
  endfacet
  facet normal -0.242978 0.970032 0
    outer loop
      vertex -12.105 -5.002 3.75
      vertex -11.6195 -4.88039 0
      vertex -12.105 -5.002 0
    endloop
  endfacet
  facet normal 0.514099 0.857731 -0
    outer loop
      vertex -15.5041 -4.4978 0
      vertex -15.9334 -4.24049 3.75
      vertex -15.5041 -4.4978 3.75
    endloop
  endfacet
  facet normal 0.514099 0.857731 0
    outer loop
      vertex -15.9334 -4.24049 3.75
      vertex -15.5041 -4.4978 0
      vertex -15.9334 -4.24049 0
    endloop
  endfacet
  facet normal -0.989176 0.146736 0
    outer loop
      vertex -8.098 -0.99496 0
      vertex -8.02456 -0.499887 3.75
      vertex -8.02456 -0.499887 0
    endloop
  endfacet
  facet normal -0.989176 0.146736 0
    outer loop
      vertex -8.02456 -0.499887 3.75
      vertex -8.098 -0.99496 0
      vertex -8.098 -0.99496 3.75
    endloop
  endfacet
  facet normal 0.998791 -0.0491516 0
    outer loop
      vertex -18.2 0 3.75
      vertex -18.1754 0.499887 0
      vertex -18.1754 0.499887 3.75
    endloop
  endfacet
  facet normal 0.998791 -0.0491516 0
    outer loop
      vertex -18.1754 0.499887 0
      vertex -18.2 0 3.75
      vertex -18.2 0 0
    endloop
  endfacet
  facet normal -0.595695 -0.803211 0
    outer loop
      vertex -10.2666 4.24049 0
      vertex -9.8646 3.94235 3.75
      vertex -10.2666 4.24049 3.75
    endloop
  endfacet
  facet normal -0.595695 -0.803211 -0
    outer loop
      vertex -9.8646 3.94235 3.75
      vertex -10.2666 4.24049 0
      vertex -9.8646 3.94235 0
    endloop
  endfacet
  facet normal 0.242978 -0.970032 0
    outer loop
      vertex -14.5805 4.88039 0
      vertex -14.095 5.002 3.75
      vertex -14.5805 4.88039 3.75
    endloop
  endfacet
  facet normal 0.242978 -0.970032 0
    outer loop
      vertex -14.095 5.002 3.75
      vertex -14.5805 4.88039 0
      vertex -14.095 5.002 0
    endloop
  endfacet
  facet normal 0.803242 0.595653 0
    outer loop
      vertex -17.0424 -3.2354 3.75
      vertex -17.3405 -2.83341 0
      vertex -17.3405 -2.83341 3.75
    endloop
  endfacet
  facet normal 0.803242 0.595653 0
    outer loop
      vertex -17.3405 -2.83341 0
      vertex -17.0424 -3.2354 3.75
      vertex -17.0424 -3.2354 0
    endloop
  endfacet
  facet normal 0.146728 -0.989177 0
    outer loop
      vertex -14.095 5.002 0
      vertex -13.5999 5.07544 3.75
      vertex -14.095 5.002 3.75
    endloop
  endfacet
  facet normal 0.146728 -0.989177 0
    outer loop
      vertex -13.5999 5.07544 3.75
      vertex -14.095 5.002 0
      vertex -13.5999 5.07544 0
    endloop
  endfacet
  facet normal -0.941543 0.336892 0
    outer loop
      vertex -8.38822 -1.95168 0
      vertex -8.21961 -1.48045 3.75
      vertex -8.21961 -1.48045 0
    endloop
  endfacet
  facet normal -0.941543 0.336892 0
    outer loop
      vertex -8.21961 -1.48045 3.75
      vertex -8.38822 -1.95168 0
      vertex -8.38822 -1.95168 3.75
    endloop
  endfacet
  facet normal 0.336893 -0.941543 0
    outer loop
      vertex -15.0517 4.71179 0
      vertex -14.5805 4.88039 3.75
      vertex -15.0517 4.71179 3.75
    endloop
  endfacet
  facet normal 0.336893 -0.941543 0
    outer loop
      vertex -14.5805 4.88039 3.75
      vertex -15.0517 4.71179 0
      vertex -14.5805 4.88039 0
    endloop
  endfacet
  facet normal 0.989187 -0.146658 0
    outer loop
      vertex -18.1754 0.499887 3.75
      vertex -18.102 0.99496 0
      vertex -18.102 0.99496 3.75
    endloop
  endfacet
  facet normal 0.989187 -0.146658 0
    outer loop
      vertex -18.102 0.99496 0
      vertex -18.1754 0.499887 3.75
      vertex -18.1754 0.499887 0
    endloop
  endfacet
  facet normal -0.941543 -0.336892 0
    outer loop
      vertex -8.21961 1.48045 0
      vertex -8.38822 1.95168 3.75
      vertex -8.38822 1.95168 0
    endloop
  endfacet
  facet normal -0.941543 -0.336892 0
    outer loop
      vertex -8.38822 1.95168 3.75
      vertex -8.21961 1.48045 0
      vertex -8.21961 1.48045 3.75
    endloop
  endfacet
  facet normal 0.90398 -0.427574 0
    outer loop
      vertex -17.8118 1.95168 3.75
      vertex -17.5978 2.40412 0
      vertex -17.5978 2.40412 3.75
    endloop
  endfacet
  facet normal 0.90398 -0.427574 0
    outer loop
      vertex -17.5978 2.40412 0
      vertex -17.8118 1.95168 3.75
      vertex -17.8118 1.95168 0
    endloop
  endfacet
  facet normal -0.595695 0.803211 0
    outer loop
      vertex -9.8646 -3.94235 0
      vertex -10.2666 -4.24049 3.75
      vertex -9.8646 -3.94235 3.75
    endloop
  endfacet
  facet normal -0.595695 0.803211 0
    outer loop
      vertex -10.2666 -4.24049 3.75
      vertex -9.8646 -3.94235 0
      vertex -10.2666 -4.24049 0
    endloop
  endfacet
  facet normal -0.514099 0.857731 0
    outer loop
      vertex -10.2666 -4.24049 0
      vertex -10.6959 -4.4978 3.75
      vertex -10.2666 -4.24049 3.75
    endloop
  endfacet
  facet normal -0.514099 0.857731 0
    outer loop
      vertex -10.6959 -4.4978 3.75
      vertex -10.2666 -4.24049 0
      vertex -10.6959 -4.4978 0
    endloop
  endfacet
  facet normal -0.970031 -0.242982 0
    outer loop
      vertex -8.098 0.99496 0
      vertex -8.21961 1.48045 3.75
      vertex -8.21961 1.48045 0
    endloop
  endfacet
  facet normal -0.970031 -0.242982 0
    outer loop
      vertex -8.21961 1.48045 3.75
      vertex -8.098 0.99496 0
      vertex -8.098 0.99496 3.75
    endloop
  endfacet
  facet normal -0.998795 -0.0490719 0
    outer loop
      vertex -8 0 0
      vertex -8.02456 0.499887 3.75
      vertex -8.02456 0.499887 0
    endloop
  endfacet
  facet normal -0.998795 -0.0490719 0
    outer loop
      vertex -8.02456 0.499887 3.75
      vertex -8 0 0
      vertex -8 0 3.75
    endloop
  endfacet
  facet normal 0.146728 0.989177 -0
    outer loop
      vertex -13.5999 -5.07544 0
      vertex -14.095 -5.002 3.75
      vertex -13.5999 -5.07544 3.75
    endloop
  endfacet
  facet normal 0.146728 0.989177 0
    outer loop
      vertex -14.095 -5.002 3.75
      vertex -13.5999 -5.07544 0
      vertex -14.095 -5.002 0
    endloop
  endfacet
  facet normal 0.970035 -0.242963 0
    outer loop
      vertex -18.102 0.99496 3.75
      vertex -17.9804 1.48045 0
      vertex -17.9804 1.48045 3.75
    endloop
  endfacet
  facet normal 0.970035 -0.242963 0
    outer loop
      vertex -17.9804 1.48045 0
      vertex -18.102 0.99496 3.75
      vertex -18.102 0.99496 0
    endloop
  endfacet
  facet normal 0.94155 -0.336874 0
    outer loop
      vertex -17.9804 1.48045 3.75
      vertex -17.8118 1.95168 0
      vertex -17.8118 1.95168 3.75
    endloop
  endfacet
  facet normal 0.94155 -0.336874 0
    outer loop
      vertex -17.8118 1.95168 0
      vertex -17.9804 1.48045 3.75
      vertex -17.9804 1.48045 0
    endloop
  endfacet
  facet normal 0.857734 0.514093 0
    outer loop
      vertex -17.3405 -2.83341 3.75
      vertex -17.5978 -2.40412 0
      vertex -17.5978 -2.40412 3.75
    endloop
  endfacet
  facet normal 0.857734 0.514093 0
    outer loop
      vertex -17.5978 -2.40412 0
      vertex -17.3405 -2.83341 3.75
      vertex -17.3405 -2.83341 0
    endloop
  endfacet
  facet normal 0.94155 0.336874 0
    outer loop
      vertex -17.8118 -1.95168 3.75
      vertex -17.9804 -1.48045 0
      vertex -17.9804 -1.48045 3.75
    endloop
  endfacet
  facet normal 0.94155 0.336874 0
    outer loop
      vertex -17.9804 -1.48045 0
      vertex -17.8118 -1.95168 3.75
      vertex -17.8118 -1.95168 0
    endloop
  endfacet
  facet normal 0.336893 0.941543 -0
    outer loop
      vertex -14.5805 -4.88039 0
      vertex -15.0517 -4.71179 3.75
      vertex -14.5805 -4.88039 3.75
    endloop
  endfacet
  facet normal 0.336893 0.941543 0
    outer loop
      vertex -15.0517 -4.71179 3.75
      vertex -14.5805 -4.88039 0
      vertex -15.0517 -4.71179 0
    endloop
  endfacet
  facet normal -0.0490706 0.998795 0
    outer loop
      vertex -12.6001 -5.07544 0
      vertex -13.1 -5.1 3.75
      vertex -12.6001 -5.07544 3.75
    endloop
  endfacet
  facet normal -0.0490706 0.998795 0
    outer loop
      vertex -13.1 -5.1 3.75
      vertex -12.6001 -5.07544 0
      vertex -13.1 -5.1 0
    endloop
  endfacet
  facet normal -0.427589 -0.903973 0
    outer loop
      vertex -11.1483 4.71179 0
      vertex -10.6959 4.4978 3.75
      vertex -11.1483 4.71179 3.75
    endloop
  endfacet
  facet normal -0.427589 -0.903973 -0
    outer loop
      vertex -10.6959 4.4978 3.75
      vertex -11.1483 4.71179 0
      vertex -10.6959 4.4978 0
    endloop
  endfacet
  facet normal -0.740951 0.671559 0
    outer loop
      vertex -9.49376 -3.60624 0
      vertex -9.15765 -3.2354 3.75
      vertex -9.15765 -3.2354 0
    endloop
  endfacet
  facet normal -0.740951 0.671559 0
    outer loop
      vertex -9.15765 -3.2354 3.75
      vertex -9.49376 -3.60624 0
      vertex -9.49376 -3.60624 3.75
    endloop
  endfacet
  facet normal -0.146728 0.989177 0
    outer loop
      vertex -12.105 -5.002 0
      vertex -12.6001 -5.07544 3.75
      vertex -12.105 -5.002 3.75
    endloop
  endfacet
  facet normal -0.146728 0.989177 0
    outer loop
      vertex -12.6001 -5.07544 3.75
      vertex -12.105 -5.002 0
      vertex -12.6001 -5.07544 0
    endloop
  endfacet
  facet normal 0.0490706 -0.998795 0
    outer loop
      vertex -13.5999 5.07544 0
      vertex -13.1 5.1 3.75
      vertex -13.5999 5.07544 3.75
    endloop
  endfacet
  facet normal 0.0490706 -0.998795 0
    outer loop
      vertex -13.1 5.1 3.75
      vertex -13.5999 5.07544 0
      vertex -13.1 5.1 0
    endloop
  endfacet
  facet normal 0.803242 -0.595653 0
    outer loop
      vertex -17.3405 2.83341 3.75
      vertex -17.0424 3.2354 0
      vertex -17.0424 3.2354 3.75
    endloop
  endfacet
  facet normal 0.803242 -0.595653 0
    outer loop
      vertex -17.0424 3.2354 0
      vertex -17.3405 2.83341 3.75
      vertex -17.3405 2.83341 0
    endloop
  endfacet
  facet normal 0.857734 -0.514093 0
    outer loop
      vertex -17.5978 2.40412 3.75
      vertex -17.3405 2.83341 0
      vertex -17.3405 2.83341 3.75
    endloop
  endfacet
  facet normal 0.857734 -0.514093 0
    outer loop
      vertex -17.3405 2.83341 0
      vertex -17.5978 2.40412 3.75
      vertex -17.5978 2.40412 0
    endloop
  endfacet
  facet normal -0.146728 -0.989177 0
    outer loop
      vertex -12.6001 5.07544 0
      vertex -12.105 5.002 3.75
      vertex -12.6001 5.07544 3.75
    endloop
  endfacet
  facet normal -0.146728 -0.989177 -0
    outer loop
      vertex -12.105 5.002 3.75
      vertex -12.6001 5.07544 0
      vertex -12.105 5.002 0
    endloop
  endfacet
  facet normal -0.857726 -0.514108 0
    outer loop
      vertex -8.6022 2.40412 0
      vertex -8.85951 2.83341 3.75
      vertex -8.85951 2.83341 0
    endloop
  endfacet
  facet normal -0.857726 -0.514108 0
    outer loop
      vertex -8.85951 2.83341 3.75
      vertex -8.6022 2.40412 0
      vertex -8.6022 2.40412 3.75
    endloop
  endfacet
  facet normal 0.671599 0.740915 -0
    outer loop
      vertex -16.3354 -3.94235 0
      vertex -16.7062 -3.60624 3.75
      vertex -16.3354 -3.94235 3.75
    endloop
  endfacet
  facet normal 0.671599 0.740915 0
    outer loop
      vertex -16.7062 -3.60624 3.75
      vertex -16.3354 -3.94235 0
      vertex -16.7062 -3.60624 0
    endloop
  endfacet
  facet normal -0.336893 0.941543 0
    outer loop
      vertex -11.1483 -4.71179 0
      vertex -11.6195 -4.88039 3.75
      vertex -11.1483 -4.71179 3.75
    endloop
  endfacet
  facet normal -0.336893 0.941543 0
    outer loop
      vertex -11.6195 -4.88039 3.75
      vertex -11.1483 -4.71179 0
      vertex -11.6195 -4.88039 0
    endloop
  endfacet
  facet normal -0.740951 -0.671559 0
    outer loop
      vertex -9.15765 3.2354 0
      vertex -9.49376 3.60624 3.75
      vertex -9.49376 3.60624 0
    endloop
  endfacet
  facet normal -0.740951 -0.671559 0
    outer loop
      vertex -9.49376 3.60624 3.75
      vertex -9.15765 3.2354 0
      vertex -9.15765 3.2354 3.75
    endloop
  endfacet
  facet normal -0.671559 0.740951 0
    outer loop
      vertex -9.49376 -3.60624 0
      vertex -9.8646 -3.94235 3.75
      vertex -9.49376 -3.60624 3.75
    endloop
  endfacet
  facet normal -0.671559 0.740951 0
    outer loop
      vertex -9.8646 -3.94235 3.75
      vertex -9.49376 -3.60624 0
      vertex -9.8646 -3.94235 0
    endloop
  endfacet
  facet normal -0.903996 0.427542 0
    outer loop
      vertex -8.6022 -2.40412 0
      vertex -8.38822 -1.95168 3.75
      vertex -8.38822 -1.95168 0
    endloop
  endfacet
  facet normal -0.903996 0.427542 0
    outer loop
      vertex -8.38822 -1.95168 3.75
      vertex -8.6022 -2.40412 0
      vertex -8.6022 -2.40412 3.75
    endloop
  endfacet
  facet normal -0.514099 -0.857731 0
    outer loop
      vertex -10.6959 4.4978 0
      vertex -10.2666 4.24049 3.75
      vertex -10.6959 4.4978 3.75
    endloop
  endfacet
  facet normal -0.514099 -0.857731 -0
    outer loop
      vertex -10.2666 4.24049 3.75
      vertex -10.6959 4.4978 0
      vertex -10.2666 4.24049 0
    endloop
  endfacet
  facet normal 0.0490706 0.998795 -0
    outer loop
      vertex -13.1 -5.1 0
      vertex -13.5999 -5.07544 3.75
      vertex -13.1 -5.1 3.75
    endloop
  endfacet
  facet normal 0.0490706 0.998795 0
    outer loop
      vertex -13.5999 -5.07544 3.75
      vertex -13.1 -5.1 0
      vertex -13.5999 -5.07544 0
    endloop
  endfacet
  facet normal -0.803204 -0.595704 0
    outer loop
      vertex -8.85951 2.83341 0
      vertex -9.15765 3.2354 3.75
      vertex -9.15765 3.2354 0
    endloop
  endfacet
  facet normal -0.803204 -0.595704 0
    outer loop
      vertex -9.15765 3.2354 3.75
      vertex -8.85951 2.83341 0
      vertex -8.85951 2.83341 3.75
    endloop
  endfacet
  facet normal -0.989176 -0.146736 0
    outer loop
      vertex -8.02456 0.499887 0
      vertex -8.098 0.99496 3.75
      vertex -8.098 0.99496 0
    endloop
  endfacet
  facet normal -0.989176 -0.146736 0
    outer loop
      vertex -8.098 0.99496 3.75
      vertex -8.02456 0.499887 0
      vertex -8.02456 0.499887 3.75
    endloop
  endfacet
  facet normal -0.903996 -0.427542 0
    outer loop
      vertex -8.38822 1.95168 0
      vertex -8.6022 2.40412 3.75
      vertex -8.6022 2.40412 0
    endloop
  endfacet
  facet normal -0.903996 -0.427542 0
    outer loop
      vertex -8.6022 2.40412 3.75
      vertex -8.38822 1.95168 0
      vertex -8.38822 1.95168 3.75
    endloop
  endfacet
  facet normal 0.595695 -0.803211 0
    outer loop
      vertex -16.3354 3.94235 0
      vertex -15.9334 4.24049 3.75
      vertex -16.3354 3.94235 3.75
    endloop
  endfacet
  facet normal 0.595695 -0.803211 0
    outer loop
      vertex -15.9334 4.24049 3.75
      vertex -16.3354 3.94235 0
      vertex -15.9334 4.24049 0
    endloop
  endfacet
  facet normal -0.242978 -0.970032 0
    outer loop
      vertex -12.105 5.002 0
      vertex -11.6195 4.88039 3.75
      vertex -12.105 5.002 3.75
    endloop
  endfacet
  facet normal -0.242978 -0.970032 -0
    outer loop
      vertex -11.6195 4.88039 3.75
      vertex -12.105 5.002 0
      vertex -11.6195 4.88039 0
    endloop
  endfacet
  facet normal 0.740861 0.671658 0
    outer loop
      vertex -16.7062 -3.60624 3.75
      vertex -17.0424 -3.2354 0
      vertex -17.0424 -3.2354 3.75
    endloop
  endfacet
  facet normal 0.740861 0.671658 0
    outer loop
      vertex -17.0424 -3.2354 0
      vertex -16.7062 -3.60624 3.75
      vertex -16.7062 -3.60624 0
    endloop
  endfacet
  facet normal -0.671559 -0.740951 0
    outer loop
      vertex -9.8646 3.94235 0
      vertex -9.49376 3.60624 3.75
      vertex -9.8646 3.94235 3.75
    endloop
  endfacet
  facet normal -0.671559 -0.740951 -0
    outer loop
      vertex -9.49376 3.60624 3.75
      vertex -9.8646 3.94235 0
      vertex -9.49376 3.60624 0
    endloop
  endfacet
  facet normal -0.803204 0.595704 0
    outer loop
      vertex -9.15765 -3.2354 0
      vertex -8.85951 -2.83341 3.75
      vertex -8.85951 -2.83341 0
    endloop
  endfacet
  facet normal -0.803204 0.595704 0
    outer loop
      vertex -8.85951 -2.83341 3.75
      vertex -9.15765 -3.2354 0
      vertex -9.15765 -3.2354 3.75
    endloop
  endfacet
  facet normal -0.857726 0.514108 0
    outer loop
      vertex -8.85951 -2.83341 0
      vertex -8.6022 -2.40412 3.75
      vertex -8.6022 -2.40412 0
    endloop
  endfacet
  facet normal -0.857726 0.514108 0
    outer loop
      vertex -8.6022 -2.40412 3.75
      vertex -8.85951 -2.83341 0
      vertex -8.85951 -2.83341 3.75
    endloop
  endfacet
  facet normal -0.0490706 -0.998795 0
    outer loop
      vertex -13.1 5.1 0
      vertex -12.6001 5.07544 3.75
      vertex -13.1 5.1 3.75
    endloop
  endfacet
  facet normal -0.0490706 -0.998795 -0
    outer loop
      vertex -12.6001 5.07544 3.75
      vertex -13.1 5.1 0
      vertex -12.6001 5.07544 0
    endloop
  endfacet
  facet normal -0.998795 0.0490719 0
    outer loop
      vertex -8.02456 -0.499887 0
      vertex -8 0 3.75
      vertex -8 0 0
    endloop
  endfacet
  facet normal -0.998795 0.0490719 0
    outer loop
      vertex -8 0 3.75
      vertex -8.02456 -0.499887 0
      vertex -8.02456 -0.499887 3.75
    endloop
  endfacet
  facet normal -0.336893 -0.941543 0
    outer loop
      vertex -11.6195 4.88039 0
      vertex -11.1483 4.71179 3.75
      vertex -11.6195 4.88039 3.75
    endloop
  endfacet
  facet normal -0.336893 -0.941543 -0
    outer loop
      vertex -11.1483 4.71179 3.75
      vertex -11.6195 4.88039 0
      vertex -11.1483 4.71179 0
    endloop
  endfacet
  facet normal 0.740861 -0.671658 0
    outer loop
      vertex -17.0424 3.2354 3.75
      vertex -16.7062 3.60624 0
      vertex -16.7062 3.60624 3.75
    endloop
  endfacet
  facet normal 0.740861 -0.671658 0
    outer loop
      vertex -16.7062 3.60624 0
      vertex -17.0424 3.2354 3.75
      vertex -17.0424 3.2354 0
    endloop
  endfacet
  facet normal 0.671599 -0.740915 0
    outer loop
      vertex -16.7062 3.60624 0
      vertex -16.3354 3.94235 3.75
      vertex -16.7062 3.60624 3.75
    endloop
  endfacet
  facet normal 0.671599 -0.740915 0
    outer loop
      vertex -16.3354 3.94235 3.75
      vertex -16.7062 3.60624 0
      vertex -16.3354 3.94235 0
    endloop
  endfacet
  facet normal 0.554039 -0.502286 0.66389
    outer loop
      vertex -17.6077 3.73533 4.6
      vertex -17.0424 3.2354 3.75
      vertex -16.7062 3.60624 3.75
    endloop
  endfacet
  facet normal 0.553837 -0.502511 0.663888
    outer loop
      vertex -17.0424 3.2354 3.75
      vertex -17.6077 3.73533 4.6
      vertex -17.6264 3.71472 4.6
    endloop
  endfacet
  facet normal 0.600681 0.44543 0.663908
    outer loop
      vertex -17.643 -3.69239 4.6
      vertex -17.3405 -2.83341 3.75
      vertex -17.9687 -3.25317 4.6
    endloop
  endfacet
  facet normal 0.675918 -0.319945 0.663905
    outer loop
      vertex -18.276 2.73515 4.6
      vertex -17.5978 2.40412 3.75
      vertex -18.2641 2.76029 4.6
    endloop
  endfacet
  facet normal 0.676013 -0.319748 0.663904
    outer loop
      vertex -17.5978 2.40412 3.75
      vertex -18.276 2.73515 4.6
      vertex -17.8118 1.95168 3.75
    endloop
  endfacet
  facet normal 0.746884 0.0367854 0.663936
    outer loop
      vertex -18.9287 -0.546172 4.6
      vertex -18.2 0 3.75
      vertex -18.9556 0 4.6
    endloop
  endfacet
  facet normal 0.746895 0.0367555 0.663926
    outer loop
      vertex -18.9287 -0.546172 4.6
      vertex -18.1754 -0.499887 3.75
      vertex -18.2 0 3.75
    endloop
  endfacet
  facet normal 0.746991 0.0349665 0.663914
    outer loop
      vertex -18.1754 -0.499887 3.75
      vertex -18.9287 -0.546172 4.6
      vertex -18.9274 -0.573944 4.6
    endloop
  endfacet
  facet normal 0.181371 -0.725486 0.663909
    outer loop
      vertex -14.5805 4.88039 3.75
      vertex -14.7728 5.61017 4.6
      vertex -14.7998 5.60342 4.6
    endloop
  endfacet
  facet normal 0.181701 -0.725401 0.663911
    outer loop
      vertex -14.7728 5.61017 4.6
      vertex -14.5805 4.88039 3.75
      vertex -14.095 5.002 3.75
    endloop
  endfacet
  facet normal 0.704118 0.25191 0.663896
    outer loop
      vertex -18.5098 -2.24082 4.6
      vertex -17.8118 -1.95168 3.75
      vertex -18.694 -1.72596 4.6
    endloop
  endfacet
  facet normal -0.251809 0.704097 0.663957
    outer loop
      vertex -11.1483 -4.71179 3.75
      vertex -11.4002 -5.60342 4.6
      vertex -11.374 -5.59405 4.6
    endloop
  endfacet
  facet normal -0.251931 0.704093 0.663916
    outer loop
      vertex -11.4002 -5.60342 4.6
      vertex -11.1483 -4.71179 3.75
      vertex -11.6195 -4.88039 3.75
    endloop
  endfacet
  facet normal 0.704118 -0.25191 0.663896
    outer loop
      vertex -17.8118 1.95168 3.75
      vertex -18.5098 2.24082 4.6
      vertex -18.694 1.72596 4.6
    endloop
  endfacet
  facet normal -0.25182 -0.70413 0.663919
    outer loop
      vertex -11.6195 4.88039 3.75
      vertex -11.374 5.59405 4.6
      vertex -11.4002 5.60342 4.6
    endloop
  endfacet
  facet normal -0.251931 -0.704091 0.663918
    outer loop
      vertex -11.374 5.59405 4.6
      vertex -11.6195 4.88039 3.75
      vertex -11.1483 4.71179 3.75
    endloop
  endfacet
  facet normal -0.445448 -0.600656 0.663919
    outer loop
      vertex -9.40761 4.54297 4.6
      vertex -9.8646 3.94235 3.75
      vertex -9.38528 4.52641 4.6
    endloop
  endfacet
  facet normal -0.445463 -0.600645 0.663919
    outer loop
      vertex -9.8646 3.94235 3.75
      vertex -9.40761 4.54297 4.6
      vertex -10.2666 4.24049 3.75
    endloop
  endfacet
  facet normal -0.725395 -0.181701 0.663917
    outer loop
      vertex -7.35696 1.14236 4.6
      vertex -7.48983 1.67281 4.6
      vertex -8.098 0.99496 3.75
    endloop
  endfacet
  facet normal 0.641363 -0.384549 0.663909
    outer loop
      vertex -17.983 3.22932 4.6
      vertex -17.3405 2.83341 3.75
      vertex -17.9687 3.25317 4.6
    endloop
  endfacet
  facet normal 0.641426 -0.384446 0.663908
    outer loop
      vertex -17.3405 2.83341 3.75
      vertex -17.983 3.22932 4.6
      vertex -17.5978 2.40412 3.75
    endloop
  endfacet
  facet normal 0.181717 -0.725392 0.663917
    outer loop
      vertex -14.095 5.002 3.75
      vertex -14.2424 5.74304 4.6
      vertex -14.7728 5.61017 4.6
    endloop
  endfacet
  facet normal 0.600681 -0.44543 0.663908
    outer loop
      vertex -17.3405 2.83341 3.75
      vertex -17.643 3.69239 4.6
      vertex -17.9687 3.25317 4.6
    endloop
  endfacet
  facet normal 0.73961 -0.110253 0.663943
    outer loop
      vertex -18.1754 0.499887 3.75
      vertex -18.9233 0.601448 4.6
      vertex -18.9274 0.573944 4.6
    endloop
  endfacet
  facet normal 0.739694 -0.109668 0.663947
    outer loop
      vertex -18.9233 0.601448 4.6
      vertex -18.1754 0.499887 3.75
      vertex -18.102 0.99496 3.75
    endloop
  endfacet
  facet normal -0.384456 0.641403 0.663924
    outer loop
      vertex -10.3397 -5.16414 4.6
      vertex -9.87068 -4.88301 4.6
      vertex -10.6959 -4.4978 3.75
    endloop
  endfacet
  facet normal 0.600143 -0.446143 0.663916
    outer loop
      vertex -17.643 3.69239 4.6
      vertex -17.0424 3.2354 3.75
      vertex -17.6264 3.71472 4.6
    endloop
  endfacet
  facet normal 0.600674 -0.445436 0.663911
    outer loop
      vertex -17.0424 3.2354 3.75
      vertex -17.643 3.69239 4.6
      vertex -17.3405 2.83341 3.75
    endloop
  endfacet
  facet normal 0.676013 0.319748 0.663904
    outer loop
      vertex -18.276 -2.73515 4.6
      vertex -17.5978 -2.40412 3.75
      vertex -17.8118 -1.95168 3.75
    endloop
  endfacet
  facet normal 0.675918 0.319945 0.663905
    outer loop
      vertex -17.5978 -2.40412 3.75
      vertex -18.276 -2.73515 4.6
      vertex -18.2641 -2.76029 4.6
    endloop
  endfacet
  facet normal 0.554095 0.502169 0.663931
    outer loop
      vertex -17.2405 -4.1405 4.6
      vertex -16.7062 -3.60624 3.75
      vertex -17.6077 -3.73533 4.6
    endloop
  endfacet
  facet normal 0.746884 -0.0367854 0.663936
    outer loop
      vertex -18.2 0 3.75
      vertex -18.9287 0.546172 4.6
      vertex -18.9556 0 4.6
    endloop
  endfacet
  facet normal 0.554095 -0.502169 0.663931
    outer loop
      vertex -16.7062 3.60624 3.75
      vertex -17.2405 4.1405 4.6
      vertex -17.6077 3.73533 4.6
    endloop
  endfacet
  facet normal 0.725432 -0.181615 0.663901
    outer loop
      vertex -18.102 0.99496 3.75
      vertex -18.7102 1.67281 4.6
      vertex -18.843 1.14236 4.6
    endloop
  endfacet
  facet normal -0.0367025 0.746904 0.663918
    outer loop
      vertex -12.5538 -5.82872 4.6
      vertex -13.1 -5.1 3.75
      vertex -13.1 -5.85556 4.6
    endloop
  endfacet
  facet normal 0.70407 -0.252798 0.66361
    outer loop
      vertex -18.7034 1.69978 4.6
      vertex -17.8118 1.95168 3.75
      vertex -18.694 1.72596 4.6
    endloop
  endfacet
  facet normal 0.704105 -0.25192 0.663907
    outer loop
      vertex -17.8118 1.95168 3.75
      vertex -18.7034 1.69978 4.6
      vertex -17.9804 1.48045 3.75
    endloop
  endfacet
  facet normal 0.641443 -0.384431 0.663901
    outer loop
      vertex -17.5978 2.40412 3.75
      vertex -17.983 3.22932 4.6
      vertex -18.2641 2.76029 4.6
    endloop
  endfacet
  facet normal -0.554217 0.502049 0.663921
    outer loop
      vertex -9.15765 -3.2354 3.75
      vertex -8.59227 -3.73533 4.6
      vertex -8.5736 -3.71472 4.6
    endloop
  endfacet
  facet normal -0.554086 0.502195 0.663919
    outer loop
      vertex -8.59227 -3.73533 4.6
      vertex -9.15765 -3.2354 3.75
      vertex -9.49376 -3.60624 3.75
    endloop
  endfacet
  facet normal -0.641412 -0.384454 0.663917
    outer loop
      vertex -7.93586 2.76029 4.6
      vertex -8.21699 3.22932 4.6
      vertex -8.6022 2.40412 3.75
    endloop
  endfacet
  facet normal -0.181717 -0.725392 0.663917
    outer loop
      vertex -11.4272 5.61017 4.6
      vertex -11.9576 5.74304 4.6
      vertex -12.105 5.002 3.75
    endloop
  endfacet
  facet normal -0.0367025 -0.746904 0.663918
    outer loop
      vertex -12.5538 5.82872 4.6
      vertex -13.1 5.85556 4.6
      vertex -13.1 5.1 3.75
    endloop
  endfacet
  facet normal 0.746991 -0.0349665 0.663914
    outer loop
      vertex -18.9287 0.546172 4.6
      vertex -18.1754 0.499887 3.75
      vertex -18.9274 0.573944 4.6
    endloop
  endfacet
  facet normal 0.746895 -0.0367555 0.663926
    outer loop
      vertex -18.1754 0.499887 3.75
      vertex -18.9287 0.546172 4.6
      vertex -18.2 0 3.75
    endloop
  endfacet
  facet normal -0.251957 -0.704089 0.66391
    outer loop
      vertex -11.1483 4.71179 3.75
      vertex -10.8592 5.40983 4.6
      vertex -11.374 5.59405 4.6
    endloop
  endfacet
  facet normal -0.320131 0.675801 0.663934
    outer loop
      vertex -10.6959 -4.4978 3.75
      vertex -10.3648 -5.17603 4.6
      vertex -10.3397 -5.16414 4.6
    endloop
  endfacet
  facet normal -0.319748 0.675985 0.663932
    outer loop
      vertex -10.3648 -5.17603 4.6
      vertex -10.6959 -4.4978 3.75
      vertex -11.1483 -4.71179 3.75
    endloop
  endfacet
  facet normal -0.0366954 -0.746906 0.663916
    outer loop
      vertex -12.6001 5.07544 3.75
      vertex -12.5538 5.82872 4.6
      vertex -13.1 5.1 3.75
    endloop
  endfacet
  facet normal -0.0366713 -0.746908 0.663916
    outer loop
      vertex -12.5538 5.82872 4.6
      vertex -12.6001 5.07544 3.75
      vertex -12.5261 5.82736 4.6
    endloop
  endfacet
  facet normal -0.600526 -0.445621 0.66392
    outer loop
      vertex -9.15765 3.2354 3.75
      vertex -8.55703 3.69239 4.6
      vertex -8.5736 3.71472 4.6
    endloop
  endfacet
  facet normal -0.600639 -0.44547 0.663919
    outer loop
      vertex -8.55703 3.69239 4.6
      vertex -9.15765 3.2354 3.75
      vertex -8.85951 2.83341 3.75
    endloop
  endfacet
  facet normal 0.320131 -0.675801 0.663934
    outer loop
      vertex -15.5041 4.4978 3.75
      vertex -15.8352 5.17603 4.6
      vertex -15.8603 5.16414 4.6
    endloop
  endfacet
  facet normal 0.319748 -0.675985 0.663932
    outer loop
      vertex -15.8352 5.17603 4.6
      vertex -15.5041 4.4978 3.75
      vertex -15.0517 4.71179 3.75
    endloop
  endfacet
  facet normal 0.384468 -0.641396 0.663924
    outer loop
      vertex -15.5041 4.4978 3.75
      vertex -15.8603 5.16414 4.6
      vertex -16.3293 4.88301 4.6
    endloop
  endfacet
  facet normal -0.746913 -0.0365765 0.663915
    outer loop
      vertex -8.02456 0.499887 3.75
      vertex -7.27128 0.546172 4.6
      vertex -7.27264 0.573944 4.6
    endloop
  endfacet
  facet normal -0.746907 -0.0366963 0.663916
    outer loop
      vertex -7.27128 0.546172 4.6
      vertex -8.02456 0.499887 3.75
      vertex -8 0 3.75
    endloop
  endfacet
  facet normal -0.384456 -0.641403 0.663924
    outer loop
      vertex -9.87068 4.88301 4.6
      vertex -10.3397 5.16414 4.6
      vertex -10.6959 4.4978 3.75
    endloop
  endfacet
  facet normal 0.445476 -0.600623 0.66393
    outer loop
      vertex -15.9334 4.24049 3.75
      vertex -16.3532 4.86872 4.6
      vertex -16.7924 4.54297 4.6
    endloop
  endfacet
  facet normal 0.251809 -0.704097 0.663957
    outer loop
      vertex -15.0517 4.71179 3.75
      vertex -14.7998 5.60342 4.6
      vertex -14.826 5.59405 4.6
    endloop
  endfacet
  facet normal 0.251931 -0.704093 0.663916
    outer loop
      vertex -14.7998 5.60342 4.6
      vertex -15.0517 4.71179 3.75
      vertex -14.5805 4.88039 3.75
    endloop
  endfacet
  facet normal 0.725389 0.181687 0.663928
    outer loop
      vertex -18.7102 -1.67281 4.6
      vertex -17.9804 -1.48045 3.75
      vertex -18.102 -0.99496 3.75
    endloop
  endfacet
  facet normal 0.725098 0.182821 0.663934
    outer loop
      vertex -17.9804 -1.48045 3.75
      vertex -18.7102 -1.67281 4.6
      vertex -18.7034 -1.69978 4.6
    endloop
  endfacet
  facet normal -0.746907 0.0366963 0.663916
    outer loop
      vertex -8.02456 -0.499887 3.75
      vertex -7.27128 -0.546172 4.6
      vertex -8 0 3.75
    endloop
  endfacet
  facet normal -0.746913 0.0365765 0.663915
    outer loop
      vertex -7.27128 -0.546172 4.6
      vertex -8.02456 -0.499887 3.75
      vertex -7.27264 -0.573944 4.6
    endloop
  endfacet
  facet normal -0.641412 0.384454 0.663917
    outer loop
      vertex -8.21699 -3.22932 4.6
      vertex -7.93586 -2.76029 4.6
      vertex -8.6022 -2.40412 3.75
    endloop
  endfacet
  facet normal 0.502172 -0.554094 0.66393
    outer loop
      vertex -16.7062 3.60624 3.75
      vertex -16.8353 4.50773 4.6
      vertex -17.2405 4.1405 4.6
    endloop
  endfacet
  facet normal -0.384347 -0.641475 0.663919
    outer loop
      vertex -9.87068 4.88301 4.6
      vertex -10.2666 4.24049 3.75
      vertex -9.84683 4.86872 4.6
    endloop
  endfacet
  facet normal -0.384445 -0.641415 0.663919
    outer loop
      vertex -10.2666 4.24049 3.75
      vertex -9.87068 4.88301 4.6
      vertex -10.6959 4.4978 3.75
    endloop
  endfacet
  facet normal 0.676025 -0.319735 0.663898
    outer loop
      vertex -17.8118 1.95168 3.75
      vertex -18.276 2.73515 4.6
      vertex -18.5098 2.24082 4.6
    endloop
  endfacet
  facet normal 0.109713 -0.739714 0.663917
    outer loop
      vertex -14.095 5.002 3.75
      vertex -13.7014 5.82328 4.6
      vertex -14.2424 5.74304 4.6
    endloop
  endfacet
  facet normal -0.0366713 0.746908 0.663916
    outer loop
      vertex -12.6001 -5.07544 3.75
      vertex -12.5538 -5.82872 4.6
      vertex -12.5261 -5.82736 4.6
    endloop
  endfacet
  facet normal -0.0366954 0.746906 0.663916
    outer loop
      vertex -12.5538 -5.82872 4.6
      vertex -12.6001 -5.07544 3.75
      vertex -13.1 -5.1 3.75
    endloop
  endfacet
  facet normal 0.725098 -0.182821 0.663934
    outer loop
      vertex -18.7102 1.67281 4.6
      vertex -17.9804 1.48045 3.75
      vertex -18.7034 1.69978 4.6
    endloop
  endfacet
  facet normal 0.725389 -0.181687 0.663928
    outer loop
      vertex -17.9804 1.48045 3.75
      vertex -18.7102 1.67281 4.6
      vertex -18.102 0.99496 3.75
    endloop
  endfacet
  facet normal -0.109713 -0.739714 0.663917
    outer loop
      vertex -12.105 5.002 3.75
      vertex -11.9576 5.74304 4.6
      vertex -12.4986 5.82328 4.6
    endloop
  endfacet
  facet normal 0.739715 -0.109813 0.6639
    outer loop
      vertex -18.102 0.99496 3.75
      vertex -18.843 1.14236 4.6
      vertex -18.9233 0.601448 4.6
    endloop
  endfacet
  facet normal -0.181717 0.725392 0.663917
    outer loop
      vertex -11.9576 -5.74304 4.6
      vertex -11.4272 -5.61017 4.6
      vertex -12.105 -5.002 3.75
    endloop
  endfacet
  facet normal -0.554084 0.5022 0.663918
    outer loop
      vertex -8.9595 -4.1405 4.6
      vertex -8.59227 -3.73533 4.6
      vertex -9.49376 -3.60624 3.75
    endloop
  endfacet
  facet normal -0.319694 -0.676034 0.663908
    outer loop
      vertex -10.3648 5.17603 4.6
      vertex -10.8592 5.40983 4.6
      vertex -11.1483 4.71179 3.75
    endloop
  endfacet
  facet normal -0.739711 0.10973 0.663918
    outer loop
      vertex -8.02456 -0.499887 3.75
      vertex -7.27672 -0.601448 4.6
      vertex -7.27264 -0.573944 4.6
    endloop
  endfacet
  facet normal -0.739711 0.10973 0.663918
    outer loop
      vertex -7.27672 -0.601448 4.6
      vertex -8.02456 -0.499887 3.75
      vertex -8.098 -0.99496 3.75
    endloop
  endfacet
  facet normal -0.676013 -0.319721 0.663917
    outer loop
      vertex -8.6022 2.40412 3.75
      vertex -7.92397 2.73515 4.6
      vertex -7.93586 2.76029 4.6
    endloop
  endfacet
  facet normal -0.676014 -0.319718 0.663917
    outer loop
      vertex -7.92397 2.73515 4.6
      vertex -8.6022 2.40412 3.75
      vertex -8.38822 1.95168 3.75
    endloop
  endfacet
  facet normal 0.181717 0.725392 0.663917
    outer loop
      vertex -14.2424 -5.74304 4.6
      vertex -14.095 -5.002 3.75
      vertex -14.7728 -5.61017 4.6
    endloop
  endfacet
  facet normal 0.641426 0.384446 0.663908
    outer loop
      vertex -17.983 -3.22932 4.6
      vertex -17.3405 -2.83341 3.75
      vertex -17.5978 -2.40412 3.75
    endloop
  endfacet
  facet normal 0.641363 0.384549 0.663909
    outer loop
      vertex -17.3405 -2.83341 3.75
      vertex -17.983 -3.22932 4.6
      vertex -17.9687 -3.25317 4.6
    endloop
  endfacet
  facet normal -0.181371 0.725486 0.663909
    outer loop
      vertex -11.6195 -4.88039 3.75
      vertex -11.4272 -5.61017 4.6
      vertex -11.4002 -5.60342 4.6
    endloop
  endfacet
  facet normal -0.181701 0.725401 0.663911
    outer loop
      vertex -11.4272 -5.61017 4.6
      vertex -11.6195 -4.88039 3.75
      vertex -12.105 -5.002 3.75
    endloop
  endfacet
  facet normal 0.251957 0.704089 0.66391
    outer loop
      vertex -14.826 -5.59405 4.6
      vertex -15.0517 -4.71179 3.75
      vertex -15.3408 -5.40983 4.6
    endloop
  endfacet
  facet normal 0.0366713 -0.746908 0.663916
    outer loop
      vertex -13.5999 5.07544 3.75
      vertex -13.6462 5.82872 4.6
      vertex -13.6739 5.82736 4.6
    endloop
  endfacet
  facet normal 0.0366954 -0.746906 0.663916
    outer loop
      vertex -13.6462 5.82872 4.6
      vertex -13.5999 5.07544 3.75
      vertex -13.1 5.1 3.75
    endloop
  endfacet
  facet normal 0.181701 0.725401 0.663911
    outer loop
      vertex -14.5805 -4.88039 3.75
      vertex -14.7728 -5.61017 4.6
      vertex -14.095 -5.002 3.75
    endloop
  endfacet
  facet normal 0.181371 0.725486 0.663909
    outer loop
      vertex -14.7728 -5.61017 4.6
      vertex -14.5805 -4.88039 3.75
      vertex -14.7998 -5.60342 4.6
    endloop
  endfacet
  facet normal -0.445467 -0.600639 0.663921
    outer loop
      vertex -9.40761 4.54297 4.6
      vertex -9.84683 4.86872 4.6
      vertex -10.2666 4.24049 3.75
    endloop
  endfacet
  facet normal -0.739711 0.10973 0.663918
    outer loop
      vertex -7.35696 -1.14236 4.6
      vertex -7.27672 -0.601448 4.6
      vertex -8.098 -0.99496 3.75
    endloop
  endfacet
  facet normal -0.554217 -0.502049 0.663921
    outer loop
      vertex -8.59227 3.73533 4.6
      vertex -9.15765 3.2354 3.75
      vertex -8.5736 3.71472 4.6
    endloop
  endfacet
  facet normal -0.554086 -0.502195 0.663919
    outer loop
      vertex -9.15765 3.2354 3.75
      vertex -8.59227 3.73533 4.6
      vertex -9.49376 3.60624 3.75
    endloop
  endfacet
  facet normal 0.445476 0.600623 0.66393
    outer loop
      vertex -16.3532 -4.86872 4.6
      vertex -15.9334 -4.24049 3.75
      vertex -16.7924 -4.54297 4.6
    endloop
  endfacet
  facet normal -0.70409 -0.251928 0.66392
    outer loop
      vertex -7.50595 1.72596 4.6
      vertex -7.69017 2.24082 4.6
      vertex -8.38822 1.95168 3.75
    endloop
  endfacet
  facet normal -0.600639 0.44547 0.663919
    outer loop
      vertex -9.15765 -3.2354 3.75
      vertex -8.55703 -3.69239 4.6
      vertex -8.85951 -2.83341 3.75
    endloop
  endfacet
  facet normal -0.600526 0.445621 0.66392
    outer loop
      vertex -8.55703 -3.69239 4.6
      vertex -9.15765 -3.2354 3.75
      vertex -8.5736 -3.71472 4.6
    endloop
  endfacet
  facet normal -0.600641 0.445469 0.663919
    outer loop
      vertex -8.55703 -3.69239 4.6
      vertex -8.23128 -3.25317 4.6
      vertex -8.85951 -2.83341 3.75
    endloop
  endfacet
  facet normal -0.319748 -0.675985 0.663932
    outer loop
      vertex -10.6959 4.4978 3.75
      vertex -10.3648 5.17603 4.6
      vertex -11.1483 4.71179 3.75
    endloop
  endfacet
  facet normal -0.320131 -0.675801 0.663934
    outer loop
      vertex -10.3648 5.17603 4.6
      vertex -10.6959 4.4978 3.75
      vertex -10.3397 5.16414 4.6
    endloop
  endfacet
  facet normal -0.739711 -0.10973 0.663918
    outer loop
      vertex -8.02456 0.499887 3.75
      vertex -7.27672 0.601448 4.6
      vertex -8.098 0.99496 3.75
    endloop
  endfacet
  facet normal -0.739711 -0.10973 0.663918
    outer loop
      vertex -7.27672 0.601448 4.6
      vertex -8.02456 0.499887 3.75
      vertex -7.27264 0.573944 4.6
    endloop
  endfacet
  facet normal 0.445462 -0.600642 0.663922
    outer loop
      vertex -16.7924 4.54297 4.6
      vertex -16.3354 3.94235 3.75
      vertex -15.9334 4.24049 3.75
    endloop
  endfacet
  facet normal 0.445832 -0.600365 0.663925
    outer loop
      vertex -16.3354 3.94235 3.75
      vertex -16.7924 4.54297 4.6
      vertex -16.8147 4.52641 4.6
    endloop
  endfacet
  facet normal -0.70409 0.251928 0.66392
    outer loop
      vertex -7.69017 -2.24082 4.6
      vertex -7.50595 -1.72596 4.6
      vertex -8.38822 -1.95168 3.75
    endloop
  endfacet
  facet normal -0.181701 -0.725401 0.663911
    outer loop
      vertex -11.6195 4.88039 3.75
      vertex -11.4272 5.61017 4.6
      vertex -12.105 5.002 3.75
    endloop
  endfacet
  facet normal -0.181371 -0.725486 0.663909
    outer loop
      vertex -11.4272 5.61017 4.6
      vertex -11.6195 4.88039 3.75
      vertex -11.4002 5.60342 4.6
    endloop
  endfacet
  facet normal -0.109725 0.739716 0.663913
    outer loop
      vertex -12.6001 -5.07544 3.75
      vertex -12.4986 -5.82328 4.6
      vertex -12.105 -5.002 3.75
    endloop
  endfacet
  facet normal -0.109746 0.739713 0.663913
    outer loop
      vertex -12.4986 -5.82328 4.6
      vertex -12.6001 -5.07544 3.75
      vertex -12.5261 -5.82736 4.6
    endloop
  endfacet
  facet normal 0.0367025 -0.746904 0.663918
    outer loop
      vertex -13.1 5.1 3.75
      vertex -13.1 5.85556 4.6
      vertex -13.6462 5.82872 4.6
    endloop
  endfacet
  facet normal 0.319694 -0.676034 0.663908
    outer loop
      vertex -15.0517 4.71179 3.75
      vertex -15.3408 5.40983 4.6
      vertex -15.8352 5.17603 4.6
    endloop
  endfacet
  facet normal -0.676007 -0.319726 0.66392
    outer loop
      vertex -7.69017 2.24082 4.6
      vertex -7.92397 2.73515 4.6
      vertex -8.38822 1.95168 3.75
    endloop
  endfacet
  facet normal 0.554039 0.502286 0.66389
    outer loop
      vertex -17.0424 -3.2354 3.75
      vertex -17.6077 -3.73533 4.6
      vertex -16.7062 -3.60624 3.75
    endloop
  endfacet
  facet normal 0.553837 0.502511 0.663888
    outer loop
      vertex -17.6077 -3.73533 4.6
      vertex -17.0424 -3.2354 3.75
      vertex -17.6264 -3.71472 4.6
    endloop
  endfacet
  facet normal -0.739711 -0.10973 0.663918
    outer loop
      vertex -7.27672 0.601448 4.6
      vertex -7.35696 1.14236 4.6
      vertex -8.098 0.99496 3.75
    endloop
  endfacet
  facet normal 0.502338 -0.55397 0.663908
    outer loop
      vertex -16.8353 4.50773 4.6
      vertex -16.3354 3.94235 3.75
      vertex -16.8147 4.52641 4.6
    endloop
  endfacet
  facet normal 0.502231 -0.554066 0.663909
    outer loop
      vertex -16.3354 3.94235 3.75
      vertex -16.8353 4.50773 4.6
      vertex -16.7062 3.60624 3.75
    endloop
  endfacet
  facet normal 0.109725 -0.739716 0.663913
    outer loop
      vertex -13.5999 5.07544 3.75
      vertex -13.7014 5.82328 4.6
      vertex -14.095 5.002 3.75
    endloop
  endfacet
  facet normal 0.109746 -0.739713 0.663913
    outer loop
      vertex -13.7014 5.82328 4.6
      vertex -13.5999 5.07544 3.75
      vertex -13.6739 5.82736 4.6
    endloop
  endfacet
  facet normal -0.704068 0.251991 0.663919
    outer loop
      vertex -8.21961 -1.48045 3.75
      vertex -7.50595 -1.72596 4.6
      vertex -7.49658 -1.69978 4.6
    endloop
  endfacet
  facet normal -0.70409 0.251929 0.66392
    outer loop
      vertex -7.50595 -1.72596 4.6
      vertex -8.21961 -1.48045 3.75
      vertex -8.38822 -1.95168 3.75
    endloop
  endfacet
  facet normal -0.641413 0.384453 0.663917
    outer loop
      vertex -8.85951 -2.83341 3.75
      vertex -8.21699 -3.22932 4.6
      vertex -8.6022 -2.40412 3.75
    endloop
  endfacet
  facet normal -0.641476 0.384348 0.663916
    outer loop
      vertex -8.21699 -3.22932 4.6
      vertex -8.85951 -2.83341 3.75
      vertex -8.23128 -3.25317 4.6
    endloop
  endfacet
  facet normal -0.746908 0.0366909 0.663914
    outer loop
      vertex -7.27128 -0.546172 4.6
      vertex -7.24445 0 4.6
      vertex -8 0 3.75
    endloop
  endfacet
  facet normal -0.251957 0.704089 0.66391
    outer loop
      vertex -10.8592 -5.40983 4.6
      vertex -11.1483 -4.71179 3.75
      vertex -11.374 -5.59405 4.6
    endloop
  endfacet
  facet normal -0.554084 -0.5022 0.663918
    outer loop
      vertex -8.59227 3.73533 4.6
      vertex -8.9595 4.1405 4.6
      vertex -9.49376 3.60624 3.75
    endloop
  endfacet
  facet normal -0.109746 -0.739713 0.663913
    outer loop
      vertex -12.6001 5.07544 3.75
      vertex -12.4986 5.82328 4.6
      vertex -12.5261 5.82736 4.6
    endloop
  endfacet
  facet normal -0.109725 -0.739716 0.663913
    outer loop
      vertex -12.4986 5.82328 4.6
      vertex -12.6001 5.07544 3.75
      vertex -12.105 5.002 3.75
    endloop
  endfacet
  facet normal 0.109746 0.739713 0.663913
    outer loop
      vertex -13.5999 -5.07544 3.75
      vertex -13.7014 -5.82328 4.6
      vertex -13.6739 -5.82736 4.6
    endloop
  endfacet
  facet normal 0.109725 0.739716 0.663913
    outer loop
      vertex -13.7014 -5.82328 4.6
      vertex -13.5999 -5.07544 3.75
      vertex -14.095 -5.002 3.75
    endloop
  endfacet
  facet normal 0.384448 0.641419 0.663914
    outer loop
      vertex -15.9334 -4.24049 3.75
      vertex -16.3293 -4.88301 4.6
      vertex -15.5041 -4.4978 3.75
    endloop
  endfacet
  facet normal 0.383759 0.641836 0.663909
    outer loop
      vertex -16.3293 -4.88301 4.6
      vertex -15.9334 -4.24049 3.75
      vertex -16.3532 -4.86872 4.6
    endloop
  endfacet
  facet normal -0.676007 0.319726 0.66392
    outer loop
      vertex -7.92397 -2.73515 4.6
      vertex -7.69017 -2.24082 4.6
      vertex -8.38822 -1.95168 3.75
    endloop
  endfacet
  facet normal -0.319694 0.676034 0.663908
    outer loop
      vertex -10.8592 -5.40983 4.6
      vertex -10.3648 -5.17603 4.6
      vertex -11.1483 -4.71179 3.75
    endloop
  endfacet
  facet normal -0.600641 -0.445469 0.663919
    outer loop
      vertex -8.23128 3.25317 4.6
      vertex -8.55703 3.69239 4.6
      vertex -8.85951 2.83341 3.75
    endloop
  endfacet
  facet normal -0.676014 0.319718 0.663917
    outer loop
      vertex -8.6022 -2.40412 3.75
      vertex -7.92397 -2.73515 4.6
      vertex -8.38822 -1.95168 3.75
    endloop
  endfacet
  facet normal -0.676013 0.319721 0.663917
    outer loop
      vertex -7.92397 -2.73515 4.6
      vertex -8.6022 -2.40412 3.75
      vertex -7.93586 -2.76029 4.6
    endloop
  endfacet
  facet normal -0.109713 0.739714 0.663917
    outer loop
      vertex -11.9576 -5.74304 4.6
      vertex -12.105 -5.002 3.75
      vertex -12.4986 -5.82328 4.6
    endloop
  endfacet
  facet normal 0.384448 -0.641419 0.663914
    outer loop
      vertex -16.3293 4.88301 4.6
      vertex -15.9334 4.24049 3.75
      vertex -15.5041 4.4978 3.75
    endloop
  endfacet
  facet normal 0.383759 -0.641836 0.663909
    outer loop
      vertex -15.9334 4.24049 3.75
      vertex -16.3293 4.88301 4.6
      vertex -16.3532 4.86872 4.6
    endloop
  endfacet
  facet normal 0.384468 0.641396 0.663924
    outer loop
      vertex -15.8603 -5.16414 4.6
      vertex -15.5041 -4.4978 3.75
      vertex -16.3293 -4.88301 4.6
    endloop
  endfacet
  facet normal -0.725395 0.181701 0.663917
    outer loop
      vertex -7.48983 -1.67281 4.6
      vertex -7.35696 -1.14236 4.6
      vertex -8.098 -0.99496 3.75
    endloop
  endfacet
  facet normal 0.600674 0.445436 0.663911
    outer loop
      vertex -17.643 -3.69239 4.6
      vertex -17.0424 -3.2354 3.75
      vertex -17.3405 -2.83341 3.75
    endloop
  endfacet
  facet normal 0.600143 0.446143 0.663916
    outer loop
      vertex -17.0424 -3.2354 3.75
      vertex -17.643 -3.69239 4.6
      vertex -17.6264 -3.71472 4.6
    endloop
  endfacet
  facet normal 0.641443 0.384431 0.663901
    outer loop
      vertex -17.983 -3.22932 4.6
      vertex -17.5978 -2.40412 3.75
      vertex -18.2641 -2.76029 4.6
    endloop
  endfacet
  facet normal 0.109713 0.739714 0.663917
    outer loop
      vertex -13.7014 -5.82328 4.6
      vertex -14.095 -5.002 3.75
      vertex -14.2424 -5.74304 4.6
    endloop
  endfacet
  facet normal 0.251957 -0.704089 0.66391
    outer loop
      vertex -15.0517 4.71179 3.75
      vertex -14.826 5.59405 4.6
      vertex -15.3408 5.40983 4.6
    endloop
  endfacet
  facet normal -0.445467 0.600639 0.663921
    outer loop
      vertex -9.84683 -4.86872 4.6
      vertex -9.40761 -4.54297 4.6
      vertex -10.2666 -4.24049 3.75
    endloop
  endfacet
  facet normal 0.25182 0.70413 0.663919
    outer loop
      vertex -14.5805 -4.88039 3.75
      vertex -14.826 -5.59405 4.6
      vertex -14.7998 -5.60342 4.6
    endloop
  endfacet
  facet normal 0.251931 0.704091 0.663918
    outer loop
      vertex -14.826 -5.59405 4.6
      vertex -14.5805 -4.88039 3.75
      vertex -15.0517 -4.71179 3.75
    endloop
  endfacet
  facet normal -0.704086 -0.251997 0.663898
    outer loop
      vertex -8.38822 1.95168 3.75
      vertex -7.49658 1.69978 4.6
      vertex -7.50595 1.72596 4.6
    endloop
  endfacet
  facet normal -0.704089 -0.251929 0.663921
    outer loop
      vertex -7.49658 1.69978 4.6
      vertex -8.38822 1.95168 3.75
      vertex -8.21961 1.48045 3.75
    endloop
  endfacet
  facet normal -0.725431 -0.181559 0.663917
    outer loop
      vertex -8.21961 1.48045 3.75
      vertex -7.48983 1.67281 4.6
      vertex -7.49658 1.69978 4.6
    endloop
  endfacet
  facet normal -0.725394 -0.181703 0.663918
    outer loop
      vertex -7.48983 1.67281 4.6
      vertex -8.21961 1.48045 3.75
      vertex -8.098 0.99496 3.75
    endloop
  endfacet
  facet normal -0.445448 0.600656 0.663919
    outer loop
      vertex -9.8646 -3.94235 3.75
      vertex -9.40761 -4.54297 4.6
      vertex -9.38528 -4.52641 4.6
    endloop
  endfacet
  facet normal -0.445463 0.600645 0.663919
    outer loop
      vertex -9.40761 -4.54297 4.6
      vertex -9.8646 -3.94235 3.75
      vertex -10.2666 -4.24049 3.75
    endloop
  endfacet
  facet normal -0.384347 0.641475 0.663919
    outer loop
      vertex -10.2666 -4.24049 3.75
      vertex -9.87068 -4.88301 4.6
      vertex -9.84683 -4.86872 4.6
    endloop
  endfacet
  facet normal -0.384445 0.641415 0.663919
    outer loop
      vertex -9.87068 -4.88301 4.6
      vertex -10.2666 -4.24049 3.75
      vertex -10.6959 -4.4978 3.75
    endloop
  endfacet
  facet normal -0.641476 -0.384348 0.663916
    outer loop
      vertex -8.85951 2.83341 3.75
      vertex -8.21699 3.22932 4.6
      vertex -8.23128 3.25317 4.6
    endloop
  endfacet
  facet normal -0.641413 -0.384453 0.663917
    outer loop
      vertex -8.21699 3.22932 4.6
      vertex -8.85951 2.83341 3.75
      vertex -8.6022 2.40412 3.75
    endloop
  endfacet
  facet normal -0.725394 0.181703 0.663918
    outer loop
      vertex -8.21961 -1.48045 3.75
      vertex -7.48983 -1.67281 4.6
      vertex -8.098 -0.99496 3.75
    endloop
  endfacet
  facet normal -0.725431 0.181559 0.663917
    outer loop
      vertex -7.48983 -1.67281 4.6
      vertex -8.21961 -1.48045 3.75
      vertex -7.49658 -1.69978 4.6
    endloop
  endfacet
  facet normal -0.502197 -0.554084 0.663919
    outer loop
      vertex -9.8646 3.94235 3.75
      vertex -9.36467 4.50773 4.6
      vertex -9.38528 4.52641 4.6
    endloop
  endfacet
  facet normal -0.502195 -0.554086 0.663919
    outer loop
      vertex -9.36467 4.50773 4.6
      vertex -9.8646 3.94235 3.75
      vertex -9.49376 3.60624 3.75
    endloop
  endfacet
  facet normal -0.5022 -0.554084 0.663918
    outer loop
      vertex -8.9595 4.1405 4.6
      vertex -9.36467 4.50773 4.6
      vertex -9.49376 3.60624 3.75
    endloop
  endfacet
  facet normal 0.319748 0.675985 0.663932
    outer loop
      vertex -15.5041 -4.4978 3.75
      vertex -15.8352 -5.17603 4.6
      vertex -15.0517 -4.71179 3.75
    endloop
  endfacet
  facet normal 0.320131 0.675801 0.663934
    outer loop
      vertex -15.8352 -5.17603 4.6
      vertex -15.5041 -4.4978 3.75
      vertex -15.8603 -5.16414 4.6
    endloop
  endfacet
  facet normal -0.746908 -0.0366909 0.663914
    outer loop
      vertex -7.24445 0 4.6
      vertex -7.27128 0.546172 4.6
      vertex -8 0 3.75
    endloop
  endfacet
  facet normal 0.676025 0.319735 0.663898
    outer loop
      vertex -18.276 -2.73515 4.6
      vertex -17.8118 -1.95168 3.75
      vertex -18.5098 -2.24082 4.6
    endloop
  endfacet
  facet normal -0.5022 0.554084 0.663918
    outer loop
      vertex -9.36467 -4.50773 4.6
      vertex -8.9595 -4.1405 4.6
      vertex -9.49376 -3.60624 3.75
    endloop
  endfacet
  facet normal -0.502195 0.554086 0.663919
    outer loop
      vertex -9.8646 -3.94235 3.75
      vertex -9.36467 -4.50773 4.6
      vertex -9.49376 -3.60624 3.75
    endloop
  endfacet
  facet normal -0.502197 0.554084 0.663919
    outer loop
      vertex -9.36467 -4.50773 4.6
      vertex -9.8646 -3.94235 3.75
      vertex -9.38528 -4.52641 4.6
    endloop
  endfacet
  facet normal 0.0366954 0.746906 0.663916
    outer loop
      vertex -13.5999 -5.07544 3.75
      vertex -13.6462 -5.82872 4.6
      vertex -13.1 -5.1 3.75
    endloop
  endfacet
  facet normal 0.0366713 0.746908 0.663916
    outer loop
      vertex -13.6462 -5.82872 4.6
      vertex -13.5999 -5.07544 3.75
      vertex -13.6739 -5.82736 4.6
    endloop
  endfacet
  facet normal 0.445462 0.600642 0.663922
    outer loop
      vertex -16.3354 -3.94235 3.75
      vertex -16.7924 -4.54297 4.6
      vertex -15.9334 -4.24049 3.75
    endloop
  endfacet
  facet normal 0.445832 0.600365 0.663925
    outer loop
      vertex -16.7924 -4.54297 4.6
      vertex -16.3354 -3.94235 3.75
      vertex -16.8147 -4.52641 4.6
    endloop
  endfacet
  facet normal 0.502172 0.554094 0.66393
    outer loop
      vertex -16.8353 -4.50773 4.6
      vertex -16.7062 -3.60624 3.75
      vertex -17.2405 -4.1405 4.6
    endloop
  endfacet
  facet normal 0.319694 0.676034 0.663908
    outer loop
      vertex -15.3408 -5.40983 4.6
      vertex -15.0517 -4.71179 3.75
      vertex -15.8352 -5.17603 4.6
    endloop
  endfacet
  facet normal 0.502231 0.554066 0.663909
    outer loop
      vertex -16.8353 -4.50773 4.6
      vertex -16.3354 -3.94235 3.75
      vertex -16.7062 -3.60624 3.75
    endloop
  endfacet
  facet normal 0.502338 0.55397 0.663908
    outer loop
      vertex -16.3354 -3.94235 3.75
      vertex -16.8353 -4.50773 4.6
      vertex -16.8147 -4.52641 4.6
    endloop
  endfacet
  facet normal 0.725432 0.181615 0.663901
    outer loop
      vertex -18.7102 -1.67281 4.6
      vertex -18.102 -0.99496 3.75
      vertex -18.843 -1.14236 4.6
    endloop
  endfacet
  facet normal 0.0367025 0.746904 0.663918
    outer loop
      vertex -13.1 -5.85556 4.6
      vertex -13.1 -5.1 3.75
      vertex -13.6462 -5.82872 4.6
    endloop
  endfacet
  facet normal 0.703839 0.252715 0.663887
    outer loop
      vertex -18.694 -1.72596 4.6
      vertex -17.9804 -1.48045 3.75
      vertex -18.7034 -1.69978 4.6
    endloop
  endfacet
  facet normal 0.704118 0.251924 0.663892
    outer loop
      vertex -17.9804 -1.48045 3.75
      vertex -18.694 -1.72596 4.6
      vertex -17.8118 -1.95168 3.75
    endloop
  endfacet
  facet normal 0.739715 0.109813 0.6639
    outer loop
      vertex -18.843 -1.14236 4.6
      vertex -18.102 -0.99496 3.75
      vertex -18.9233 -0.601448 4.6
    endloop
  endfacet
  facet normal 0.73961 0.110253 0.663943
    outer loop
      vertex -18.9233 -0.601448 4.6
      vertex -18.1754 -0.499887 3.75
      vertex -18.9274 -0.573944 4.6
    endloop
  endfacet
  facet normal 0.739694 0.109668 0.663947
    outer loop
      vertex -18.1754 -0.499887 3.75
      vertex -18.9233 -0.601448 4.6
      vertex -18.102 -0.99496 3.75
    endloop
  endfacet
  facet normal 0.367619 0.929976 -0
    outer loop
      vertex -8.18934 -16.1743 0
      vertex -8.65481 -15.9903 3.75
      vertex -8.18934 -16.1743 3.75
    endloop
  endfacet
  facet normal 0.367619 0.929976 0
    outer loop
      vertex -8.65481 -15.9903 3.75
      vertex -8.18934 -16.1743 0
      vertex -8.65481 -15.9903 0
    endloop
  endfacet
  facet normal 0.456787 0.889576 -0
    outer loop
      vertex -8.65481 -15.9903 0
      vertex -9.1 -15.7617 3.75
      vertex -8.65481 -15.9903 3.75
    endloop
  endfacet
  facet normal 0.456787 0.889576 0
    outer loop
      vertex -9.1 -15.7617 3.75
      vertex -8.65481 -15.9903 0
      vertex -9.1 -15.7617 0
    endloop
  endfacet
  facet normal 0.274536 0.961577 -0
    outer loop
      vertex -7.70809 -16.3117 0
      vertex -8.18934 -16.1743 3.75
      vertex -7.70809 -16.3117 3.75
    endloop
  endfacet
  facet normal 0.274536 0.961577 0
    outer loop
      vertex -8.18934 -16.1743 3.75
      vertex -7.70809 -16.3117 0
      vertex -8.18934 -16.1743 0
    endloop
  endfacet
  facet normal 0.996656 -0.0817063 0
    outer loop
      vertex -11.6473 -11.1781 3.75
      vertex -11.6064 -10.6792 0
      vertex -11.6064 -10.6792 3.75
    endloop
  endfacet
  facet normal 0.996656 -0.0817063 0
    outer loop
      vertex -11.6064 -10.6792 0
      vertex -11.6473 -11.1781 3.75
      vertex -11.6473 -11.1781 0
    endloop
  endfacet
  facet normal -0.569203 0.822197 0
    outer loop
      vertex -3.44532 -15.391 0
      vertex -3.85685 -15.6759 3.75
      vertex -3.44532 -15.391 3.75
    endloop
  endfacet
  facet normal -0.569203 0.822197 0
    outer loop
      vertex -3.85685 -15.6759 3.75
      vertex -3.44532 -15.391 0
      vertex -3.85685 -15.6759 0
    endloop
  endfacet
  facet normal -0.996655 0.0817225 0
    outer loop
      vertex -1.49363 -12.0106 0
      vertex -1.45273 -11.5118 3.75
      vertex -1.45273 -11.5118 0
    endloop
  endfacet
  facet normal -0.996655 0.0817225 0
    outer loop
      vertex -1.45273 -11.5118 3.75
      vertex -1.49363 -12.0106 0
      vertex -1.49363 -12.0106 3.75
    endloop
  endfacet
  facet normal -0.397805 0.91747 0
    outer loop
      vertex -4.29433 -15.919 0
      vertex -4.75352 -16.1181 3.75
      vertex -4.29433 -15.919 3.75
    endloop
  endfacet
  facet normal -0.397805 0.91747 0
    outer loop
      vertex -4.75352 -16.1181 3.75
      vertex -4.29433 -15.919 0
      vertex -4.75352 -16.1181 0
    endloop
  endfacet
  facet normal -0.718542 0.695483 0
    outer loop
      vertex -3.06368 -15.0672 0
      vertex -2.71562 -14.7076 3.75
      vertex -2.71562 -14.7076 0
    endloop
  endfacet
  facet normal -0.718542 0.695483 0
    outer loop
      vertex -2.71562 -14.7076 3.75
      vertex -3.06368 -15.0672 0
      vertex -3.06368 -15.0672 3.75
    endloop
  endfacet
  facet normal -0.695433 -0.718591 0
    outer loop
      vertex -3.18734 -7.51055 0
      vertex -2.82769 -7.85861 3.75
      vertex -3.18734 -7.51055 3.75
    endloop
  endfacet
  facet normal -0.695433 -0.718591 -0
    outer loop
      vertex -2.82769 -7.85861 3.75
      vertex -3.18734 -7.51055 0
      vertex -2.82769 -7.85861 0
    endloop
  endfacet
  facet normal 0.999866 0.0163847 0
    outer loop
      vertex -11.6391 -11.6785 3.75
      vertex -11.6473 -11.1781 0
      vertex -11.6473 -11.1781 3.75
    endloop
  endfacet
  facet normal 0.999866 0.0163847 0
    outer loop
      vertex -11.6473 -11.1781 0
      vertex -11.6391 -11.6785 3.75
      vertex -11.6391 -11.6785 0
    endloop
  endfacet
  facet normal 0.0817209 0.996655 -0
    outer loop
      vertex -6.71687 -16.4422 0
      vertex -7.21568 -16.4013 3.75
      vertex -6.71687 -16.4422 3.75
    endloop
  endfacet
  facet normal 0.0817209 0.996655 0
    outer loop
      vertex -7.21568 -16.4013 3.75
      vertex -6.71687 -16.4422 0
      vertex -7.21568 -16.4013 0
    endloop
  endfacet
  facet normal -0.961568 0.274565 0
    outer loop
      vertex -1.72066 -12.9843 0
      vertex -1.58323 -12.503 3.75
      vertex -1.58323 -12.503 0
    endloop
  endfacet
  facet normal -0.961568 0.274565 0
    outer loop
      vertex -1.58323 -12.503 3.75
      vertex -1.72066 -12.9843 0
      vertex -1.72066 -12.9843 3.75
    endloop
  endfacet
  facet normal -0.485728 0.87411 0
    outer loop
      vertex -3.85685 -15.6759 0
      vertex -4.29433 -15.919 3.75
      vertex -3.85685 -15.6759 3.75
    endloop
  endfacet
  facet normal -0.485728 0.87411 0
    outer loop
      vertex -4.29433 -15.919 3.75
      vertex -3.85685 -15.6759 0
      vertex -4.29433 -15.919 0
    endloop
  endfacet
  facet normal -0.621664 -0.783284 0
    outer loop
      vertex -3.57937 -7.19941 0
      vertex -3.18734 -7.51055 3.75
      vertex -3.57937 -7.19941 3.75
    endloop
  endfacet
  facet normal -0.621664 -0.783284 -0
    outer loop
      vertex -3.18734 -7.51055 3.75
      vertex -3.57937 -7.19941 0
      vertex -3.18734 -7.51055 0
    endloop
  endfacet
  facet normal 0.541881 0.840455 -0
    outer loop
      vertex -9.1 -15.7617 0
      vertex -9.52063 -15.4905 3.75
      vertex -9.1 -15.7617 3.75
    endloop
  endfacet
  facet normal 0.541881 0.840455 0
    outer loop
      vertex -9.52063 -15.4905 3.75
      vertex -9.1 -15.7617 0
      vertex -9.52063 -15.4905 0
    endloop
  endfacet
  facet normal 0.397755 -0.917492 0
    outer loop
      vertex -8.80567 -6.77088 0
      vertex -8.34648 -6.57181 3.75
      vertex -8.80567 -6.77088 3.75
    endloop
  endfacet
  facet normal 0.397755 -0.917492 0
    outer loop
      vertex -8.34648 -6.57181 3.75
      vertex -8.80567 -6.77088 0
      vertex -8.34648 -6.57181 0
    endloop
  endfacet
  facet normal 0.961518 -0.274742 0
    outer loop
      vertex -11.5168 -10.1868 3.75
      vertex -11.3793 -9.70559 0
      vertex -11.3793 -9.70559 3.75
    endloop
  endfacet
  facet normal 0.961518 -0.274742 0
    outer loop
      vertex -11.3793 -9.70559 0
      vertex -11.5168 -10.1868 3.75
      vertex -11.5168 -10.1868 0
    endloop
  endfacet
  facet normal -0.114288 0.993448 0
    outer loop
      vertex -5.71923 -16.3768 0
      vertex -6.21644 -16.434 3.75
      vertex -5.71923 -16.3768 3.75
    endloop
  endfacet
  facet normal -0.114288 0.993448 0
    outer loop
      vertex -6.21644 -16.434 3.75
      vertex -5.71923 -16.3768 0
      vertex -6.21644 -16.434 0
    endloop
  endfacet
  facet normal 0.930042 -0.367453 0
    outer loop
      vertex -11.3793 -9.70559 3.75
      vertex -11.1954 -9.24013 0
      vertex -11.1954 -9.24013 3.75
    endloop
  endfacet
  facet normal 0.930042 -0.367453 0
    outer loop
      vertex -11.1954 -9.24013 0
      vertex -11.3793 -9.70559 3.75
      vertex -11.3793 -9.70559 0
    endloop
  endfacet
  facet normal -0.762535 -0.646948 0
    outer loop
      vertex -2.5039 -8.24025 0
      vertex -2.82769 -7.85861 3.75
      vertex -2.82769 -7.85861 0
    endloop
  endfacet
  facet normal -0.762535 -0.646948 0
    outer loop
      vertex -2.82769 -7.85861 3.75
      vertex -2.5039 -8.24025 0
      vertex -2.5039 -8.24025 3.75
    endloop
  endfacet
  facet normal 0.983844 -0.179026 0
    outer loop
      vertex -11.6064 -10.6792 3.75
      vertex -11.5168 -10.1868 0
      vertex -11.5168 -10.1868 3.75
    endloop
  endfacet
  facet normal 0.983844 -0.179026 0
    outer loop
      vertex -11.5168 -10.1868 0
      vertex -11.6064 -10.6792 3.75
      vertex -11.6064 -10.6792 0
    endloop
  endfacet
  facet normal 0.621738 0.783226 -0
    outer loop
      vertex -9.52063 -15.4905 0
      vertex -9.91266 -15.1793 3.75
      vertex -9.52063 -15.4905 3.75
    endloop
  endfacet
  facet normal 0.621738 0.783226 0
    outer loop
      vertex -9.91266 -15.1793 3.75
      vertex -9.52063 -15.4905 0
      vertex -9.91266 -15.1793 0
    endloop
  endfacet
  facet normal -0.179023 -0.983845 0
    outer loop
      vertex -5.88432 -6.28856 0
      vertex -5.39191 -6.37816 3.75
      vertex -5.88432 -6.28856 3.75
    endloop
  endfacet
  facet normal -0.179023 -0.983845 -0
    outer loop
      vertex -5.39191 -6.37816 3.75
      vertex -5.88432 -6.28856 0
      vertex -5.39191 -6.37816 0
    endloop
  endfacet
  facet normal 0.822271 0.569096 0
    outer loop
      vertex -10.5961 -14.4496 3.75
      vertex -10.8809 -14.0381 0
      vertex -10.8809 -14.0381 3.75
    endloop
  endfacet
  facet normal 0.822271 0.569096 0
    outer loop
      vertex -10.8809 -14.0381 0
      vertex -10.5961 -14.4496 3.75
      vertex -10.5961 -14.4496 0
    endloop
  endfacet
  facet normal -0.993447 -0.11429 0
    outer loop
      vertex -1.46092 -11.0114 0
      vertex -1.51812 -10.5142 3.75
      vertex -1.51812 -10.5142 0
    endloop
  endfacet
  facet normal -0.993447 -0.11429 0
    outer loop
      vertex -1.51812 -10.5142 3.75
      vertex -1.46092 -11.0114 0
      vertex -1.46092 -11.0114 3.75
    endloop
  endfacet
  facet normal -0.999866 -0.0163647 0
    outer loop
      vertex -1.45273 -11.5118 0
      vertex -1.46092 -11.0114 3.75
      vertex -1.46092 -11.0114 0
    endloop
  endfacet
  facet normal -0.999866 -0.0163647 0
    outer loop
      vertex -1.46092 -11.0114 3.75
      vertex -1.45273 -11.5118 0
      vertex -1.45273 -11.5118 3.75
    endloop
  endfacet
  facet normal -0.274592 -0.961561 0
    outer loop
      vertex -5.39191 -6.37816 0
      vertex -4.91066 -6.51559 3.75
      vertex -5.39191 -6.37816 3.75
    endloop
  endfacet
  facet normal -0.274592 -0.961561 -0
    outer loop
      vertex -4.91066 -6.51559 3.75
      vertex -5.39191 -6.37816 0
      vertex -4.91066 -6.51559 0
    endloop
  endfacet
  facet normal -0.456898 -0.889519 0
    outer loop
      vertex -4.44519 -6.69953 0
      vertex -4 -6.9282 3.75
      vertex -4.44519 -6.69953 3.75
    endloop
  endfacet
  facet normal -0.456898 -0.889519 -0
    outer loop
      vertex -4 -6.9282 3.75
      vertex -4.44519 -6.69953 0
      vertex -4 -6.9282 0
    endloop
  endfacet
  facet normal -0.783261 0.621693 0
    outer loop
      vertex -2.71562 -14.7076 0
      vertex -2.40448 -14.3156 3.75
      vertex -2.40448 -14.3156 0
    endloop
  endfacet
  facet normal -0.783261 0.621693 0
    outer loop
      vertex -2.40448 -14.3156 3.75
      vertex -2.71562 -14.7076 0
      vertex -2.71562 -14.7076 3.75
    endloop
  endfacet
  facet normal 0.695381 0.718641 -0
    outer loop
      vertex -9.91266 -15.1793 0
      vertex -10.2723 -14.8313 3.75
      vertex -9.91266 -15.1793 3.75
    endloop
  endfacet
  facet normal 0.695381 0.718641 0
    outer loop
      vertex -10.2723 -14.8313 3.75
      vertex -9.91266 -15.1793 0
      vertex -10.2723 -14.8313 0
    endloop
  endfacet
  facet normal 0.762575 0.6469 0
    outer loop
      vertex -10.2723 -14.8313 3.75
      vertex -10.5961 -14.4496 0
      vertex -10.5961 -14.4496 3.75
    endloop
  endfacet
  facet normal 0.762575 0.6469 0
    outer loop
      vertex -10.5961 -14.4496 0
      vertex -10.2723 -14.8313 3.75
      vertex -10.2723 -14.8313 0
    endloop
  endfacet
  facet normal -0.0163837 0.999866 0
    outer loop
      vertex -6.21644 -16.434 0
      vertex -6.71687 -16.4422 3.75
      vertex -6.21644 -16.434 3.75
    endloop
  endfacet
  facet normal -0.0163837 0.999866 0
    outer loop
      vertex -6.71687 -16.4422 3.75
      vertex -6.21644 -16.434 0
      vertex -6.71687 -16.4422 0
    endloop
  endfacet
  facet normal 0.179023 0.983845 -0
    outer loop
      vertex -7.21568 -16.4013 0
      vertex -7.70809 -16.3117 3.75
      vertex -7.21568 -16.4013 3.75
    endloop
  endfacet
  facet normal 0.179023 0.983845 0
    outer loop
      vertex -7.70809 -16.3117 3.75
      vertex -7.21568 -16.4013 0
      vertex -7.70809 -16.3117 0
    endloop
  endfacet
  facet normal -0.646959 0.762525 0
    outer loop
      vertex -3.06368 -15.0672 0
      vertex -3.44532 -15.391 3.75
      vertex -3.06368 -15.0672 3.75
    endloop
  endfacet
  facet normal -0.646959 0.762525 0
    outer loop
      vertex -3.44532 -15.391 3.75
      vertex -3.06368 -15.0672 0
      vertex -3.44532 -15.391 0
    endloop
  endfacet
  facet normal -0.889523 0.45689 0
    outer loop
      vertex -2.13327 -13.8949 0
      vertex -1.9046 -13.4497 3.75
      vertex -1.9046 -13.4497 0
    endloop
  endfacet
  facet normal -0.889523 0.45689 0
    outer loop
      vertex -1.9046 -13.4497 3.75
      vertex -2.13327 -13.8949 0
      vertex -2.13327 -13.8949 3.75
    endloop
  endfacet
  facet normal 0.569108 -0.822263 0
    outer loop
      vertex -9.65468 -7.29883 0
      vertex -9.24315 -7.014 3.75
      vertex -9.65468 -7.29883 3.75
    endloop
  endfacet
  facet normal 0.569108 -0.822263 0
    outer loop
      vertex -9.24315 -7.014 3.75
      vertex -9.65468 -7.29883 0
      vertex -9.24315 -7.014 0
    endloop
  endfacet
  facet normal -0.952071 -0.305876 0
    outer loop
      vertex -1.62378 -10.025 0
      vertex -1.77688 -9.54846 3.75
      vertex -1.77688 -9.54846 0
    endloop
  endfacet
  facet normal -0.952071 -0.305876 0
    outer loop
      vertex -1.77688 -9.54846 3.75
      vertex -1.62378 -10.025 0
      vertex -1.62378 -10.025 3.75
    endloop
  endfacet
  facet normal -0.929999 0.367563 0
    outer loop
      vertex -1.9046 -13.4497 0
      vertex -1.72066 -12.9843 3.75
      vertex -1.72066 -12.9843 0
    endloop
  endfacet
  facet normal -0.929999 0.367563 0
    outer loop
      vertex -1.72066 -12.9843 3.75
      vertex -1.9046 -13.4497 0
      vertex -1.9046 -13.4497 3.75
    endloop
  endfacet
  facet normal 0.889499 -0.456937 0
    outer loop
      vertex -11.1954 -9.24013 3.75
      vertex -10.9667 -8.79493 0
      vertex -10.9667 -8.79493 3.75
    endloop
  endfacet
  facet normal 0.889499 -0.456937 0
    outer loop
      vertex -10.9667 -8.79493 0
      vertex -11.1954 -9.24013 3.75
      vertex -11.1954 -9.24013 0
    endloop
  endfacet
  facet normal 0.917546 0.39763 0
    outer loop
      vertex -11.1241 -13.6006 3.75
      vertex -11.3231 -13.1414 0
      vertex -11.3231 -13.1414 3.75
    endloop
  endfacet
  facet normal 0.917546 0.39763 0
    outer loop
      vertex -11.3231 -13.1414 0
      vertex -11.1241 -13.6006 3.75
      vertex -11.1241 -13.6006 0
    endloop
  endfacet
  facet normal 0.874035 0.485863 0
    outer loop
      vertex -10.8809 -14.0381 3.75
      vertex -11.1241 -13.6006 0
      vertex -11.1241 -13.6006 3.75
    endloop
  endfacet
  facet normal 0.874035 0.485863 0
    outer loop
      vertex -11.1241 -13.6006 0
      vertex -10.8809 -14.0381 3.75
      vertex -10.8809 -14.0381 0
    endloop
  endfacet
  facet normal 0.783323 -0.621615 0
    outer loop
      vertex -10.6955 -8.3743 3.75
      vertex -10.3844 -7.98227 0
      vertex -10.3844 -7.98227 3.75
    endloop
  endfacet
  facet normal 0.783323 -0.621615 0
    outer loop
      vertex -10.3844 -7.98227 0
      vertex -10.6955 -8.3743 3.75
      vertex -10.6955 -8.3743 0
    endloop
  endfacet
  facet normal 0.0163637 -0.999866 0
    outer loop
      vertex -6.88356 -6.25585 0
      vertex -6.38313 -6.24766 3.75
      vertex -6.88356 -6.25585 3.75
    endloop
  endfacet
  facet normal 0.0163637 -0.999866 0
    outer loop
      vertex -6.38313 -6.24766 3.75
      vertex -6.88356 -6.25585 0
      vertex -6.38313 -6.24766 0
    endloop
  endfacet
  facet normal -0.305899 0.952064 0
    outer loop
      vertex -4.75352 -16.1181 0
      vertex -5.23002 -16.2712 3.75
      vertex -4.75352 -16.1181 3.75
    endloop
  endfacet
  facet normal -0.305899 0.952064 0
    outer loop
      vertex -5.23002 -16.2712 3.75
      vertex -4.75352 -16.1181 0
      vertex -5.23002 -16.2712 0
    endloop
  endfacet
  facet normal -0.983844 0.179026 0
    outer loop
      vertex -1.58323 -12.503 0
      vertex -1.49363 -12.0106 3.75
      vertex -1.49363 -12.0106 0
    endloop
  endfacet
  facet normal -0.983844 0.179026 0
    outer loop
      vertex -1.49363 -12.0106 3.75
      vertex -1.58323 -12.503 0
      vertex -1.58323 -12.503 3.75
    endloop
  endfacet
  facet normal 0.211113 -0.977462 0
    outer loop
      vertex -7.86998 -6.41871 0
      vertex -7.38077 -6.31305 3.75
      vertex -7.86998 -6.41871 3.75
    endloop
  endfacet
  facet normal 0.211113 -0.977462 0
    outer loop
      vertex -7.38077 -6.31305 3.75
      vertex -7.86998 -6.41871 0
      vertex -7.38077 -6.31305 0
    endloop
  endfacet
  facet normal -0.977461 -0.211117 0
    outer loop
      vertex -1.51812 -10.5142 0
      vertex -1.62378 -10.025 3.75
      vertex -1.62378 -10.025 0
    endloop
  endfacet
  facet normal -0.977461 -0.211117 0
    outer loop
      vertex -1.62378 -10.025 3.75
      vertex -1.51812 -10.5142 0
      vertex -1.51812 -10.5142 3.75
    endloop
  endfacet
  facet normal -0.822269 -0.569099 0
    outer loop
      vertex -2.21907 -8.65179 0
      vertex -2.5039 -8.24025 3.75
      vertex -2.5039 -8.24025 0
    endloop
  endfacet
  facet normal -0.822269 -0.569099 0
    outer loop
      vertex -2.5039 -8.24025 3.75
      vertex -2.21907 -8.65179 0
      vertex -2.21907 -8.65179 3.75
    endloop
  endfacet
  facet normal 0.485758 -0.874093 0
    outer loop
      vertex -9.24315 -7.014 0
      vertex -8.80567 -6.77088 3.75
      vertex -9.24315 -7.014 3.75
    endloop
  endfacet
  facet normal 0.485758 -0.874093 0
    outer loop
      vertex -8.80567 -6.77088 3.75
      vertex -9.24315 -7.014 0
      vertex -8.80567 -6.77088 0
    endloop
  endfacet
  facet normal -0.840487 0.541832 0
    outer loop
      vertex -2.40448 -14.3156 0
      vertex -2.13327 -13.8949 3.75
      vertex -2.13327 -13.8949 0
    endloop
  endfacet
  facet normal -0.840487 0.541832 0
    outer loop
      vertex -2.13327 -13.8949 3.75
      vertex -2.40448 -14.3156 0
      vertex -2.40448 -14.3156 3.75
    endloop
  endfacet
  facet normal 0.114288 -0.993448 0
    outer loop
      vertex -7.38077 -6.31305 0
      vertex -6.88356 -6.25585 3.75
      vertex -7.38077 -6.31305 3.75
    endloop
  endfacet
  facet normal 0.114288 -0.993448 0
    outer loop
      vertex -6.88356 -6.25585 3.75
      vertex -7.38077 -6.31305 0
      vertex -6.88356 -6.25585 0
    endloop
  endfacet
  facet normal -0.367515 -0.930017 0
    outer loop
      vertex -4.91066 -6.51559 0
      vertex -4.44519 -6.69953 3.75
      vertex -4.91066 -6.51559 3.75
    endloop
  endfacet
  facet normal -0.367515 -0.930017 -0
    outer loop
      vertex -4.44519 -6.69953 3.75
      vertex -4.91066 -6.51559 0
      vertex -4.44519 -6.69953 0
    endloop
  endfacet
  facet normal -0.0817209 -0.996655 0
    outer loop
      vertex -6.38313 -6.24766 0
      vertex -5.88432 -6.28856 3.75
      vertex -6.38313 -6.24766 3.75
    endloop
  endfacet
  facet normal -0.0817209 -0.996655 -0
    outer loop
      vertex -5.88432 -6.28856 3.75
      vertex -6.38313 -6.24766 0
      vertex -5.88432 -6.28856 0
    endloop
  endfacet
  facet normal 0.993447 0.11429 0
    outer loop
      vertex -11.5819 -12.1757 3.75
      vertex -11.6391 -11.6785 0
      vertex -11.6391 -11.6785 3.75
    endloop
  endfacet
  facet normal 0.993447 0.11429 0
    outer loop
      vertex -11.6391 -11.6785 0
      vertex -11.5819 -12.1757 3.75
      vertex -11.5819 -12.1757 0
    endloop
  endfacet
  facet normal 0.718541 -0.695485 0
    outer loop
      vertex -10.3844 -7.98227 3.75
      vertex -10.0363 -7.62263 0
      vertex -10.0363 -7.62263 3.75
    endloop
  endfacet
  facet normal 0.718541 -0.695485 0
    outer loop
      vertex -10.0363 -7.62263 0
      vertex -10.3844 -7.98227 3.75
      vertex -10.3844 -7.98227 0
    endloop
  endfacet
  facet normal -0.210998 0.977486 0
    outer loop
      vertex -5.23002 -16.2712 0
      vertex -5.71923 -16.3768 3.75
      vertex -5.23002 -16.2712 3.75
    endloop
  endfacet
  facet normal -0.210998 0.977486 0
    outer loop
      vertex -5.71923 -16.3768 3.75
      vertex -5.23002 -16.2712 0
      vertex -5.71923 -16.3768 0
    endloop
  endfacet
  facet normal 0.305899 -0.952064 0
    outer loop
      vertex -8.34648 -6.57181 0
      vertex -7.86998 -6.41871 3.75
      vertex -8.34648 -6.57181 3.75
    endloop
  endfacet
  facet normal 0.305899 -0.952064 0
    outer loop
      vertex -7.86998 -6.41871 3.75
      vertex -8.34648 -6.57181 0
      vertex -7.86998 -6.41871 0
    endloop
  endfacet
  facet normal -0.917495 -0.397748 0
    outer loop
      vertex -1.77688 -9.54846 0
      vertex -1.97595 -9.08926 3.75
      vertex -1.97595 -9.08926 0
    endloop
  endfacet
  facet normal -0.917495 -0.397748 0
    outer loop
      vertex -1.97595 -9.08926 3.75
      vertex -1.77688 -9.54846 0
      vertex -1.77688 -9.54846 3.75
    endloop
  endfacet
  facet normal -0.874088 -0.485767 0
    outer loop
      vertex -1.97595 -9.08926 0
      vertex -2.21907 -8.65179 3.75
      vertex -2.21907 -8.65179 0
    endloop
  endfacet
  facet normal -0.874088 -0.485767 0
    outer loop
      vertex -2.21907 -8.65179 3.75
      vertex -1.97595 -9.08926 0
      vertex -1.97595 -9.08926 3.75
    endloop
  endfacet
  facet normal 0.840455 -0.541881 0
    outer loop
      vertex -10.9667 -8.79493 3.75
      vertex -10.6955 -8.3743 0
      vertex -10.6955 -8.3743 3.75
    endloop
  endfacet
  facet normal 0.840455 -0.541881 0
    outer loop
      vertex -10.6955 -8.3743 0
      vertex -10.9667 -8.79493 3.75
      vertex -10.9667 -8.79493 0
    endloop
  endfacet
  facet normal -0.541895 -0.840446 0
    outer loop
      vertex -4 -6.9282 0
      vertex -3.57937 -7.19941 3.75
      vertex -4 -6.9282 3.75
    endloop
  endfacet
  facet normal -0.541895 -0.840446 -0
    outer loop
      vertex -3.57937 -7.19941 3.75
      vertex -4 -6.9282 0
      vertex -3.57937 -7.19941 0
    endloop
  endfacet
  facet normal 0.646979 -0.762508 0
    outer loop
      vertex -10.0363 -7.62263 0
      vertex -9.65468 -7.29883 3.75
      vertex -10.0363 -7.62263 3.75
    endloop
  endfacet
  facet normal 0.646979 -0.762508 0
    outer loop
      vertex -9.65468 -7.29883 3.75
      vertex -10.0363 -7.62263 0
      vertex -9.65468 -7.29883 0
    endloop
  endfacet
  facet normal 0.952064 0.305899 0
    outer loop
      vertex -11.3231 -13.1414 3.75
      vertex -11.4762 -12.6649 0
      vertex -11.4762 -12.6649 3.75
    endloop
  endfacet
  facet normal 0.952064 0.305899 0
    outer loop
      vertex -11.4762 -12.6649 0
      vertex -11.3231 -13.1414 3.75
      vertex -11.3231 -13.1414 0
    endloop
  endfacet
  facet normal 0.977444 0.211193 0
    outer loop
      vertex -11.4762 -12.6649 3.75
      vertex -11.5819 -12.1757 0
      vertex -11.5819 -12.1757 3.75
    endloop
  endfacet
  facet normal 0.977444 0.211193 0
    outer loop
      vertex -11.5819 -12.1757 0
      vertex -11.4762 -12.6649 3.75
      vertex -11.4762 -12.6649 0
    endloop
  endfacet
  facet normal 0.71193 0.228744 0.663951
    outer loop
      vertex -12.0388 -13.3811 4.6
      vertex -11.3231 -13.1414 3.75
      vertex -11.4762 -12.6649 3.75
    endloop
  endfacet
  facet normal 0.711249 0.23082 0.663963
    outer loop
      vertex -11.3231 -13.1414 3.75
      vertex -12.0388 -13.3811 4.6
      vertex -12.0302 -13.4076 4.6
    endloop
  endfacet
  facet normal -0.0854671 0.74288 0.663946
    outer loop
      vertex -6.16703 -17.188 4.6
      vertex -5.62378 -17.1255 4.6
      vertex -6.21644 -16.434 3.75
    endloop
  endfacet
  facet normal 0.614908 0.425579 0.663905
    outer loop
      vertex -10.8809 -14.0381 3.75
      vertex -11.5067 -14.4599 4.6
      vertex -10.5961 -14.4496 3.75
    endloop
  endfacet
  facet normal 0.614657 0.425947 0.663902
    outer loop
      vertex -11.5067 -14.4599 4.6
      vertex -10.8809 -14.0381 3.75
      vertex -11.5225 -14.4371 4.6
    endloop
  endfacet
  facet normal 0.341626 0.665226 0.663902
    outer loop
      vertex -8.99136 -16.6658 4.6
      vertex -9.1 -15.7617 3.75
      vertex -9.47778 -16.416 4.6
    endloop
  endfacet
  facet normal 0.341589 0.665232 0.663915
    outer loop
      vertex -9.1 -15.7617 3.75
      vertex -8.96663 -16.6785 4.6
      vertex -8.65481 -15.9903 3.75
    endloop
  endfacet
  facet normal 0.341625 0.665226 0.663902
    outer loop
      vertex -8.96663 -16.6785 4.6
      vertex -9.1 -15.7617 3.75
      vertex -8.99136 -16.6658 4.6
    endloop
  endfacet
  facet normal 0.719351 -0.2043 0.663925
    outer loop
      vertex -11.5168 -10.1868 3.75
      vertex -12.245 -9.98854 4.6
      vertex -12.2526 -10.0153 4.6
    endloop
  endfacet
  facet normal 0.719029 -0.205454 0.663918
    outer loop
      vertex -12.245 -9.98854 4.6
      vertex -11.5168 -10.1868 3.75
      vertex -11.3793 -9.70559 3.75
    endloop
  endfacet
  facet normal 0.133879 0.735722 0.66392
    outer loop
      vertex -7.3143 -17.1504 4.6
      vertex -7.21568 -16.4013 3.75
      vertex -7.8523 -17.0525 4.6
    endloop
  endfacet
  facet normal -0.735726 0.133877 0.663916
    outer loop
      vertex -1.58323 -12.503 3.75
      vertex -0.842433 -12.6472 4.6
      vertex -1.49363 -12.0106 3.75
    endloop
  endfacet
  facet normal -0.735769 0.133647 0.663915
    outer loop
      vertex -0.842433 -12.6472 4.6
      vertex -1.58323 -12.503 3.75
      vertex -0.84741 -12.6746 4.6
    endloop
  endfacet
  facet normal 0.570162 0.483865 0.663921
    outer loop
      vertex -10.8417 -15.3265 4.6
      vertex -10.5961 -14.4496 3.75
      vertex -11.1955 -14.9096 4.6
    endloop
  endfacet
  facet normal 0.483814 -0.570207 0.663919
    outer loop
      vertex -10.5316 -7.05319 4.6
      vertex -10.0363 -7.62263 3.75
      vertex -9.65468 -7.29883 3.75
    endloop
  endfacet
  facet normal 0.48369 -0.570313 0.663918
    outer loop
      vertex -10.0363 -7.62263 3.75
      vertex -10.5316 -7.05319 4.6
      vertex -10.5528 -7.07117 4.6
    endloop
  endfacet
  facet normal 0.297464 -0.686105 0.663909
    outer loop
      vertex -8.80567 -6.77088 3.75
      vertex -8.61262 -5.86468 4.6
      vertex -8.63813 -5.87574 4.6
    endloop
  endfacet
  facet normal 0.297444 -0.686107 0.663916
    outer loop
      vertex -8.61262 -5.86468 4.6
      vertex -8.80567 -6.77088 3.75
      vertex -8.34648 -6.57181 3.75
    endloop
  endfacet
  facet normal -0.205331 -0.719064 0.663918
    outer loop
      vertex -4.91066 -6.51559 3.75
      vertex -4.66779 -5.80013 4.6
      vertex -5.19361 -5.64998 4.6
    endloop
  endfacet
  facet normal 0.653616 0.363336 0.663908
    outer loop
      vertex -11.1241 -13.6006 3.75
      vertex -11.7882 -13.9591 4.6
      vertex -10.8809 -14.0381 3.75
    endloop
  endfacet
  facet normal 0.653706 0.36317 0.663909
    outer loop
      vertex -11.7882 -13.9591 4.6
      vertex -11.1241 -13.6006 3.75
      vertex -11.8017 -13.9348 4.6
    endloop
  endfacet
  facet normal 0.719028 -0.205394 0.663937
    outer loop
      vertex -11.3793 -9.70559 3.75
      vertex -12.0948 -9.46273 4.6
      vertex -12.245 -9.98854 4.6
    endloop
  endfacet
  facet normal 0.686115 0.297449 0.663905
    outer loop
      vertex -11.8017 -13.9348 4.6
      vertex -11.1241 -13.6006 3.75
      vertex -12.0192 -13.4331 4.6
    endloop
  endfacet
  facet normal 0.464953 0.585718 0.663893
    outer loop
      vertex -9.98251 -16.0873 4.6
      vertex -9.52063 -15.4905 3.75
      vertex -9.91266 -15.1793 3.75
    endloop
  endfacet
  facet normal 0.465129 0.585579 0.663891
    outer loop
      vertex -9.52063 -15.4905 3.75
      vertex -9.98251 -16.0873 4.6
      vertex -9.96073 -16.1046 4.6
    endloop
  endfacet
  facet normal -0.747707 -0.0122366 0.663916
    outer loop
      vertex -0.697581 -11.5365 4.6
      vertex -0.706528 -10.9898 4.6
      vertex -1.45273 -11.5118 3.75
    endloop
  endfacet
  facet normal 0.686284 0.296044 0.664359
    outer loop
      vertex -11.1241 -13.6006 3.75
      vertex -12.0302 -13.4076 4.6
      vertex -12.0192 -13.4331 4.6
    endloop
  endfacet
  facet normal 0.686147 0.29735 0.663917
    outer loop
      vertex -12.0302 -13.4076 4.6
      vertex -11.1241 -13.6006 3.75
      vertex -11.3231 -13.1414 3.75
    endloop
  endfacet
  facet normal 0.0618567 0.745239 0.663922
    outer loop
      vertex -6.71687 -16.4422 3.75
      vertex -6.7693 -17.1951 4.6
      vertex -6.74159 -17.1974 4.6
    endloop
  endfacet
  facet normal 0.0611107 0.745296 0.663927
    outer loop
      vertex -6.7693 -17.1951 4.6
      vertex -6.71687 -16.4422 3.75
      vertex -7.21568 -16.4013 3.75
    endloop
  endfacet
  facet normal -0.157816 0.730971 0.66391
    outer loop
      vertex -5.03447 -17.001 4.6
      vertex -5.23002 -16.2712 3.75
      vertex -5.56898 -17.1164 4.6
    endloop
  endfacet
  facet normal 0.405215 0.628515 0.663905
    outer loop
      vertex -9.47778 -16.416 4.6
      vertex -9.1 -15.7617 3.75
      vertex -9.93736 -16.1197 4.6
    endloop
  endfacet
  facet normal 0.711984 0.228666 0.663921
    outer loop
      vertex -12.0388 -13.3811 4.6
      vertex -11.4762 -12.6649 3.75
      vertex -12.206 -12.8605 4.6
    endloop
  endfacet
  facet normal 0.520022 0.537388 0.663922
    outer loop
      vertex -10.4108 -15.7474 4.6
      vertex -9.91266 -15.1793 3.75
      vertex -10.8038 -15.3671 4.6
    endloop
  endfacet
  facet normal -0.665177 0.341683 0.663922
    outer loop
      vertex -1.47894 -14.2727 4.6
      vertex -1.22909 -13.7863 4.6
      vertex -2.13327 -13.8949 3.75
    endloop
  endfacet
  facet normal 0.570289 0.483782 0.663872
    outer loop
      vertex -10.8417 -15.3265 4.6
      vertex -10.2723 -14.8313 3.75
      vertex -10.5961 -14.4496 3.75
    endloop
  endfacet
  facet normal 0.571414 0.482468 0.66386
    outer loop
      vertex -10.2723 -14.8313 3.75
      vertex -10.8417 -15.3265 4.6
      vertex -10.8238 -15.3477 4.6
    endloop
  endfacet
  facet normal 0.653619 0.363319 0.663913
    outer loop
      vertex -11.5225 -14.4371 4.6
      vertex -10.8809 -14.0381 3.75
      vertex -11.7882 -13.9591 4.6
    endloop
  endfacet
  facet normal -0.712026 -0.228558 0.663913
    outer loop
      vertex -1.77688 -9.54846 3.75
      vertex -1.06125 -9.30879 4.6
      vertex -1.06975 -9.28231 4.6
    endloop
  endfacet
  facet normal -0.711968 -0.228737 0.663914
    outer loop
      vertex -1.06125 -9.30879 4.6
      vertex -1.77688 -9.54846 3.75
      vertex -1.62378 -10.025 3.75
    endloop
  endfacet
  facet normal 0.0122393 -0.747707 0.663916
    outer loop
      vertex -6.38313 -6.24766 3.75
      vertex -6.35841 -5.49251 4.6
      vertex -6.90517 -5.50146 4.6
    endloop
  endfacet
  facet normal 0.537371 -0.520072 0.663895
    outer loop
      vertex -10.3844 -7.98227 3.75
      vertex -10.5721 -7.09115 4.6
      vertex -10.9524 -7.4841 4.6
    endloop
  endfacet
  facet normal 0.628429 -0.405288 0.663941
    outer loop
      vertex -10.9667 -8.79493 3.75
      vertex -11.3247 -7.95757 4.6
      vertex -11.6211 -8.41716 4.6
    endloop
  endfacet
  facet normal 0.405225 0.628503 0.66391
    outer loop
      vertex -9.52063 -15.4905 3.75
      vertex -9.93736 -16.1197 4.6
      vertex -9.1 -15.7617 3.75
    endloop
  endfacet
  facet normal 0.405836 0.628104 0.663914
    outer loop
      vertex -9.93736 -16.1197 4.6
      vertex -9.52063 -15.4905 3.75
      vertex -9.96073 -16.1046 4.6
    endloop
  endfacet
  facet normal 0.48379 -0.570243 0.663905
    outer loop
      vertex -9.65468 -7.29883 3.75
      vertex -10.1146 -6.69941 4.6
      vertex -10.5316 -7.05319 4.6
    endloop
  endfacet
  facet normal -0.745306 0.0611312 0.663914
    outer loop
      vertex -1.45273 -11.5118 3.75
      vertex -0.699853 -11.5642 4.6
      vertex -0.697581 -11.5365 4.6
    endloop
  endfacet
  facet normal -0.745307 0.0611128 0.663914
    outer loop
      vertex -0.699853 -11.5642 4.6
      vertex -1.45273 -11.5118 3.75
      vertex -1.49363 -12.0106 3.75
    endloop
  endfacet
  facet normal 0.62934 -0.403941 0.6639
    outer loop
      vertex -11.3247 -7.95757 4.6
      vertex -10.6955 -8.3743 3.75
      vertex -11.3097 -7.9342 4.6
    endloop
  endfacet
  facet normal 0.628503 -0.405225 0.66391
    outer loop
      vertex -10.6955 -8.3743 3.75
      vertex -11.3247 -7.95757 4.6
      vertex -10.9667 -8.79493 3.75
    endloop
  endfacet
  facet normal 0.085533 -0.7429 0.663916
    outer loop
      vertex -7.38077 -6.31305 3.75
      vertex -7.47622 -5.56441 4.6
      vertex -7.50384 -5.56759 4.6
    endloop
  endfacet
  facet normal 0.0854655 -0.742908 0.663915
    outer loop
      vertex -7.47622 -5.56441 4.6
      vertex -7.38077 -6.31305 3.75
      vertex -6.88356 -6.25585 3.75
    endloop
  endfacet
  facet normal 0.745278 -0.0618823 0.663876
    outer loop
      vertex -11.6473 -11.1781 3.75
      vertex -12.4001 -11.1256 4.6
      vertex -12.4024 -11.1533 4.6
    endloop
  endfacet
  facet normal 0.745338 -0.0611031 0.663881
    outer loop
      vertex -12.4001 -11.1256 4.6
      vertex -11.6473 -11.1781 3.75
      vertex -11.6064 -10.6792 3.75
    endloop
  endfacet
  facet normal 0.747729 0.0121704 0.663892
    outer loop
      vertex -12.3935 -11.7001 4.6
      vertex -11.6473 -11.1781 3.75
      vertex -12.4024 -11.1533 4.6
    endloop
  endfacet
  facet normal -0.341671 -0.665188 0.663917
    outer loop
      vertex -4 -6.9282 3.75
      vertex -4.13337 -6.01132 4.6
      vertex -4.44519 -6.69953 3.75
    endloop
  endfacet
  facet normal -0.34161 -0.665199 0.663937
    outer loop
      vertex -4.13337 -6.01132 4.6
      vertex -4 -6.9282 3.75
      vertex -4.10864 -6.02402 4.6
    endloop
  endfacet
  facet normal 0.363257 -0.653652 0.663916
    outer loop
      vertex -9.24315 -7.014 3.75
      vertex -9.16415 -6.10675 4.6
      vertex -9.64213 -6.37238 4.6
    endloop
  endfacet
  facet normal 0.742924 0.0854643 0.663897
    outer loop
      vertex -12.3305 -12.2712 4.6
      vertex -11.6391 -11.6785 3.75
      vertex -12.393 -11.7279 4.6
    endloop
  endfacet
  facet normal 0.735566 -0.134719 0.663922
    outer loop
      vertex -12.2576 -10.0426 4.6
      vertex -11.5168 -10.1868 3.75
      vertex -12.2526 -10.0153 4.6
    endloop
  endfacet
  facet normal 0.735725 -0.133877 0.663917
    outer loop
      vertex -11.5168 -10.1868 3.75
      vertex -12.2576 -10.0426 4.6
      vertex -11.6064 -10.6792 3.75
    endloop
  endfacet
  facet normal 0.204511 0.719287 0.663929
    outer loop
      vertex -7.70809 -16.3117 3.75
      vertex -7.90639 -17.0399 4.6
      vertex -7.87966 -17.0475 4.6
    endloop
  endfacet
  facet normal 0.205298 0.719067 0.663924
    outer loop
      vertex -7.90639 -17.0399 4.6
      vertex -7.70809 -16.3117 3.75
      vertex -8.18934 -16.1743 3.75
    endloop
  endfacet
  facet normal -0.405077 -0.628595 0.663913
    outer loop
      vertex -3.16264 -6.5702 4.6
      vertex -3.57937 -7.19941 3.75
      vertex -3.13927 -6.58526 4.6
    endloop
  endfacet
  facet normal -0.405234 -0.628493 0.663914
    outer loop
      vertex -3.57937 -7.19941 3.75
      vertex -3.16264 -6.5702 4.6
      vertex -4 -6.9282 3.75
    endloop
  endfacet
  facet normal -0.65365 -0.363256 0.663918
    outer loop
      vertex -1.31182 -8.73078 4.6
      vertex -1.57745 -8.2528 4.6
      vertex -2.21907 -8.65179 3.75
    endloop
  endfacet
  facet normal 0.730934 0.157947 0.663918
    outer loop
      vertex -12.206 -12.8605 4.6
      vertex -11.4762 -12.6649 3.75
      vertex -12.3215 -12.326 4.6
    endloop
  endfacet
  facet normal 0.363167 -0.6537 0.663917
    outer loop
      vertex -9.16415 -6.10675 4.6
      vertex -8.80567 -6.77088 3.75
      vertex -9.13985 -6.09325 4.6
    endloop
  endfacet
  facet normal 0.363253 -0.653653 0.663917
    outer loop
      vertex -8.80567 -6.77088 3.75
      vertex -9.16415 -6.10675 4.6
      vertex -9.24315 -7.014 3.75
    endloop
  endfacet
  facet normal 0.614922 0.425537 0.663919
    outer loop
      vertex -11.1955 -14.9096 4.6
      vertex -10.5961 -14.4496 3.75
      vertex -11.5067 -14.4599 4.6
    endloop
  endfacet
  facet normal 0.695446 -0.274858 0.663934
    outer loop
      vertex -11.3793 -9.70559 3.75
      vertex -11.8938 -8.95416 4.6
      vertex -12.0948 -9.46273 4.6
    endloop
  endfacet
  facet normal -0.665177 0.341658 0.663935
    outer loop
      vertex -2.13327 -13.8949 3.75
      vertex -1.21639 -13.7616 4.6
      vertex -1.9046 -13.4497 3.75
    endloop
  endfacet
  facet normal -0.665121 0.341985 0.663823
    outer loop
      vertex -1.21639 -13.7616 4.6
      vertex -2.13327 -13.8949 3.75
      vertex -1.22909 -13.7863 4.6
    endloop
  endfacet
  facet normal 0.520012 0.537405 0.663915
    outer loop
      vertex -10.2723 -14.8313 3.75
      vertex -10.8038 -15.3671 4.6
      vertex -9.91266 -15.1793 3.75
    endloop
  endfacet
  facet normal 0.520664 0.536767 0.663921
    outer loop
      vertex -10.8038 -15.3671 4.6
      vertex -10.2723 -14.8313 3.75
      vertex -10.8238 -15.3477 4.6
    endloop
  endfacet
  facet normal 0.585721 -0.464945 0.663895
    outer loop
      vertex -10.3844 -7.98227 3.75
      vertex -10.9524 -7.4841 4.6
      vertex -11.2924 -7.91242 4.6
    endloop
  endfacet
  facet normal 0.464866 0.585753 0.663923
    outer loop
      vertex -9.98251 -16.0873 4.6
      vertex -9.91266 -15.1793 3.75
      vertex -10.4108 -15.7474 4.6
    endloop
  endfacet
  facet normal -0.719067 0.205347 0.663909
    outer loop
      vertex -1.0052 -13.2271 4.6
      vertex -0.855045 -12.7013 4.6
      vertex -1.72066 -12.9843 3.75
    endloop
  endfacet
  facet normal -0.71195 -0.228762 0.663924
    outer loop
      vertex -0.893969 -9.8294 4.6
      vertex -1.06125 -9.30879 4.6
      vertex -1.62378 -10.025 3.75
    endloop
  endfacet
  facet normal 0.425601 -0.614892 0.663907
    outer loop
      vertex -9.65468 -7.29883 3.75
      vertex -9.66499 -6.38821 4.6
      vertex -10.1146 -6.69941 4.6
    endloop
  endfacet
  facet normal -0.464951 -0.585693 0.663916
    outer loop
      vertex -3.57937 -7.19941 3.75
      vertex -3.11749 -6.60255 4.6
      vertex -3.13927 -6.58526 4.6
    endloop
  endfacet
  facet normal -0.464885 -0.585745 0.663916
    outer loop
      vertex -3.11749 -6.60255 4.6
      vertex -3.57937 -7.19941 3.75
      vertex -3.18734 -7.51055 3.75
    endloop
  endfacet
  facet normal -0.0613233 -0.745293 0.663911
    outer loop
      vertex -6.38313 -6.24766 3.75
      vertex -6.3307 -5.49479 4.6
      vertex -6.35841 -5.49251 4.6
    endloop
  endfacet
  facet normal -0.0611118 -0.745309 0.663912
    outer loop
      vertex -6.3307 -5.49479 4.6
      vertex -6.38313 -6.24766 3.75
      vertex -5.88432 -6.28856 3.75
    endloop
  endfacet
  facet normal -0.537326 0.52008 0.663926
    outer loop
      vertex -2.52785 -15.5987 4.6
      vertex -2.14756 -15.2058 4.6
      vertex -2.71562 -14.7076 3.75
    endloop
  endfacet
  facet normal -0.0107588 0.747735 0.66391
    outer loop
      vertex -6.21644 -16.434 3.75
      vertex -6.19483 -17.1884 4.6
      vertex -6.16703 -17.188 4.6
    endloop
  endfacet
  facet normal -0.0122518 0.747703 0.66392
    outer loop
      vertex -6.19483 -17.1884 4.6
      vertex -6.21644 -16.434 3.75
      vertex -6.71687 -16.4422 3.75
    endloop
  endfacet
  facet normal -0.71899 0.205599 0.663915
    outer loop
      vertex -1.58323 -12.503 3.75
      vertex -0.855045 -12.7013 4.6
      vertex -0.84741 -12.6746 4.6
    endloop
  endfacet
  facet normal -0.719067 0.205322 0.663917
    outer loop
      vertex -0.855045 -12.7013 4.6
      vertex -1.58323 -12.503 3.75
      vertex -1.72066 -12.9843 3.75
    endloop
  endfacet
  facet normal -0.483802 0.570184 0.663947
    outer loop
      vertex -2.98536 -15.9905 4.6
      vertex -2.56839 -15.6367 4.6
      vertex -3.44532 -15.391 3.75
    endloop
  endfacet
  facet normal 0.665192 -0.341607 0.663946
    outer loop
      vertex -11.8836 -8.9283 4.6
      vertex -10.9667 -8.79493 3.75
      vertex -11.8709 -8.90357 4.6
    endloop
  endfacet
  facet normal 0.665176 -0.341702 0.663914
    outer loop
      vertex -10.9667 -8.79493 3.75
      vertex -11.8836 -8.9283 4.6
      vertex -11.1954 -9.24013 3.75
    endloop
  endfacet
  facet normal -0.537324 0.520081 0.663926
    outer loop
      vertex -3.06368 -15.0672 3.75
      vertex -2.52785 -15.5987 4.6
      vertex -2.71562 -14.7076 3.75
    endloop
  endfacet
  facet normal -0.53757 0.51983 0.663924
    outer loop
      vertex -2.52785 -15.5987 4.6
      vertex -3.06368 -15.0672 3.75
      vertex -2.54719 -15.6187 4.6
    endloop
  endfacet
  facet normal 0.297447 -0.686107 0.663915
    outer loop
      vertex -8.80567 -6.77088 3.75
      vertex -8.63813 -5.87574 4.6
      vertex -9.13985 -6.09325 4.6
    endloop
  endfacet
  facet normal -0.464874 -0.585749 0.66392
    outer loop
      vertex -2.68916 -6.94249 4.6
      vertex -3.11749 -6.60255 4.6
      vertex -3.18734 -7.51055 3.75
    endloop
  endfacet
  facet normal 0.157872 -0.730955 0.663914
    outer loop
      vertex -7.38077 -6.31305 3.75
      vertex -7.53102 -5.57346 4.6
      vertex -7.86998 -6.41871 3.75
    endloop
  endfacet
  facet normal 0.157863 -0.730956 0.663914
    outer loop
      vertex -7.53102 -5.57346 4.6
      vertex -7.38077 -6.31305 3.75
      vertex -7.50384 -5.56759 4.6
    endloop
  endfacet
  facet normal -0.29744 0.686123 0.663901
    outer loop
      vertex -3.96015 -16.5966 4.6
      vertex -4.29433 -15.919 3.75
      vertex -4.46187 -16.8141 4.6
    endloop
  endfacet
  facet normal -0.13388 -0.735726 0.663915
    outer loop
      vertex -5.2477 -5.63737 4.6
      vertex -5.7857 -5.53947 4.6
      vertex -5.88432 -6.28856 3.75
    endloop
  endfacet
  facet normal -0.686105 -0.297464 0.663909
    outer loop
      vertex -1.97595 -9.08926 3.75
      vertex -1.06975 -9.28231 4.6
      vertex -1.08081 -9.2568 4.6
    endloop
  endfacet
  facet normal -0.686108 -0.297438 0.663918
    outer loop
      vertex -1.06975 -9.28231 4.6
      vertex -1.97595 -9.08926 3.75
      vertex -1.77688 -9.54846 3.75
    endloop
  endfacet
  facet normal -0.686108 -0.29744 0.663917
    outer loop
      vertex -1.08081 -9.2568 4.6
      vertex -1.29831 -8.75509 4.6
      vertex -1.97595 -9.08926 3.75
    endloop
  endfacet
  facet normal 0.425732 -0.614797 0.663911
    outer loop
      vertex -9.66499 -6.38821 4.6
      vertex -9.24315 -7.014 3.75
      vertex -9.64213 -6.37238 4.6
    endloop
  endfacet
  facet normal 0.425585 -0.614897 0.663912
    outer loop
      vertex -9.24315 -7.014 3.75
      vertex -9.66499 -6.38821 4.6
      vertex -9.65468 -7.29883 3.75
    endloop
  endfacet
  facet normal -0.27483 -0.695473 0.663917
    outer loop
      vertex -4.44519 -6.69953 3.75
      vertex -4.15923 -6.0011 4.6
      vertex -4.91066 -6.51559 3.75
    endloop
  endfacet
  facet normal -0.274851 -0.695464 0.663917
    outer loop
      vertex -4.15923 -6.0011 4.6
      vertex -4.44519 -6.69953 3.75
      vertex -4.13337 -6.01132 4.6
    endloop
  endfacet
  facet normal 0.742922 0.0854689 0.663899
    outer loop
      vertex -12.3305 -12.2712 4.6
      vertex -11.5819 -12.1757 3.75
      vertex -11.6391 -11.6785 3.75
    endloop
  endfacet
  facet normal 0.742843 0.0861267 0.663903
    outer loop
      vertex -11.5819 -12.1757 3.75
      vertex -12.3305 -12.2712 4.6
      vertex -12.3273 -12.2988 4.6
    endloop
  endfacet
  facet normal -0.570232 -0.48379 0.663915
    outer loop
      vertex -1.90448 -7.7803 4.6
      vertex -2.25825 -7.36332 4.6
      vertex -2.5039 -8.24025 3.75
    endloop
  endfacet
  facet normal 0.53786 -0.519555 0.663904
    outer loop
      vertex -10.5721 -7.09115 4.6
      vertex -10.0363 -7.62263 3.75
      vertex -10.5528 -7.07117 4.6
    endloop
  endfacet
  facet normal 0.537334 -0.520093 0.663909
    outer loop
      vertex -10.0363 -7.62263 3.75
      vertex -10.5721 -7.09115 4.6
      vertex -10.3844 -7.98227 3.75
    endloop
  endfacet
  facet normal -0.695452 0.274864 0.663925
    outer loop
      vertex -1.9046 -13.4497 3.75
      vertex -1.20617 -13.7357 4.6
      vertex -1.72066 -12.9843 3.75
    endloop
  endfacet
  facet normal -0.695606 0.274482 0.663922
    outer loop
      vertex -1.20617 -13.7357 4.6
      vertex -1.9046 -13.4497 3.75
      vertex -1.21639 -13.7616 4.6
    endloop
  endfacet
  facet normal 0.66519 -0.341614 0.663944
    outer loop
      vertex -10.9667 -8.79493 3.75
      vertex -11.6211 -8.41716 4.6
      vertex -11.8709 -8.90357 4.6
    endloop
  endfacet
  facet normal 0.745315 -0.0609927 0.663917
    outer loop
      vertex -11.6064 -10.6792 3.75
      vertex -12.3555 -10.5806 4.6
      vertex -12.4001 -11.1256 4.6
    endloop
  endfacet
  facet normal -0.0611015 -0.745307 0.663915
    outer loop
      vertex -5.88432 -6.28856 3.75
      vertex -5.7857 -5.53947 4.6
      vertex -6.3307 -5.49479 4.6
    endloop
  endfacet
  facet normal -0.157786 0.730968 0.663919
    outer loop
      vertex -5.71923 -16.3768 3.75
      vertex -5.56898 -17.1164 4.6
      vertex -5.23002 -16.2712 3.75
    endloop
  endfacet
  facet normal -0.158634 0.73079 0.663914
    outer loop
      vertex -5.56898 -17.1164 4.6
      vertex -5.71923 -16.3768 3.75
      vertex -5.59616 -17.1223 4.6
    endloop
  endfacet
  facet normal -0.274833 -0.695471 0.663918
    outer loop
      vertex -4.15923 -6.0011 4.6
      vertex -4.66779 -5.80013 4.6
      vertex -4.91066 -6.51559 3.75
    endloop
  endfacet
  facet normal 0.731348 0.155949 0.663935
    outer loop
      vertex -12.3215 -12.326 4.6
      vertex -11.5819 -12.1757 3.75
      vertex -12.3273 -12.2988 4.6
    endloop
  endfacet
  facet normal 0.730933 0.157931 0.663924
    outer loop
      vertex -11.5819 -12.1757 3.75
      vertex -12.3215 -12.326 4.6
      vertex -11.4762 -12.6649 3.75
    endloop
  endfacet
  facet normal 0.695661 -0.274391 0.663902
    outer loop
      vertex -11.8938 -8.95416 4.6
      vertex -11.1954 -9.24013 3.75
      vertex -11.8836 -8.9283 4.6
    endloop
  endfacet
  facet normal 0.695501 -0.274788 0.663905
    outer loop
      vertex -11.1954 -9.24013 3.75
      vertex -11.8938 -8.95416 4.6
      vertex -11.3793 -9.70559 3.75
    endloop
  endfacet
  facet normal -0.570181 -0.483847 0.663916
    outer loop
      vertex -2.82769 -7.85861 3.75
      vertex -2.25825 -7.36332 4.6
      vertex -2.27624 -7.34212 4.6
    endloop
  endfacet
  facet normal -0.570229 -0.483792 0.663916
    outer loop
      vertex -2.25825 -7.36332 4.6
      vertex -2.82769 -7.85861 3.75
      vertex -2.5039 -8.24025 3.75
    endloop
  endfacet
  facet normal -0.65365 -0.363258 0.663917
    outer loop
      vertex -1.31182 -8.73078 4.6
      vertex -1.97595 -9.08926 3.75
      vertex -1.29831 -8.75509 4.6
    endloop
  endfacet
  facet normal -0.653649 -0.36326 0.663917
    outer loop
      vertex -1.97595 -9.08926 3.75
      vertex -1.31182 -8.73078 4.6
      vertex -2.21907 -8.65179 3.75
    endloop
  endfacet
  facet normal -0.405239 -0.628487 0.663917
    outer loop
      vertex -3.16264 -6.5702 4.6
      vertex -3.62222 -6.27387 4.6
      vertex -4 -6.9282 3.75
    endloop
  endfacet
  facet normal -0.735729 0.13387 0.663913
    outer loop
      vertex -0.842433 -12.6472 4.6
      vertex -0.744541 -12.1092 4.6
      vertex -1.49363 -12.0106 3.75
    endloop
  endfacet
  facet normal 0.157867 -0.730954 0.663916
    outer loop
      vertex -7.86998 -6.41871 3.75
      vertex -7.53102 -5.57346 4.6
      vertex -8.06553 -5.6889 4.6
    endloop
  endfacet
  facet normal 0.585763 -0.464839 0.663932
    outer loop
      vertex -11.2924 -7.91242 4.6
      vertex -10.6955 -8.3743 3.75
      vertex -10.3844 -7.98227 3.75
    endloop
  endfacet
  facet normal 0.585552 -0.465108 0.66393
    outer loop
      vertex -10.6955 -8.3743 3.75
      vertex -11.2924 -7.91242 4.6
      vertex -11.3097 -7.9342 4.6
    endloop
  endfacet
  facet normal -0.584882 0.466019 0.663882
    outer loop
      vertex -2.40448 -14.3156 3.75
      vertex -1.80762 -14.7774 4.6
      vertex -1.79033 -14.7557 4.6
    endloop
  endfacet
  facet normal -0.585745 0.46492 0.663892
    outer loop
      vertex -1.80762 -14.7774 4.6
      vertex -2.40448 -14.3156 3.75
      vertex -2.71562 -14.7076 3.75
    endloop
  endfacet
  facet normal -0.363236 0.653675 0.663904
    outer loop
      vertex -4.29433 -15.919 3.75
      vertex -3.93585 -16.5831 4.6
      vertex -3.85685 -15.6759 3.75
    endloop
  endfacet
  facet normal -0.363172 0.65371 0.663904
    outer loop
      vertex -3.93585 -16.5831 4.6
      vertex -4.29433 -15.919 3.75
      vertex -3.96015 -16.5966 4.6
    endloop
  endfacet
  facet normal -0.614893 -0.425587 0.663915
    outer loop
      vertex -1.59327 -8.22994 4.6
      vertex -1.90448 -7.7803 4.6
      vertex -2.5039 -8.24025 3.75
    endloop
  endfacet
  facet normal -0.745307 0.0611125 0.663914
    outer loop
      vertex -0.744541 -12.1092 4.6
      vertex -0.699853 -11.5642 4.6
      vertex -1.49363 -12.0106 3.75
    endloop
  endfacet
  facet normal 0.085457 -0.742911 0.663912
    outer loop
      vertex -6.88356 -6.25585 3.75
      vertex -6.93297 -5.50192 4.6
      vertex -7.47622 -5.56441 4.6
    endloop
  endfacet
  facet normal -0.614916 -0.425546 0.663919
    outer loop
      vertex -1.59327 -8.22994 4.6
      vertex -2.21907 -8.65179 3.75
      vertex -1.57745 -8.2528 4.6
    endloop
  endfacet
  facet normal -0.614897 -0.425575 0.663919
    outer loop
      vertex -2.21907 -8.65179 3.75
      vertex -1.59327 -8.22994 4.6
      vertex -2.5039 -8.24025 3.75
    endloop
  endfacet
  facet normal -0.695488 0.274818 0.663906
    outer loop
      vertex -1.20617 -13.7357 4.6
      vertex -1.0052 -13.2271 4.6
      vertex -1.72066 -12.9843 3.75
    endloop
  endfacet
  facet normal 0.747703 0.0122525 0.66392
    outer loop
      vertex -12.3935 -11.7001 4.6
      vertex -11.6391 -11.6785 3.75
      vertex -11.6473 -11.1781 3.75
    endloop
  endfacet
  facet normal 0.747677 0.0134474 0.663927
    outer loop
      vertex -11.6391 -11.6785 3.75
      vertex -12.3935 -11.7001 4.6
      vertex -12.393 -11.7279 4.6
    endloop
  endfacet
  facet normal -0.36323 0.653676 0.663906
    outer loop
      vertex -3.45787 -16.3175 4.6
      vertex -3.85685 -15.6759 3.75
      vertex -3.93585 -16.5831 4.6
    endloop
  endfacet
  facet normal -0.520057 -0.537356 0.66392
    outer loop
      vertex -2.29622 -7.32278 4.6
      vertex -2.68916 -6.94249 4.6
      vertex -3.18734 -7.51055 3.75
    endloop
  endfacet
  facet normal -0.0860605 0.74281 0.663948
    outer loop
      vertex -5.71923 -16.3768 3.75
      vertex -5.62378 -17.1255 4.6
      vertex -5.59616 -17.1223 4.6
    endloop
  endfacet
  facet normal -0.0854626 0.742882 0.663945
    outer loop
      vertex -5.62378 -17.1255 4.6
      vertex -5.71923 -16.3768 3.75
      vertex -6.21644 -16.434 3.75
    endloop
  endfacet
  facet normal -0.0123074 0.747686 0.663939
    outer loop
      vertex -6.19483 -17.1884 4.6
      vertex -6.71687 -16.4422 3.75
      vertex -6.74159 -17.1974 4.6
    endloop
  endfacet
  facet normal -0.585783 0.464825 0.663925
    outer loop
      vertex -2.14756 -15.2058 4.6
      vertex -1.80762 -14.7774 4.6
      vertex -2.71562 -14.7076 3.75
    endloop
  endfacet
  facet normal 0.735723 -0.13388 0.663918
    outer loop
      vertex -11.6064 -10.6792 3.75
      vertex -12.2576 -10.0426 4.6
      vertex -12.3555 -10.5806 4.6
    endloop
  endfacet
  facet normal -0.742909 -0.0854557 0.663915
    outer loop
      vertex -0.706983 -10.962 4.6
      vertex -0.769478 -10.4187 4.6
      vertex -1.46092 -11.0114 3.75
    endloop
  endfacet
  facet normal -0.48399 0.570033 0.66394
    outer loop
      vertex -3.06368 -15.0672 3.75
      vertex -2.56839 -15.6367 4.6
      vertex -2.54719 -15.6187 4.6
    endloop
  endfacet
  facet normal -0.483788 0.570206 0.663938
    outer loop
      vertex -2.56839 -15.6367 4.6
      vertex -3.06368 -15.0672 3.75
      vertex -3.44532 -15.391 3.75
    endloop
  endfacet
  facet normal -0.133875 -0.735729 0.663913
    outer loop
      vertex -5.39191 -6.37816 3.75
      vertex -5.2477 -5.63737 4.6
      vertex -5.88432 -6.28856 3.75
    endloop
  endfacet
  facet normal -0.133654 -0.73577 0.663912
    outer loop
      vertex -5.2477 -5.63737 4.6
      vertex -5.39191 -6.37816 3.75
      vertex -5.22034 -5.64234 4.6
    endloop
  endfacet
  facet normal -0.20551 -0.719017 0.663913
    outer loop
      vertex -5.39191 -6.37816 3.75
      vertex -5.19361 -5.64998 4.6
      vertex -5.22034 -5.64234 4.6
    endloop
  endfacet
  facet normal -0.205342 -0.719064 0.663914
    outer loop
      vertex -5.19361 -5.64998 4.6
      vertex -5.39191 -6.37816 3.75
      vertex -4.91066 -6.51559 3.75
    endloop
  endfacet
  facet normal -0.742895 -0.0855406 0.66392
    outer loop
      vertex -1.51812 -10.5142 3.75
      vertex -0.769478 -10.4187 4.6
      vertex -0.772656 -10.3911 4.6
    endloop
  endfacet
  facet normal -0.742904 -0.0854669 0.663919
    outer loop
      vertex -0.769478 -10.4187 4.6
      vertex -1.51812 -10.5142 3.75
      vertex -1.46092 -11.0114 3.75
    endloop
  endfacet
  facet normal -0.747707 -0.0122377 0.663916
    outer loop
      vertex -1.46092 -11.0114 3.75
      vertex -0.706528 -10.9898 4.6
      vertex -0.706983 -10.962 4.6
    endloop
  endfacet
  facet normal -0.747707 -0.0122377 0.663916
    outer loop
      vertex -0.706528 -10.9898 4.6
      vertex -1.46092 -11.0114 3.75
      vertex -1.45273 -11.5118 3.75
    endloop
  endfacet
  facet normal 0.0123721 -0.747705 0.663916
    outer loop
      vertex -6.88356 -6.25585 3.75
      vertex -6.90517 -5.50146 4.6
      vertex -6.93297 -5.50192 4.6
    endloop
  endfacet
  facet normal 0.0122369 -0.747708 0.663915
    outer loop
      vertex -6.90517 -5.50146 4.6
      vertex -6.88356 -6.25585 3.75
      vertex -6.38313 -6.24766 3.75
    endloop
  endfacet
  facet normal -0.520104 -0.537315 0.663916
    outer loop
      vertex -2.29622 -7.32278 4.6
      vertex -2.82769 -7.85861 3.75
      vertex -2.27624 -7.34212 4.6
    endloop
  endfacet
  facet normal -0.52005 -0.537367 0.663916
    outer loop
      vertex -2.82769 -7.85861 3.75
      vertex -2.29622 -7.32278 4.6
      vertex -3.18734 -7.51055 3.75
    endloop
  endfacet
  facet normal 0.228636 -0.712001 0.663913
    outer loop
      vertex -8.34648 -6.57181 3.75
      vertex -8.58615 -5.85618 4.6
      vertex -8.61262 -5.86468 4.6
    endloop
  endfacet
  facet normal 0.228754 -0.711962 0.663914
    outer loop
      vertex -8.58615 -5.85618 4.6
      vertex -8.34648 -6.57181 3.75
      vertex -7.86998 -6.41871 3.75
    endloop
  endfacet
  facet normal 0.228759 -0.711959 0.663916
    outer loop
      vertex -7.86998 -6.41871 3.75
      vertex -8.06553 -5.6889 4.6
      vertex -8.58615 -5.85618 4.6
    endloop
  endfacet
  facet normal -0.425654 0.614845 0.663915
    outer loop
      vertex -3.85685 -15.6759 3.75
      vertex -3.43501 -16.3017 4.6
      vertex -3.44532 -15.391 3.75
    endloop
  endfacet
  facet normal -0.425182 0.615168 0.663919
    outer loop
      vertex -3.43501 -16.3017 4.6
      vertex -3.85685 -15.6759 3.75
      vertex -3.45787 -16.3175 4.6
    endloop
  endfacet
  facet normal -0.341674 -0.665187 0.663917
    outer loop
      vertex -4 -6.9282 3.75
      vertex -3.62222 -6.27387 4.6
      vertex -4.10864 -6.02402 4.6
    endloop
  endfacet
  facet normal 0.0611283 0.7453 0.663921
    outer loop
      vertex -6.7693 -17.1951 4.6
      vertex -7.21568 -16.4013 3.75
      vertex -7.3143 -17.1504 4.6
    endloop
  endfacet
  facet normal -0.730948 -0.157872 0.663922
    outer loop
      vertex -0.778526 -10.3639 4.6
      vertex -0.893969 -9.8294 4.6
      vertex -1.62378 -10.025 3.75
    endloop
  endfacet
  facet normal -0.730948 -0.157874 0.663921
    outer loop
      vertex -1.51812 -10.5142 3.75
      vertex -0.778526 -10.3639 4.6
      vertex -1.62378 -10.025 3.75
    endloop
  endfacet
  facet normal -0.730974 -0.157751 0.663922
    outer loop
      vertex -0.778526 -10.3639 4.6
      vertex -1.51812 -10.5142 3.75
      vertex -0.772656 -10.3911 4.6
    endloop
  endfacet
  facet normal -0.628527 0.405188 0.66391
    outer loop
      vertex -2.40448 -14.3156 3.75
      vertex -1.77526 -14.7323 4.6
      vertex -2.13327 -13.8949 3.75
    endloop
  endfacet
  facet normal -0.628713 0.404902 0.663908
    outer loop
      vertex -1.77526 -14.7323 4.6
      vertex -2.40448 -14.3156 3.75
      vertex -1.79033 -14.7557 4.6
    endloop
  endfacet
  facet normal -0.298493 0.685996 0.66356
    outer loop
      vertex -4.29433 -15.919 3.75
      vertex -4.48738 -16.8252 4.6
      vertex -4.46187 -16.8141 4.6
    endloop
  endfacet
  facet normal -0.297487 0.686102 0.663901
    outer loop
      vertex -4.48738 -16.8252 4.6
      vertex -4.29433 -15.919 3.75
      vertex -4.75352 -16.1181 3.75
    endloop
  endfacet
  facet normal -0.228785 0.711955 0.66391
    outer loop
      vertex -5.03447 -17.001 4.6
      vertex -4.51385 -16.8337 4.6
      vertex -5.23002 -16.2712 3.75
    endloop
  endfacet
  facet normal -0.425553 0.614878 0.66395
    outer loop
      vertex -3.43501 -16.3017 4.6
      vertex -2.98536 -15.9905 4.6
      vertex -3.44532 -15.391 3.75
    endloop
  endfacet
  facet normal -0.22864 0.712012 0.663899
    outer loop
      vertex -4.75352 -16.1181 3.75
      vertex -4.51385 -16.8337 4.6
      vertex -4.48738 -16.8252 4.6
    endloop
  endfacet
  facet normal -0.228758 0.711974 0.6639
    outer loop
      vertex -4.51385 -16.8337 4.6
      vertex -4.75352 -16.1181 3.75
      vertex -5.23002 -16.2712 3.75
    endloop
  endfacet
  facet normal 0.205401 0.719068 0.663891
    outer loop
      vertex -7.90639 -17.0399 4.6
      vertex -8.18934 -16.1743 3.75
      vertex -8.43221 -16.8897 4.6
    endloop
  endfacet
  facet normal -0.628497 0.405214 0.663923
    outer loop
      vertex -1.77526 -14.7323 4.6
      vertex -1.47894 -14.2727 4.6
      vertex -2.13327 -13.8949 3.75
    endloop
  endfacet
  facet normal 0.133874 0.735724 0.663918
    outer loop
      vertex -7.70809 -16.3117 3.75
      vertex -7.8523 -17.0525 4.6
      vertex -7.21568 -16.4013 3.75
    endloop
  endfacet
  facet normal 0.134433 0.735619 0.663922
    outer loop
      vertex -7.8523 -17.0525 4.6
      vertex -7.70809 -16.3117 3.75
      vertex -7.87966 -17.0475 4.6
    endloop
  endfacet
  facet normal 0.274758 0.695525 0.663893
    outer loop
      vertex -8.43221 -16.8897 4.6
      vertex -8.18934 -16.1743 3.75
      vertex -8.94077 -16.6888 4.6
    endloop
  endfacet
  facet normal 0.274897 0.695415 0.66395
    outer loop
      vertex -8.65481 -15.9903 3.75
      vertex -8.94077 -16.6888 4.6
      vertex -8.18934 -16.1743 3.75
    endloop
  endfacet
  facet normal 0.276695 0.694692 0.66396
    outer loop
      vertex -8.94077 -16.6888 4.6
      vertex -8.65481 -15.9903 3.75
      vertex -8.96663 -16.6785 4.6
    endloop
  endfacet
  facet normal -0.621738 0.783226 0
    outer loop
      vertex 9.91266 -15.1793 0
      vertex 9.52063 -15.4905 3.75
      vertex 9.91266 -15.1793 3.75
    endloop
  endfacet
  facet normal -0.621738 0.783226 0
    outer loop
      vertex 9.52063 -15.4905 3.75
      vertex 9.91266 -15.1793 0
      vertex 9.52063 -15.4905 0
    endloop
  endfacet
  facet normal -0.541881 0.840455 0
    outer loop
      vertex 9.52063 -15.4905 0
      vertex 9.1 -15.7617 3.75
      vertex 9.52063 -15.4905 3.75
    endloop
  endfacet
  facet normal -0.541881 0.840455 0
    outer loop
      vertex 9.1 -15.7617 3.75
      vertex 9.52063 -15.4905 0
      vertex 9.1 -15.7617 0
    endloop
  endfacet
  facet normal -0.695381 0.718641 0
    outer loop
      vertex 10.2723 -14.8313 0
      vertex 9.91266 -15.1793 3.75
      vertex 10.2723 -14.8313 3.75
    endloop
  endfacet
  facet normal -0.695381 0.718641 0
    outer loop
      vertex 9.91266 -15.1793 3.75
      vertex 10.2723 -14.8313 0
      vertex 9.91266 -15.1793 0
    endloop
  endfacet
  facet normal 0.569203 0.822197 -0
    outer loop
      vertex 3.85685 -15.6759 0
      vertex 3.44532 -15.391 3.75
      vertex 3.85685 -15.6759 3.75
    endloop
  endfacet
  facet normal 0.569203 0.822197 0
    outer loop
      vertex 3.44532 -15.391 3.75
      vertex 3.85685 -15.6759 0
      vertex 3.44532 -15.391 0
    endloop
  endfacet
  facet normal -0.996656 -0.0817063 0
    outer loop
      vertex 11.6473 -11.1781 0
      vertex 11.6064 -10.6792 3.75
      vertex 11.6064 -10.6792 0
    endloop
  endfacet
  facet normal -0.996656 -0.0817063 0
    outer loop
      vertex 11.6064 -10.6792 3.75
      vertex 11.6473 -11.1781 0
      vertex 11.6473 -11.1781 3.75
    endloop
  endfacet
  facet normal -0.569108 -0.822263 0
    outer loop
      vertex 9.24315 -7.014 0
      vertex 9.65468 -7.29883 3.75
      vertex 9.24315 -7.014 3.75
    endloop
  endfacet
  facet normal -0.569108 -0.822263 -0
    outer loop
      vertex 9.65468 -7.29883 3.75
      vertex 9.24315 -7.014 0
      vertex 9.65468 -7.29883 0
    endloop
  endfacet
  facet normal -0.993447 0.11429 0
    outer loop
      vertex 11.5819 -12.1757 0
      vertex 11.6391 -11.6785 3.75
      vertex 11.6391 -11.6785 0
    endloop
  endfacet
  facet normal -0.993447 0.11429 0
    outer loop
      vertex 11.6391 -11.6785 3.75
      vertex 11.5819 -12.1757 0
      vertex 11.5819 -12.1757 3.75
    endloop
  endfacet
  facet normal -0.961518 -0.274742 0
    outer loop
      vertex 11.5168 -10.1868 0
      vertex 11.3793 -9.70559 3.75
      vertex 11.3793 -9.70559 0
    endloop
  endfacet
  facet normal -0.961518 -0.274742 0
    outer loop
      vertex 11.3793 -9.70559 3.75
      vertex 11.5168 -10.1868 0
      vertex 11.5168 -10.1868 3.75
    endloop
  endfacet
  facet normal 0.274592 -0.961561 0
    outer loop
      vertex 4.91066 -6.51559 0
      vertex 5.39191 -6.37816 3.75
      vertex 4.91066 -6.51559 3.75
    endloop
  endfacet
  facet normal 0.274592 -0.961561 0
    outer loop
      vertex 5.39191 -6.37816 3.75
      vertex 4.91066 -6.51559 0
      vertex 5.39191 -6.37816 0
    endloop
  endfacet
  facet normal 0.485728 0.87411 -0
    outer loop
      vertex 4.29433 -15.919 0
      vertex 3.85685 -15.6759 3.75
      vertex 4.29433 -15.919 3.75
    endloop
  endfacet
  facet normal 0.485728 0.87411 0
    outer loop
      vertex 3.85685 -15.6759 3.75
      vertex 4.29433 -15.919 0
      vertex 3.85685 -15.6759 0
    endloop
  endfacet
  facet normal -0.822271 0.569096 0
    outer loop
      vertex 10.5961 -14.4496 0
      vertex 10.8809 -14.0381 3.75
      vertex 10.8809 -14.0381 0
    endloop
  endfacet
  facet normal -0.822271 0.569096 0
    outer loop
      vertex 10.8809 -14.0381 3.75
      vertex 10.5961 -14.4496 0
      vertex 10.5961 -14.4496 3.75
    endloop
  endfacet
  facet normal -0.718541 -0.695485 0
    outer loop
      vertex 10.3844 -7.98227 0
      vertex 10.0363 -7.62263 3.75
      vertex 10.0363 -7.62263 0
    endloop
  endfacet
  facet normal -0.718541 -0.695485 0
    outer loop
      vertex 10.0363 -7.62263 3.75
      vertex 10.3844 -7.98227 0
      vertex 10.3844 -7.98227 3.75
    endloop
  endfacet
  facet normal -0.999866 0.0163847 0
    outer loop
      vertex 11.6391 -11.6785 0
      vertex 11.6473 -11.1781 3.75
      vertex 11.6473 -11.1781 0
    endloop
  endfacet
  facet normal -0.999866 0.0163847 0
    outer loop
      vertex 11.6473 -11.1781 3.75
      vertex 11.6391 -11.6785 0
      vertex 11.6391 -11.6785 3.75
    endloop
  endfacet
  facet normal 0.367515 -0.930017 0
    outer loop
      vertex 4.44519 -6.69953 0
      vertex 4.91066 -6.51559 3.75
      vertex 4.44519 -6.69953 3.75
    endloop
  endfacet
  facet normal 0.367515 -0.930017 0
    outer loop
      vertex 4.91066 -6.51559 3.75
      vertex 4.44519 -6.69953 0
      vertex 4.91066 -6.51559 0
    endloop
  endfacet
  facet normal -0.456787 0.889576 0
    outer loop
      vertex 9.1 -15.7617 0
      vertex 8.65481 -15.9903 3.75
      vertex 9.1 -15.7617 3.75
    endloop
  endfacet
  facet normal -0.456787 0.889576 0
    outer loop
      vertex 8.65481 -15.9903 3.75
      vertex 9.1 -15.7617 0
      vertex 8.65481 -15.9903 0
    endloop
  endfacet
  facet normal 0.993447 -0.11429 0
    outer loop
      vertex 1.46092 -11.0114 3.75
      vertex 1.51812 -10.5142 0
      vertex 1.51812 -10.5142 3.75
    endloop
  endfacet
  facet normal 0.993447 -0.11429 0
    outer loop
      vertex 1.51812 -10.5142 0
      vertex 1.46092 -11.0114 3.75
      vertex 1.46092 -11.0114 0
    endloop
  endfacet
  facet normal 0.718542 0.695483 0
    outer loop
      vertex 3.06368 -15.0672 3.75
      vertex 2.71562 -14.7076 0
      vertex 2.71562 -14.7076 3.75
    endloop
  endfacet
  facet normal 0.718542 0.695483 0
    outer loop
      vertex 2.71562 -14.7076 0
      vertex 3.06368 -15.0672 3.75
      vertex 3.06368 -15.0672 0
    endloop
  endfacet
  facet normal -0.917546 0.39763 0
    outer loop
      vertex 11.1241 -13.6006 0
      vertex 11.3231 -13.1414 3.75
      vertex 11.3231 -13.1414 0
    endloop
  endfacet
  facet normal -0.917546 0.39763 0
    outer loop
      vertex 11.3231 -13.1414 3.75
      vertex 11.1241 -13.6006 0
      vertex 11.1241 -13.6006 3.75
    endloop
  endfacet
  facet normal 0.783261 0.621693 0
    outer loop
      vertex 2.71562 -14.7076 3.75
      vertex 2.40448 -14.3156 0
      vertex 2.40448 -14.3156 3.75
    endloop
  endfacet
  facet normal 0.783261 0.621693 0
    outer loop
      vertex 2.40448 -14.3156 0
      vertex 2.71562 -14.7076 3.75
      vertex 2.71562 -14.7076 0
    endloop
  endfacet
  facet normal 0.179023 -0.983845 0
    outer loop
      vertex 5.39191 -6.37816 0
      vertex 5.88432 -6.28856 3.75
      vertex 5.39191 -6.37816 3.75
    endloop
  endfacet
  facet normal 0.179023 -0.983845 0
    outer loop
      vertex 5.88432 -6.28856 3.75
      vertex 5.39191 -6.37816 0
      vertex 5.88432 -6.28856 0
    endloop
  endfacet
  facet normal 0.646959 0.762525 -0
    outer loop
      vertex 3.44532 -15.391 0
      vertex 3.06368 -15.0672 3.75
      vertex 3.44532 -15.391 3.75
    endloop
  endfacet
  facet normal 0.646959 0.762525 0
    outer loop
      vertex 3.06368 -15.0672 3.75
      vertex 3.44532 -15.391 0
      vertex 3.06368 -15.0672 0
    endloop
  endfacet
  facet normal -0.367619 0.929976 0
    outer loop
      vertex 8.65481 -15.9903 0
      vertex 8.18934 -16.1743 3.75
      vertex 8.65481 -15.9903 3.75
    endloop
  endfacet
  facet normal -0.367619 0.929976 0
    outer loop
      vertex 8.18934 -16.1743 3.75
      vertex 8.65481 -15.9903 0
      vertex 8.18934 -16.1743 0
    endloop
  endfacet
  facet normal 0.762535 -0.646948 0
    outer loop
      vertex 2.5039 -8.24025 3.75
      vertex 2.82769 -7.85861 0
      vertex 2.82769 -7.85861 3.75
    endloop
  endfacet
  facet normal 0.762535 -0.646948 0
    outer loop
      vertex 2.82769 -7.85861 0
      vertex 2.5039 -8.24025 3.75
      vertex 2.5039 -8.24025 0
    endloop
  endfacet
  facet normal -0.0817209 0.996655 0
    outer loop
      vertex 7.21568 -16.4013 0
      vertex 6.71687 -16.4422 3.75
      vertex 7.21568 -16.4013 3.75
    endloop
  endfacet
  facet normal -0.0817209 0.996655 0
    outer loop
      vertex 6.71687 -16.4422 3.75
      vertex 7.21568 -16.4013 0
      vertex 6.71687 -16.4422 0
    endloop
  endfacet
  facet normal -0.397755 -0.917492 0
    outer loop
      vertex 8.34648 -6.57181 0
      vertex 8.80567 -6.77088 3.75
      vertex 8.34648 -6.57181 3.75
    endloop
  endfacet
  facet normal -0.397755 -0.917492 -0
    outer loop
      vertex 8.80567 -6.77088 3.75
      vertex 8.34648 -6.57181 0
      vertex 8.80567 -6.77088 0
    endloop
  endfacet
  facet normal -0.485758 -0.874093 0
    outer loop
      vertex 8.80567 -6.77088 0
      vertex 9.24315 -7.014 3.75
      vertex 8.80567 -6.77088 3.75
    endloop
  endfacet
  facet normal -0.485758 -0.874093 -0
    outer loop
      vertex 9.24315 -7.014 3.75
      vertex 8.80567 -6.77088 0
      vertex 9.24315 -7.014 0
    endloop
  endfacet
  facet normal 0.695433 -0.718591 0
    outer loop
      vertex 2.82769 -7.85861 0
      vertex 3.18734 -7.51055 3.75
      vertex 2.82769 -7.85861 3.75
    endloop
  endfacet
  facet normal 0.695433 -0.718591 0
    outer loop
      vertex 3.18734 -7.51055 3.75
      vertex 2.82769 -7.85861 0
      vertex 3.18734 -7.51055 0
    endloop
  endfacet
  facet normal 0.541895 -0.840446 0
    outer loop
      vertex 3.57937 -7.19941 0
      vertex 4 -6.9282 3.75
      vertex 3.57937 -7.19941 3.75
    endloop
  endfacet
  facet normal 0.541895 -0.840446 0
    outer loop
      vertex 4 -6.9282 3.75
      vertex 3.57937 -7.19941 0
      vertex 4 -6.9282 0
    endloop
  endfacet
  facet normal -0.930042 -0.367453 0
    outer loop
      vertex 11.3793 -9.70559 0
      vertex 11.1954 -9.24013 3.75
      vertex 11.1954 -9.24013 0
    endloop
  endfacet
  facet normal -0.930042 -0.367453 0
    outer loop
      vertex 11.1954 -9.24013 3.75
      vertex 11.3793 -9.70559 0
      vertex 11.3793 -9.70559 3.75
    endloop
  endfacet
  facet normal -0.274536 0.961577 0
    outer loop
      vertex 8.18934 -16.1743 0
      vertex 7.70809 -16.3117 3.75
      vertex 8.18934 -16.1743 3.75
    endloop
  endfacet
  facet normal -0.274536 0.961577 0
    outer loop
      vertex 7.70809 -16.3117 3.75
      vertex 8.18934 -16.1743 0
      vertex 7.70809 -16.3117 0
    endloop
  endfacet
  facet normal -0.179023 0.983845 0
    outer loop
      vertex 7.70809 -16.3117 0
      vertex 7.21568 -16.4013 3.75
      vertex 7.70809 -16.3117 3.75
    endloop
  endfacet
  facet normal -0.179023 0.983845 0
    outer loop
      vertex 7.21568 -16.4013 3.75
      vertex 7.70809 -16.3117 0
      vertex 7.21568 -16.4013 0
    endloop
  endfacet
  facet normal -0.874035 0.485863 0
    outer loop
      vertex 10.8809 -14.0381 0
      vertex 11.1241 -13.6006 3.75
      vertex 11.1241 -13.6006 0
    endloop
  endfacet
  facet normal -0.874035 0.485863 0
    outer loop
      vertex 11.1241 -13.6006 3.75
      vertex 10.8809 -14.0381 0
      vertex 10.8809 -14.0381 3.75
    endloop
  endfacet
  facet normal -0.762575 0.6469 0
    outer loop
      vertex 10.2723 -14.8313 0
      vertex 10.5961 -14.4496 3.75
      vertex 10.5961 -14.4496 0
    endloop
  endfacet
  facet normal -0.762575 0.6469 0
    outer loop
      vertex 10.5961 -14.4496 3.75
      vertex 10.2723 -14.8313 0
      vertex 10.2723 -14.8313 3.75
    endloop
  endfacet
  facet normal -0.983844 -0.179026 0
    outer loop
      vertex 11.6064 -10.6792 0
      vertex 11.5168 -10.1868 3.75
      vertex 11.5168 -10.1868 0
    endloop
  endfacet
  facet normal -0.983844 -0.179026 0
    outer loop
      vertex 11.5168 -10.1868 3.75
      vertex 11.6064 -10.6792 0
      vertex 11.6064 -10.6792 3.75
    endloop
  endfacet
  facet normal -0.840455 -0.541881 0
    outer loop
      vertex 10.9667 -8.79493 0
      vertex 10.6955 -8.3743 3.75
      vertex 10.6955 -8.3743 0
    endloop
  endfacet
  facet normal -0.840455 -0.541881 0
    outer loop
      vertex 10.6955 -8.3743 3.75
      vertex 10.9667 -8.79493 0
      vertex 10.9667 -8.79493 3.75
    endloop
  endfacet
  facet normal 0.996655 0.0817225 0
    outer loop
      vertex 1.49363 -12.0106 3.75
      vertex 1.45273 -11.5118 0
      vertex 1.45273 -11.5118 3.75
    endloop
  endfacet
  facet normal 0.996655 0.0817225 0
    outer loop
      vertex 1.45273 -11.5118 0
      vertex 1.49363 -12.0106 3.75
      vertex 1.49363 -12.0106 0
    endloop
  endfacet
  facet normal -0.211113 -0.977462 0
    outer loop
      vertex 7.38077 -6.31305 0
      vertex 7.86998 -6.41871 3.75
      vertex 7.38077 -6.31305 3.75
    endloop
  endfacet
  facet normal -0.211113 -0.977462 -0
    outer loop
      vertex 7.86998 -6.41871 3.75
      vertex 7.38077 -6.31305 0
      vertex 7.86998 -6.41871 0
    endloop
  endfacet
  facet normal -0.783323 -0.621615 0
    outer loop
      vertex 10.6955 -8.3743 0
      vertex 10.3844 -7.98227 3.75
      vertex 10.3844 -7.98227 0
    endloop
  endfacet
  facet normal -0.783323 -0.621615 0
    outer loop
      vertex 10.3844 -7.98227 3.75
      vertex 10.6955 -8.3743 0
      vertex 10.6955 -8.3743 3.75
    endloop
  endfacet
  facet normal 0.840487 0.541832 0
    outer loop
      vertex 2.40448 -14.3156 3.75
      vertex 2.13327 -13.8949 0
      vertex 2.13327 -13.8949 3.75
    endloop
  endfacet
  facet normal 0.840487 0.541832 0
    outer loop
      vertex 2.13327 -13.8949 0
      vertex 2.40448 -14.3156 3.75
      vertex 2.40448 -14.3156 0
    endloop
  endfacet
  facet normal 0.114288 0.993448 -0
    outer loop
      vertex 6.21644 -16.434 0
      vertex 5.71923 -16.3768 3.75
      vertex 6.21644 -16.434 3.75
    endloop
  endfacet
  facet normal 0.114288 0.993448 0
    outer loop
      vertex 5.71923 -16.3768 3.75
      vertex 6.21644 -16.434 0
      vertex 5.71923 -16.3768 0
    endloop
  endfacet
  facet normal 0.0163837 0.999866 -0
    outer loop
      vertex 6.71687 -16.4422 0
      vertex 6.21644 -16.434 3.75
      vertex 6.71687 -16.4422 3.75
    endloop
  endfacet
  facet normal 0.0163837 0.999866 0
    outer loop
      vertex 6.21644 -16.434 3.75
      vertex 6.71687 -16.4422 0
      vertex 6.21644 -16.434 0
    endloop
  endfacet
  facet normal 0.929999 0.367563 0
    outer loop
      vertex 1.9046 -13.4497 3.75
      vertex 1.72066 -12.9843 0
      vertex 1.72066 -12.9843 3.75
    endloop
  endfacet
  facet normal 0.929999 0.367563 0
    outer loop
      vertex 1.72066 -12.9843 0
      vertex 1.9046 -13.4497 3.75
      vertex 1.9046 -13.4497 0
    endloop
  endfacet
  facet normal 0.874088 -0.485767 0
    outer loop
      vertex 1.97595 -9.08926 3.75
      vertex 2.21907 -8.65179 0
      vertex 2.21907 -8.65179 3.75
    endloop
  endfacet
  facet normal 0.874088 -0.485767 0
    outer loop
      vertex 2.21907 -8.65179 0
      vertex 1.97595 -9.08926 3.75
      vertex 1.97595 -9.08926 0
    endloop
  endfacet
  facet normal -0.977444 0.211193 0
    outer loop
      vertex 11.4762 -12.6649 0
      vertex 11.5819 -12.1757 3.75
      vertex 11.5819 -12.1757 0
    endloop
  endfacet
  facet normal -0.977444 0.211193 0
    outer loop
      vertex 11.5819 -12.1757 3.75
      vertex 11.4762 -12.6649 0
      vertex 11.4762 -12.6649 3.75
    endloop
  endfacet
  facet normal -0.646979 -0.762508 0
    outer loop
      vertex 9.65468 -7.29883 0
      vertex 10.0363 -7.62263 3.75
      vertex 9.65468 -7.29883 3.75
    endloop
  endfacet
  facet normal -0.646979 -0.762508 -0
    outer loop
      vertex 10.0363 -7.62263 3.75
      vertex 9.65468 -7.29883 0
      vertex 10.0363 -7.62263 0
    endloop
  endfacet
  facet normal 0.952071 -0.305876 0
    outer loop
      vertex 1.62378 -10.025 3.75
      vertex 1.77688 -9.54846 0
      vertex 1.77688 -9.54846 3.75
    endloop
  endfacet
  facet normal 0.952071 -0.305876 0
    outer loop
      vertex 1.77688 -9.54846 0
      vertex 1.62378 -10.025 3.75
      vertex 1.62378 -10.025 0
    endloop
  endfacet
  facet normal -0.305899 -0.952064 0
    outer loop
      vertex 7.86998 -6.41871 0
      vertex 8.34648 -6.57181 3.75
      vertex 7.86998 -6.41871 3.75
    endloop
  endfacet
  facet normal -0.305899 -0.952064 -0
    outer loop
      vertex 8.34648 -6.57181 3.75
      vertex 7.86998 -6.41871 0
      vertex 8.34648 -6.57181 0
    endloop
  endfacet
  facet normal 0.0817209 -0.996655 0
    outer loop
      vertex 5.88432 -6.28856 0
      vertex 6.38313 -6.24766 3.75
      vertex 5.88432 -6.28856 3.75
    endloop
  endfacet
  facet normal 0.0817209 -0.996655 0
    outer loop
      vertex 6.38313 -6.24766 3.75
      vertex 5.88432 -6.28856 0
      vertex 6.38313 -6.24766 0
    endloop
  endfacet
  facet normal 0.999866 -0.0163647 0
    outer loop
      vertex 1.45273 -11.5118 3.75
      vertex 1.46092 -11.0114 0
      vertex 1.46092 -11.0114 3.75
    endloop
  endfacet
  facet normal 0.999866 -0.0163647 0
    outer loop
      vertex 1.46092 -11.0114 0
      vertex 1.45273 -11.5118 3.75
      vertex 1.45273 -11.5118 0
    endloop
  endfacet
  facet normal -0.889499 -0.456937 0
    outer loop
      vertex 11.1954 -9.24013 0
      vertex 10.9667 -8.79493 3.75
      vertex 10.9667 -8.79493 0
    endloop
  endfacet
  facet normal -0.889499 -0.456937 0
    outer loop
      vertex 10.9667 -8.79493 3.75
      vertex 11.1954 -9.24013 0
      vertex 11.1954 -9.24013 3.75
    endloop
  endfacet
  facet normal 0.917495 -0.397748 0
    outer loop
      vertex 1.77688 -9.54846 3.75
      vertex 1.97595 -9.08926 0
      vertex 1.97595 -9.08926 3.75
    endloop
  endfacet
  facet normal 0.917495 -0.397748 0
    outer loop
      vertex 1.97595 -9.08926 0
      vertex 1.77688 -9.54846 3.75
      vertex 1.77688 -9.54846 0
    endloop
  endfacet
  facet normal 0.621664 -0.783284 0
    outer loop
      vertex 3.18734 -7.51055 0
      vertex 3.57937 -7.19941 3.75
      vertex 3.18734 -7.51055 3.75
    endloop
  endfacet
  facet normal 0.621664 -0.783284 0
    outer loop
      vertex 3.57937 -7.19941 3.75
      vertex 3.18734 -7.51055 0
      vertex 3.57937 -7.19941 0
    endloop
  endfacet
  facet normal 0.822269 -0.569099 0
    outer loop
      vertex 2.21907 -8.65179 3.75
      vertex 2.5039 -8.24025 0
      vertex 2.5039 -8.24025 3.75
    endloop
  endfacet
  facet normal 0.822269 -0.569099 0
    outer loop
      vertex 2.5039 -8.24025 0
      vertex 2.21907 -8.65179 3.75
      vertex 2.21907 -8.65179 0
    endloop
  endfacet
  facet normal 0.397805 0.91747 -0
    outer loop
      vertex 4.75352 -16.1181 0
      vertex 4.29433 -15.919 3.75
      vertex 4.75352 -16.1181 3.75
    endloop
  endfacet
  facet normal 0.397805 0.91747 0
    outer loop
      vertex 4.29433 -15.919 3.75
      vertex 4.75352 -16.1181 0
      vertex 4.29433 -15.919 0
    endloop
  endfacet
  facet normal 0.961568 0.274565 0
    outer loop
      vertex 1.72066 -12.9843 3.75
      vertex 1.58323 -12.503 0
      vertex 1.58323 -12.503 3.75
    endloop
  endfacet
  facet normal 0.961568 0.274565 0
    outer loop
      vertex 1.58323 -12.503 0
      vertex 1.72066 -12.9843 3.75
      vertex 1.72066 -12.9843 0
    endloop
  endfacet
  facet normal -0.952064 0.305899 0
    outer loop
      vertex 11.3231 -13.1414 0
      vertex 11.4762 -12.6649 3.75
      vertex 11.4762 -12.6649 0
    endloop
  endfacet
  facet normal -0.952064 0.305899 0
    outer loop
      vertex 11.4762 -12.6649 3.75
      vertex 11.3231 -13.1414 0
      vertex 11.3231 -13.1414 3.75
    endloop
  endfacet
  facet normal 0.977461 -0.211117 0
    outer loop
      vertex 1.51812 -10.5142 3.75
      vertex 1.62378 -10.025 0
      vertex 1.62378 -10.025 3.75
    endloop
  endfacet
  facet normal 0.977461 -0.211117 0
    outer loop
      vertex 1.62378 -10.025 0
      vertex 1.51812 -10.5142 3.75
      vertex 1.51812 -10.5142 0
    endloop
  endfacet
  facet normal -0.114288 -0.993448 0
    outer loop
      vertex 6.88356 -6.25585 0
      vertex 7.38077 -6.31305 3.75
      vertex 6.88356 -6.25585 3.75
    endloop
  endfacet
  facet normal -0.114288 -0.993448 -0
    outer loop
      vertex 7.38077 -6.31305 3.75
      vertex 6.88356 -6.25585 0
      vertex 7.38077 -6.31305 0
    endloop
  endfacet
  facet normal -0.0163637 -0.999866 0
    outer loop
      vertex 6.38313 -6.24766 0
      vertex 6.88356 -6.25585 3.75
      vertex 6.38313 -6.24766 3.75
    endloop
  endfacet
  facet normal -0.0163637 -0.999866 -0
    outer loop
      vertex 6.88356 -6.25585 3.75
      vertex 6.38313 -6.24766 0
      vertex 6.88356 -6.25585 0
    endloop
  endfacet
  facet normal 0.889523 0.45689 0
    outer loop
      vertex 2.13327 -13.8949 3.75
      vertex 1.9046 -13.4497 0
      vertex 1.9046 -13.4497 3.75
    endloop
  endfacet
  facet normal 0.889523 0.45689 0
    outer loop
      vertex 1.9046 -13.4497 0
      vertex 2.13327 -13.8949 3.75
      vertex 2.13327 -13.8949 0
    endloop
  endfacet
  facet normal 0.456898 -0.889519 0
    outer loop
      vertex 4 -6.9282 0
      vertex 4.44519 -6.69953 3.75
      vertex 4 -6.9282 3.75
    endloop
  endfacet
  facet normal 0.456898 -0.889519 0
    outer loop
      vertex 4.44519 -6.69953 3.75
      vertex 4 -6.9282 0
      vertex 4.44519 -6.69953 0
    endloop
  endfacet
  facet normal 0.983844 0.179026 0
    outer loop
      vertex 1.58323 -12.503 3.75
      vertex 1.49363 -12.0106 0
      vertex 1.49363 -12.0106 3.75
    endloop
  endfacet
  facet normal 0.983844 0.179026 0
    outer loop
      vertex 1.49363 -12.0106 0
      vertex 1.58323 -12.503 3.75
      vertex 1.58323 -12.503 0
    endloop
  endfacet
  facet normal 0.210998 0.977486 -0
    outer loop
      vertex 5.71923 -16.3768 0
      vertex 5.23002 -16.2712 3.75
      vertex 5.71923 -16.3768 3.75
    endloop
  endfacet
  facet normal 0.210998 0.977486 0
    outer loop
      vertex 5.23002 -16.2712 3.75
      vertex 5.71923 -16.3768 0
      vertex 5.23002 -16.2712 0
    endloop
  endfacet
  facet normal 0.305899 0.952064 -0
    outer loop
      vertex 5.23002 -16.2712 0
      vertex 4.75352 -16.1181 3.75
      vertex 5.23002 -16.2712 3.75
    endloop
  endfacet
  facet normal 0.305899 0.952064 0
    outer loop
      vertex 4.75352 -16.1181 3.75
      vertex 5.23002 -16.2712 0
      vertex 4.75352 -16.1181 0
    endloop
  endfacet
  facet normal 0.158634 0.73079 0.663914
    outer loop
      vertex 5.71923 -16.3768 3.75
      vertex 5.56898 -17.1164 4.6
      vertex 5.59616 -17.1223 4.6
    endloop
  endfacet
  facet normal 0.157786 0.730968 0.663919
    outer loop
      vertex 5.56898 -17.1164 4.6
      vertex 5.71923 -16.3768 3.75
      vertex 5.23002 -16.2712 3.75
    endloop
  endfacet
  facet normal -0.686115 0.297449 0.663905
    outer loop
      vertex 11.8017 -13.9348 4.6
      vertex 12.0192 -13.4331 4.6
      vertex 11.1241 -13.6006 3.75
    endloop
  endfacet
  facet normal -0.0611107 0.745296 0.663927
    outer loop
      vertex 6.71687 -16.4422 3.75
      vertex 6.7693 -17.1951 4.6
      vertex 7.21568 -16.4013 3.75
    endloop
  endfacet
  facet normal -0.0618567 0.745239 0.663922
    outer loop
      vertex 6.7693 -17.1951 4.6
      vertex 6.71687 -16.4422 3.75
      vertex 6.74159 -17.1974 4.6
    endloop
  endfacet
  facet normal -0.405215 0.628515 0.663905
    outer loop
      vertex 9.47778 -16.416 4.6
      vertex 9.93736 -16.1197 4.6
      vertex 9.1 -15.7617 3.75
    endloop
  endfacet
  facet normal -0.405836 0.628104 0.663914
    outer loop
      vertex 9.52063 -15.4905 3.75
      vertex 9.93736 -16.1197 4.6
      vertex 9.96073 -16.1046 4.6
    endloop
  endfacet
  facet normal -0.405225 0.628503 0.66391
    outer loop
      vertex 9.93736 -16.1197 4.6
      vertex 9.52063 -15.4905 3.75
      vertex 9.1 -15.7617 3.75
    endloop
  endfacet
  facet normal 0.537324 0.520081 0.663926
    outer loop
      vertex 2.52785 -15.5987 4.6
      vertex 3.06368 -15.0672 3.75
      vertex 2.71562 -14.7076 3.75
    endloop
  endfacet
  facet normal 0.53757 0.51983 0.663924
    outer loop
      vertex 3.06368 -15.0672 3.75
      vertex 2.52785 -15.5987 4.6
      vertex 2.54719 -15.6187 4.6
    endloop
  endfacet
  facet normal -0.570162 0.483865 0.663921
    outer loop
      vertex 10.8417 -15.3265 4.6
      vertex 11.1955 -14.9096 4.6
      vertex 10.5961 -14.4496 3.75
    endloop
  endfacet
  facet normal -0.48369 -0.570313 0.663918
    outer loop
      vertex 10.5316 -7.05319 4.6
      vertex 10.0363 -7.62263 3.75
      vertex 10.5528 -7.07117 4.6
    endloop
  endfacet
  facet normal -0.483814 -0.570207 0.663919
    outer loop
      vertex 10.0363 -7.62263 3.75
      vertex 10.5316 -7.05319 4.6
      vertex 9.65468 -7.29883 3.75
    endloop
  endfacet
  facet normal -0.133879 0.735722 0.66392
    outer loop
      vertex 7.3143 -17.1504 4.6
      vertex 7.8523 -17.0525 4.6
      vertex 7.21568 -16.4013 3.75
    endloop
  endfacet
  facet normal 0.735726 0.133877 0.663916
    outer loop
      vertex 0.842433 -12.6472 4.6
      vertex 1.58323 -12.503 3.75
      vertex 1.49363 -12.0106 3.75
    endloop
  endfacet
  facet normal 0.735769 0.133647 0.663915
    outer loop
      vertex 1.58323 -12.503 3.75
      vertex 0.842433 -12.6472 4.6
      vertex 0.84741 -12.6746 4.6
    endloop
  endfacet
  facet normal 0.742895 -0.0855406 0.66392
    outer loop
      vertex 0.769478 -10.4187 4.6
      vertex 1.51812 -10.5142 3.75
      vertex 0.772656 -10.3911 4.6
    endloop
  endfacet
  facet normal 0.742904 -0.0854669 0.663919
    outer loop
      vertex 1.51812 -10.5142 3.75
      vertex 0.769478 -10.4187 4.6
      vertex 1.46092 -11.0114 3.75
    endloop
  endfacet
  facet normal 0.520057 -0.537356 0.66392
    outer loop
      vertex 3.18734 -7.51055 3.75
      vertex 2.68916 -6.94249 4.6
      vertex 2.29622 -7.32278 4.6
    endloop
  endfacet
  facet normal 0.0122518 0.747703 0.66392
    outer loop
      vertex 6.21644 -16.434 3.75
      vertex 6.19483 -17.1884 4.6
      vertex 6.71687 -16.4422 3.75
    endloop
  endfacet
  facet normal 0.0107588 0.747735 0.66391
    outer loop
      vertex 6.19483 -17.1884 4.6
      vertex 6.21644 -16.434 3.75
      vertex 6.16703 -17.188 4.6
    endloop
  endfacet
  facet normal 0.537326 0.52008 0.663926
    outer loop
      vertex 2.52785 -15.5987 4.6
      vertex 2.71562 -14.7076 3.75
      vertex 2.14756 -15.2058 4.6
    endloop
  endfacet
  facet normal 0.0854671 0.74288 0.663946
    outer loop
      vertex 6.16703 -17.188 4.6
      vertex 6.21644 -16.434 3.75
      vertex 5.62378 -17.1255 4.6
    endloop
  endfacet
  facet normal -0.276695 0.694692 0.66396
    outer loop
      vertex 8.65481 -15.9903 3.75
      vertex 8.94077 -16.6888 4.6
      vertex 8.96663 -16.6785 4.6
    endloop
  endfacet
  facet normal -0.274897 0.695415 0.66395
    outer loop
      vertex 8.94077 -16.6888 4.6
      vertex 8.65481 -15.9903 3.75
      vertex 8.18934 -16.1743 3.75
    endloop
  endfacet
  facet normal -0.363257 -0.653652 0.663916
    outer loop
      vertex 9.24315 -7.014 3.75
      vertex 9.64213 -6.37238 4.6
      vertex 9.16415 -6.10675 4.6
    endloop
  endfacet
  facet normal 0.0854626 0.742882 0.663945
    outer loop
      vertex 5.71923 -16.3768 3.75
      vertex 5.62378 -17.1255 4.6
      vertex 6.21644 -16.434 3.75
    endloop
  endfacet
  facet normal 0.0860605 0.74281 0.663948
    outer loop
      vertex 5.62378 -17.1255 4.6
      vertex 5.71923 -16.3768 3.75
      vertex 5.59616 -17.1223 4.6
    endloop
  endfacet
  facet normal -0.614657 0.425947 0.663902
    outer loop
      vertex 10.8809 -14.0381 3.75
      vertex 11.5067 -14.4599 4.6
      vertex 11.5225 -14.4371 4.6
    endloop
  endfacet
  facet normal -0.614908 0.425579 0.663905
    outer loop
      vertex 11.5067 -14.4599 4.6
      vertex 10.8809 -14.0381 3.75
      vertex 10.5961 -14.4496 3.75
    endloop
  endfacet
  facet normal -0.711984 0.228666 0.663921
    outer loop
      vertex 12.0388 -13.3811 4.6
      vertex 12.206 -12.8605 4.6
      vertex 11.4762 -12.6649 3.75
    endloop
  endfacet
  facet normal -0.341626 0.665226 0.663902
    outer loop
      vertex 9.47778 -16.416 4.6
      vertex 9.1 -15.7617 3.75
      vertex 8.99136 -16.6658 4.6
    endloop
  endfacet
  facet normal 0.157816 0.730971 0.66391
    outer loop
      vertex 5.56898 -17.1164 4.6
      vertex 5.23002 -16.2712 3.75
      vertex 5.03447 -17.001 4.6
    endloop
  endfacet
  facet normal -0.205401 0.719068 0.663891
    outer loop
      vertex 8.43221 -16.8897 4.6
      vertex 8.18934 -16.1743 3.75
      vertex 7.90639 -17.0399 4.6
    endloop
  endfacet
  facet normal -0.628429 -0.405288 0.663941
    outer loop
      vertex 11.6211 -8.41716 4.6
      vertex 11.3247 -7.95757 4.6
      vertex 10.9667 -8.79493 3.75
    endloop
  endfacet
  facet normal -0.134433 0.735619 0.663922
    outer loop
      vertex 7.70809 -16.3117 3.75
      vertex 7.8523 -17.0525 4.6
      vertex 7.87966 -17.0475 4.6
    endloop
  endfacet
  facet normal -0.133874 0.735724 0.663918
    outer loop
      vertex 7.8523 -17.0525 4.6
      vertex 7.70809 -16.3117 3.75
      vertex 7.21568 -16.4013 3.75
    endloop
  endfacet
  facet normal 0.0123074 0.747686 0.663939
    outer loop
      vertex 6.74159 -17.1974 4.6
      vertex 6.71687 -16.4422 3.75
      vertex 6.19483 -17.1884 4.6
    endloop
  endfacet
  facet normal -0.157863 -0.730956 0.663914
    outer loop
      vertex 7.38077 -6.31305 3.75
      vertex 7.53102 -5.57346 4.6
      vertex 7.50384 -5.56759 4.6
    endloop
  endfacet
  facet normal -0.157872 -0.730955 0.663914
    outer loop
      vertex 7.53102 -5.57346 4.6
      vertex 7.38077 -6.31305 3.75
      vertex 7.86998 -6.41871 3.75
    endloop
  endfacet
  facet normal 0.65365 -0.363256 0.663918
    outer loop
      vertex 2.21907 -8.65179 3.75
      vertex 1.57745 -8.2528 4.6
      vertex 1.31182 -8.73078 4.6
    endloop
  endfacet
  facet normal 0.719067 0.205347 0.663909
    outer loop
      vertex 1.0052 -13.2271 4.6
      vertex 1.72066 -12.9843 3.75
      vertex 0.855045 -12.7013 4.6
    endloop
  endfacet
  facet normal 0.665177 0.341683 0.663922
    outer loop
      vertex 1.47894 -14.2727 4.6
      vertex 2.13327 -13.8949 3.75
      vertex 1.22909 -13.7863 4.6
    endloop
  endfacet
  facet normal -0.341625 0.665226 0.663902
    outer loop
      vertex 9.1 -15.7617 3.75
      vertex 8.96663 -16.6785 4.6
      vertex 8.99136 -16.6658 4.6
    endloop
  endfacet
  facet normal -0.341589 0.665232 0.663915
    outer loop
      vertex 8.96663 -16.6785 4.6
      vertex 9.1 -15.7617 3.75
      vertex 8.65481 -15.9903 3.75
    endloop
  endfacet
  facet normal 0.735729 0.13387 0.663913
    outer loop
      vertex 0.842433 -12.6472 4.6
      vertex 1.49363 -12.0106 3.75
      vertex 0.744541 -12.1092 4.6
    endloop
  endfacet
  facet normal -0.425732 -0.614797 0.663911
    outer loop
      vertex 9.24315 -7.014 3.75
      vertex 9.66499 -6.38821 4.6
      vertex 9.64213 -6.37238 4.6
    endloop
  endfacet
  facet normal -0.425585 -0.614897 0.663912
    outer loop
      vertex 9.66499 -6.38821 4.6
      vertex 9.24315 -7.014 3.75
      vertex 9.65468 -7.29883 3.75
    endloop
  endfacet
  facet normal 0.665121 0.341985 0.663823
    outer loop
      vertex 2.13327 -13.8949 3.75
      vertex 1.21639 -13.7616 4.6
      vertex 1.22909 -13.7863 4.6
    endloop
  endfacet
  facet normal 0.665177 0.341658 0.663935
    outer loop
      vertex 1.21639 -13.7616 4.6
      vertex 2.13327 -13.8949 3.75
      vertex 1.9046 -13.4497 3.75
    endloop
  endfacet
  facet normal 0.686105 -0.297464 0.663909
    outer loop
      vertex 1.06975 -9.28231 4.6
      vertex 1.97595 -9.08926 3.75
      vertex 1.08081 -9.2568 4.6
    endloop
  endfacet
  facet normal 0.686108 -0.297438 0.663918
    outer loop
      vertex 1.97595 -9.08926 3.75
      vertex 1.06975 -9.28231 4.6
      vertex 1.77688 -9.54846 3.75
    endloop
  endfacet
  facet normal 0.425654 0.614845 0.663915
    outer loop
      vertex 3.43501 -16.3017 4.6
      vertex 3.85685 -15.6759 3.75
      vertex 3.44532 -15.391 3.75
    endloop
  endfacet
  facet normal 0.425182 0.615168 0.663919
    outer loop
      vertex 3.85685 -15.6759 3.75
      vertex 3.43501 -16.3017 4.6
      vertex 3.45787 -16.3175 4.6
    endloop
  endfacet
  facet normal 0.36323 0.653676 0.663906
    outer loop
      vertex 3.93585 -16.5831 4.6
      vertex 3.85685 -15.6759 3.75
      vertex 3.45787 -16.3175 4.6
    endloop
  endfacet
  facet normal 0.405234 -0.628493 0.663914
    outer loop
      vertex 3.16264 -6.5702 4.6
      vertex 3.57937 -7.19941 3.75
      vertex 4 -6.9282 3.75
    endloop
  endfacet
  facet normal 0.405077 -0.628595 0.663913
    outer loop
      vertex 3.57937 -7.19941 3.75
      vertex 3.16264 -6.5702 4.6
      vertex 3.13927 -6.58526 4.6
    endloop
  endfacet
  facet normal 0.747707 -0.0122366 0.663916
    outer loop
      vertex 1.45273 -11.5118 3.75
      vertex 0.706528 -10.9898 4.6
      vertex 0.697581 -11.5365 4.6
    endloop
  endfacet
  facet normal 0.29744 0.686123 0.663901
    outer loop
      vertex 4.46187 -16.8141 4.6
      vertex 4.29433 -15.919 3.75
      vertex 3.96015 -16.5966 4.6
    endloop
  endfacet
  facet normal 0.483788 0.570206 0.663938
    outer loop
      vertex 3.06368 -15.0672 3.75
      vertex 2.56839 -15.6367 4.6
      vertex 3.44532 -15.391 3.75
    endloop
  endfacet
  facet normal 0.48399 0.570033 0.66394
    outer loop
      vertex 2.56839 -15.6367 4.6
      vertex 3.06368 -15.0672 3.75
      vertex 2.54719 -15.6187 4.6
    endloop
  endfacet
  facet normal -0.520664 0.536767 0.663921
    outer loop
      vertex 10.2723 -14.8313 3.75
      vertex 10.8038 -15.3671 4.6
      vertex 10.8238 -15.3477 4.6
    endloop
  endfacet
  facet normal -0.520012 0.537405 0.663915
    outer loop
      vertex 10.8038 -15.3671 4.6
      vertex 10.2723 -14.8313 3.75
      vertex 9.91266 -15.1793 3.75
    endloop
  endfacet
  facet normal 0.34161 -0.665199 0.663937
    outer loop
      vertex 4 -6.9282 3.75
      vertex 4.13337 -6.01132 4.6
      vertex 4.10864 -6.02402 4.6
    endloop
  endfacet
  facet normal 0.341671 -0.665188 0.663917
    outer loop
      vertex 4.13337 -6.01132 4.6
      vertex 4 -6.9282 3.75
      vertex 4.44519 -6.69953 3.75
    endloop
  endfacet
  facet normal -0.0122393 -0.747707 0.663916
    outer loop
      vertex 6.38313 -6.24766 3.75
      vertex 6.90517 -5.50146 4.6
      vertex 6.35841 -5.49251 4.6
    endloop
  endfacet
  facet normal 0.228785 0.711955 0.66391
    outer loop
      vertex 5.03447 -17.001 4.6
      vertex 5.23002 -16.2712 3.75
      vertex 4.51385 -16.8337 4.6
    endloop
  endfacet
  facet normal 0.747707 -0.0122377 0.663916
    outer loop
      vertex 0.706528 -10.9898 4.6
      vertex 1.46092 -11.0114 3.75
      vertex 0.706983 -10.962 4.6
    endloop
  endfacet
  facet normal 0.747707 -0.0122377 0.663916
    outer loop
      vertex 1.46092 -11.0114 3.75
      vertex 0.706528 -10.9898 4.6
      vertex 1.45273 -11.5118 3.75
    endloop
  endfacet
  facet normal -0.0611283 0.7453 0.663921
    outer loop
      vertex 7.3143 -17.1504 4.6
      vertex 7.21568 -16.4013 3.75
      vertex 6.7693 -17.1951 4.6
    endloop
  endfacet
  facet normal 0.585783 0.464825 0.663925
    outer loop
      vertex 2.14756 -15.2058 4.6
      vertex 2.71562 -14.7076 3.75
      vertex 1.80762 -14.7774 4.6
    endloop
  endfacet
  facet normal -0.62934 -0.403941 0.6639
    outer loop
      vertex 10.6955 -8.3743 3.75
      vertex 11.3247 -7.95757 4.6
      vertex 11.3097 -7.9342 4.6
    endloop
  endfacet
  facet normal -0.628503 -0.405225 0.66391
    outer loop
      vertex 11.3247 -7.95757 4.6
      vertex 10.6955 -8.3743 3.75
      vertex 10.9667 -8.79493 3.75
    endloop
  endfacet
  facet normal -0.205298 0.719067 0.663924
    outer loop
      vertex 7.70809 -16.3117 3.75
      vertex 7.90639 -17.0399 4.6
      vertex 8.18934 -16.1743 3.75
    endloop
  endfacet
  facet normal -0.204511 0.719287 0.663929
    outer loop
      vertex 7.90639 -17.0399 4.6
      vertex 7.70809 -16.3117 3.75
      vertex 7.87966 -17.0475 4.6
    endloop
  endfacet
  facet normal 0.695488 0.274818 0.663906
    outer loop
      vertex 1.20617 -13.7357 4.6
      vertex 1.72066 -12.9843 3.75
      vertex 1.0052 -13.2271 4.6
    endloop
  endfacet
  facet normal -0.274758 0.695525 0.663893
    outer loop
      vertex 8.43221 -16.8897 4.6
      vertex 8.94077 -16.6888 4.6
      vertex 8.18934 -16.1743 3.75
    endloop
  endfacet
  facet normal -0.537371 -0.520072 0.663895
    outer loop
      vertex 10.9524 -7.4841 4.6
      vertex 10.5721 -7.09115 4.6
      vertex 10.3844 -7.98227 3.75
    endloop
  endfacet
  facet normal -0.157867 -0.730954 0.663916
    outer loop
      vertex 7.86998 -6.41871 3.75
      vertex 8.06553 -5.6889 4.6
      vertex 7.53102 -5.57346 4.6
    endloop
  endfacet
  facet normal 0.745307 0.0611125 0.663914
    outer loop
      vertex 0.744541 -12.1092 4.6
      vertex 1.49363 -12.0106 3.75
      vertex 0.699853 -11.5642 4.6
    endloop
  endfacet
  facet normal 0.274851 -0.695464 0.663917
    outer loop
      vertex 4.44519 -6.69953 3.75
      vertex 4.15923 -6.0011 4.6
      vertex 4.13337 -6.01132 4.6
    endloop
  endfacet
  facet normal 0.27483 -0.695473 0.663917
    outer loop
      vertex 4.15923 -6.0011 4.6
      vertex 4.44519 -6.69953 3.75
      vertex 4.91066 -6.51559 3.75
    endloop
  endfacet
  facet normal 0.614897 -0.425575 0.663919
    outer loop
      vertex 1.59327 -8.22994 4.6
      vertex 2.21907 -8.65179 3.75
      vertex 2.5039 -8.24025 3.75
    endloop
  endfacet
  facet normal 0.614916 -0.425546 0.663919
    outer loop
      vertex 2.21907 -8.65179 3.75
      vertex 1.59327 -8.22994 4.6
      vertex 1.57745 -8.2528 4.6
    endloop
  endfacet
  facet normal -0.719028 -0.205394 0.663937
    outer loop
      vertex 12.245 -9.98854 4.6
      vertex 12.0948 -9.46273 4.6
      vertex 11.3793 -9.70559 3.75
    endloop
  endfacet
  facet normal -0.653706 0.36317 0.663909
    outer loop
      vertex 11.1241 -13.6006 3.75
      vertex 11.7882 -13.9591 4.6
      vertex 11.8017 -13.9348 4.6
    endloop
  endfacet
  facet normal -0.653616 0.363336 0.663908
    outer loop
      vertex 11.7882 -13.9591 4.6
      vertex 11.1241 -13.6006 3.75
      vertex 10.8809 -14.0381 3.75
    endloop
  endfacet
  facet normal -0.53786 -0.519555 0.663904
    outer loop
      vertex 10.0363 -7.62263 3.75
      vertex 10.5721 -7.09115 4.6
      vertex 10.5528 -7.07117 4.6
    endloop
  endfacet
  facet normal -0.537334 -0.520093 0.663909
    outer loop
      vertex 10.5721 -7.09115 4.6
      vertex 10.0363 -7.62263 3.75
      vertex 10.3844 -7.98227 3.75
    endloop
  endfacet
  facet normal -0.735723 -0.13388 0.663918
    outer loop
      vertex 12.3555 -10.5806 4.6
      vertex 12.2576 -10.0426 4.6
      vertex 11.6064 -10.6792 3.75
    endloop
  endfacet
  facet normal 0.628527 0.405188 0.66391
    outer loop
      vertex 1.77526 -14.7323 4.6
      vertex 2.40448 -14.3156 3.75
      vertex 2.13327 -13.8949 3.75
    endloop
  endfacet
  facet normal 0.628713 0.404902 0.663908
    outer loop
      vertex 2.40448 -14.3156 3.75
      vertex 1.77526 -14.7323 4.6
      vertex 1.79033 -14.7557 4.6
    endloop
  endfacet
  facet normal -0.719029 -0.205454 0.663918
    outer loop
      vertex 11.5168 -10.1868 3.75
      vertex 12.245 -9.98854 4.6
      vertex 11.3793 -9.70559 3.75
    endloop
  endfacet
  facet normal -0.719351 -0.2043 0.663925
    outer loop
      vertex 12.245 -9.98854 4.6
      vertex 11.5168 -10.1868 3.75
      vertex 12.2526 -10.0153 4.6
    endloop
  endfacet
  facet normal 0.742909 -0.0854557 0.663915
    outer loop
      vertex 1.46092 -11.0114 3.75
      vertex 0.769478 -10.4187 4.6
      vertex 0.706983 -10.962 4.6
    endloop
  endfacet
  facet normal 0.274833 -0.695471 0.663918
    outer loop
      vertex 4.91066 -6.51559 3.75
      vertex 4.66779 -5.80013 4.6
      vertex 4.15923 -6.0011 4.6
    endloop
  endfacet
  facet normal 0.712026 -0.228558 0.663913
    outer loop
      vertex 1.06125 -9.30879 4.6
      vertex 1.77688 -9.54846 3.75
      vertex 1.06975 -9.28231 4.6
    endloop
  endfacet
  facet normal 0.711968 -0.228737 0.663914
    outer loop
      vertex 1.77688 -9.54846 3.75
      vertex 1.06125 -9.30879 4.6
      vertex 1.62378 -10.025 3.75
    endloop
  endfacet
  facet normal -0.742924 0.0854643 0.663897
    outer loop
      vertex 12.3305 -12.2712 4.6
      vertex 12.393 -11.7279 4.6
      vertex 11.6391 -11.6785 3.75
    endloop
  endfacet
  facet normal 0.570232 -0.48379 0.663915
    outer loop
      vertex 2.5039 -8.24025 3.75
      vertex 2.25825 -7.36332 4.6
      vertex 1.90448 -7.7803 4.6
    endloop
  endfacet
  facet normal -0.0854655 -0.742908 0.663915
    outer loop
      vertex 7.38077 -6.31305 3.75
      vertex 7.47622 -5.56441 4.6
      vertex 6.88356 -6.25585 3.75
    endloop
  endfacet
  facet normal -0.085533 -0.7429 0.663916
    outer loop
      vertex 7.47622 -5.56441 4.6
      vertex 7.38077 -6.31305 3.75
      vertex 7.50384 -5.56759 4.6
    endloop
  endfacet
  facet normal -0.085457 -0.742911 0.663912
    outer loop
      vertex 7.47622 -5.56441 4.6
      vertex 6.93297 -5.50192 4.6
      vertex 6.88356 -6.25585 3.75
    endloop
  endfacet
  facet normal 0.745306 0.0611312 0.663914
    outer loop
      vertex 0.699853 -11.5642 4.6
      vertex 1.45273 -11.5118 3.75
      vertex 0.697581 -11.5365 4.6
    endloop
  endfacet
  facet normal 0.745307 0.0611128 0.663914
    outer loop
      vertex 1.45273 -11.5118 3.75
      vertex 0.699853 -11.5642 4.6
      vertex 1.49363 -12.0106 3.75
    endloop
  endfacet
  facet normal 0.464951 -0.585693 0.663916
    outer loop
      vertex 3.11749 -6.60255 4.6
      vertex 3.57937 -7.19941 3.75
      vertex 3.13927 -6.58526 4.6
    endloop
  endfacet
  facet normal 0.464885 -0.585745 0.663916
    outer loop
      vertex 3.57937 -7.19941 3.75
      vertex 3.11749 -6.60255 4.6
      vertex 3.18734 -7.51055 3.75
    endloop
  endfacet
  facet normal 0.297487 0.686102 0.663901
    outer loop
      vertex 4.29433 -15.919 3.75
      vertex 4.48738 -16.8252 4.6
      vertex 4.75352 -16.1181 3.75
    endloop
  endfacet
  facet normal 0.298493 0.685996 0.66356
    outer loop
      vertex 4.48738 -16.8252 4.6
      vertex 4.29433 -15.919 3.75
      vertex 4.46187 -16.8141 4.6
    endloop
  endfacet
  facet normal 0.13388 -0.735726 0.663915
    outer loop
      vertex 5.88432 -6.28856 3.75
      vertex 5.7857 -5.53947 4.6
      vertex 5.2477 -5.63737 4.6
    endloop
  endfacet
  facet normal 0.71899 0.205599 0.663915
    outer loop
      vertex 0.855045 -12.7013 4.6
      vertex 1.58323 -12.503 3.75
      vertex 0.84741 -12.6746 4.6
    endloop
  endfacet
  facet normal 0.719067 0.205322 0.663917
    outer loop
      vertex 1.58323 -12.503 3.75
      vertex 0.855045 -12.7013 4.6
      vertex 1.72066 -12.9843 3.75
    endloop
  endfacet
  facet normal -0.585552 -0.465108 0.66393
    outer loop
      vertex 11.2924 -7.91242 4.6
      vertex 10.6955 -8.3743 3.75
      vertex 11.3097 -7.9342 4.6
    endloop
  endfacet
  facet normal -0.585763 -0.464839 0.663932
    outer loop
      vertex 10.6955 -8.3743 3.75
      vertex 11.2924 -7.91242 4.6
      vertex 10.3844 -7.98227 3.75
    endloop
  endfacet
  facet normal 0.628497 0.405214 0.663923
    outer loop
      vertex 1.77526 -14.7323 4.6
      vertex 2.13327 -13.8949 3.75
      vertex 1.47894 -14.2727 4.6
    endloop
  endfacet
  facet normal 0.425553 0.614878 0.66395
    outer loop
      vertex 3.43501 -16.3017 4.6
      vertex 3.44532 -15.391 3.75
      vertex 2.98536 -15.9905 4.6
    endloop
  endfacet
  facet normal 0.614893 -0.425587 0.663915
    outer loop
      vertex 2.5039 -8.24025 3.75
      vertex 1.90448 -7.7803 4.6
      vertex 1.59327 -8.22994 4.6
    endloop
  endfacet
  facet normal -0.71193 0.228744 0.663951
    outer loop
      vertex 11.3231 -13.1414 3.75
      vertex 12.0388 -13.3811 4.6
      vertex 11.4762 -12.6649 3.75
    endloop
  endfacet
  facet normal -0.711249 0.23082 0.663963
    outer loop
      vertex 12.0388 -13.3811 4.6
      vertex 11.3231 -13.1414 3.75
      vertex 12.0302 -13.4076 4.6
    endloop
  endfacet
  facet normal 0.464874 -0.585749 0.66392
    outer loop
      vertex 3.18734 -7.51055 3.75
      vertex 3.11749 -6.60255 4.6
      vertex 2.68916 -6.94249 4.6
    endloop
  endfacet
  facet normal 0.228758 0.711974 0.6639
    outer loop
      vertex 4.75352 -16.1181 3.75
      vertex 4.51385 -16.8337 4.6
      vertex 5.23002 -16.2712 3.75
    endloop
  endfacet
  facet normal 0.22864 0.712012 0.663899
    outer loop
      vertex 4.51385 -16.8337 4.6
      vertex 4.75352 -16.1181 3.75
      vertex 4.48738 -16.8252 4.6
    endloop
  endfacet
  facet normal 0.585745 0.46492 0.663892
    outer loop
      vertex 2.40448 -14.3156 3.75
      vertex 1.80762 -14.7774 4.6
      vertex 2.71562 -14.7076 3.75
    endloop
  endfacet
  facet normal 0.584882 0.466019 0.663882
    outer loop
      vertex 1.80762 -14.7774 4.6
      vertex 2.40448 -14.3156 3.75
      vertex 1.79033 -14.7557 4.6
    endloop
  endfacet
  facet normal 0.133654 -0.73577 0.663912
    outer loop
      vertex 5.39191 -6.37816 3.75
      vertex 5.2477 -5.63737 4.6
      vertex 5.22034 -5.64234 4.6
    endloop
  endfacet
  facet normal 0.133875 -0.735729 0.663913
    outer loop
      vertex 5.2477 -5.63737 4.6
      vertex 5.39191 -6.37816 3.75
      vertex 5.88432 -6.28856 3.75
    endloop
  endfacet
  facet normal -0.0122369 -0.747708 0.663915
    outer loop
      vertex 6.88356 -6.25585 3.75
      vertex 6.90517 -5.50146 4.6
      vertex 6.38313 -6.24766 3.75
    endloop
  endfacet
  facet normal -0.0123721 -0.747705 0.663916
    outer loop
      vertex 6.90517 -5.50146 4.6
      vertex 6.88356 -6.25585 3.75
      vertex 6.93297 -5.50192 4.6
    endloop
  endfacet
  facet normal 0.341674 -0.665187 0.663917
    outer loop
      vertex 4 -6.9282 3.75
      vertex 4.10864 -6.02402 4.6
      vertex 3.62222 -6.27387 4.6
    endloop
  endfacet
  facet normal -0.48379 -0.570243 0.663905
    outer loop
      vertex 10.5316 -7.05319 4.6
      vertex 10.1146 -6.69941 4.6
      vertex 9.65468 -7.29883 3.75
    endloop
  endfacet
  facet normal 0.71195 -0.228762 0.663924
    outer loop
      vertex 1.62378 -10.025 3.75
      vertex 1.06125 -9.30879 4.6
      vertex 0.893969 -9.8294 4.6
    endloop
  endfacet
  facet normal 0.695452 0.274864 0.663925
    outer loop
      vertex 1.20617 -13.7357 4.6
      vertex 1.9046 -13.4497 3.75
      vertex 1.72066 -12.9843 3.75
    endloop
  endfacet
  facet normal 0.695606 0.274482 0.663922
    outer loop
      vertex 1.9046 -13.4497 3.75
      vertex 1.20617 -13.7357 4.6
      vertex 1.21639 -13.7616 4.6
    endloop
  endfacet
  facet normal -0.695661 -0.274391 0.663902
    outer loop
      vertex 11.1954 -9.24013 3.75
      vertex 11.8938 -8.95416 4.6
      vertex 11.8836 -8.9283 4.6
    endloop
  endfacet
  facet normal -0.695501 -0.274788 0.663905
    outer loop
      vertex 11.8938 -8.95416 4.6
      vertex 11.1954 -9.24013 3.75
      vertex 11.3793 -9.70559 3.75
    endloop
  endfacet
  facet normal -0.747703 0.0122525 0.66392
    outer loop
      vertex 11.6391 -11.6785 3.75
      vertex 12.3935 -11.7001 4.6
      vertex 11.6473 -11.1781 3.75
    endloop
  endfacet
  facet normal -0.747677 0.0134474 0.663927
    outer loop
      vertex 12.3935 -11.7001 4.6
      vertex 11.6391 -11.6785 3.75
      vertex 12.393 -11.7279 4.6
    endloop
  endfacet
  facet normal 0.0611015 -0.745307 0.663915
    outer loop
      vertex 5.88432 -6.28856 3.75
      vertex 6.3307 -5.49479 4.6
      vertex 5.7857 -5.53947 4.6
    endloop
  endfacet
  facet normal -0.425601 -0.614892 0.663907
    outer loop
      vertex 10.1146 -6.69941 4.6
      vertex 9.66499 -6.38821 4.6
      vertex 9.65468 -7.29883 3.75
    endloop
  endfacet
  facet normal 0.686108 -0.29744 0.663917
    outer loop
      vertex 1.97595 -9.08926 3.75
      vertex 1.29831 -8.75509 4.6
      vertex 1.08081 -9.2568 4.6
    endloop
  endfacet
  facet normal 0.0611118 -0.745309 0.663912
    outer loop
      vertex 6.38313 -6.24766 3.75
      vertex 6.3307 -5.49479 4.6
      vertex 5.88432 -6.28856 3.75
    endloop
  endfacet
  facet normal 0.0613233 -0.745293 0.663911
    outer loop
      vertex 6.3307 -5.49479 4.6
      vertex 6.38313 -6.24766 3.75
      vertex 6.35841 -5.49251 4.6
    endloop
  endfacet
  facet normal -0.585721 -0.464945 0.663895
    outer loop
      vertex 11.2924 -7.91242 4.6
      vertex 10.9524 -7.4841 4.6
      vertex 10.3844 -7.98227 3.75
    endloop
  endfacet
  facet normal 0.363172 0.65371 0.663904
    outer loop
      vertex 4.29433 -15.919 3.75
      vertex 3.93585 -16.5831 4.6
      vertex 3.96015 -16.5966 4.6
    endloop
  endfacet
  facet normal 0.363236 0.653675 0.663904
    outer loop
      vertex 3.93585 -16.5831 4.6
      vertex 4.29433 -15.919 3.75
      vertex 3.85685 -15.6759 3.75
    endloop
  endfacet
  facet normal -0.747729 0.0121704 0.663892
    outer loop
      vertex 12.3935 -11.7001 4.6
      vertex 12.4024 -11.1533 4.6
      vertex 11.6473 -11.1781 3.75
    endloop
  endfacet
  facet normal 0.205331 -0.719064 0.663918
    outer loop
      vertex 4.91066 -6.51559 3.75
      vertex 5.19361 -5.64998 4.6
      vertex 4.66779 -5.80013 4.6
    endloop
  endfacet
  facet normal -0.686147 0.29735 0.663917
    outer loop
      vertex 11.1241 -13.6006 3.75
      vertex 12.0302 -13.4076 4.6
      vertex 11.3231 -13.1414 3.75
    endloop
  endfacet
  facet normal -0.686284 0.296044 0.664359
    outer loop
      vertex 12.0302 -13.4076 4.6
      vertex 11.1241 -13.6006 3.75
      vertex 12.0192 -13.4331 4.6
    endloop
  endfacet
  facet normal -0.653619 0.363319 0.663913
    outer loop
      vertex 11.5225 -14.4371 4.6
      vertex 11.7882 -13.9591 4.6
      vertex 10.8809 -14.0381 3.75
    endloop
  endfacet
  facet normal -0.695446 -0.274858 0.663934
    outer loop
      vertex 12.0948 -9.46273 4.6
      vertex 11.8938 -8.95416 4.6
      vertex 11.3793 -9.70559 3.75
    endloop
  endfacet
  facet normal 0.483802 0.570184 0.663947
    outer loop
      vertex 2.98536 -15.9905 4.6
      vertex 3.44532 -15.391 3.75
      vertex 2.56839 -15.6367 4.6
    endloop
  endfacet
  facet normal -0.297447 -0.686107 0.663915
    outer loop
      vertex 8.80567 -6.77088 3.75
      vertex 9.13985 -6.09325 4.6
      vertex 8.63813 -5.87574 4.6
    endloop
  endfacet
  facet normal -0.735566 -0.134719 0.663922
    outer loop
      vertex 11.5168 -10.1868 3.75
      vertex 12.2576 -10.0426 4.6
      vertex 12.2526 -10.0153 4.6
    endloop
  endfacet
  facet normal -0.735725 -0.133877 0.663917
    outer loop
      vertex 12.2576 -10.0426 4.6
      vertex 11.5168 -10.1868 3.75
      vertex 11.6064 -10.6792 3.75
    endloop
  endfacet
  facet normal 0.570181 -0.483847 0.663916
    outer loop
      vertex 2.25825 -7.36332 4.6
      vertex 2.82769 -7.85861 3.75
      vertex 2.27624 -7.34212 4.6
    endloop
  endfacet
  facet normal 0.570229 -0.483792 0.663916
    outer loop
      vertex 2.82769 -7.85861 3.75
      vertex 2.25825 -7.36332 4.6
      vertex 2.5039 -8.24025 3.75
    endloop
  endfacet
  facet normal 0.52005 -0.537367 0.663916
    outer loop
      vertex 2.29622 -7.32278 4.6
      vertex 2.82769 -7.85861 3.75
      vertex 3.18734 -7.51055 3.75
    endloop
  endfacet
  facet normal 0.520104 -0.537315 0.663916
    outer loop
      vertex 2.82769 -7.85861 3.75
      vertex 2.29622 -7.32278 4.6
      vertex 2.27624 -7.34212 4.6
    endloop
  endfacet
  facet normal -0.297444 -0.686107 0.663916
    outer loop
      vertex 8.80567 -6.77088 3.75
      vertex 8.61262 -5.86468 4.6
      vertex 8.34648 -6.57181 3.75
    endloop
  endfacet
  facet normal -0.297464 -0.686105 0.663909
    outer loop
      vertex 8.61262 -5.86468 4.6
      vertex 8.80567 -6.77088 3.75
      vertex 8.63813 -5.87574 4.6
    endloop
  endfacet
  facet normal -0.363167 -0.6537 0.663917
    outer loop
      vertex 8.80567 -6.77088 3.75
      vertex 9.16415 -6.10675 4.6
      vertex 9.13985 -6.09325 4.6
    endloop
  endfacet
  facet normal -0.363253 -0.653653 0.663917
    outer loop
      vertex 9.16415 -6.10675 4.6
      vertex 8.80567 -6.77088 3.75
      vertex 9.24315 -7.014 3.75
    endloop
  endfacet
  facet normal 0.653649 -0.36326 0.663917
    outer loop
      vertex 1.31182 -8.73078 4.6
      vertex 1.97595 -9.08926 3.75
      vertex 2.21907 -8.65179 3.75
    endloop
  endfacet
  facet normal 0.65365 -0.363258 0.663917
    outer loop
      vertex 1.97595 -9.08926 3.75
      vertex 1.31182 -8.73078 4.6
      vertex 1.29831 -8.75509 4.6
    endloop
  endfacet
  facet normal 0.205342 -0.719064 0.663914
    outer loop
      vertex 5.39191 -6.37816 3.75
      vertex 5.19361 -5.64998 4.6
      vertex 4.91066 -6.51559 3.75
    endloop
  endfacet
  facet normal 0.20551 -0.719017 0.663913
    outer loop
      vertex 5.19361 -5.64998 4.6
      vertex 5.39191 -6.37816 3.75
      vertex 5.22034 -5.64234 4.6
    endloop
  endfacet
  facet normal 0.730974 -0.157751 0.663922
    outer loop
      vertex 1.51812 -10.5142 3.75
      vertex 0.778526 -10.3639 4.6
      vertex 0.772656 -10.3911 4.6
    endloop
  endfacet
  facet normal 0.730948 -0.157874 0.663921
    outer loop
      vertex 0.778526 -10.3639 4.6
      vertex 1.51812 -10.5142 3.75
      vertex 1.62378 -10.025 3.75
    endloop
  endfacet
  facet normal 0.730948 -0.157872 0.663922
    outer loop
      vertex 1.62378 -10.025 3.75
      vertex 0.893969 -9.8294 4.6
      vertex 0.778526 -10.3639 4.6
    endloop
  endfacet
  facet normal -0.745338 -0.0611031 0.663881
    outer loop
      vertex 11.6473 -11.1781 3.75
      vertex 12.4001 -11.1256 4.6
      vertex 11.6064 -10.6792 3.75
    endloop
  endfacet
  facet normal -0.745278 -0.0618823 0.663876
    outer loop
      vertex 12.4001 -11.1256 4.6
      vertex 11.6473 -11.1781 3.75
      vertex 12.4024 -11.1533 4.6
    endloop
  endfacet
  facet normal 0.405239 -0.628487 0.663917
    outer loop
      vertex 4 -6.9282 3.75
      vertex 3.62222 -6.27387 4.6
      vertex 3.16264 -6.5702 4.6
    endloop
  endfacet
  facet normal -0.614922 0.425537 0.663919
    outer loop
      vertex 11.1955 -14.9096 4.6
      vertex 11.5067 -14.4599 4.6
      vertex 10.5961 -14.4496 3.75
    endloop
  endfacet
  facet normal -0.228759 -0.711959 0.663916
    outer loop
      vertex 8.58615 -5.85618 4.6
      vertex 8.06553 -5.6889 4.6
      vertex 7.86998 -6.41871 3.75
    endloop
  endfacet
  facet normal -0.228754 -0.711962 0.663914
    outer loop
      vertex 8.34648 -6.57181 3.75
      vertex 8.58615 -5.85618 4.6
      vertex 7.86998 -6.41871 3.75
    endloop
  endfacet
  facet normal -0.228636 -0.712001 0.663913
    outer loop
      vertex 8.58615 -5.85618 4.6
      vertex 8.34648 -6.57181 3.75
      vertex 8.61262 -5.86468 4.6
    endloop
  endfacet
  facet normal -0.665192 -0.341607 0.663946
    outer loop
      vertex 10.9667 -8.79493 3.75
      vertex 11.8836 -8.9283 4.6
      vertex 11.8709 -8.90357 4.6
    endloop
  endfacet
  facet normal -0.665176 -0.341702 0.663914
    outer loop
      vertex 11.8836 -8.9283 4.6
      vertex 10.9667 -8.79493 3.75
      vertex 11.1954 -9.24013 3.75
    endloop
  endfacet
  facet normal -0.742922 0.0854689 0.663899
    outer loop
      vertex 11.5819 -12.1757 3.75
      vertex 12.3305 -12.2712 4.6
      vertex 11.6391 -11.6785 3.75
    endloop
  endfacet
  facet normal -0.742843 0.0861267 0.663903
    outer loop
      vertex 12.3305 -12.2712 4.6
      vertex 11.5819 -12.1757 3.75
      vertex 12.3273 -12.2988 4.6
    endloop
  endfacet
  facet normal -0.730934 0.157947 0.663918
    outer loop
      vertex 12.206 -12.8605 4.6
      vertex 12.3215 -12.326 4.6
      vertex 11.4762 -12.6649 3.75
    endloop
  endfacet
  facet normal -0.745315 -0.0609927 0.663917
    outer loop
      vertex 12.4001 -11.1256 4.6
      vertex 12.3555 -10.5806 4.6
      vertex 11.6064 -10.6792 3.75
    endloop
  endfacet
  facet normal -0.731348 0.155949 0.663935
    outer loop
      vertex 11.5819 -12.1757 3.75
      vertex 12.3215 -12.326 4.6
      vertex 12.3273 -12.2988 4.6
    endloop
  endfacet
  facet normal -0.730933 0.157931 0.663924
    outer loop
      vertex 12.3215 -12.326 4.6
      vertex 11.5819 -12.1757 3.75
      vertex 11.4762 -12.6649 3.75
    endloop
  endfacet
  facet normal -0.520022 0.537388 0.663922
    outer loop
      vertex 10.4108 -15.7474 4.6
      vertex 10.8038 -15.3671 4.6
      vertex 9.91266 -15.1793 3.75
    endloop
  endfacet
  facet normal -0.66519 -0.341614 0.663944
    outer loop
      vertex 11.8709 -8.90357 4.6
      vertex 11.6211 -8.41716 4.6
      vertex 10.9667 -8.79493 3.75
    endloop
  endfacet
  facet normal -0.570289 0.483782 0.663872
    outer loop
      vertex 10.2723 -14.8313 3.75
      vertex 10.8417 -15.3265 4.6
      vertex 10.5961 -14.4496 3.75
    endloop
  endfacet
  facet normal -0.571414 0.482468 0.66386
    outer loop
      vertex 10.8417 -15.3265 4.6
      vertex 10.2723 -14.8313 3.75
      vertex 10.8238 -15.3477 4.6
    endloop
  endfacet
  facet normal -0.464866 0.585753 0.663923
    outer loop
      vertex 9.98251 -16.0873 4.6
      vertex 10.4108 -15.7474 4.6
      vertex 9.91266 -15.1793 3.75
    endloop
  endfacet
  facet normal -0.464953 0.585718 0.663893
    outer loop
      vertex 9.52063 -15.4905 3.75
      vertex 9.98251 -16.0873 4.6
      vertex 9.91266 -15.1793 3.75
    endloop
  endfacet
  facet normal -0.465129 0.585579 0.663891
    outer loop
      vertex 9.98251 -16.0873 4.6
      vertex 9.52063 -15.4905 3.75
      vertex 9.96073 -16.1046 4.6
    endloop
  endfacet
  facet normal -0.0491031 -0.998794 0
    outer loop
      vertex 0 1.6 2
      vertex 0.156827 1.59229 2.8
      vertex 0 1.6 2.8
    endloop
  endfacet
  facet normal -0.0491031 -0.998794 -0
    outer loop
      vertex 0.156827 1.59229 2.8
      vertex 0 1.6 2
      vertex 0.156827 1.59229 2
    endloop
  endfacet
  facet normal 0.514089 0.857737 -0
    outer loop
      vertex -0.754234 -1.41107 2
      vertex -0.888912 -1.33035 2.8
      vertex -0.754234 -1.41107 2.8
    endloop
  endfacet
  facet normal 0.514089 0.857737 0
    outer loop
      vertex -0.888912 -1.33035 2.8
      vertex -0.754234 -1.41107 2
      vertex -0.888912 -1.33035 2
    endloop
  endfacet
  facet normal -0.989185 -0.146674 0
    outer loop
      vertex 1.59229 0.156827 2
      vertex 1.56926 0.312144 2.8
      vertex 1.56926 0.312144 2
    endloop
  endfacet
  facet normal -0.989185 -0.146674 0
    outer loop
      vertex 1.56926 0.312144 2.8
      vertex 1.59229 0.156827 2
      vertex 1.59229 0.156827 2.8
    endloop
  endfacet
  facet normal -0.857737 -0.514089 0
    outer loop
      vertex 1.41107 0.754234 2
      vertex 1.33035 0.888912 2.8
      vertex 1.33035 0.888912 2
    endloop
  endfacet
  facet normal -0.857737 -0.514089 0
    outer loop
      vertex 1.33035 0.888912 2.8
      vertex 1.41107 0.754234 2
      vertex 1.41107 0.754234 2.8
    endloop
  endfacet
  facet normal -0.146674 0.989185 0
    outer loop
      vertex 0.312144 -1.56926 2
      vertex 0.156827 -1.59229 2.8
      vertex 0.312144 -1.56926 2.8
    endloop
  endfacet
  facet normal -0.146674 0.989185 0
    outer loop
      vertex 0.156827 -1.59229 2.8
      vertex 0.312144 -1.56926 2
      vertex 0.156827 -1.59229 2
    endloop
  endfacet
  facet normal 0.595677 -0.803224 0
    outer loop
      vertex -1.01503 1.23682 2
      vertex -0.888912 1.33035 2.8
      vertex -1.01503 1.23682 2.8
    endloop
  endfacet
  facet normal 0.595677 -0.803224 0
    outer loop
      vertex -0.888912 1.33035 2.8
      vertex -1.01503 1.23682 2
      vertex -0.888912 1.33035 2
    endloop
  endfacet
  facet normal -0.514089 0.857737 0
    outer loop
      vertex 0.888912 -1.33035 2
      vertex 0.754234 -1.41107 2.8
      vertex 0.888912 -1.33035 2.8
    endloop
  endfacet
  facet normal -0.514089 0.857737 0
    outer loop
      vertex 0.754234 -1.41107 2.8
      vertex 0.888912 -1.33035 2
      vertex 0.754234 -1.41107 2
    endloop
  endfacet
  facet normal -0.989185 0.146674 0
    outer loop
      vertex 1.56926 -0.312144 2
      vertex 1.59229 -0.156827 2.8
      vertex 1.59229 -0.156827 2
    endloop
  endfacet
  facet normal -0.989185 0.146674 0
    outer loop
      vertex 1.59229 -0.156827 2.8
      vertex 1.56926 -0.312144 2
      vertex 1.56926 -0.312144 2.8
    endloop
  endfacet
  facet normal -0.803224 -0.595677 0
    outer loop
      vertex 1.33035 0.888912 2
      vertex 1.23682 1.01503 2.8
      vertex 1.23682 1.01503 2
    endloop
  endfacet
  facet normal -0.803224 -0.595677 0
    outer loop
      vertex 1.23682 1.01503 2.8
      vertex 1.33035 0.888912 2
      vertex 1.33035 0.888912 2.8
    endloop
  endfacet
  facet normal -0.740933 -0.671578 0
    outer loop
      vertex 1.23682 1.01503 2
      vertex 1.13137 1.13137 2.8
      vertex 1.13137 1.13137 2
    endloop
  endfacet
  facet normal -0.740933 -0.671578 0
    outer loop
      vertex 1.13137 1.13137 2.8
      vertex 1.23682 1.01503 2
      vertex 1.23682 1.01503 2.8
    endloop
  endfacet
  facet normal 0.740933 -0.671578 0
    outer loop
      vertex -1.23682 1.01503 2.8
      vertex -1.13137 1.13137 2
      vertex -1.13137 1.13137 2.8
    endloop
  endfacet
  facet normal 0.740933 -0.671578 0
    outer loop
      vertex -1.13137 1.13137 2
      vertex -1.23682 1.01503 2.8
      vertex -1.23682 1.01503 2
    endloop
  endfacet
  facet normal -0.740933 0.671578 0
    outer loop
      vertex 1.13137 -1.13137 2
      vertex 1.23682 -1.01503 2.8
      vertex 1.23682 -1.01503 2
    endloop
  endfacet
  facet normal -0.740933 0.671578 0
    outer loop
      vertex 1.23682 -1.01503 2.8
      vertex 1.13137 -1.13137 2
      vertex 1.13137 -1.13137 2.8
    endloop
  endfacet
  facet normal -0.941559 -0.336849 0
    outer loop
      vertex 1.5311 0.464455 2
      vertex 1.47821 0.612293 2.8
      vertex 1.47821 0.612293 2
    endloop
  endfacet
  facet normal -0.941559 -0.336849 0
    outer loop
      vertex 1.47821 0.612293 2.8
      vertex 1.5311 0.464455 2
      vertex 1.5311 0.464455 2.8
    endloop
  endfacet
  facet normal 0.146674 0.989185 -0
    outer loop
      vertex -0.156827 -1.59229 2
      vertex -0.312144 -1.56926 2.8
      vertex -0.156827 -1.59229 2.8
    endloop
  endfacet
  facet normal 0.146674 0.989185 0
    outer loop
      vertex -0.312144 -1.56926 2.8
      vertex -0.156827 -1.59229 2
      vertex -0.312144 -1.56926 2
    endloop
  endfacet
  facet normal 0.970019 0.243029 0
    outer loop
      vertex -1.5311 -0.464455 2.8
      vertex -1.56926 -0.312144 2
      vertex -1.56926 -0.312144 2.8
    endloop
  endfacet
  facet normal 0.970019 0.243029 0
    outer loop
      vertex -1.56926 -0.312144 2
      vertex -1.5311 -0.464455 2.8
      vertex -1.5311 -0.464455 2
    endloop
  endfacet
  facet normal 0.941559 0.336849 0
    outer loop
      vertex -1.47821 -0.612293 2.8
      vertex -1.5311 -0.464455 2
      vertex -1.5311 -0.464455 2.8
    endloop
  endfacet
  facet normal 0.941559 0.336849 0
    outer loop
      vertex -1.5311 -0.464455 2
      vertex -1.47821 -0.612293 2.8
      vertex -1.47821 -0.612293 2
    endloop
  endfacet
  facet normal -0.970019 0.243029 0
    outer loop
      vertex 1.5311 -0.464455 2
      vertex 1.56926 -0.312144 2.8
      vertex 1.56926 -0.312144 2
    endloop
  endfacet
  facet normal -0.970019 0.243029 0
    outer loop
      vertex 1.56926 -0.312144 2.8
      vertex 1.5311 -0.464455 2
      vertex 1.5311 -0.464455 2.8
    endloop
  endfacet
  facet normal 0.998794 -0.0491031 0
    outer loop
      vertex -1.6 0 2.8
      vertex -1.59229 0.156827 2
      vertex -1.59229 0.156827 2.8
    endloop
  endfacet
  facet normal 0.998794 -0.0491031 0
    outer loop
      vertex -1.59229 0.156827 2
      vertex -1.6 0 2.8
      vertex -1.6 0 2
    endloop
  endfacet
  facet normal -0.857737 0.514089 0
    outer loop
      vertex 1.33035 -0.888912 2
      vertex 1.41107 -0.754234 2.8
      vertex 1.41107 -0.754234 2
    endloop
  endfacet
  facet normal -0.857737 0.514089 0
    outer loop
      vertex 1.41107 -0.754234 2.8
      vertex 1.33035 -0.888912 2
      vertex 1.33035 -0.888912 2.8
    endloop
  endfacet
  facet normal -0.998794 -0.0491031 0
    outer loop
      vertex 1.6 0 2
      vertex 1.59229 0.156827 2.8
      vertex 1.59229 0.156827 2
    endloop
  endfacet
  facet normal -0.998794 -0.0491031 0
    outer loop
      vertex 1.59229 0.156827 2.8
      vertex 1.6 0 2
      vertex 1.6 0 2.8
    endloop
  endfacet
  facet normal 0.998794 0.0491031 0
    outer loop
      vertex -1.59229 -0.156827 2.8
      vertex -1.6 0 2
      vertex -1.6 0 2.8
    endloop
  endfacet
  facet normal 0.998794 0.0491031 0
    outer loop
      vertex -1.6 0 2
      vertex -1.59229 -0.156827 2.8
      vertex -1.59229 -0.156827 2
    endloop
  endfacet
  facet normal -0.970019 -0.243029 0
    outer loop
      vertex 1.56926 0.312144 2
      vertex 1.5311 0.464455 2.8
      vertex 1.5311 0.464455 2
    endloop
  endfacet
  facet normal -0.970019 -0.243029 0
    outer loop
      vertex 1.5311 0.464455 2.8
      vertex 1.56926 0.312144 2
      vertex 1.56926 0.312144 2.8
    endloop
  endfacet
  facet normal 0.0491031 -0.998794 0
    outer loop
      vertex -0.156827 1.59229 2
      vertex 0 1.6 2.8
      vertex -0.156827 1.59229 2.8
    endloop
  endfacet
  facet normal 0.0491031 -0.998794 0
    outer loop
      vertex 0 1.6 2.8
      vertex -0.156827 1.59229 2
      vertex 0 1.6 2
    endloop
  endfacet
  facet normal 0.146674 -0.989185 0
    outer loop
      vertex -0.312144 1.56926 2
      vertex -0.156827 1.59229 2.8
      vertex -0.312144 1.56926 2.8
    endloop
  endfacet
  facet normal 0.146674 -0.989185 0
    outer loop
      vertex -0.156827 1.59229 2.8
      vertex -0.312144 1.56926 2
      vertex -0.156827 1.59229 2
    endloop
  endfacet
  facet normal 0.941559 -0.336849 0
    outer loop
      vertex -1.5311 0.464455 2.8
      vertex -1.47821 0.612293 2
      vertex -1.47821 0.612293 2.8
    endloop
  endfacet
  facet normal 0.941559 -0.336849 0
    outer loop
      vertex -1.47821 0.612293 2
      vertex -1.5311 0.464455 2.8
      vertex -1.5311 0.464455 2
    endloop
  endfacet
  facet normal -0.336849 -0.941559 0
    outer loop
      vertex 0.464455 1.5311 2
      vertex 0.612293 1.47821 2.8
      vertex 0.464455 1.5311 2.8
    endloop
  endfacet
  facet normal -0.336849 -0.941559 -0
    outer loop
      vertex 0.612293 1.47821 2.8
      vertex 0.464455 1.5311 2
      vertex 0.612293 1.47821 2
    endloop
  endfacet
  facet normal -0.998794 0.0491031 0
    outer loop
      vertex 1.59229 -0.156827 2
      vertex 1.6 0 2.8
      vertex 1.6 0 2
    endloop
  endfacet
  facet normal -0.998794 0.0491031 0
    outer loop
      vertex 1.6 0 2.8
      vertex 1.59229 -0.156827 2
      vertex 1.59229 -0.156827 2.8
    endloop
  endfacet
  facet normal 0.671578 -0.740933 0
    outer loop
      vertex -1.13137 1.13137 2
      vertex -1.01503 1.23682 2.8
      vertex -1.13137 1.13137 2.8
    endloop
  endfacet
  facet normal 0.671578 -0.740933 0
    outer loop
      vertex -1.01503 1.23682 2.8
      vertex -1.13137 1.13137 2
      vertex -1.01503 1.23682 2
    endloop
  endfacet
  facet normal 0.243029 -0.970019 0
    outer loop
      vertex -0.464455 1.5311 2
      vertex -0.312144 1.56926 2.8
      vertex -0.464455 1.5311 2.8
    endloop
  endfacet
  facet normal 0.243029 -0.970019 0
    outer loop
      vertex -0.312144 1.56926 2.8
      vertex -0.464455 1.5311 2
      vertex -0.312144 1.56926 2
    endloop
  endfacet
  facet normal 0.740933 0.671578 0
    outer loop
      vertex -1.13137 -1.13137 2.8
      vertex -1.23682 -1.01503 2
      vertex -1.23682 -1.01503 2.8
    endloop
  endfacet
  facet normal 0.740933 0.671578 0
    outer loop
      vertex -1.23682 -1.01503 2
      vertex -1.13137 -1.13137 2.8
      vertex -1.13137 -1.13137 2
    endloop
  endfacet
  facet normal 0.989185 -0.146674 0
    outer loop
      vertex -1.59229 0.156827 2.8
      vertex -1.56926 0.312144 2
      vertex -1.56926 0.312144 2.8
    endloop
  endfacet
  facet normal 0.989185 -0.146674 0
    outer loop
      vertex -1.56926 0.312144 2
      vertex -1.59229 0.156827 2.8
      vertex -1.59229 0.156827 2
    endloop
  endfacet
  facet normal -0.243029 0.970019 0
    outer loop
      vertex 0.464455 -1.5311 2
      vertex 0.312144 -1.56926 2.8
      vertex 0.464455 -1.5311 2.8
    endloop
  endfacet
  facet normal -0.243029 0.970019 0
    outer loop
      vertex 0.312144 -1.56926 2.8
      vertex 0.464455 -1.5311 2
      vertex 0.312144 -1.56926 2
    endloop
  endfacet
  facet normal -0.595677 0.803224 0
    outer loop
      vertex 1.01503 -1.23682 2
      vertex 0.888912 -1.33035 2.8
      vertex 1.01503 -1.23682 2.8
    endloop
  endfacet
  facet normal -0.595677 0.803224 0
    outer loop
      vertex 0.888912 -1.33035 2.8
      vertex 1.01503 -1.23682 2
      vertex 0.888912 -1.33035 2
    endloop
  endfacet
  facet normal 0.803224 0.595677 0
    outer loop
      vertex -1.23682 -1.01503 2.8
      vertex -1.33035 -0.888912 2
      vertex -1.33035 -0.888912 2.8
    endloop
  endfacet
  facet normal 0.803224 0.595677 0
    outer loop
      vertex -1.33035 -0.888912 2
      vertex -1.23682 -1.01503 2.8
      vertex -1.23682 -1.01503 2
    endloop
  endfacet
  facet normal -0.427591 -0.903972 0
    outer loop
      vertex 0.612293 1.47821 2
      vertex 0.754234 1.41107 2.8
      vertex 0.612293 1.47821 2.8
    endloop
  endfacet
  facet normal -0.427591 -0.903972 -0
    outer loop
      vertex 0.754234 1.41107 2.8
      vertex 0.612293 1.47821 2
      vertex 0.754234 1.41107 2
    endloop
  endfacet
  facet normal -0.803224 0.595677 0
    outer loop
      vertex 1.23682 -1.01503 2
      vertex 1.33035 -0.888912 2.8
      vertex 1.33035 -0.888912 2
    endloop
  endfacet
  facet normal -0.803224 0.595677 0
    outer loop
      vertex 1.33035 -0.888912 2.8
      vertex 1.23682 -1.01503 2
      vertex 1.23682 -1.01503 2.8
    endloop
  endfacet
  facet normal 0.514089 -0.857737 0
    outer loop
      vertex -0.888912 1.33035 2
      vertex -0.754234 1.41107 2.8
      vertex -0.888912 1.33035 2.8
    endloop
  endfacet
  facet normal 0.514089 -0.857737 0
    outer loop
      vertex -0.754234 1.41107 2.8
      vertex -0.888912 1.33035 2
      vertex -0.754234 1.41107 2
    endloop
  endfacet
  facet normal 0.970019 -0.243029 0
    outer loop
      vertex -1.56926 0.312144 2.8
      vertex -1.5311 0.464455 2
      vertex -1.5311 0.464455 2.8
    endloop
  endfacet
  facet normal 0.970019 -0.243029 0
    outer loop
      vertex -1.5311 0.464455 2
      vertex -1.56926 0.312144 2.8
      vertex -1.56926 0.312144 2
    endloop
  endfacet
  facet normal -0.903972 -0.427591 0
    outer loop
      vertex 1.47821 0.612293 2
      vertex 1.41107 0.754234 2.8
      vertex 1.41107 0.754234 2
    endloop
  endfacet
  facet normal -0.903972 -0.427591 0
    outer loop
      vertex 1.41107 0.754234 2.8
      vertex 1.47821 0.612293 2
      vertex 1.47821 0.612293 2.8
    endloop
  endfacet
  facet normal -0.0491031 0.998794 0
    outer loop
      vertex 0.156827 -1.59229 2
      vertex 0 -1.6 2.8
      vertex 0.156827 -1.59229 2.8
    endloop
  endfacet
  facet normal -0.0491031 0.998794 0
    outer loop
      vertex 0 -1.6 2.8
      vertex 0.156827 -1.59229 2
      vertex 0 -1.6 2
    endloop
  endfacet
  facet normal -0.595677 -0.803224 0
    outer loop
      vertex 0.888912 1.33035 2
      vertex 1.01503 1.23682 2.8
      vertex 0.888912 1.33035 2.8
    endloop
  endfacet
  facet normal -0.595677 -0.803224 -0
    outer loop
      vertex 1.01503 1.23682 2.8
      vertex 0.888912 1.33035 2
      vertex 1.01503 1.23682 2
    endloop
  endfacet
  facet normal 0.336849 0.941559 -0
    outer loop
      vertex -0.464455 -1.5311 2
      vertex -0.612293 -1.47821 2.8
      vertex -0.464455 -1.5311 2.8
    endloop
  endfacet
  facet normal 0.336849 0.941559 0
    outer loop
      vertex -0.612293 -1.47821 2.8
      vertex -0.464455 -1.5311 2
      vertex -0.612293 -1.47821 2
    endloop
  endfacet
  facet normal -0.671578 -0.740933 0
    outer loop
      vertex 1.01503 1.23682 2
      vertex 1.13137 1.13137 2.8
      vertex 1.01503 1.23682 2.8
    endloop
  endfacet
  facet normal -0.671578 -0.740933 -0
    outer loop
      vertex 1.13137 1.13137 2.8
      vertex 1.01503 1.23682 2
      vertex 1.13137 1.13137 2
    endloop
  endfacet
  facet normal -0.941559 0.336849 0
    outer loop
      vertex 1.47821 -0.612293 2
      vertex 1.5311 -0.464455 2.8
      vertex 1.5311 -0.464455 2
    endloop
  endfacet
  facet normal -0.941559 0.336849 0
    outer loop
      vertex 1.5311 -0.464455 2.8
      vertex 1.47821 -0.612293 2
      vertex 1.47821 -0.612293 2.8
    endloop
  endfacet
  facet normal 0.857737 0.514089 0
    outer loop
      vertex -1.33035 -0.888912 2.8
      vertex -1.41107 -0.754234 2
      vertex -1.41107 -0.754234 2.8
    endloop
  endfacet
  facet normal 0.857737 0.514089 0
    outer loop
      vertex -1.41107 -0.754234 2
      vertex -1.33035 -0.888912 2.8
      vertex -1.33035 -0.888912 2
    endloop
  endfacet
  facet normal -0.903972 0.427591 0
    outer loop
      vertex 1.41107 -0.754234 2
      vertex 1.47821 -0.612293 2.8
      vertex 1.47821 -0.612293 2
    endloop
  endfacet
  facet normal -0.903972 0.427591 0
    outer loop
      vertex 1.47821 -0.612293 2.8
      vertex 1.41107 -0.754234 2
      vertex 1.41107 -0.754234 2.8
    endloop
  endfacet
  facet normal 0.671578 0.740933 -0
    outer loop
      vertex -1.01503 -1.23682 2
      vertex -1.13137 -1.13137 2.8
      vertex -1.01503 -1.23682 2.8
    endloop
  endfacet
  facet normal 0.671578 0.740933 0
    outer loop
      vertex -1.13137 -1.13137 2.8
      vertex -1.01503 -1.23682 2
      vertex -1.13137 -1.13137 2
    endloop
  endfacet
  facet normal -0.514089 -0.857737 0
    outer loop
      vertex 0.754234 1.41107 2
      vertex 0.888912 1.33035 2.8
      vertex 0.754234 1.41107 2.8
    endloop
  endfacet
  facet normal -0.514089 -0.857737 -0
    outer loop
      vertex 0.888912 1.33035 2.8
      vertex 0.754234 1.41107 2
      vertex 0.888912 1.33035 2
    endloop
  endfacet
  facet normal 0.903972 0.427591 0
    outer loop
      vertex -1.41107 -0.754234 2.8
      vertex -1.47821 -0.612293 2
      vertex -1.47821 -0.612293 2.8
    endloop
  endfacet
  facet normal 0.903972 0.427591 0
    outer loop
      vertex -1.47821 -0.612293 2
      vertex -1.41107 -0.754234 2.8
      vertex -1.41107 -0.754234 2
    endloop
  endfacet
  facet normal -0.146674 -0.989185 0
    outer loop
      vertex 0.156827 1.59229 2
      vertex 0.312144 1.56926 2.8
      vertex 0.156827 1.59229 2.8
    endloop
  endfacet
  facet normal -0.146674 -0.989185 -0
    outer loop
      vertex 0.312144 1.56926 2.8
      vertex 0.156827 1.59229 2
      vertex 0.312144 1.56926 2
    endloop
  endfacet
  facet normal -0.243029 -0.970019 0
    outer loop
      vertex 0.312144 1.56926 2
      vertex 0.464455 1.5311 2.8
      vertex 0.312144 1.56926 2.8
    endloop
  endfacet
  facet normal -0.243029 -0.970019 -0
    outer loop
      vertex 0.464455 1.5311 2.8
      vertex 0.312144 1.56926 2
      vertex 0.464455 1.5311 2
    endloop
  endfacet
  facet normal 0.803224 -0.595677 0
    outer loop
      vertex -1.33035 0.888912 2.8
      vertex -1.23682 1.01503 2
      vertex -1.23682 1.01503 2.8
    endloop
  endfacet
  facet normal 0.803224 -0.595677 0
    outer loop
      vertex -1.23682 1.01503 2
      vertex -1.33035 0.888912 2.8
      vertex -1.33035 0.888912 2
    endloop
  endfacet
  facet normal 0.243029 0.970019 -0
    outer loop
      vertex -0.312144 -1.56926 2
      vertex -0.464455 -1.5311 2.8
      vertex -0.312144 -1.56926 2.8
    endloop
  endfacet
  facet normal 0.243029 0.970019 0
    outer loop
      vertex -0.464455 -1.5311 2.8
      vertex -0.312144 -1.56926 2
      vertex -0.464455 -1.5311 2
    endloop
  endfacet
  facet normal 0.336849 -0.941559 0
    outer loop
      vertex -0.612293 1.47821 2
      vertex -0.464455 1.5311 2.8
      vertex -0.612293 1.47821 2.8
    endloop
  endfacet
  facet normal 0.336849 -0.941559 0
    outer loop
      vertex -0.464455 1.5311 2.8
      vertex -0.612293 1.47821 2
      vertex -0.464455 1.5311 2
    endloop
  endfacet
  facet normal -0.671578 0.740933 0
    outer loop
      vertex 1.13137 -1.13137 2
      vertex 1.01503 -1.23682 2.8
      vertex 1.13137 -1.13137 2.8
    endloop
  endfacet
  facet normal -0.671578 0.740933 0
    outer loop
      vertex 1.01503 -1.23682 2.8
      vertex 1.13137 -1.13137 2
      vertex 1.01503 -1.23682 2
    endloop
  endfacet
  facet normal 0.903972 -0.427591 0
    outer loop
      vertex -1.47821 0.612293 2.8
      vertex -1.41107 0.754234 2
      vertex -1.41107 0.754234 2.8
    endloop
  endfacet
  facet normal 0.903972 -0.427591 0
    outer loop
      vertex -1.41107 0.754234 2
      vertex -1.47821 0.612293 2.8
      vertex -1.47821 0.612293 2
    endloop
  endfacet
  facet normal 0.427591 0.903972 -0
    outer loop
      vertex -0.612293 -1.47821 2
      vertex -0.754234 -1.41107 2.8
      vertex -0.612293 -1.47821 2.8
    endloop
  endfacet
  facet normal 0.427591 0.903972 0
    outer loop
      vertex -0.754234 -1.41107 2.8
      vertex -0.612293 -1.47821 2
      vertex -0.754234 -1.41107 2
    endloop
  endfacet
  facet normal 0.0491031 0.998794 -0
    outer loop
      vertex 0 -1.6 2
      vertex -0.156827 -1.59229 2.8
      vertex 0 -1.6 2.8
    endloop
  endfacet
  facet normal 0.0491031 0.998794 0
    outer loop
      vertex -0.156827 -1.59229 2.8
      vertex 0 -1.6 2
      vertex -0.156827 -1.59229 2
    endloop
  endfacet
  facet normal 0.989185 0.146674 0
    outer loop
      vertex -1.56926 -0.312144 2.8
      vertex -1.59229 -0.156827 2
      vertex -1.59229 -0.156827 2.8
    endloop
  endfacet
  facet normal 0.989185 0.146674 0
    outer loop
      vertex -1.59229 -0.156827 2
      vertex -1.56926 -0.312144 2.8
      vertex -1.56926 -0.312144 2
    endloop
  endfacet
  facet normal -0.336849 0.941559 0
    outer loop
      vertex 0.612293 -1.47821 2
      vertex 0.464455 -1.5311 2.8
      vertex 0.612293 -1.47821 2.8
    endloop
  endfacet
  facet normal -0.336849 0.941559 0
    outer loop
      vertex 0.464455 -1.5311 2.8
      vertex 0.612293 -1.47821 2
      vertex 0.464455 -1.5311 2
    endloop
  endfacet
  facet normal -0.427591 0.903972 0
    outer loop
      vertex 0.754234 -1.41107 2
      vertex 0.612293 -1.47821 2.8
      vertex 0.754234 -1.41107 2.8
    endloop
  endfacet
  facet normal -0.427591 0.903972 0
    outer loop
      vertex 0.612293 -1.47821 2.8
      vertex 0.754234 -1.41107 2
      vertex 0.612293 -1.47821 2
    endloop
  endfacet
  facet normal 0.427591 -0.903972 0
    outer loop
      vertex -0.754234 1.41107 2
      vertex -0.612293 1.47821 2.8
      vertex -0.754234 1.41107 2.8
    endloop
  endfacet
  facet normal 0.427591 -0.903972 0
    outer loop
      vertex -0.612293 1.47821 2.8
      vertex -0.754234 1.41107 2
      vertex -0.612293 1.47821 2
    endloop
  endfacet
  facet normal 0 0 -1
    outer loop
      vertex 1.59229 -0.156827 2.8
      vertex 1.59229 0.156827 2.8
      vertex 1.6 0 2.8
    endloop
  endfacet
  facet normal 0 0 -1
    outer loop
      vertex 1.56926 -0.312144 2.8
      vertex 1.59229 0.156827 2.8
      vertex 1.59229 -0.156827 2.8
    endloop
  endfacet
  facet normal 0 0 -1
    outer loop
      vertex 1.56926 -0.312144 2.8
      vertex 1.56926 0.312144 2.8
      vertex 1.59229 0.156827 2.8
    endloop
  endfacet
  facet normal 0 0 -1
    outer loop
      vertex 1.5311 -0.464455 2.8
      vertex 1.56926 0.312144 2.8
      vertex 1.56926 -0.312144 2.8
    endloop
  endfacet
  facet normal 0 0 -1
    outer loop
      vertex 1.5311 -0.464455 2.8
      vertex 1.5311 0.464455 2.8
      vertex 1.56926 0.312144 2.8
    endloop
  endfacet
  facet normal 0 0 -1
    outer loop
      vertex 1.47821 -0.612293 2.8
      vertex 1.5311 0.464455 2.8
      vertex 1.5311 -0.464455 2.8
    endloop
  endfacet
  facet normal 0 0 -1
    outer loop
      vertex 1.47821 -0.612293 2.8
      vertex 1.47821 0.612293 2.8
      vertex 1.5311 0.464455 2.8
    endloop
  endfacet
  facet normal 0 0 -1
    outer loop
      vertex 1.41107 -0.754234 2.8
      vertex 1.47821 0.612293 2.8
      vertex 1.47821 -0.612293 2.8
    endloop
  endfacet
  facet normal 0 0 -1
    outer loop
      vertex 1.41107 -0.754234 2.8
      vertex 1.41107 0.754234 2.8
      vertex 1.47821 0.612293 2.8
    endloop
  endfacet
  facet normal 0 0 -1
    outer loop
      vertex 1.33035 -0.888912 2.8
      vertex 1.41107 0.754234 2.8
      vertex 1.41107 -0.754234 2.8
    endloop
  endfacet
  facet normal 0 0 -1
    outer loop
      vertex 1.33035 -0.888912 2.8
      vertex 1.33035 0.888912 2.8
      vertex 1.41107 0.754234 2.8
    endloop
  endfacet
  facet normal 0 0 -1
    outer loop
      vertex 1.23682 -1.01503 2.8
      vertex 1.33035 0.888912 2.8
      vertex 1.33035 -0.888912 2.8
    endloop
  endfacet
  facet normal 0 0 -1
    outer loop
      vertex 1.23682 -1.01503 2.8
      vertex 1.23682 1.01503 2.8
      vertex 1.33035 0.888912 2.8
    endloop
  endfacet
  facet normal 0 0 -1
    outer loop
      vertex 1.13137 -1.13137 2.8
      vertex 1.23682 1.01503 2.8
      vertex 1.23682 -1.01503 2.8
    endloop
  endfacet
  facet normal 0 0 -1
    outer loop
      vertex 1.13137 -1.13137 2.8
      vertex 1.13137 1.13137 2.8
      vertex 1.23682 1.01503 2.8
    endloop
  endfacet
  facet normal 0 0 -1
    outer loop
      vertex 1.01503 -1.23682 2.8
      vertex 1.13137 1.13137 2.8
      vertex 1.13137 -1.13137 2.8
    endloop
  endfacet
  facet normal 0 0 -1
    outer loop
      vertex 1.01503 -1.23682 2.8
      vertex 1.01503 1.23682 2.8
      vertex 1.13137 1.13137 2.8
    endloop
  endfacet
  facet normal 0 0 -1
    outer loop
      vertex 0.888912 -1.33035 2.8
      vertex 1.01503 1.23682 2.8
      vertex 1.01503 -1.23682 2.8
    endloop
  endfacet
  facet normal 0 0 -1
    outer loop
      vertex 0.888912 -1.33035 2.8
      vertex 0.888912 1.33035 2.8
      vertex 1.01503 1.23682 2.8
    endloop
  endfacet
  facet normal 0 0 -1
    outer loop
      vertex 0.754234 -1.41107 2.8
      vertex 0.888912 1.33035 2.8
      vertex 0.888912 -1.33035 2.8
    endloop
  endfacet
  facet normal 0 0 -1
    outer loop
      vertex 0.754234 -1.41107 2.8
      vertex 0.754234 1.41107 2.8
      vertex 0.888912 1.33035 2.8
    endloop
  endfacet
  facet normal 0 0 -1
    outer loop
      vertex 0.612293 -1.47821 2.8
      vertex 0.754234 1.41107 2.8
      vertex 0.754234 -1.41107 2.8
    endloop
  endfacet
  facet normal 0 0 -1
    outer loop
      vertex 0.612293 -1.47821 2.8
      vertex 0.612293 1.47821 2.8
      vertex 0.754234 1.41107 2.8
    endloop
  endfacet
  facet normal 0 0 -1
    outer loop
      vertex 0.464455 -1.5311 2.8
      vertex 0.612293 1.47821 2.8
      vertex 0.612293 -1.47821 2.8
    endloop
  endfacet
  facet normal 0 0 -1
    outer loop
      vertex 0.464455 -1.5311 2.8
      vertex 0.464455 1.5311 2.8
      vertex 0.612293 1.47821 2.8
    endloop
  endfacet
  facet normal 0 0 -1
    outer loop
      vertex 0.312144 -1.56926 2.8
      vertex 0.464455 1.5311 2.8
      vertex 0.464455 -1.5311 2.8
    endloop
  endfacet
  facet normal 0 0 -1
    outer loop
      vertex 0.312144 -1.56926 2.8
      vertex 0.312144 1.56926 2.8
      vertex 0.464455 1.5311 2.8
    endloop
  endfacet
  facet normal 0 0 -1
    outer loop
      vertex 0.156827 -1.59229 2.8
      vertex 0.312144 1.56926 2.8
      vertex 0.312144 -1.56926 2.8
    endloop
  endfacet
  facet normal 0 0 -1
    outer loop
      vertex 0.156827 -1.59229 2.8
      vertex 0.156827 1.59229 2.8
      vertex 0.312144 1.56926 2.8
    endloop
  endfacet
  facet normal 0 0 -1
    outer loop
      vertex 0 -1.6 2.8
      vertex 0.156827 1.59229 2.8
      vertex 0.156827 -1.59229 2.8
    endloop
  endfacet
  facet normal 0 0 -1
    outer loop
      vertex 0 -1.6 2.8
      vertex 0 1.6 2.8
      vertex 0.156827 1.59229 2.8
    endloop
  endfacet
  facet normal 0 0 -1
    outer loop
      vertex -0.156827 -1.59229 2.8
      vertex 0 1.6 2.8
      vertex 0 -1.6 2.8
    endloop
  endfacet
  facet normal 0 0 -1
    outer loop
      vertex -0.156827 -1.59229 2.8
      vertex -0.156827 1.59229 2.8
      vertex 0 1.6 2.8
    endloop
  endfacet
  facet normal 0 0 -1
    outer loop
      vertex -0.312144 -1.56926 2.8
      vertex -0.156827 1.59229 2.8
      vertex -0.156827 -1.59229 2.8
    endloop
  endfacet
  facet normal 0 0 -1
    outer loop
      vertex -0.312144 -1.56926 2.8
      vertex -0.312144 1.56926 2.8
      vertex -0.156827 1.59229 2.8
    endloop
  endfacet
  facet normal 0 0 -1
    outer loop
      vertex -0.464455 -1.5311 2.8
      vertex -0.312144 1.56926 2.8
      vertex -0.312144 -1.56926 2.8
    endloop
  endfacet
  facet normal 0 0 -1
    outer loop
      vertex -0.464455 -1.5311 2.8
      vertex -0.464455 1.5311 2.8
      vertex -0.312144 1.56926 2.8
    endloop
  endfacet
  facet normal 0 0 -1
    outer loop
      vertex -0.612293 -1.47821 2.8
      vertex -0.464455 1.5311 2.8
      vertex -0.464455 -1.5311 2.8
    endloop
  endfacet
  facet normal 0 0 -1
    outer loop
      vertex -0.612293 -1.47821 2.8
      vertex -0.612293 1.47821 2.8
      vertex -0.464455 1.5311 2.8
    endloop
  endfacet
  facet normal 0 0 -1
    outer loop
      vertex -0.754234 -1.41107 2.8
      vertex -0.612293 1.47821 2.8
      vertex -0.612293 -1.47821 2.8
    endloop
  endfacet
  facet normal 0 0 -1
    outer loop
      vertex -0.754234 -1.41107 2.8
      vertex -0.754234 1.41107 2.8
      vertex -0.612293 1.47821 2.8
    endloop
  endfacet
  facet normal 0 0 -1
    outer loop
      vertex -0.888912 -1.33035 2.8
      vertex -0.754234 1.41107 2.8
      vertex -0.754234 -1.41107 2.8
    endloop
  endfacet
  facet normal 0 0 -1
    outer loop
      vertex -0.888912 -1.33035 2.8
      vertex -0.888912 1.33035 2.8
      vertex -0.754234 1.41107 2.8
    endloop
  endfacet
  facet normal 0 0 -1
    outer loop
      vertex -1.01503 -1.23682 2.8
      vertex -0.888912 1.33035 2.8
      vertex -0.888912 -1.33035 2.8
    endloop
  endfacet
  facet normal 0 0 -1
    outer loop
      vertex -1.01503 -1.23682 2.8
      vertex -1.01503 1.23682 2.8
      vertex -0.888912 1.33035 2.8
    endloop
  endfacet
  facet normal 0 0 -1
    outer loop
      vertex -1.13137 -1.13137 2.8
      vertex -1.01503 1.23682 2.8
      vertex -1.01503 -1.23682 2.8
    endloop
  endfacet
  facet normal 0 0 -1
    outer loop
      vertex -1.13137 -1.13137 2.8
      vertex -1.13137 1.13137 2.8
      vertex -1.01503 1.23682 2.8
    endloop
  endfacet
  facet normal 0 0 -1
    outer loop
      vertex -1.23682 -1.01503 2.8
      vertex -1.13137 1.13137 2.8
      vertex -1.13137 -1.13137 2.8
    endloop
  endfacet
  facet normal 0 0 -1
    outer loop
      vertex -1.23682 -1.01503 2.8
      vertex -1.23682 1.01503 2.8
      vertex -1.13137 1.13137 2.8
    endloop
  endfacet
  facet normal 0 0 -1
    outer loop
      vertex -1.33035 -0.888912 2.8
      vertex -1.23682 1.01503 2.8
      vertex -1.23682 -1.01503 2.8
    endloop
  endfacet
  facet normal 0 0 -1
    outer loop
      vertex -1.33035 -0.888912 2.8
      vertex -1.33035 0.888912 2.8
      vertex -1.23682 1.01503 2.8
    endloop
  endfacet
  facet normal 0 0 -1
    outer loop
      vertex -1.41107 -0.754234 2.8
      vertex -1.33035 0.888912 2.8
      vertex -1.33035 -0.888912 2.8
    endloop
  endfacet
  facet normal 0 0 -1
    outer loop
      vertex -1.41107 -0.754234 2.8
      vertex -1.41107 0.754234 2.8
      vertex -1.33035 0.888912 2.8
    endloop
  endfacet
  facet normal 0 0 -1
    outer loop
      vertex -1.47821 -0.612293 2.8
      vertex -1.41107 0.754234 2.8
      vertex -1.41107 -0.754234 2.8
    endloop
  endfacet
  facet normal 0 0 -1
    outer loop
      vertex -1.47821 -0.612293 2.8
      vertex -1.47821 0.612293 2.8
      vertex -1.41107 0.754234 2.8
    endloop
  endfacet
  facet normal 0 0 -1
    outer loop
      vertex -1.5311 -0.464455 2.8
      vertex -1.47821 0.612293 2.8
      vertex -1.47821 -0.612293 2.8
    endloop
  endfacet
  facet normal 0 0 -1
    outer loop
      vertex -1.5311 -0.464455 2.8
      vertex -1.5311 0.464455 2.8
      vertex -1.47821 0.612293 2.8
    endloop
  endfacet
  facet normal 0 0 -1
    outer loop
      vertex -1.56926 -0.312144 2.8
      vertex -1.5311 0.464455 2.8
      vertex -1.5311 -0.464455 2.8
    endloop
  endfacet
  facet normal 0 0 -1
    outer loop
      vertex -1.56926 -0.312144 2.8
      vertex -1.56926 0.312144 2.8
      vertex -1.5311 0.464455 2.8
    endloop
  endfacet
  facet normal 0 0 -1
    outer loop
      vertex -1.59229 -0.156827 2.8
      vertex -1.56926 0.312144 2.8
      vertex -1.56926 -0.312144 2.8
    endloop
  endfacet
  facet normal 0 0 -1
    outer loop
      vertex -1.59229 -0.156827 2.8
      vertex -1.59229 0.156827 2.8
      vertex -1.56926 0.312144 2.8
    endloop
  endfacet
  facet normal 0 -0 -1
    outer loop
      vertex -1.59229 0.156827 2.8
      vertex -1.59229 -0.156827 2.8
      vertex -1.6 0 2.8
    endloop
  endfacet
  facet normal 0.857737 -0.514089 0
    outer loop
      vertex -1.41107 0.754234 2.8
      vertex -1.33035 0.888912 2
      vertex -1.33035 0.888912 2.8
    endloop
  endfacet
  facet normal 0.857737 -0.514089 0
    outer loop
      vertex -1.33035 0.888912 2
      vertex -1.41107 0.754234 2.8
      vertex -1.41107 0.754234 2
    endloop
  endfacet
  facet normal 0.595677 0.803224 -0
    outer loop
      vertex -0.888912 -1.33035 2
      vertex -1.01503 -1.23682 2.8
      vertex -0.888912 -1.33035 2.8
    endloop
  endfacet
  facet normal 0.595677 0.803224 0
    outer loop
      vertex -1.01503 -1.23682 2.8
      vertex -0.888912 -1.33035 2
      vertex -1.01503 -1.23682 2
    endloop
  endfacet
  facet normal -0.989176 -0.146736 0
    outer loop
      vertex 3.98074 0.392068 0
      vertex 3.92314 0.780361 2
      vertex 3.92314 0.780361 0
    endloop
  endfacet
  facet normal -0.989176 -0.146736 0
    outer loop
      vertex 3.92314 0.780361 2
      vertex 3.98074 0.392068 0
      vertex 3.98074 0.392068 2
    endloop
  endfacet
  facet normal -0.941545 0.336887 0
    outer loop
      vertex 3.69552 -1.53073 0
      vertex 3.82776 -1.16114 2
      vertex 3.82776 -1.16114 0
    endloop
  endfacet
  facet normal -0.941545 0.336887 0
    outer loop
      vertex 3.82776 -1.16114 2
      vertex 3.69552 -1.53073 0
      vertex 3.69552 -1.53073 2
    endloop
  endfacet
  facet normal -0.989176 0.146736 0
    outer loop
      vertex 3.92314 -0.780361 0
      vertex 3.98074 -0.392068 2
      vertex 3.98074 -0.392068 0
    endloop
  endfacet
  facet normal -0.989176 0.146736 0
    outer loop
      vertex 3.98074 -0.392068 2
      vertex 3.92314 -0.780361 0
      vertex 3.92314 -0.780361 2
    endloop
  endfacet
  facet normal 0.998796 -0.049065 0
    outer loop
      vertex -4 0 2
      vertex -3.98074 0.392068 0
      vertex -3.98074 0.392068 2
    endloop
  endfacet
  facet normal 0.998796 -0.049065 0
    outer loop
      vertex -3.98074 0.392068 0
      vertex -4 0 2
      vertex -4 0 0
    endloop
  endfacet
  facet normal -0.803201 -0.595708 0
    outer loop
      vertex 3.32588 2.22228 0
      vertex 3.09204 2.53757 2
      vertex 3.09204 2.53757 0
    endloop
  endfacet
  facet normal -0.803201 -0.595708 0
    outer loop
      vertex 3.09204 2.53757 2
      vertex 3.32588 2.22228 0
      vertex 3.32588 2.22228 2
    endloop
  endfacet
  facet normal 0.336887 -0.941545 0
    outer loop
      vertex -1.53073 3.69552 0
      vertex -1.16114 3.82776 2
      vertex -1.53073 3.69552 2
    endloop
  endfacet
  facet normal 0.336887 -0.941545 0
    outer loop
      vertex -1.16114 3.82776 2
      vertex -1.53073 3.69552 0
      vertex -1.16114 3.82776 0
    endloop
  endfacet
  facet normal 0.595708 -0.803201 0
    outer loop
      vertex -2.53757 3.09204 0
      vertex -2.22228 3.32588 2
      vertex -2.53757 3.09204 2
    endloop
  endfacet
  facet normal 0.595708 -0.803201 0
    outer loop
      vertex -2.22228 3.32588 2
      vertex -2.53757 3.09204 0
      vertex -2.22228 3.32588 0
    endloop
  endfacet
  facet normal -0.595708 0.803201 0
    outer loop
      vertex 2.53757 -3.09204 0
      vertex 2.22228 -3.32588 2
      vertex 2.53757 -3.09204 2
    endloop
  endfacet
  facet normal -0.595708 0.803201 0
    outer loop
      vertex 2.22228 -3.32588 2
      vertex 2.53757 -3.09204 0
      vertex 2.22228 -3.32588 0
    endloop
  endfacet
  facet normal 0.989176 -0.146736 0
    outer loop
      vertex -3.98074 0.392068 2
      vertex -3.92314 0.780361 0
      vertex -3.92314 0.780361 2
    endloop
  endfacet
  facet normal 0.989176 -0.146736 0
    outer loop
      vertex -3.92314 0.780361 0
      vertex -3.98074 0.392068 2
      vertex -3.98074 0.392068 0
    endloop
  endfacet
  facet normal 0.740964 0.671545 0
    outer loop
      vertex -2.82843 -2.82843 2
      vertex -3.09204 -2.53757 0
      vertex -3.09204 -2.53757 2
    endloop
  endfacet
  facet normal 0.740964 0.671545 0
    outer loop
      vertex -3.09204 -2.53757 0
      vertex -2.82843 -2.82843 2
      vertex -2.82843 -2.82843 0
    endloop
  endfacet
  facet normal -0.427563 0.903986 0
    outer loop
      vertex 1.88559 -3.52768 0
      vertex 1.53073 -3.69552 2
      vertex 1.88559 -3.52768 2
    endloop
  endfacet
  facet normal -0.427563 0.903986 0
    outer loop
      vertex 1.53073 -3.69552 2
      vertex 1.88559 -3.52768 0
      vertex 1.53073 -3.69552 0
    endloop
  endfacet
  facet normal 0.803201 0.595708 0
    outer loop
      vertex -3.09204 -2.53757 2
      vertex -3.32588 -2.22228 0
      vertex -3.32588 -2.22228 2
    endloop
  endfacet
  facet normal 0.803201 0.595708 0
    outer loop
      vertex -3.32588 -2.22228 0
      vertex -3.09204 -2.53757 2
      vertex -3.09204 -2.53757 0
    endloop
  endfacet
  facet normal 0.970031 0.24298 0
    outer loop
      vertex -3.82776 -1.16114 2
      vertex -3.92314 -0.780361 0
      vertex -3.92314 -0.780361 2
    endloop
  endfacet
  facet normal 0.970031 0.24298 0
    outer loop
      vertex -3.92314 -0.780361 0
      vertex -3.82776 -1.16114 2
      vertex -3.82776 -1.16114 0
    endloop
  endfacet
  facet normal -0.427563 -0.903986 0
    outer loop
      vertex 1.53073 3.69552 0
      vertex 1.88559 3.52768 2
      vertex 1.53073 3.69552 2
    endloop
  endfacet
  facet normal -0.427563 -0.903986 -0
    outer loop
      vertex 1.88559 3.52768 2
      vertex 1.53073 3.69552 0
      vertex 1.88559 3.52768 0
    endloop
  endfacet
  facet normal -0.998796 -0.049065 0
    outer loop
      vertex 4 0 0
      vertex 3.98074 0.392068 2
      vertex 3.98074 0.392068 0
    endloop
  endfacet
  facet normal -0.998796 -0.049065 0
    outer loop
      vertex 3.98074 0.392068 2
      vertex 4 0 0
      vertex 4 0 2
    endloop
  endfacet
  facet normal -0.595708 -0.803201 0
    outer loop
      vertex 2.22228 3.32588 0
      vertex 2.53757 3.09204 2
      vertex 2.22228 3.32588 2
    endloop
  endfacet
  facet normal -0.595708 -0.803201 -0
    outer loop
      vertex 2.53757 3.09204 2
      vertex 2.22228 3.32588 0
      vertex 2.53757 3.09204 0
    endloop
  endfacet
  facet normal -0.24298 0.970031 0
    outer loop
      vertex 1.16114 -3.82776 0
      vertex 0.780361 -3.92314 2
      vertex 1.16114 -3.82776 2
    endloop
  endfacet
  facet normal -0.24298 0.970031 0
    outer loop
      vertex 0.780361 -3.92314 2
      vertex 1.16114 -3.82776 0
      vertex 0.780361 -3.92314 0
    endloop
  endfacet
  facet normal 0.903986 0.427563 0
    outer loop
      vertex -3.52768 -1.88559 2
      vertex -3.69552 -1.53073 0
      vertex -3.69552 -1.53073 2
    endloop
  endfacet
  facet normal 0.903986 0.427563 0
    outer loop
      vertex -3.69552 -1.53073 0
      vertex -3.52768 -1.88559 2
      vertex -3.52768 -1.88559 0
    endloop
  endfacet
  facet normal -0.146736 0.989176 0
    outer loop
      vertex 0.780361 -3.92314 0
      vertex 0.392068 -3.98074 2
      vertex 0.780361 -3.92314 2
    endloop
  endfacet
  facet normal -0.146736 0.989176 0
    outer loop
      vertex 0.392068 -3.98074 2
      vertex 0.780361 -3.92314 0
      vertex 0.392068 -3.98074 0
    endloop
  endfacet
  facet normal 0.146736 -0.989176 0
    outer loop
      vertex -0.780361 3.92314 0
      vertex -0.392068 3.98074 2
      vertex -0.780361 3.92314 2
    endloop
  endfacet
  facet normal 0.146736 -0.989176 0
    outer loop
      vertex -0.392068 3.98074 2
      vertex -0.780361 3.92314 0
      vertex -0.392068 3.98074 0
    endloop
  endfacet
  facet normal -0.903986 -0.427563 0
    outer loop
      vertex 3.69552 1.53073 0
      vertex 3.52768 1.88559 2
      vertex 3.52768 1.88559 0
    endloop
  endfacet
  facet normal -0.903986 -0.427563 0
    outer loop
      vertex 3.52768 1.88559 2
      vertex 3.69552 1.53073 0
      vertex 3.69552 1.53073 2
    endloop
  endfacet
  facet normal -0.24298 -0.970031 0
    outer loop
      vertex 0.780361 3.92314 0
      vertex 1.16114 3.82776 2
      vertex 0.780361 3.92314 2
    endloop
  endfacet
  facet normal -0.24298 -0.970031 -0
    outer loop
      vertex 1.16114 3.82776 2
      vertex 0.780361 3.92314 0
      vertex 1.16114 3.82776 0
    endloop
  endfacet
  facet normal -0.998796 0.049065 0
    outer loop
      vertex 3.98074 -0.392068 0
      vertex 4 0 2
      vertex 4 0 0
    endloop
  endfacet
  facet normal -0.998796 0.049065 0
    outer loop
      vertex 4 0 2
      vertex 3.98074 -0.392068 0
      vertex 3.98074 -0.392068 2
    endloop
  endfacet
  facet normal -0.740964 -0.671545 0
    outer loop
      vertex 3.09204 2.53757 0
      vertex 2.82843 2.82843 2
      vertex 2.82843 2.82843 0
    endloop
  endfacet
  facet normal -0.740964 -0.671545 0
    outer loop
      vertex 2.82843 2.82843 2
      vertex 3.09204 2.53757 0
      vertex 3.09204 2.53757 2
    endloop
  endfacet
  facet normal -0.970031 -0.24298 0
    outer loop
      vertex 3.92314 0.780361 0
      vertex 3.82776 1.16114 2
      vertex 3.82776 1.16114 0
    endloop
  endfacet
  facet normal -0.970031 -0.24298 0
    outer loop
      vertex 3.82776 1.16114 2
      vertex 3.92314 0.780361 0
      vertex 3.92314 0.780361 2
    endloop
  endfacet
  facet normal 0.803201 -0.595708 0
    outer loop
      vertex -3.32588 2.22228 2
      vertex -3.09204 2.53757 0
      vertex -3.09204 2.53757 2
    endloop
  endfacet
  facet normal 0.803201 -0.595708 0
    outer loop
      vertex -3.09204 2.53757 0
      vertex -3.32588 2.22228 2
      vertex -3.32588 2.22228 0
    endloop
  endfacet
  facet normal -0.903986 0.427563 0
    outer loop
      vertex 3.52768 -1.88559 0
      vertex 3.69552 -1.53073 2
      vertex 3.69552 -1.53073 0
    endloop
  endfacet
  facet normal -0.903986 0.427563 0
    outer loop
      vertex 3.69552 -1.53073 2
      vertex 3.52768 -1.88559 0
      vertex 3.52768 -1.88559 2
    endloop
  endfacet
  facet normal -0.803201 0.595708 0
    outer loop
      vertex 3.09204 -2.53757 0
      vertex 3.32588 -2.22228 2
      vertex 3.32588 -2.22228 0
    endloop
  endfacet
  facet normal -0.803201 0.595708 0
    outer loop
      vertex 3.32588 -2.22228 2
      vertex 3.09204 -2.53757 0
      vertex 3.09204 -2.53757 2
    endloop
  endfacet
  facet normal 0.903986 -0.427563 0
    outer loop
      vertex -3.69552 1.53073 2
      vertex -3.52768 1.88559 0
      vertex -3.52768 1.88559 2
    endloop
  endfacet
  facet normal 0.903986 -0.427563 0
    outer loop
      vertex -3.52768 1.88559 0
      vertex -3.69552 1.53073 2
      vertex -3.69552 1.53073 0
    endloop
  endfacet
  facet normal -0.857733 0.514095 0
    outer loop
      vertex 3.32588 -2.22228 0
      vertex 3.52768 -1.88559 2
      vertex 3.52768 -1.88559 0
    endloop
  endfacet
  facet normal -0.857733 0.514095 0
    outer loop
      vertex 3.52768 -1.88559 2
      vertex 3.32588 -2.22228 0
      vertex 3.32588 -2.22228 2
    endloop
  endfacet
  facet normal -0.514095 -0.857733 0
    outer loop
      vertex 1.88559 3.52768 0
      vertex 2.22228 3.32588 2
      vertex 1.88559 3.52768 2
    endloop
  endfacet
  facet normal -0.514095 -0.857733 -0
    outer loop
      vertex 2.22228 3.32588 2
      vertex 1.88559 3.52768 0
      vertex 2.22228 3.32588 0
    endloop
  endfacet
  facet normal -0.941545 -0.336887 0
    outer loop
      vertex 3.82776 1.16114 0
      vertex 3.69552 1.53073 2
      vertex 3.69552 1.53073 0
    endloop
  endfacet
  facet normal -0.941545 -0.336887 0
    outer loop
      vertex 3.69552 1.53073 2
      vertex 3.82776 1.16114 0
      vertex 3.82776 1.16114 2
    endloop
  endfacet
  facet normal -0.049065 0.998796 0
    outer loop
      vertex 0.392068 -3.98074 0
      vertex 0 -4 2
      vertex 0.392068 -3.98074 2
    endloop
  endfacet
  facet normal -0.049065 0.998796 0
    outer loop
      vertex 0 -4 2
      vertex 0.392068 -3.98074 0
      vertex 0 -4 0
    endloop
  endfacet
  facet normal 0.049065 -0.998796 0
    outer loop
      vertex -0.392068 3.98074 0
      vertex 0 4 2
      vertex -0.392068 3.98074 2
    endloop
  endfacet
  facet normal 0.049065 -0.998796 0
    outer loop
      vertex 0 4 2
      vertex -0.392068 3.98074 0
      vertex 0 4 0
    endloop
  endfacet
  facet normal 0.671545 -0.740964 0
    outer loop
      vertex -2.82843 2.82843 0
      vertex -2.53757 3.09204 2
      vertex -2.82843 2.82843 2
    endloop
  endfacet
  facet normal 0.671545 -0.740964 0
    outer loop
      vertex -2.53757 3.09204 2
      vertex -2.82843 2.82843 0
      vertex -2.53757 3.09204 0
    endloop
  endfacet
  facet normal 0.998796 0.049065 0
    outer loop
      vertex -3.98074 -0.392068 2
      vertex -4 0 0
      vertex -4 0 2
    endloop
  endfacet
  facet normal 0.998796 0.049065 0
    outer loop
      vertex -4 0 0
      vertex -3.98074 -0.392068 2
      vertex -3.98074 -0.392068 0
    endloop
  endfacet
  facet normal -0.146736 -0.989176 0
    outer loop
      vertex 0.392068 3.98074 0
      vertex 0.780361 3.92314 2
      vertex 0.392068 3.98074 2
    endloop
  endfacet
  facet normal -0.146736 -0.989176 -0
    outer loop
      vertex 0.780361 3.92314 2
      vertex 0.392068 3.98074 0
      vertex 0.780361 3.92314 0
    endloop
  endfacet
  facet normal -0.336887 0.941545 0
    outer loop
      vertex 1.53073 -3.69552 0
      vertex 1.16114 -3.82776 2
      vertex 1.53073 -3.69552 2
    endloop
  endfacet
  facet normal -0.336887 0.941545 0
    outer loop
      vertex 1.16114 -3.82776 2
      vertex 1.53073 -3.69552 0
      vertex 1.16114 -3.82776 0
    endloop
  endfacet
  facet normal -0.857733 -0.514095 0
    outer loop
      vertex 3.52768 1.88559 0
      vertex 3.32588 2.22228 2
      vertex 3.32588 2.22228 0
    endloop
  endfacet
  facet normal -0.857733 -0.514095 0
    outer loop
      vertex 3.32588 2.22228 2
      vertex 3.52768 1.88559 0
      vertex 3.52768 1.88559 2
    endloop
  endfacet
  facet normal 0.514095 -0.857733 0
    outer loop
      vertex -2.22228 3.32588 0
      vertex -1.88559 3.52768 2
      vertex -2.22228 3.32588 2
    endloop
  endfacet
  facet normal 0.514095 -0.857733 0
    outer loop
      vertex -1.88559 3.52768 2
      vertex -2.22228 3.32588 0
      vertex -1.88559 3.52768 0
    endloop
  endfacet
  facet normal 0.857733 0.514095 0
    outer loop
      vertex -3.32588 -2.22228 2
      vertex -3.52768 -1.88559 0
      vertex -3.52768 -1.88559 2
    endloop
  endfacet
  facet normal 0.857733 0.514095 0
    outer loop
      vertex -3.52768 -1.88559 0
      vertex -3.32588 -2.22228 2
      vertex -3.32588 -2.22228 0
    endloop
  endfacet
  facet normal 0.671545 0.740964 -0
    outer loop
      vertex -2.53757 -3.09204 0
      vertex -2.82843 -2.82843 2
      vertex -2.53757 -3.09204 2
    endloop
  endfacet
  facet normal 0.671545 0.740964 0
    outer loop
      vertex -2.82843 -2.82843 2
      vertex -2.53757 -3.09204 0
      vertex -2.82843 -2.82843 0
    endloop
  endfacet
  facet normal -0.049065 -0.998796 0
    outer loop
      vertex 0 4 0
      vertex 0.392068 3.98074 2
      vertex 0 4 2
    endloop
  endfacet
  facet normal -0.049065 -0.998796 -0
    outer loop
      vertex 0.392068 3.98074 2
      vertex 0 4 0
      vertex 0.392068 3.98074 0
    endloop
  endfacet
  facet normal 0.24298 -0.970031 0
    outer loop
      vertex -1.16114 3.82776 0
      vertex -0.780361 3.92314 2
      vertex -1.16114 3.82776 2
    endloop
  endfacet
  facet normal 0.24298 -0.970031 0
    outer loop
      vertex -0.780361 3.92314 2
      vertex -1.16114 3.82776 0
      vertex -0.780361 3.92314 0
    endloop
  endfacet
  facet normal 0.941545 0.336887 0
    outer loop
      vertex -3.69552 -1.53073 2
      vertex -3.82776 -1.16114 0
      vertex -3.82776 -1.16114 2
    endloop
  endfacet
  facet normal 0.941545 0.336887 0
    outer loop
      vertex -3.82776 -1.16114 0
      vertex -3.69552 -1.53073 2
      vertex -3.69552 -1.53073 0
    endloop
  endfacet
  facet normal -0.671545 -0.740964 0
    outer loop
      vertex 2.53757 3.09204 0
      vertex 2.82843 2.82843 2
      vertex 2.53757 3.09204 2
    endloop
  endfacet
  facet normal -0.671545 -0.740964 -0
    outer loop
      vertex 2.82843 2.82843 2
      vertex 2.53757 3.09204 0
      vertex 2.82843 2.82843 0
    endloop
  endfacet
  facet normal 0.989176 0.146736 0
    outer loop
      vertex -3.92314 -0.780361 2
      vertex -3.98074 -0.392068 0
      vertex -3.98074 -0.392068 2
    endloop
  endfacet
  facet normal 0.989176 0.146736 0
    outer loop
      vertex -3.98074 -0.392068 0
      vertex -3.92314 -0.780361 2
      vertex -3.92314 -0.780361 0
    endloop
  endfacet
  facet normal 0.049065 0.998796 -0
    outer loop
      vertex 0 -4 0
      vertex -0.392068 -3.98074 2
      vertex 0 -4 2
    endloop
  endfacet
  facet normal 0.049065 0.998796 0
    outer loop
      vertex -0.392068 -3.98074 2
      vertex 0 -4 0
      vertex -0.392068 -3.98074 0
    endloop
  endfacet
  facet normal 0.427563 -0.903986 0
    outer loop
      vertex -1.88559 3.52768 0
      vertex -1.53073 3.69552 2
      vertex -1.88559 3.52768 2
    endloop
  endfacet
  facet normal 0.427563 -0.903986 0
    outer loop
      vertex -1.53073 3.69552 2
      vertex -1.88559 3.52768 0
      vertex -1.53073 3.69552 0
    endloop
  endfacet
  facet normal -0.970031 0.24298 0
    outer loop
      vertex 3.82776 -1.16114 0
      vertex 3.92314 -0.780361 2
      vertex 3.92314 -0.780361 0
    endloop
  endfacet
  facet normal -0.970031 0.24298 0
    outer loop
      vertex 3.92314 -0.780361 2
      vertex 3.82776 -1.16114 0
      vertex 3.82776 -1.16114 2
    endloop
  endfacet
  facet normal -0.336887 -0.941545 0
    outer loop
      vertex 1.16114 3.82776 0
      vertex 1.53073 3.69552 2
      vertex 1.16114 3.82776 2
    endloop
  endfacet
  facet normal -0.336887 -0.941545 -0
    outer loop
      vertex 1.53073 3.69552 2
      vertex 1.16114 3.82776 0
      vertex 1.53073 3.69552 0
    endloop
  endfacet
  facet normal 0.857733 -0.514095 0
    outer loop
      vertex -3.52768 1.88559 2
      vertex -3.32588 2.22228 0
      vertex -3.32588 2.22228 2
    endloop
  endfacet
  facet normal 0.857733 -0.514095 0
    outer loop
      vertex -3.32588 2.22228 0
      vertex -3.52768 1.88559 2
      vertex -3.52768 1.88559 0
    endloop
  endfacet
  facet normal 0.24298 0.970031 -0
    outer loop
      vertex -0.780361 -3.92314 0
      vertex -1.16114 -3.82776 2
      vertex -0.780361 -3.92314 2
    endloop
  endfacet
  facet normal 0.24298 0.970031 0
    outer loop
      vertex -1.16114 -3.82776 2
      vertex -0.780361 -3.92314 0
      vertex -1.16114 -3.82776 0
    endloop
  endfacet
  facet normal 0.595708 0.803201 -0
    outer loop
      vertex -2.22228 -3.32588 0
      vertex -2.53757 -3.09204 2
      vertex -2.22228 -3.32588 2
    endloop
  endfacet
  facet normal 0.595708 0.803201 0
    outer loop
      vertex -2.53757 -3.09204 2
      vertex -2.22228 -3.32588 0
      vertex -2.53757 -3.09204 0
    endloop
  endfacet
  facet normal -0.514095 0.857733 0
    outer loop
      vertex 2.22228 -3.32588 0
      vertex 1.88559 -3.52768 2
      vertex 2.22228 -3.32588 2
    endloop
  endfacet
  facet normal -0.514095 0.857733 0
    outer loop
      vertex 1.88559 -3.52768 2
      vertex 2.22228 -3.32588 0
      vertex 1.88559 -3.52768 0
    endloop
  endfacet
  facet normal 0.146736 0.989176 -0
    outer loop
      vertex -0.392068 -3.98074 0
      vertex -0.780361 -3.92314 2
      vertex -0.392068 -3.98074 2
    endloop
  endfacet
  facet normal 0.146736 0.989176 0
    outer loop
      vertex -0.780361 -3.92314 2
      vertex -0.392068 -3.98074 0
      vertex -0.780361 -3.92314 0
    endloop
  endfacet
  facet normal 0.336887 0.941545 -0
    outer loop
      vertex -1.16114 -3.82776 0
      vertex -1.53073 -3.69552 2
      vertex -1.16114 -3.82776 2
    endloop
  endfacet
  facet normal 0.336887 0.941545 0
    outer loop
      vertex -1.53073 -3.69552 2
      vertex -1.16114 -3.82776 0
      vertex -1.53073 -3.69552 0
    endloop
  endfacet
  facet normal 0.514095 0.857733 -0
    outer loop
      vertex -1.88559 -3.52768 0
      vertex -2.22228 -3.32588 2
      vertex -1.88559 -3.52768 2
    endloop
  endfacet
  facet normal 0.514095 0.857733 0
    outer loop
      vertex -2.22228 -3.32588 2
      vertex -1.88559 -3.52768 0
      vertex -2.22228 -3.32588 0
    endloop
  endfacet
  facet normal 0.970031 -0.24298 0
    outer loop
      vertex -3.92314 0.780361 2
      vertex -3.82776 1.16114 0
      vertex -3.82776 1.16114 2
    endloop
  endfacet
  facet normal 0.970031 -0.24298 0
    outer loop
      vertex -3.82776 1.16114 0
      vertex -3.92314 0.780361 2
      vertex -3.92314 0.780361 0
    endloop
  endfacet
  facet normal 0.941545 -0.336887 0
    outer loop
      vertex -3.82776 1.16114 2
      vertex -3.69552 1.53073 0
      vertex -3.69552 1.53073 2
    endloop
  endfacet
  facet normal 0.941545 -0.336887 0
    outer loop
      vertex -3.69552 1.53073 0
      vertex -3.82776 1.16114 2
      vertex -3.82776 1.16114 0
    endloop
  endfacet
  facet normal 0.427563 0.903986 -0
    outer loop
      vertex -1.53073 -3.69552 0
      vertex -1.88559 -3.52768 2
      vertex -1.53073 -3.69552 2
    endloop
  endfacet
  facet normal 0.427563 0.903986 0
    outer loop
      vertex -1.88559 -3.52768 2
      vertex -1.53073 -3.69552 0
      vertex -1.88559 -3.52768 0
    endloop
  endfacet
  facet normal 0.740964 -0.671545 0
    outer loop
      vertex -3.09204 2.53757 2
      vertex -2.82843 2.82843 0
      vertex -2.82843 2.82843 2
    endloop
  endfacet
  facet normal 0.740964 -0.671545 0
    outer loop
      vertex -2.82843 2.82843 0
      vertex -3.09204 2.53757 2
      vertex -3.09204 2.53757 0
    endloop
  endfacet
  facet normal -0.740964 0.671545 0
    outer loop
      vertex 2.82843 -2.82843 0
      vertex 3.09204 -2.53757 2
      vertex 3.09204 -2.53757 0
    endloop
  endfacet
  facet normal -0.740964 0.671545 0
    outer loop
      vertex 3.09204 -2.53757 2
      vertex 2.82843 -2.82843 0
      vertex 2.82843 -2.82843 2
    endloop
  endfacet
  facet normal -0.671545 0.740964 0
    outer loop
      vertex 2.82843 -2.82843 0
      vertex 2.53757 -3.09204 2
      vertex 2.82843 -2.82843 2
    endloop
  endfacet
  facet normal -0.671545 0.740964 0
    outer loop
      vertex 2.53757 -3.09204 2
      vertex 2.82843 -2.82843 0
      vertex 2.53757 -3.09204 0
    endloop
  endfacet
  facet normal 0 0 -1
    outer loop
      vertex 1.6 0 2
      vertex 4 0 2
      vertex 3.98074 -0.392068 2
    endloop
  endfacet
  facet normal 0 0 -1
    outer loop
      vertex 1.59229 -0.156827 2
      vertex 3.98074 -0.392068 2
      vertex 3.92314 -0.780361 2
    endloop
  endfacet
  facet normal 0 0 -1
    outer loop
      vertex 4 0 2
      vertex 1.6 0 2
      vertex 3.98074 0.392068 2
    endloop
  endfacet
  facet normal 0 0 -1
    outer loop
      vertex 1.56926 -0.312144 2
      vertex 3.92314 -0.780361 2
      vertex 3.82776 -1.16114 2
    endloop
  endfacet
  facet normal 0 0 -1
    outer loop
      vertex 1.59229 0.156827 2
      vertex 3.98074 0.392068 2
      vertex 1.6 0 2
    endloop
  endfacet
  facet normal 0 0 -1
    outer loop
      vertex 1.5311 -0.464455 2
      vertex 3.82776 -1.16114 2
      vertex 3.69552 -1.53073 2
    endloop
  endfacet
  facet normal -0 0 -1
    outer loop
      vertex 3.98074 0.392068 2
      vertex 1.59229 0.156827 2
      vertex 3.92314 0.780361 2
    endloop
  endfacet
  facet normal 0 0 -1
    outer loop
      vertex 1.47821 -0.612293 2
      vertex 3.69552 -1.53073 2
      vertex 3.52768 -1.88559 2
    endloop
  endfacet
  facet normal 0 0 -1
    outer loop
      vertex 1.56926 0.312144 2
      vertex 3.92314 0.780361 2
      vertex 1.59229 0.156827 2
    endloop
  endfacet
  facet normal 0 0 -1
    outer loop
      vertex 1.41107 -0.754234 2
      vertex 3.52768 -1.88559 2
      vertex 3.32588 -2.22228 2
    endloop
  endfacet
  facet normal -0 0 -1
    outer loop
      vertex 3.92314 0.780361 2
      vertex 1.56926 0.312144 2
      vertex 3.82776 1.16114 2
    endloop
  endfacet
  facet normal 0 0 -1
    outer loop
      vertex 1.33035 -0.888912 2
      vertex 3.32588 -2.22228 2
      vertex 3.09204 -2.53757 2
    endloop
  endfacet
  facet normal 0 0 -1
    outer loop
      vertex 1.5311 0.464455 2
      vertex 3.82776 1.16114 2
      vertex 1.56926 0.312144 2
    endloop
  endfacet
  facet normal 0 0 -1
    outer loop
      vertex 1.23682 -1.01503 2
      vertex 3.09204 -2.53757 2
      vertex 2.82843 -2.82843 2
    endloop
  endfacet
  facet normal -0 0 -1
    outer loop
      vertex 3.82776 1.16114 2
      vertex 1.5311 0.464455 2
      vertex 3.69552 1.53073 2
    endloop
  endfacet
  facet normal 0 0 -1
    outer loop
      vertex 1.13137 -1.13137 2
      vertex 2.82843 -2.82843 2
      vertex 2.53757 -3.09204 2
    endloop
  endfacet
  facet normal 0 0 -1
    outer loop
      vertex 1.47821 0.612293 2
      vertex 3.69552 1.53073 2
      vertex 1.5311 0.464455 2
    endloop
  endfacet
  facet normal 0 0 -1
    outer loop
      vertex 1.01503 -1.23682 2
      vertex 2.53757 -3.09204 2
      vertex 2.22228 -3.32588 2
    endloop
  endfacet
  facet normal -0 0 -1
    outer loop
      vertex 3.69552 1.53073 2
      vertex 1.47821 0.612293 2
      vertex 3.52768 1.88559 2
    endloop
  endfacet
  facet normal 0 0 -1
    outer loop
      vertex 0.888912 -1.33035 2
      vertex 2.22228 -3.32588 2
      vertex 1.88559 -3.52768 2
    endloop
  endfacet
  facet normal 0 0 -1
    outer loop
      vertex 1.41107 0.754234 2
      vertex 3.52768 1.88559 2
      vertex 1.47821 0.612293 2
    endloop
  endfacet
  facet normal -0 0 -1
    outer loop
      vertex 3.52768 1.88559 2
      vertex 1.41107 0.754234 2
      vertex 3.32588 2.22228 2
    endloop
  endfacet
  facet normal 0 0 -1
    outer loop
      vertex 3.98074 -0.392068 2
      vertex 1.59229 -0.156827 2
      vertex 1.6 0 2
    endloop
  endfacet
  facet normal 0 0 -1
    outer loop
      vertex 3.92314 -0.780361 2
      vertex 1.56926 -0.312144 2
      vertex 1.59229 -0.156827 2
    endloop
  endfacet
  facet normal 0 0 -1
    outer loop
      vertex 3.82776 -1.16114 2
      vertex 1.5311 -0.464455 2
      vertex 1.56926 -0.312144 2
    endloop
  endfacet
  facet normal 0 0 -1
    outer loop
      vertex 0.754234 -1.41107 2
      vertex 1.88559 -3.52768 2
      vertex 1.53073 -3.69552 2
    endloop
  endfacet
  facet normal 0 0 -1
    outer loop
      vertex 3.69552 -1.53073 2
      vertex 1.47821 -0.612293 2
      vertex 1.5311 -0.464455 2
    endloop
  endfacet
  facet normal 0 0 -1
    outer loop
      vertex 3.52768 -1.88559 2
      vertex 1.41107 -0.754234 2
      vertex 1.47821 -0.612293 2
    endloop
  endfacet
  facet normal 0 0 -1
    outer loop
      vertex 3.32588 -2.22228 2
      vertex 1.33035 -0.888912 2
      vertex 1.41107 -0.754234 2
    endloop
  endfacet
  facet normal 0 0 -1
    outer loop
      vertex 3.09204 -2.53757 2
      vertex 1.23682 -1.01503 2
      vertex 1.33035 -0.888912 2
    endloop
  endfacet
  facet normal 0 0 -1
    outer loop
      vertex 0.612293 -1.47821 2
      vertex 1.53073 -3.69552 2
      vertex 1.16114 -3.82776 2
    endloop
  endfacet
  facet normal 0 0 -1
    outer loop
      vertex 2.82843 -2.82843 2
      vertex 1.13137 -1.13137 2
      vertex 1.23682 -1.01503 2
    endloop
  endfacet
  facet normal 0 0 -1
    outer loop
      vertex 2.53757 -3.09204 2
      vertex 1.01503 -1.23682 2
      vertex 1.13137 -1.13137 2
    endloop
  endfacet
  facet normal 0 0 -1
    outer loop
      vertex 2.22228 -3.32588 2
      vertex 0.888912 -1.33035 2
      vertex 1.01503 -1.23682 2
    endloop
  endfacet
  facet normal 0 0 -1
    outer loop
      vertex 0.464455 -1.5311 2
      vertex 1.16114 -3.82776 2
      vertex 0.780361 -3.92314 2
    endloop
  endfacet
  facet normal 0 0 -1
    outer loop
      vertex 1.88559 -3.52768 2
      vertex 0.754234 -1.41107 2
      vertex 0.888912 -1.33035 2
    endloop
  endfacet
  facet normal 0 0 -1
    outer loop
      vertex 1.53073 -3.69552 2
      vertex 0.612293 -1.47821 2
      vertex 0.754234 -1.41107 2
    endloop
  endfacet
  facet normal 0 0 -1
    outer loop
      vertex 1.16114 -3.82776 2
      vertex 0.464455 -1.5311 2
      vertex 0.612293 -1.47821 2
    endloop
  endfacet
  facet normal 0 0 -1
    outer loop
      vertex 0.312144 -1.56926 2
      vertex 0.780361 -3.92314 2
      vertex 0.392068 -3.98074 2
    endloop
  endfacet
  facet normal 0 0 -1
    outer loop
      vertex 0.780361 -3.92314 2
      vertex 0.312144 -1.56926 2
      vertex 0.464455 -1.5311 2
    endloop
  endfacet
  facet normal 0 0 -1
    outer loop
      vertex 0.392068 -3.98074 2
      vertex 0.156827 -1.59229 2
      vertex 0.312144 -1.56926 2
    endloop
  endfacet
  facet normal 0 0 -1
    outer loop
      vertex 0 -4 2
      vertex 0.156827 -1.59229 2
      vertex 0.392068 -3.98074 2
    endloop
  endfacet
  facet normal 0 0 -1
    outer loop
      vertex 0 -4 2
      vertex 0 -1.6 2
      vertex 0.156827 -1.59229 2
    endloop
  endfacet
  facet normal 0 0 -1
    outer loop
      vertex 0 -4 2
      vertex -0.156827 -1.59229 2
      vertex 0 -1.6 2
    endloop
  endfacet
  facet normal 0 0 -1
    outer loop
      vertex -0.392068 -3.98074 2
      vertex -0.156827 -1.59229 2
      vertex 0 -4 2
    endloop
  endfacet
  facet normal -0 0 -1
    outer loop
      vertex -0.156827 -1.59229 2
      vertex -0.392068 -3.98074 2
      vertex -0.312144 -1.56926 2
    endloop
  endfacet
  facet normal 0 0 -1
    outer loop
      vertex -0.780361 -3.92314 2
      vertex -0.312144 -1.56926 2
      vertex -0.392068 -3.98074 2
    endloop
  endfacet
  facet normal -0 0 -1
    outer loop
      vertex -0.312144 -1.56926 2
      vertex -0.780361 -3.92314 2
      vertex -0.464455 -1.5311 2
    endloop
  endfacet
  facet normal 0 0 -1
    outer loop
      vertex -1.16114 -3.82776 2
      vertex -0.464455 -1.5311 2
      vertex -0.780361 -3.92314 2
    endloop
  endfacet
  facet normal -0 0 -1
    outer loop
      vertex -0.464455 -1.5311 2
      vertex -1.16114 -3.82776 2
      vertex -0.612293 -1.47821 2
    endloop
  endfacet
  facet normal 0 0 -1
    outer loop
      vertex -1.53073 -3.69552 2
      vertex -0.612293 -1.47821 2
      vertex -1.16114 -3.82776 2
    endloop
  endfacet
  facet normal -0 0 -1
    outer loop
      vertex -0.612293 -1.47821 2
      vertex -1.53073 -3.69552 2
      vertex -0.754234 -1.41107 2
    endloop
  endfacet
  facet normal 0 0 -1
    outer loop
      vertex -1.88559 -3.52768 2
      vertex -0.754234 -1.41107 2
      vertex -1.53073 -3.69552 2
    endloop
  endfacet
  facet normal -0 0 -1
    outer loop
      vertex -0.754234 -1.41107 2
      vertex -1.88559 -3.52768 2
      vertex -0.888912 -1.33035 2
    endloop
  endfacet
  facet normal 0 0 -1
    outer loop
      vertex -2.22228 -3.32588 2
      vertex -0.888912 -1.33035 2
      vertex -1.88559 -3.52768 2
    endloop
  endfacet
  facet normal -0 0 -1
    outer loop
      vertex -0.888912 -1.33035 2
      vertex -2.22228 -3.32588 2
      vertex -1.01503 -1.23682 2
    endloop
  endfacet
  facet normal 0 0 -1
    outer loop
      vertex -2.53757 -3.09204 2
      vertex -1.01503 -1.23682 2
      vertex -2.22228 -3.32588 2
    endloop
  endfacet
  facet normal -0 0 -1
    outer loop
      vertex -1.01503 -1.23682 2
      vertex -2.53757 -3.09204 2
      vertex -1.13137 -1.13137 2
    endloop
  endfacet
  facet normal 0 0 -1
    outer loop
      vertex -2.82843 -2.82843 2
      vertex -1.13137 -1.13137 2
      vertex -2.53757 -3.09204 2
    endloop
  endfacet
  facet normal -0 0 -1
    outer loop
      vertex -1.13137 -1.13137 2
      vertex -2.82843 -2.82843 2
      vertex -1.23682 -1.01503 2
    endloop
  endfacet
  facet normal 0 0 -1
    outer loop
      vertex -3.09204 -2.53757 2
      vertex -1.23682 -1.01503 2
      vertex -2.82843 -2.82843 2
    endloop
  endfacet
  facet normal -0 0 -1
    outer loop
      vertex -1.23682 -1.01503 2
      vertex -3.09204 -2.53757 2
      vertex -1.33035 -0.888912 2
    endloop
  endfacet
  facet normal 0 0 -1
    outer loop
      vertex -3.32588 -2.22228 2
      vertex -1.33035 -0.888912 2
      vertex -3.09204 -2.53757 2
    endloop
  endfacet
  facet normal -0 0 -1
    outer loop
      vertex -1.33035 -0.888912 2
      vertex -3.32588 -2.22228 2
      vertex -1.41107 -0.754234 2
    endloop
  endfacet
  facet normal 0 0 -1
    outer loop
      vertex 1.33035 0.888912 2
      vertex 3.32588 2.22228 2
      vertex 1.41107 0.754234 2
    endloop
  endfacet
  facet normal -0 0 -1
    outer loop
      vertex 3.32588 2.22228 2
      vertex 1.33035 0.888912 2
      vertex 3.09204 2.53757 2
    endloop
  endfacet
  facet normal 0 0 -1
    outer loop
      vertex 1.23682 1.01503 2
      vertex 3.09204 2.53757 2
      vertex 1.33035 0.888912 2
    endloop
  endfacet
  facet normal -0 0 -1
    outer loop
      vertex 3.09204 2.53757 2
      vertex 1.23682 1.01503 2
      vertex 2.82843 2.82843 2
    endloop
  endfacet
  facet normal 0 0 -1
    outer loop
      vertex 1.13137 1.13137 2
      vertex 2.82843 2.82843 2
      vertex 1.23682 1.01503 2
    endloop
  endfacet
  facet normal -0 0 -1
    outer loop
      vertex 2.82843 2.82843 2
      vertex 1.13137 1.13137 2
      vertex 2.53757 3.09204 2
    endloop
  endfacet
  facet normal 0 0 -1
    outer loop
      vertex 1.01503 1.23682 2
      vertex 2.53757 3.09204 2
      vertex 1.13137 1.13137 2
    endloop
  endfacet
  facet normal -0 0 -1
    outer loop
      vertex 2.53757 3.09204 2
      vertex 1.01503 1.23682 2
      vertex 2.22228 3.32588 2
    endloop
  endfacet
  facet normal 0 0 -1
    outer loop
      vertex 0.888912 1.33035 2
      vertex 2.22228 3.32588 2
      vertex 1.01503 1.23682 2
    endloop
  endfacet
  facet normal -0 0 -1
    outer loop
      vertex 2.22228 3.32588 2
      vertex 0.888912 1.33035 2
      vertex 1.88559 3.52768 2
    endloop
  endfacet
  facet normal 0 0 -1
    outer loop
      vertex 0.754234 1.41107 2
      vertex 1.88559 3.52768 2
      vertex 0.888912 1.33035 2
    endloop
  endfacet
  facet normal -0 0 -1
    outer loop
      vertex 1.88559 3.52768 2
      vertex 0.754234 1.41107 2
      vertex 1.53073 3.69552 2
    endloop
  endfacet
  facet normal 0 0 -1
    outer loop
      vertex 0.612293 1.47821 2
      vertex 1.53073 3.69552 2
      vertex 0.754234 1.41107 2
    endloop
  endfacet
  facet normal -0 0 -1
    outer loop
      vertex 1.53073 3.69552 2
      vertex 0.612293 1.47821 2
      vertex 1.16114 3.82776 2
    endloop
  endfacet
  facet normal 0 0 -1
    outer loop
      vertex 0.464455 1.5311 2
      vertex 1.16114 3.82776 2
      vertex 0.612293 1.47821 2
    endloop
  endfacet
  facet normal -0 0 -1
    outer loop
      vertex 1.16114 3.82776 2
      vertex 0.464455 1.5311 2
      vertex 0.780361 3.92314 2
    endloop
  endfacet
  facet normal 0 0 -1
    outer loop
      vertex 0.312144 1.56926 2
      vertex 0.780361 3.92314 2
      vertex 0.464455 1.5311 2
    endloop
  endfacet
  facet normal -0 0 -1
    outer loop
      vertex 0.780361 3.92314 2
      vertex 0.312144 1.56926 2
      vertex 0.392068 3.98074 2
    endloop
  endfacet
  facet normal 0 0 -1
    outer loop
      vertex 0.156827 1.59229 2
      vertex 0.392068 3.98074 2
      vertex 0.312144 1.56926 2
    endloop
  endfacet
  facet normal 0 0 -1
    outer loop
      vertex 0 1.6 2
      vertex 0.392068 3.98074 2
      vertex 0.156827 1.59229 2
    endloop
  endfacet
  facet normal 0 0 -1
    outer loop
      vertex 0 1.6 2
      vertex 0 4 2
      vertex 0.392068 3.98074 2
    endloop
  endfacet
  facet normal 0 0 -1
    outer loop
      vertex -0.156827 1.59229 2
      vertex 0 4 2
      vertex 0 1.6 2
    endloop
  endfacet
  facet normal 0 0 -1
    outer loop
      vertex -0.392068 3.98074 2
      vertex -0.156827 1.59229 2
      vertex -0.312144 1.56926 2
    endloop
  endfacet
  facet normal 0 0 -1
    outer loop
      vertex -0.156827 1.59229 2
      vertex -0.392068 3.98074 2
      vertex 0 4 2
    endloop
  endfacet
  facet normal 0 0 -1
    outer loop
      vertex -0.780361 3.92314 2
      vertex -0.312144 1.56926 2
      vertex -0.464455 1.5311 2
    endloop
  endfacet
  facet normal 0 0 -1
    outer loop
      vertex -1.16114 3.82776 2
      vertex -0.464455 1.5311 2
      vertex -0.612293 1.47821 2
    endloop
  endfacet
  facet normal 0 0 -1
    outer loop
      vertex -1.53073 3.69552 2
      vertex -0.612293 1.47821 2
      vertex -0.754234 1.41107 2
    endloop
  endfacet
  facet normal 0 0 -1
    outer loop
      vertex -0.312144 1.56926 2
      vertex -0.780361 3.92314 2
      vertex -0.392068 3.98074 2
    endloop
  endfacet
  facet normal 0 0 -1
    outer loop
      vertex -1.88559 3.52768 2
      vertex -0.754234 1.41107 2
      vertex -0.888912 1.33035 2
    endloop
  endfacet
  facet normal 0 0 -1
    outer loop
      vertex -2.22228 3.32588 2
      vertex -0.888912 1.33035 2
      vertex -1.01503 1.23682 2
    endloop
  endfacet
  facet normal 0 0 -1
    outer loop
      vertex -2.53757 3.09204 2
      vertex -1.01503 1.23682 2
      vertex -1.13137 1.13137 2
    endloop
  endfacet
  facet normal 0 0 -1
    outer loop
      vertex -0.464455 1.5311 2
      vertex -1.16114 3.82776 2
      vertex -0.780361 3.92314 2
    endloop
  endfacet
  facet normal 0 0 -1
    outer loop
      vertex -2.82843 2.82843 2
      vertex -1.13137 1.13137 2
      vertex -1.23682 1.01503 2
    endloop
  endfacet
  facet normal 0 0 -1
    outer loop
      vertex -3.09204 2.53757 2
      vertex -1.23682 1.01503 2
      vertex -1.33035 0.888912 2
    endloop
  endfacet
  facet normal 0 0 -1
    outer loop
      vertex -3.32588 2.22228 2
      vertex -1.33035 0.888912 2
      vertex -1.41107 0.754234 2
    endloop
  endfacet
  facet normal 0 0 -1
    outer loop
      vertex -3.52768 1.88559 2
      vertex -1.41107 0.754234 2
      vertex -1.47821 0.612293 2
    endloop
  endfacet
  facet normal 0 0 -1
    outer loop
      vertex -0.612293 1.47821 2
      vertex -1.53073 3.69552 2
      vertex -1.16114 3.82776 2
    endloop
  endfacet
  facet normal 0 0 -1
    outer loop
      vertex -3.69552 1.53073 2
      vertex -1.47821 0.612293 2
      vertex -1.5311 0.464455 2
    endloop
  endfacet
  facet normal 0 0 -1
    outer loop
      vertex -3.82776 1.16114 2
      vertex -1.5311 0.464455 2
      vertex -1.56926 0.312144 2
    endloop
  endfacet
  facet normal 0 0 -1
    outer loop
      vertex -3.92314 0.780361 2
      vertex -1.56926 0.312144 2
      vertex -1.59229 0.156827 2
    endloop
  endfacet
  facet normal 0 0 -1
    outer loop
      vertex -3.98074 0.392068 2
      vertex -1.59229 0.156827 2
      vertex -1.6 0 2
    endloop
  endfacet
  facet normal 0 0 -1
    outer loop
      vertex -3.52768 -1.88559 2
      vertex -1.41107 -0.754234 2
      vertex -3.32588 -2.22228 2
    endloop
  endfacet
  facet normal 0 0 -1
    outer loop
      vertex -0.754234 1.41107 2
      vertex -1.88559 3.52768 2
      vertex -1.53073 3.69552 2
    endloop
  endfacet
  facet normal -0 0 -1
    outer loop
      vertex -1.41107 -0.754234 2
      vertex -3.52768 -1.88559 2
      vertex -1.47821 -0.612293 2
    endloop
  endfacet
  facet normal 0 0 -1
    outer loop
      vertex -0.888912 1.33035 2
      vertex -2.22228 3.32588 2
      vertex -1.88559 3.52768 2
    endloop
  endfacet
  facet normal 0 0 -1
    outer loop
      vertex -3.69552 -1.53073 2
      vertex -1.47821 -0.612293 2
      vertex -3.52768 -1.88559 2
    endloop
  endfacet
  facet normal 0 0 -1
    outer loop
      vertex -1.01503 1.23682 2
      vertex -2.53757 3.09204 2
      vertex -2.22228 3.32588 2
    endloop
  endfacet
  facet normal -0 0 -1
    outer loop
      vertex -1.47821 -0.612293 2
      vertex -3.69552 -1.53073 2
      vertex -1.5311 -0.464455 2
    endloop
  endfacet
  facet normal 0 0 -1
    outer loop
      vertex -1.13137 1.13137 2
      vertex -2.82843 2.82843 2
      vertex -2.53757 3.09204 2
    endloop
  endfacet
  facet normal 0 0 -1
    outer loop
      vertex -3.82776 -1.16114 2
      vertex -1.5311 -0.464455 2
      vertex -3.69552 -1.53073 2
    endloop
  endfacet
  facet normal 0 0 -1
    outer loop
      vertex -1.23682 1.01503 2
      vertex -3.09204 2.53757 2
      vertex -2.82843 2.82843 2
    endloop
  endfacet
  facet normal -0 0 -1
    outer loop
      vertex -1.5311 -0.464455 2
      vertex -3.82776 -1.16114 2
      vertex -1.56926 -0.312144 2
    endloop
  endfacet
  facet normal 0 0 -1
    outer loop
      vertex -1.33035 0.888912 2
      vertex -3.32588 2.22228 2
      vertex -3.09204 2.53757 2
    endloop
  endfacet
  facet normal 0 0 -1
    outer loop
      vertex -3.92314 -0.780361 2
      vertex -1.56926 -0.312144 2
      vertex -3.82776 -1.16114 2
    endloop
  endfacet
  facet normal 0 0 -1
    outer loop
      vertex -1.41107 0.754234 2
      vertex -3.52768 1.88559 2
      vertex -3.32588 2.22228 2
    endloop
  endfacet
  facet normal -0 0 -1
    outer loop
      vertex -1.56926 -0.312144 2
      vertex -3.92314 -0.780361 2
      vertex -1.59229 -0.156827 2
    endloop
  endfacet
  facet normal 0 0 -1
    outer loop
      vertex -1.47821 0.612293 2
      vertex -3.69552 1.53073 2
      vertex -3.52768 1.88559 2
    endloop
  endfacet
  facet normal 0 0 -1
    outer loop
      vertex -3.98074 -0.392068 2
      vertex -1.59229 -0.156827 2
      vertex -3.92314 -0.780361 2
    endloop
  endfacet
  facet normal 0 0 -1
    outer loop
      vertex -1.5311 0.464455 2
      vertex -3.82776 1.16114 2
      vertex -3.69552 1.53073 2
    endloop
  endfacet
  facet normal -0 0 -1
    outer loop
      vertex -1.59229 -0.156827 2
      vertex -3.98074 -0.392068 2
      vertex -1.6 0 2
    endloop
  endfacet
  facet normal 0 0 -1
    outer loop
      vertex -1.56926 0.312144 2
      vertex -3.92314 0.780361 2
      vertex -3.82776 1.16114 2
    endloop
  endfacet
  facet normal 0 0 -1
    outer loop
      vertex -4 0 2
      vertex -1.6 0 2
      vertex -3.98074 -0.392068 2
    endloop
  endfacet
  facet normal 0 0 -1
    outer loop
      vertex -1.59229 0.156827 2
      vertex -3.98074 0.392068 2
      vertex -3.92314 0.780361 2
    endloop
  endfacet
  facet normal 0 0 -1
    outer loop
      vertex -1.6 0 2
      vertex -4 0 2
      vertex -3.98074 0.392068 2
    endloop
  endfacet
  facet normal 0.970033 -0.242974 0
    outer loop
      vertex 20.2871 -6.15403 4.6
      vertex 20.7926 -4.13591 0
      vertex 20.7926 -4.13591 4.6
    endloop
  endfacet
  facet normal 0.970033 -0.242974 0
    outer loop
      vertex 20.7926 -4.13591 0
      vertex 20.2871 -6.15403 4.6
      vertex 20.2871 -6.15403 0
    endloop
  endfacet
  facet normal -0.514074 -0.857746 0
    outer loop
      vertex -11.7781 -17.6272 0
      vertex -9.99361 -18.6967 4.6
      vertex -11.7781 -17.6272 4.6
    endloop
  endfacet
  facet normal -0.514074 -0.857746 -0
    outer loop
      vertex -9.99361 -18.6967 4.6
      vertex -11.7781 -17.6272 0
      vertex -9.99361 -18.6967 0
    endloop
  endfacet
  facet normal 0.989174 0.146746 0
    outer loop
      vertex 21.0979 2.07796 4.6
      vertex 20.7926 4.13591 0
      vertex 20.7926 4.13591 4.6
    endloop
  endfacet
  facet normal 0.989174 0.146746 0
    outer loop
      vertex 20.7926 4.13591 0
      vertex 21.0979 2.07796 4.6
      vertex 21.0979 2.07796 0
    endloop
  endfacet
  facet normal 0.803184 -0.595731 0
    outer loop
      vertex 16.3878 -13.4491 4.6
      vertex 17.6272 -11.7781 0
      vertex 17.6272 -11.7781 4.6
    endloop
  endfacet
  facet normal 0.803184 -0.595731 0
    outer loop
      vertex 17.6272 -11.7781 0
      vertex 16.3878 -13.4491 4.6
      vertex 16.3878 -13.4491 0
    endloop
  endfacet
  facet normal -0.671526 0.740981 0
    outer loop
      vertex -13.4491 16.3878 0
      vertex -14.9907 14.9907 4.6
      vertex -13.4491 16.3878 4.6
    endloop
  endfacet
  facet normal -0.671526 0.740981 0
    outer loop
      vertex -14.9907 14.9907 4.6
      vertex -13.4491 16.3878 0
      vertex -14.9907 14.9907 0
    endloop
  endfacet
  facet normal 0.146746 -0.989174 0
    outer loop
      vertex 2.07796 -21.0979 0
      vertex 4.13591 -20.7926 4.6
      vertex 2.07796 -21.0979 4.6
    endloop
  endfacet
  facet normal 0.146746 -0.989174 0
    outer loop
      vertex 4.13591 -20.7926 4.6
      vertex 2.07796 -21.0979 0
      vertex 4.13591 -20.7926 0
    endloop
  endfacet
  facet normal -0.595731 0.803184 0
    outer loop
      vertex -11.7781 17.6272 0
      vertex -13.4491 16.3878 4.6
      vertex -11.7781 17.6272 4.6
    endloop
  endfacet
  facet normal -0.595731 0.803184 0
    outer loop
      vertex -13.4491 16.3878 4.6
      vertex -11.7781 17.6272 0
      vertex -13.4491 16.3878 0
    endloop
  endfacet
  facet normal 0.514074 -0.857746 0
    outer loop
      vertex 9.99361 -18.6967 0
      vertex 11.7781 -17.6272 4.6
      vertex 9.99361 -18.6967 4.6
    endloop
  endfacet
  facet normal 0.514074 -0.857746 0
    outer loop
      vertex 11.7781 -17.6272 4.6
      vertex 9.99361 -18.6967 0
      vertex 11.7781 -17.6272 0
    endloop
  endfacet
  facet normal -0.242974 0.970033 0
    outer loop
      vertex -4.13591 20.7926 0
      vertex -6.15403 20.2871 4.6
      vertex -4.13591 20.7926 4.6
    endloop
  endfacet
  facet normal -0.242974 0.970033 0
    outer loop
      vertex -6.15403 20.2871 4.6
      vertex -4.13591 20.7926 0
      vertex -6.15403 20.2871 0
    endloop
  endfacet
  facet normal 0.998795 -0.0490755 0
    outer loop
      vertex 21.0979 -2.07796 4.6
      vertex 21.2 0 0
      vertex 21.2 0 4.6
    endloop
  endfacet
  facet normal 0.998795 -0.0490755 0
    outer loop
      vertex 21.2 0 0
      vertex 21.0979 -2.07796 4.6
      vertex 21.0979 -2.07796 0
    endloop
  endfacet
  facet normal 0.740981 -0.671526 0
    outer loop
      vertex 14.9907 -14.9907 4.6
      vertex 16.3878 -13.4491 0
      vertex 16.3878 -13.4491 4.6
    endloop
  endfacet
  facet normal 0.740981 -0.671526 0
    outer loop
      vertex 16.3878 -13.4491 0
      vertex 14.9907 -14.9907 4.6
      vertex 14.9907 -14.9907 0
    endloop
  endfacet
  facet normal -0.970033 -0.242974 0
    outer loop
      vertex -20.2871 -6.15403 0
      vertex -20.7926 -4.13591 4.6
      vertex -20.7926 -4.13591 0
    endloop
  endfacet
  facet normal -0.970033 -0.242974 0
    outer loop
      vertex -20.7926 -4.13591 4.6
      vertex -20.2871 -6.15403 0
      vertex -20.2871 -6.15403 4.6
    endloop
  endfacet
  facet normal -0.0490755 -0.998795 0
    outer loop
      vertex -2.07796 -21.0979 0
      vertex 0 -21.2 4.6
      vertex -2.07796 -21.0979 4.6
    endloop
  endfacet
  facet normal -0.0490755 -0.998795 -0
    outer loop
      vertex 0 -21.2 4.6
      vertex -2.07796 -21.0979 0
      vertex 0 -21.2 0
    endloop
  endfacet
  facet normal 0.857746 -0.514074 0
    outer loop
      vertex 17.6272 -11.7781 4.6
      vertex 18.6967 -9.99361 0
      vertex 18.6967 -9.99361 4.6
    endloop
  endfacet
  facet normal 0.857746 -0.514074 0
    outer loop
      vertex 18.6967 -9.99361 0
      vertex 17.6272 -11.7781 4.6
      vertex 17.6272 -11.7781 0
    endloop
  endfacet
  facet normal 0.998795 0.0490755 0
    outer loop
      vertex 21.2 0 4.6
      vertex 21.0979 2.07796 0
      vertex 21.0979 2.07796 4.6
    endloop
  endfacet
  facet normal 0.998795 0.0490755 0
    outer loop
      vertex 21.0979 2.07796 0
      vertex 21.2 0 4.6
      vertex 21.2 0 0
    endloop
  endfacet
  facet normal -0.903992 -0.427549 0
    outer loop
      vertex -18.6967 -9.99361 0
      vertex -19.5862 -8.11289 4.6
      vertex -19.5862 -8.11289 0
    endloop
  endfacet
  facet normal -0.903992 -0.427549 0
    outer loop
      vertex -19.5862 -8.11289 4.6
      vertex -18.6967 -9.99361 0
      vertex -18.6967 -9.99361 4.6
    endloop
  endfacet
  facet normal -0.998795 -0.0490755 0
    outer loop
      vertex -21.0979 -2.07796 0
      vertex -21.2 0 4.6
      vertex -21.2 0 0
    endloop
  endfacet
  facet normal -0.998795 -0.0490755 0
    outer loop
      vertex -21.2 0 4.6
      vertex -21.0979 -2.07796 0
      vertex -21.0979 -2.07796 4.6
    endloop
  endfacet
  facet normal 0.989174 -0.146746 0
    outer loop
      vertex 20.7926 -4.13591 4.6
      vertex 21.0979 -2.07796 0
      vertex 21.0979 -2.07796 4.6
    endloop
  endfacet
  facet normal 0.989174 -0.146746 0
    outer loop
      vertex 21.0979 -2.07796 0
      vertex 20.7926 -4.13591 4.6
      vertex 20.7926 -4.13591 0
    endloop
  endfacet
  facet normal 0.970033 0.242974 0
    outer loop
      vertex 20.7926 4.13591 4.6
      vertex 20.2871 6.15403 0
      vertex 20.2871 6.15403 4.6
    endloop
  endfacet
  facet normal 0.970033 0.242974 0
    outer loop
      vertex 20.2871 6.15403 0
      vertex 20.7926 4.13591 4.6
      vertex 20.7926 4.13591 0
    endloop
  endfacet
  facet normal -0.0490755 0.998795 0
    outer loop
      vertex 0 21.2 0
      vertex -2.07796 21.0979 4.6
      vertex 0 21.2 4.6
    endloop
  endfacet
  facet normal -0.0490755 0.998795 0
    outer loop
      vertex -2.07796 21.0979 4.6
      vertex 0 21.2 0
      vertex -2.07796 21.0979 0
    endloop
  endfacet
  facet normal -0.146746 0.989174 0
    outer loop
      vertex -2.07796 21.0979 0
      vertex -4.13591 20.7926 4.6
      vertex -2.07796 21.0979 4.6
    endloop
  endfacet
  facet normal -0.146746 0.989174 0
    outer loop
      vertex -4.13591 20.7926 4.6
      vertex -2.07796 21.0979 0
      vertex -4.13591 20.7926 0
    endloop
  endfacet
  facet normal -0.427549 -0.903992 0
    outer loop
      vertex -9.99361 -18.6967 0
      vertex -8.11289 -19.5862 4.6
      vertex -9.99361 -18.6967 4.6
    endloop
  endfacet
  facet normal -0.427549 -0.903992 -0
    outer loop
      vertex -8.11289 -19.5862 4.6
      vertex -9.99361 -18.6967 0
      vertex -8.11289 -19.5862 0
    endloop
  endfacet
  facet normal 0.427549 0.903992 -0
    outer loop
      vertex 9.99361 18.6967 0
      vertex 8.11289 19.5862 4.6
      vertex 9.99361 18.6967 4.6
    endloop
  endfacet
  facet normal 0.427549 0.903992 0
    outer loop
      vertex 8.11289 19.5862 4.6
      vertex 9.99361 18.6967 0
      vertex 8.11289 19.5862 0
    endloop
  endfacet
  facet normal 0.595731 0.803184 -0
    outer loop
      vertex 13.4491 16.3878 0
      vertex 11.7781 17.6272 4.6
      vertex 13.4491 16.3878 4.6
    endloop
  endfacet
  facet normal 0.595731 0.803184 0
    outer loop
      vertex 11.7781 17.6272 4.6
      vertex 13.4491 16.3878 0
      vertex 11.7781 17.6272 0
    endloop
  endfacet
  facet normal 0.857746 0.514074 0
    outer loop
      vertex 18.6967 9.99361 4.6
      vertex 17.6272 11.7781 0
      vertex 17.6272 11.7781 4.6
    endloop
  endfacet
  facet normal 0.857746 0.514074 0
    outer loop
      vertex 17.6272 11.7781 0
      vertex 18.6967 9.99361 4.6
      vertex 18.6967 9.99361 0
    endloop
  endfacet
  facet normal -0.941543 0.336894 0
    outer loop
      vertex -20.2871 6.15403 0
      vertex -19.5862 8.11289 4.6
      vertex -19.5862 8.11289 0
    endloop
  endfacet
  facet normal -0.941543 0.336894 0
    outer loop
      vertex -19.5862 8.11289 4.6
      vertex -20.2871 6.15403 0
      vertex -20.2871 6.15403 4.6
    endloop
  endfacet
  facet normal -0.740981 -0.671526 0
    outer loop
      vertex -14.9907 -14.9907 0
      vertex -16.3878 -13.4491 4.6
      vertex -16.3878 -13.4491 0
    endloop
  endfacet
  facet normal -0.740981 -0.671526 0
    outer loop
      vertex -16.3878 -13.4491 4.6
      vertex -14.9907 -14.9907 0
      vertex -14.9907 -14.9907 4.6
    endloop
  endfacet
  facet normal 0.0490755 0.998795 -0
    outer loop
      vertex 2.07796 21.0979 0
      vertex 0 21.2 4.6
      vertex 2.07796 21.0979 4.6
    endloop
  endfacet
  facet normal 0.0490755 0.998795 0
    outer loop
      vertex 0 21.2 4.6
      vertex 2.07796 21.0979 0
      vertex 0 21.2 0
    endloop
  endfacet
  facet normal -0.514074 0.857746 0
    outer loop
      vertex -9.99361 18.6967 0
      vertex -11.7781 17.6272 4.6
      vertex -9.99361 18.6967 4.6
    endloop
  endfacet
  facet normal -0.514074 0.857746 0
    outer loop
      vertex -11.7781 17.6272 4.6
      vertex -9.99361 18.6967 0
      vertex -11.7781 17.6272 0
    endloop
  endfacet
  facet normal 0.242974 -0.970033 0
    outer loop
      vertex 4.13591 -20.7926 0
      vertex 6.15403 -20.2871 4.6
      vertex 4.13591 -20.7926 4.6
    endloop
  endfacet
  facet normal 0.242974 -0.970033 0
    outer loop
      vertex 6.15403 -20.2871 4.6
      vertex 4.13591 -20.7926 0
      vertex 6.15403 -20.2871 0
    endloop
  endfacet
  facet normal -0.146746 -0.989174 0
    outer loop
      vertex -4.13591 -20.7926 0
      vertex -2.07796 -21.0979 4.6
      vertex -4.13591 -20.7926 4.6
    endloop
  endfacet
  facet normal -0.146746 -0.989174 -0
    outer loop
      vertex -2.07796 -21.0979 4.6
      vertex -4.13591 -20.7926 0
      vertex -2.07796 -21.0979 0
    endloop
  endfacet
  facet normal -0.803184 -0.595731 0
    outer loop
      vertex -16.3878 -13.4491 0
      vertex -17.6272 -11.7781 4.6
      vertex -17.6272 -11.7781 0
    endloop
  endfacet
  facet normal -0.803184 -0.595731 0
    outer loop
      vertex -17.6272 -11.7781 4.6
      vertex -16.3878 -13.4491 0
      vertex -16.3878 -13.4491 4.6
    endloop
  endfacet
  facet normal 0.903992 0.427549 0
    outer loop
      vertex 19.5862 8.11289 4.6
      vertex 18.6967 9.99361 0
      vertex 18.6967 9.99361 4.6
    endloop
  endfacet
  facet normal 0.903992 0.427549 0
    outer loop
      vertex 18.6967 9.99361 0
      vertex 19.5862 8.11289 4.6
      vertex 19.5862 8.11289 0
    endloop
  endfacet
  facet normal 0.941543 0.336894 0
    outer loop
      vertex 20.2871 6.15403 4.6
      vertex 19.5862 8.11289 0
      vertex 19.5862 8.11289 4.6
    endloop
  endfacet
  facet normal 0.941543 0.336894 0
    outer loop
      vertex 19.5862 8.11289 0
      vertex 20.2871 6.15403 4.6
      vertex 20.2871 6.15403 0
    endloop
  endfacet
  facet normal 0.0490755 -0.998795 0
    outer loop
      vertex 0 -21.2 0
      vertex 2.07796 -21.0979 4.6
      vertex 0 -21.2 4.6
    endloop
  endfacet
  facet normal 0.0490755 -0.998795 0
    outer loop
      vertex 2.07796 -21.0979 4.6
      vertex 0 -21.2 0
      vertex 2.07796 -21.0979 0
    endloop
  endfacet
  facet normal -0.941543 -0.336894 0
    outer loop
      vertex -19.5862 -8.11289 0
      vertex -20.2871 -6.15403 4.6
      vertex -20.2871 -6.15403 0
    endloop
  endfacet
  facet normal -0.941543 -0.336894 0
    outer loop
      vertex -20.2871 -6.15403 4.6
      vertex -19.5862 -8.11289 0
      vertex -19.5862 -8.11289 4.6
    endloop
  endfacet
  facet normal -0.336894 -0.941543 0
    outer loop
      vertex -8.11289 -19.5862 0
      vertex -6.15403 -20.2871 4.6
      vertex -8.11289 -19.5862 4.6
    endloop
  endfacet
  facet normal -0.336894 -0.941543 -0
    outer loop
      vertex -6.15403 -20.2871 4.6
      vertex -8.11289 -19.5862 0
      vertex -6.15403 -20.2871 0
    endloop
  endfacet
  facet normal -0.970033 0.242974 0
    outer loop
      vertex -20.7926 4.13591 0
      vertex -20.2871 6.15403 4.6
      vertex -20.2871 6.15403 0
    endloop
  endfacet
  facet normal -0.970033 0.242974 0
    outer loop
      vertex -20.2871 6.15403 4.6
      vertex -20.7926 4.13591 0
      vertex -20.7926 4.13591 4.6
    endloop
  endfacet
  facet normal 0.941543 -0.336894 0
    outer loop
      vertex 19.5862 -8.11289 4.6
      vertex 20.2871 -6.15403 0
      vertex 20.2871 -6.15403 4.6
    endloop
  endfacet
  facet normal 0.941543 -0.336894 0
    outer loop
      vertex 20.2871 -6.15403 0
      vertex 19.5862 -8.11289 4.6
      vertex 19.5862 -8.11289 0
    endloop
  endfacet
  facet normal 0.903992 -0.427549 0
    outer loop
      vertex 18.6967 -9.99361 4.6
      vertex 19.5862 -8.11289 0
      vertex 19.5862 -8.11289 4.6
    endloop
  endfacet
  facet normal 0.903992 -0.427549 0
    outer loop
      vertex 19.5862 -8.11289 0
      vertex 18.6967 -9.99361 4.6
      vertex 18.6967 -9.99361 0
    endloop
  endfacet
  facet normal -0.671526 -0.740981 0
    outer loop
      vertex -14.9907 -14.9907 0
      vertex -13.4491 -16.3878 4.6
      vertex -14.9907 -14.9907 4.6
    endloop
  endfacet
  facet normal -0.671526 -0.740981 -0
    outer loop
      vertex -13.4491 -16.3878 4.6
      vertex -14.9907 -14.9907 0
      vertex -13.4491 -16.3878 0
    endloop
  endfacet
  facet normal 0.514074 0.857746 -0
    outer loop
      vertex 11.7781 17.6272 0
      vertex 9.99361 18.6967 4.6
      vertex 11.7781 17.6272 4.6
    endloop
  endfacet
  facet normal 0.514074 0.857746 0
    outer loop
      vertex 9.99361 18.6967 4.6
      vertex 11.7781 17.6272 0
      vertex 9.99361 18.6967 0
    endloop
  endfacet
  facet normal -0.740981 0.671526 0
    outer loop
      vertex -16.3878 13.4491 0
      vertex -14.9907 14.9907 4.6
      vertex -14.9907 14.9907 0
    endloop
  endfacet
  facet normal -0.740981 0.671526 0
    outer loop
      vertex -14.9907 14.9907 4.6
      vertex -16.3878 13.4491 0
      vertex -16.3878 13.4491 4.6
    endloop
  endfacet
  facet normal -0.998795 0.0490755 0
    outer loop
      vertex -21.2 0 0
      vertex -21.0979 2.07796 4.6
      vertex -21.0979 2.07796 0
    endloop
  endfacet
  facet normal -0.998795 0.0490755 0
    outer loop
      vertex -21.0979 2.07796 4.6
      vertex -21.2 0 0
      vertex -21.2 0 4.6
    endloop
  endfacet
  facet normal -0.989174 0.146746 0
    outer loop
      vertex -21.0979 2.07796 0
      vertex -20.7926 4.13591 4.6
      vertex -20.7926 4.13591 0
    endloop
  endfacet
  facet normal -0.989174 0.146746 0
    outer loop
      vertex -20.7926 4.13591 4.6
      vertex -21.0979 2.07796 0
      vertex -21.0979 2.07796 4.6
    endloop
  endfacet
  facet normal 0.671526 0.740981 -0
    outer loop
      vertex 14.9907 14.9907 0
      vertex 13.4491 16.3878 4.6
      vertex 14.9907 14.9907 4.6
    endloop
  endfacet
  facet normal 0.671526 0.740981 0
    outer loop
      vertex 13.4491 16.3878 4.6
      vertex 14.9907 14.9907 0
      vertex 13.4491 16.3878 0
    endloop
  endfacet
  facet normal -0.857746 -0.514074 0
    outer loop
      vertex -17.6272 -11.7781 0
      vertex -18.6967 -9.99361 4.6
      vertex -18.6967 -9.99361 0
    endloop
  endfacet
  facet normal -0.857746 -0.514074 0
    outer loop
      vertex -18.6967 -9.99361 4.6
      vertex -17.6272 -11.7781 0
      vertex -17.6272 -11.7781 4.6
    endloop
  endfacet
  facet normal 0.242974 0.970033 -0
    outer loop
      vertex 6.15403 20.2871 0
      vertex 4.13591 20.7926 4.6
      vertex 6.15403 20.2871 4.6
    endloop
  endfacet
  facet normal 0.242974 0.970033 0
    outer loop
      vertex 4.13591 20.7926 4.6
      vertex 6.15403 20.2871 0
      vertex 4.13591 20.7926 0
    endloop
  endfacet
  facet normal -0.803184 0.595731 0
    outer loop
      vertex -17.6272 11.7781 0
      vertex -16.3878 13.4491 4.6
      vertex -16.3878 13.4491 0
    endloop
  endfacet
  facet normal -0.803184 0.595731 0
    outer loop
      vertex -16.3878 13.4491 4.6
      vertex -17.6272 11.7781 0
      vertex -17.6272 11.7781 4.6
    endloop
  endfacet
  facet normal 0.146746 0.989174 -0
    outer loop
      vertex 4.13591 20.7926 0
      vertex 2.07796 21.0979 4.6
      vertex 4.13591 20.7926 4.6
    endloop
  endfacet
  facet normal 0.146746 0.989174 0
    outer loop
      vertex 2.07796 21.0979 4.6
      vertex 4.13591 20.7926 0
      vertex 2.07796 21.0979 0
    endloop
  endfacet
  facet normal -0.242974 -0.970033 0
    outer loop
      vertex -6.15403 -20.2871 0
      vertex -4.13591 -20.7926 4.6
      vertex -6.15403 -20.2871 4.6
    endloop
  endfacet
  facet normal -0.242974 -0.970033 -0
    outer loop
      vertex -4.13591 -20.7926 4.6
      vertex -6.15403 -20.2871 0
      vertex -4.13591 -20.7926 0
    endloop
  endfacet
  facet normal -0.336894 0.941543 0
    outer loop
      vertex -6.15403 20.2871 0
      vertex -8.11289 19.5862 4.6
      vertex -6.15403 20.2871 4.6
    endloop
  endfacet
  facet normal -0.336894 0.941543 0
    outer loop
      vertex -8.11289 19.5862 4.6
      vertex -6.15403 20.2871 0
      vertex -8.11289 19.5862 0
    endloop
  endfacet
  facet normal 0.671526 -0.740981 0
    outer loop
      vertex 13.4491 -16.3878 0
      vertex 14.9907 -14.9907 4.6
      vertex 13.4491 -16.3878 4.6
    endloop
  endfacet
  facet normal 0.671526 -0.740981 0
    outer loop
      vertex 14.9907 -14.9907 4.6
      vertex 13.4491 -16.3878 0
      vertex 14.9907 -14.9907 0
    endloop
  endfacet
  facet normal -0.903992 0.427549 0
    outer loop
      vertex -19.5862 8.11289 0
      vertex -18.6967 9.99361 4.6
      vertex -18.6967 9.99361 0
    endloop
  endfacet
  facet normal -0.903992 0.427549 0
    outer loop
      vertex -18.6967 9.99361 4.6
      vertex -19.5862 8.11289 0
      vertex -19.5862 8.11289 4.6
    endloop
  endfacet
  facet normal 0.803184 0.595731 0
    outer loop
      vertex 17.6272 11.7781 4.6
      vertex 16.3878 13.4491 0
      vertex 16.3878 13.4491 4.6
    endloop
  endfacet
  facet normal 0.803184 0.595731 0
    outer loop
      vertex 16.3878 13.4491 0
      vertex 17.6272 11.7781 4.6
      vertex 17.6272 11.7781 0
    endloop
  endfacet
  facet normal 0.740981 0.671526 0
    outer loop
      vertex 16.3878 13.4491 4.6
      vertex 14.9907 14.9907 0
      vertex 14.9907 14.9907 4.6
    endloop
  endfacet
  facet normal 0.740981 0.671526 0
    outer loop
      vertex 14.9907 14.9907 0
      vertex 16.3878 13.4491 4.6
      vertex 16.3878 13.4491 0
    endloop
  endfacet
  facet normal -0.989174 -0.146746 0
    outer loop
      vertex -20.7926 -4.13591 0
      vertex -21.0979 -2.07796 4.6
      vertex -21.0979 -2.07796 0
    endloop
  endfacet
  facet normal -0.989174 -0.146746 0
    outer loop
      vertex -21.0979 -2.07796 4.6
      vertex -20.7926 -4.13591 0
      vertex -20.7926 -4.13591 4.6
    endloop
  endfacet
  facet normal 0.336894 0.941543 -0
    outer loop
      vertex 8.11289 19.5862 0
      vertex 6.15403 20.2871 4.6
      vertex 8.11289 19.5862 4.6
    endloop
  endfacet
  facet normal 0.336894 0.941543 0
    outer loop
      vertex 6.15403 20.2871 4.6
      vertex 8.11289 19.5862 0
      vertex 6.15403 20.2871 0
    endloop
  endfacet
  facet normal 0.336894 -0.941543 0
    outer loop
      vertex 6.15403 -20.2871 0
      vertex 8.11289 -19.5862 4.6
      vertex 6.15403 -20.2871 4.6
    endloop
  endfacet
  facet normal 0.336894 -0.941543 0
    outer loop
      vertex 8.11289 -19.5862 4.6
      vertex 6.15403 -20.2871 0
      vertex 8.11289 -19.5862 0
    endloop
  endfacet
  facet normal 0.595731 -0.803184 0
    outer loop
      vertex 11.7781 -17.6272 0
      vertex 13.4491 -16.3878 4.6
      vertex 11.7781 -17.6272 4.6
    endloop
  endfacet
  facet normal 0.595731 -0.803184 0
    outer loop
      vertex 13.4491 -16.3878 4.6
      vertex 11.7781 -17.6272 0
      vertex 13.4491 -16.3878 0
    endloop
  endfacet
  facet normal 0.427549 -0.903992 0
    outer loop
      vertex 8.11289 -19.5862 0
      vertex 9.99361 -18.6967 4.6
      vertex 8.11289 -19.5862 4.6
    endloop
  endfacet
  facet normal 0.427549 -0.903992 0
    outer loop
      vertex 9.99361 -18.6967 4.6
      vertex 8.11289 -19.5862 0
      vertex 9.99361 -18.6967 0
    endloop
  endfacet
  facet normal 0 0 -1
    outer loop
      vertex -8.6022 2.40412 0
      vertex -3.52768 1.88559 0
      vertex -8.38822 1.95168 0
    endloop
  endfacet
  facet normal 0 0 -1
    outer loop
      vertex -3.52768 1.88559 0
      vertex -8.6022 2.40412 0
      vertex -6.38313 6.24766 0
    endloop
  endfacet
  facet normal -0 0 -1
    outer loop
      vertex -6.38313 6.24766 0
      vertex -8.6022 2.40412 0
      vertex -6.88356 6.25585 0
    endloop
  endfacet
  facet normal 0 0 -1
    outer loop
      vertex -8.85951 2.83341 0
      vertex -6.88356 6.25585 0
      vertex -8.6022 2.40412 0
    endloop
  endfacet
  facet normal -0 0 -1
    outer loop
      vertex -6.88356 6.25585 0
      vertex -8.85951 2.83341 0
      vertex -7.38077 6.31305 0
    endloop
  endfacet
  facet normal 0 0 -1
    outer loop
      vertex -9.15765 3.2354 0
      vertex -7.38077 6.31305 0
      vertex -8.85951 2.83341 0
    endloop
  endfacet
  facet normal -0 0 -1
    outer loop
      vertex -7.38077 6.31305 0
      vertex -9.15765 3.2354 0
      vertex -7.86998 6.41871 0
    endloop
  endfacet
  facet normal 0 0 -1
    outer loop
      vertex -9.49376 3.60624 0
      vertex -7.86998 6.41871 0
      vertex -9.15765 3.2354 0
    endloop
  endfacet
  facet normal -0 0 -1
    outer loop
      vertex -7.86998 6.41871 0
      vertex -9.49376 3.60624 0
      vertex -8.34648 6.57181 0
    endloop
  endfacet
  facet normal 0 0 -1
    outer loop
      vertex -9.8646 3.94235 0
      vertex -8.34648 6.57181 0
      vertex -9.49376 3.60624 0
    endloop
  endfacet
  facet normal -0 0 -1
    outer loop
      vertex -8.34648 6.57181 0
      vertex -9.8646 3.94235 0
      vertex -8.80567 6.77088 0
    endloop
  endfacet
  facet normal 0 0 -1
    outer loop
      vertex -10.2666 4.24049 0
      vertex -8.80567 6.77088 0
      vertex -9.8646 3.94235 0
    endloop
  endfacet
  facet normal -0 0 -1
    outer loop
      vertex -8.80567 6.77088 0
      vertex -10.2666 4.24049 0
      vertex -9.24315 7.014 0
    endloop
  endfacet
  facet normal 0 0 -1
    outer loop
      vertex -10.6959 4.4978 0
      vertex -9.24315 7.014 0
      vertex -10.2666 4.24049 0
    endloop
  endfacet
  facet normal -0 0 -1
    outer loop
      vertex -9.24315 7.014 0
      vertex -10.6959 4.4978 0
      vertex -9.65468 7.29883 0
    endloop
  endfacet
  facet normal 0 0 -1
    outer loop
      vertex -11.1483 4.71179 0
      vertex -9.65468 7.29883 0
      vertex -10.6959 4.4978 0
    endloop
  endfacet
  facet normal -0 0 -1
    outer loop
      vertex -9.65468 7.29883 0
      vertex -11.1483 4.71179 0
      vertex -10.0363 7.62263 0
    endloop
  endfacet
  facet normal 0 0 -1
    outer loop
      vertex -11.6195 4.88039 0
      vertex -10.0363 7.62263 0
      vertex -11.1483 4.71179 0
    endloop
  endfacet
  facet normal -0 0 -1
    outer loop
      vertex -10.0363 7.62263 0
      vertex -11.6195 4.88039 0
      vertex -10.3844 7.98227 0
    endloop
  endfacet
  facet normal 0 0 -1
    outer loop
      vertex -12.105 5.002 0
      vertex -10.3844 7.98227 0
      vertex -11.6195 4.88039 0
    endloop
  endfacet
  facet normal -0 0 -1
    outer loop
      vertex -10.3844 7.98227 0
      vertex -12.105 5.002 0
      vertex -10.6955 8.3743 0
    endloop
  endfacet
  facet normal 0 0 -1
    outer loop
      vertex -12.6001 5.07544 0
      vertex -10.6955 8.3743 0
      vertex -12.105 5.002 0
    endloop
  endfacet
  facet normal -0 0 -1
    outer loop
      vertex -10.6955 8.3743 0
      vertex -12.6001 5.07544 0
      vertex -10.9667 8.79493 0
    endloop
  endfacet
  facet normal 0 0 -1
    outer loop
      vertex -13.1 5.1 0
      vertex -10.9667 8.79493 0
      vertex -12.6001 5.07544 0
    endloop
  endfacet
  facet normal -0 0 -1
    outer loop
      vertex -10.9667 8.79493 0
      vertex -13.1 5.1 0
      vertex -11.1954 9.24013 0
    endloop
  endfacet
  facet normal 0 0 -1
    outer loop
      vertex -13.5999 5.07544 0
      vertex -11.1954 9.24013 0
      vertex -13.1 5.1 0
    endloop
  endfacet
  facet normal -0 0 -1
    outer loop
      vertex -11.1954 9.24013 0
      vertex -13.5999 5.07544 0
      vertex -11.3793 9.70559 0
    endloop
  endfacet
  facet normal 0 0 -1
    outer loop
      vertex -14.095 5.002 0
      vertex -11.3793 9.70559 0
      vertex -13.5999 5.07544 0
    endloop
  endfacet
  facet normal 0 0 -1
    outer loop
      vertex -18.6967 9.99361 0
      vertex -11.3793 9.70559 0
      vertex -14.095 5.002 0
    endloop
  endfacet
  facet normal 0 0 -1
    outer loop
      vertex -11.3793 9.70559 0
      vertex -18.6967 9.99361 0
      vertex -11.5168 10.1868 0
    endloop
  endfacet
  facet normal 0 0 -1
    outer loop
      vertex -11.6473 11.1781 0
      vertex -13.4491 16.3878 0
      vertex -11.7781 17.6272 0
    endloop
  endfacet
  facet normal 0 -0 -1
    outer loop
      vertex -17.6272 11.7781 0
      vertex -11.5168 10.1868 0
      vertex -18.6967 9.99361 0
    endloop
  endfacet
  facet normal 0 0 -1
    outer loop
      vertex -11.6064 10.6792 0
      vertex -17.6272 11.7781 0
      vertex -11.6473 11.1781 0
    endloop
  endfacet
  facet normal 0 0 -1
    outer loop
      vertex -18.6967 9.99361 0
      vertex -14.095 5.002 0
      vertex -14.5805 4.88039 0
    endloop
  endfacet
  facet normal 0 0 -1
    outer loop
      vertex -11.6473 11.1781 0
      vertex -14.9907 14.9907 0
      vertex -13.4491 16.3878 0
    endloop
  endfacet
  facet normal 0 0 -1
    outer loop
      vertex -18.6967 9.99361 0
      vertex -14.5805 4.88039 0
      vertex -15.0517 4.71179 0
    endloop
  endfacet
  facet normal 0 0 -1
    outer loop
      vertex -19.5862 8.11289 0
      vertex -15.0517 4.71179 0
      vertex -15.5041 4.4978 0
    endloop
  endfacet
  facet normal 0 0 -1
    outer loop
      vertex -19.5862 8.11289 0
      vertex -15.5041 4.4978 0
      vertex -15.9334 4.24049 0
    endloop
  endfacet
  facet normal 0 0 -1
    outer loop
      vertex -20.2871 6.15403 0
      vertex -15.9334 4.24049 0
      vertex -16.3354 3.94235 0
    endloop
  endfacet
  facet normal 0 0 -1
    outer loop
      vertex -11.6473 11.1781 0
      vertex -16.3878 13.4491 0
      vertex -14.9907 14.9907 0
    endloop
  endfacet
  facet normal 0 0 -1
    outer loop
      vertex -20.2871 6.15403 0
      vertex -16.3354 3.94235 0
      vertex -16.7062 3.60624 0
    endloop
  endfacet
  facet normal 0 0 -1
    outer loop
      vertex -20.2871 6.15403 0
      vertex -16.7062 3.60624 0
      vertex -17.0424 3.2354 0
    endloop
  endfacet
  facet normal 0 0 -1
    outer loop
      vertex -20.7926 4.13591 0
      vertex -17.0424 3.2354 0
      vertex -17.3405 2.83341 0
    endloop
  endfacet
  facet normal 0 0 -1
    outer loop
      vertex -20.7926 4.13591 0
      vertex -17.3405 2.83341 0
      vertex -17.5978 2.40412 0
    endloop
  endfacet
  facet normal 0 0 -1
    outer loop
      vertex -11.6473 11.1781 0
      vertex -17.6272 11.7781 0
      vertex -16.3878 13.4491 0
    endloop
  endfacet
  facet normal 0 0 -1
    outer loop
      vertex -20.7926 4.13591 0
      vertex -17.5978 2.40412 0
      vertex -17.8118 1.95168 0
    endloop
  endfacet
  facet normal 0 0 -1
    outer loop
      vertex -21.0979 2.07796 0
      vertex -17.8118 1.95168 0
      vertex -17.9804 1.48045 0
    endloop
  endfacet
  facet normal 0 0 -1
    outer loop
      vertex -21.0979 2.07796 0
      vertex -17.9804 1.48045 0
      vertex -18.102 0.99496 0
    endloop
  endfacet
  facet normal 0 0 -1
    outer loop
      vertex -21.0979 2.07796 0
      vertex -18.102 0.99496 0
      vertex -18.1754 0.499887 0
    endloop
  endfacet
  facet normal 0 0 -1
    outer loop
      vertex -21.2 0 0
      vertex -18.1754 0.499887 0
      vertex -18.2 0 0
    endloop
  endfacet
  facet normal -0 0 -1
    outer loop
      vertex -17.8118 -1.95168 0
      vertex -21.0979 -2.07796 0
      vertex -17.9804 -1.48045 0
    endloop
  endfacet
  facet normal 0 0 -1
    outer loop
      vertex -11.5168 10.1868 0
      vertex -17.6272 11.7781 0
      vertex -11.6064 10.6792 0
    endloop
  endfacet
  facet normal -0 0 -1
    outer loop
      vertex -17.9804 -1.48045 0
      vertex -21.0979 -2.07796 0
      vertex -18.102 -0.99496 0
    endloop
  endfacet
  facet normal 0 0 -1
    outer loop
      vertex -15.0517 4.71179 0
      vertex -19.5862 8.11289 0
      vertex -18.6967 9.99361 0
    endloop
  endfacet
  facet normal -0 0 -1
    outer loop
      vertex -18.102 -0.99496 0
      vertex -21.0979 -2.07796 0
      vertex -18.1754 -0.499887 0
    endloop
  endfacet
  facet normal 0 0 -1
    outer loop
      vertex -15.9334 4.24049 0
      vertex -20.2871 6.15403 0
      vertex -19.5862 8.11289 0
    endloop
  endfacet
  facet normal 0 0 -1
    outer loop
      vertex -21.2 0 0
      vertex -18.1754 -0.499887 0
      vertex -21.0979 -2.07796 0
    endloop
  endfacet
  facet normal 0 0 -1
    outer loop
      vertex -17.0424 3.2354 0
      vertex -20.7926 4.13591 0
      vertex -20.2871 6.15403 0
    endloop
  endfacet
  facet normal 0 0 -1
    outer loop
      vertex -18.1754 -0.499887 0
      vertex -21.2 0 0
      vertex -18.2 0 0
    endloop
  endfacet
  facet normal 0 0 -1
    outer loop
      vertex -17.8118 1.95168 0
      vertex -21.0979 2.07796 0
      vertex -20.7926 4.13591 0
    endloop
  endfacet
  facet normal -0 0 -1
    outer loop
      vertex -18.1754 0.499887 0
      vertex -21.2 0 0
      vertex -21.0979 2.07796 0
    endloop
  endfacet
  facet normal 0 0 -1
    outer loop
      vertex 1.46092 11.0114 0
      vertex -1.46092 11.0114 0
      vertex -1.45273 11.5118 0
    endloop
  endfacet
  facet normal 0 0 -1
    outer loop
      vertex -0.780361 3.92314 0
      vertex -1.51812 10.5142 0
      vertex -1.46092 11.0114 0
    endloop
  endfacet
  facet normal 0 0 -1
    outer loop
      vertex -3.18734 7.51055 0
      vertex -1.16114 3.82776 0
      vertex -1.53073 3.69552 0
    endloop
  endfacet
  facet normal 0 0 -1
    outer loop
      vertex -0.780361 3.92314 0
      vertex -1.62378 10.025 0
      vertex -1.51812 10.5142 0
    endloop
  endfacet
  facet normal 0 0 -1
    outer loop
      vertex -0.780361 3.92314 0
      vertex -1.77688 9.54846 0
      vertex -1.62378 10.025 0
    endloop
  endfacet
  facet normal 0 0 -1
    outer loop
      vertex -3.57937 7.19941 0
      vertex -1.53073 3.69552 0
      vertex -1.88559 3.52768 0
    endloop
  endfacet
  facet normal 0 0 -1
    outer loop
      vertex -0.780361 3.92314 0
      vertex -1.97595 9.08926 0
      vertex -1.77688 9.54846 0
    endloop
  endfacet
  facet normal 0 0 -1
    outer loop
      vertex -0.780361 3.92314 0
      vertex -2.21907 8.65179 0
      vertex -1.97595 9.08926 0
    endloop
  endfacet
  facet normal 0 0 -1
    outer loop
      vertex -4 6.9282 0
      vertex -1.88559 3.52768 0
      vertex -2.22228 3.32588 0
    endloop
  endfacet
  facet normal 0 0 -1
    outer loop
      vertex -0.780361 3.92314 0
      vertex -2.5039 8.24025 0
      vertex -2.21907 8.65179 0
    endloop
  endfacet
  facet normal 0 0 -1
    outer loop
      vertex -4.44519 6.69953 0
      vertex -2.22228 3.32588 0
      vertex -2.53757 3.09204 0
    endloop
  endfacet
  facet normal 0 0 -1
    outer loop
      vertex -0.780361 3.92314 0
      vertex -2.82769 7.85861 0
      vertex -2.5039 8.24025 0
    endloop
  endfacet
  facet normal 0 0 -1
    outer loop
      vertex -4.91066 6.51559 0
      vertex -2.53757 3.09204 0
      vertex -2.82843 2.82843 0
    endloop
  endfacet
  facet normal 0 0 -1
    outer loop
      vertex -5.39191 6.37816 0
      vertex -2.82843 2.82843 0
      vertex -3.09204 2.53757 0
    endloop
  endfacet
  facet normal 0 0 -1
    outer loop
      vertex -0.780361 3.92314 0
      vertex -3.18734 7.51055 0
      vertex -2.82769 7.85861 0
    endloop
  endfacet
  facet normal 0 0 -1
    outer loop
      vertex -5.88432 6.28856 0
      vertex -3.09204 2.53757 0
      vertex -3.32588 2.22228 0
    endloop
  endfacet
  facet normal 0 0 -1
    outer loop
      vertex -5.88432 6.28856 0
      vertex -3.32588 2.22228 0
      vertex -3.52768 1.88559 0
    endloop
  endfacet
  facet normal 0 0 -1
    outer loop
      vertex -1.53073 3.69552 0
      vertex -3.57937 7.19941 0
      vertex -3.18734 7.51055 0
    endloop
  endfacet
  facet normal 0 0 -1
    outer loop
      vertex -8.21961 1.48045 0
      vertex -3.82776 1.16114 0
      vertex -8.098 0.99496 0
    endloop
  endfacet
  facet normal 0 0 -1
    outer loop
      vertex -8.098 0.99496 0
      vertex -3.92314 0.780361 0
      vertex -8.02456 0.499887 0
    endloop
  endfacet
  facet normal 0 0 -1
    outer loop
      vertex -3.98074 0.392068 0
      vertex -8.02456 0.499887 0
      vertex -3.92314 0.780361 0
    endloop
  endfacet
  facet normal 0 0 -1
    outer loop
      vertex -8.02456 0.499887 0
      vertex -3.98074 0.392068 0
      vertex -8 0 0
    endloop
  endfacet
  facet normal 0 0 -1
    outer loop
      vertex -1.88559 3.52768 0
      vertex -4 6.9282 0
      vertex -3.57937 7.19941 0
    endloop
  endfacet
  facet normal 0 0 -1
    outer loop
      vertex -8 0 0
      vertex -3.98074 0.392068 0
      vertex -4 0 0
    endloop
  endfacet
  facet normal -0 0 -1
    outer loop
      vertex -3.52768 -1.88559 0
      vertex -8.38822 -1.95168 0
      vertex -3.69552 -1.53073 0
    endloop
  endfacet
  facet normal 0 -0 -1
    outer loop
      vertex -8.21961 -1.48045 0
      vertex -3.69552 -1.53073 0
      vertex -8.38822 -1.95168 0
    endloop
  endfacet
  facet normal 0 0 -1
    outer loop
      vertex -3.92314 0.780361 0
      vertex -8.098 0.99496 0
      vertex -3.82776 1.16114 0
    endloop
  endfacet
  facet normal 0 0 -1
    outer loop
      vertex -3.69552 -1.53073 0
      vertex -8.21961 -1.48045 0
      vertex -3.82776 -1.16114 0
    endloop
  endfacet
  facet normal 0 0 -1
    outer loop
      vertex -2.22228 3.32588 0
      vertex -4.44519 6.69953 0
      vertex -4 6.9282 0
    endloop
  endfacet
  facet normal 0 -0 -1
    outer loop
      vertex -8.098 -0.99496 0
      vertex -3.82776 -1.16114 0
      vertex -8.21961 -1.48045 0
    endloop
  endfacet
  facet normal 0 0 -1
    outer loop
      vertex -2.53757 3.09204 0
      vertex -4.91066 6.51559 0
      vertex -4.44519 6.69953 0
    endloop
  endfacet
  facet normal 0 0 -1
    outer loop
      vertex -3.82776 -1.16114 0
      vertex -8.098 -0.99496 0
      vertex -3.92314 -0.780361 0
    endloop
  endfacet
  facet normal 0 0 -1
    outer loop
      vertex -2.82843 2.82843 0
      vertex -5.39191 6.37816 0
      vertex -4.91066 6.51559 0
    endloop
  endfacet
  facet normal 0 0 -1
    outer loop
      vertex -8.38822 -1.95168 0
      vertex -5.88432 -6.28856 0
      vertex -6.38313 -6.24766 0
    endloop
  endfacet
  facet normal 0 0 -1
    outer loop
      vertex -3.09204 2.53757 0
      vertex -5.88432 6.28856 0
      vertex -5.39191 6.37816 0
    endloop
  endfacet
  facet normal 0 0 -1
    outer loop
      vertex -8.6022 -2.40412 0
      vertex -6.38313 -6.24766 0
      vertex -6.88356 -6.25585 0
    endloop
  endfacet
  facet normal 0 0 -1
    outer loop
      vertex -3.52768 1.88559 0
      vertex -6.38313 6.24766 0
      vertex -5.88432 6.28856 0
    endloop
  endfacet
  facet normal 0 0 -1
    outer loop
      vertex -8.85951 -2.83341 0
      vertex -6.88356 -6.25585 0
      vertex -7.38077 -6.31305 0
    endloop
  endfacet
  facet normal 0 0 -1
    outer loop
      vertex -3.82776 1.16114 0
      vertex -8.21961 1.48045 0
      vertex -3.69552 1.53073 0
    endloop
  endfacet
  facet normal 0 0 -1
    outer loop
      vertex -9.15765 -3.2354 0
      vertex -7.38077 -6.31305 0
      vertex -7.86998 -6.41871 0
    endloop
  endfacet
  facet normal 0 0 -1
    outer loop
      vertex -8.38822 1.95168 0
      vertex -3.69552 1.53073 0
      vertex -8.21961 1.48045 0
    endloop
  endfacet
  facet normal 0 0 -1
    outer loop
      vertex -3.69552 1.53073 0
      vertex -8.38822 1.95168 0
      vertex -3.52768 1.88559 0
    endloop
  endfacet
  facet normal 0 0 -1
    outer loop
      vertex -3.98074 -0.392068 0
      vertex -8 0 0
      vertex -4 0 0
    endloop
  endfacet
  facet normal 0 -0 -1
    outer loop
      vertex -8 0 0
      vertex -3.98074 -0.392068 0
      vertex -8.02456 -0.499887 0
    endloop
  endfacet
  facet normal 0 0 -1
    outer loop
      vertex -3.92314 -0.780361 0
      vertex -8.02456 -0.499887 0
      vertex -3.98074 -0.392068 0
    endloop
  endfacet
  facet normal 0 0 -1
    outer loop
      vertex -9.49376 -3.60624 0
      vertex -7.86998 -6.41871 0
      vertex -8.34648 -6.57181 0
    endloop
  endfacet
  facet normal 0 -0 -1
    outer loop
      vertex -8.02456 -0.499887 0
      vertex -3.92314 -0.780361 0
      vertex -8.098 -0.99496 0
    endloop
  endfacet
  facet normal 0 0 -1
    outer loop
      vertex -6.38313 -6.24766 0
      vertex -8.6022 -2.40412 0
      vertex -8.38822 -1.95168 0
    endloop
  endfacet
  facet normal 0 0 -1
    outer loop
      vertex -9.8646 -3.94235 0
      vertex -8.34648 -6.57181 0
      vertex -8.80567 -6.77088 0
    endloop
  endfacet
  facet normal 0 0 -1
    outer loop
      vertex -6.88356 -6.25585 0
      vertex -8.85951 -2.83341 0
      vertex -8.6022 -2.40412 0
    endloop
  endfacet
  facet normal 0 0 -1
    outer loop
      vertex -7.38077 -6.31305 0
      vertex -9.15765 -3.2354 0
      vertex -8.85951 -2.83341 0
    endloop
  endfacet
  facet normal 0 0 -1
    outer loop
      vertex -10.2666 -4.24049 0
      vertex -8.80567 -6.77088 0
      vertex -9.24315 -7.014 0
    endloop
  endfacet
  facet normal 0 0 -1
    outer loop
      vertex -7.86998 -6.41871 0
      vertex -9.49376 -3.60624 0
      vertex -9.15765 -3.2354 0
    endloop
  endfacet
  facet normal 0 0 -1
    outer loop
      vertex -10.6959 -4.4978 0
      vertex -9.24315 -7.014 0
      vertex -9.65468 -7.29883 0
    endloop
  endfacet
  facet normal 0 0 -1
    outer loop
      vertex -8.34648 -6.57181 0
      vertex -9.8646 -3.94235 0
      vertex -9.49376 -3.60624 0
    endloop
  endfacet
  facet normal 0 0 -1
    outer loop
      vertex -11.1483 -4.71179 0
      vertex -9.65468 -7.29883 0
      vertex -10.0363 -7.62263 0
    endloop
  endfacet
  facet normal 0 0 -1
    outer loop
      vertex -8.80567 -6.77088 0
      vertex -10.2666 -4.24049 0
      vertex -9.8646 -3.94235 0
    endloop
  endfacet
  facet normal 0 0 -1
    outer loop
      vertex -11.6195 -4.88039 0
      vertex -10.0363 -7.62263 0
      vertex -10.3844 -7.98227 0
    endloop
  endfacet
  facet normal 0 0 -1
    outer loop
      vertex -12.105 -5.002 0
      vertex -10.3844 -7.98227 0
      vertex -10.6955 -8.3743 0
    endloop
  endfacet
  facet normal 0 0 -1
    outer loop
      vertex -9.24315 -7.014 0
      vertex -10.6959 -4.4978 0
      vertex -10.2666 -4.24049 0
    endloop
  endfacet
  facet normal 0 0 -1
    outer loop
      vertex -12.6001 -5.07544 0
      vertex -10.6955 -8.3743 0
      vertex -10.9667 -8.79493 0
    endloop
  endfacet
  facet normal 0 0 -1
    outer loop
      vertex -9.65468 -7.29883 0
      vertex -11.1483 -4.71179 0
      vertex -10.6959 -4.4978 0
    endloop
  endfacet
  facet normal 0 0 -1
    outer loop
      vertex -13.1 -5.1 0
      vertex -10.9667 -8.79493 0
      vertex -11.1954 -9.24013 0
    endloop
  endfacet
  facet normal 0 0 -1
    outer loop
      vertex -13.5999 -5.07544 0
      vertex -11.1954 -9.24013 0
      vertex -11.3793 -9.70559 0
    endloop
  endfacet
  facet normal 0 0 -1
    outer loop
      vertex -18.6967 -9.99361 0
      vertex -11.3793 -9.70559 0
      vertex -11.5168 -10.1868 0
    endloop
  endfacet
  facet normal 0 0 -1
    outer loop
      vertex -17.6272 -11.7781 0
      vertex -11.5168 -10.1868 0
      vertex -11.6064 -10.6792 0
    endloop
  endfacet
  facet normal 0 0 -1
    outer loop
      vertex -10.0363 -7.62263 0
      vertex -11.6195 -4.88039 0
      vertex -11.1483 -4.71179 0
    endloop
  endfacet
  facet normal 0 0 -1
    outer loop
      vertex -17.6272 -11.7781 0
      vertex -11.6064 -10.6792 0
      vertex -11.6473 -11.1781 0
    endloop
  endfacet
  facet normal 0 0 -1
    outer loop
      vertex -16.3878 -13.4491 0
      vertex -11.5819 -12.1757 0
      vertex -14.9907 -14.9907 0
    endloop
  endfacet
  facet normal -0 0 -1
    outer loop
      vertex -11.5819 -12.1757 0
      vertex -16.3878 -13.4491 0
      vertex -11.6391 -11.6785 0
    endloop
  endfacet
  facet normal -0 0 -1
    outer loop
      vertex -11.6391 -11.6785 0
      vertex -16.3878 -13.4491 0
      vertex -11.6473 -11.1781 0
    endloop
  endfacet
  facet normal 0 0 -1
    outer loop
      vertex -10.3844 -7.98227 0
      vertex -12.105 -5.002 0
      vertex -11.6195 -4.88039 0
    endloop
  endfacet
  facet normal 0 0 -1
    outer loop
      vertex -10.6955 -8.3743 0
      vertex -12.6001 -5.07544 0
      vertex -12.105 -5.002 0
    endloop
  endfacet
  facet normal 0 0 -1
    outer loop
      vertex -17.6272 -11.7781 0
      vertex -11.6473 -11.1781 0
      vertex -16.3878 -13.4491 0
    endloop
  endfacet
  facet normal 0 0 -1
    outer loop
      vertex -10.9667 -8.79493 0
      vertex -13.1 -5.1 0
      vertex -12.6001 -5.07544 0
    endloop
  endfacet
  facet normal -0 0 -1
    outer loop
      vertex -11.5168 -10.1868 0
      vertex -17.6272 -11.7781 0
      vertex -18.6967 -9.99361 0
    endloop
  endfacet
  facet normal 0 0 -1
    outer loop
      vertex -11.1954 -9.24013 0
      vertex -13.5999 -5.07544 0
      vertex -13.1 -5.1 0
    endloop
  endfacet
  facet normal 0 0 -1
    outer loop
      vertex -11.3793 -9.70559 0
      vertex -14.095 -5.002 0
      vertex -13.5999 -5.07544 0
    endloop
  endfacet
  facet normal -0 0 -1
    outer loop
      vertex -11.3793 -9.70559 0
      vertex -18.6967 -9.99361 0
      vertex -14.095 -5.002 0
    endloop
  endfacet
  facet normal -0 0 -1
    outer loop
      vertex -14.095 -5.002 0
      vertex -18.6967 -9.99361 0
      vertex -14.5805 -4.88039 0
    endloop
  endfacet
  facet normal -0 0 -1
    outer loop
      vertex -14.5805 -4.88039 0
      vertex -18.6967 -9.99361 0
      vertex -15.0517 -4.71179 0
    endloop
  endfacet
  facet normal 0 0 -1
    outer loop
      vertex -19.5862 -8.11289 0
      vertex -15.0517 -4.71179 0
      vertex -18.6967 -9.99361 0
    endloop
  endfacet
  facet normal -0 0 -1
    outer loop
      vertex -15.0517 -4.71179 0
      vertex -19.5862 -8.11289 0
      vertex -15.5041 -4.4978 0
    endloop
  endfacet
  facet normal -0 0 -1
    outer loop
      vertex -15.5041 -4.4978 0
      vertex -19.5862 -8.11289 0
      vertex -15.9334 -4.24049 0
    endloop
  endfacet
  facet normal 0 0 -1
    outer loop
      vertex -20.2871 -6.15403 0
      vertex -15.9334 -4.24049 0
      vertex -19.5862 -8.11289 0
    endloop
  endfacet
  facet normal -0 0 -1
    outer loop
      vertex -15.9334 -4.24049 0
      vertex -20.2871 -6.15403 0
      vertex -16.3354 -3.94235 0
    endloop
  endfacet
  facet normal -0 0 -1
    outer loop
      vertex -16.3354 -3.94235 0
      vertex -20.2871 -6.15403 0
      vertex -16.7062 -3.60624 0
    endloop
  endfacet
  facet normal -0 0 -1
    outer loop
      vertex -16.7062 -3.60624 0
      vertex -20.2871 -6.15403 0
      vertex -17.0424 -3.2354 0
    endloop
  endfacet
  facet normal 0 0 -1
    outer loop
      vertex -20.7926 -4.13591 0
      vertex -17.0424 -3.2354 0
      vertex -20.2871 -6.15403 0
    endloop
  endfacet
  facet normal -0 0 -1
    outer loop
      vertex -17.0424 -3.2354 0
      vertex -20.7926 -4.13591 0
      vertex -17.3405 -2.83341 0
    endloop
  endfacet
  facet normal -0 0 -1
    outer loop
      vertex -17.3405 -2.83341 0
      vertex -20.7926 -4.13591 0
      vertex -17.5978 -2.40412 0
    endloop
  endfacet
  facet normal -0 0 -1
    outer loop
      vertex -17.5978 -2.40412 0
      vertex -20.7926 -4.13591 0
      vertex -17.8118 -1.95168 0
    endloop
  endfacet
  facet normal 0 0 -1
    outer loop
      vertex -21.0979 -2.07796 0
      vertex -17.8118 -1.95168 0
      vertex -20.7926 -4.13591 0
    endloop
  endfacet
  facet normal 0 0 -1
    outer loop
      vertex 2.21907 -8.65179 0
      vertex 0.392068 -3.98074 0
      vertex 0.780361 -3.92314 0
    endloop
  endfacet
  facet normal 0 -0 -1
    outer loop
      vertex 0 -4 0
      vertex 2.21907 -8.65179 0
      vertex -2.21907 -8.65179 0
    endloop
  endfacet
  facet normal 0 0 -1
    outer loop
      vertex 2.21907 -8.65179 0
      vertex 0 -4 0
      vertex 0.392068 -3.98074 0
    endloop
  endfacet
  facet normal 0 0 -1
    outer loop
      vertex -2.5039 -8.24025 0
      vertex 0 -4 0
      vertex -2.21907 -8.65179 0
    endloop
  endfacet
  facet normal -0 0 -1
    outer loop
      vertex 0 -4 0
      vertex -2.5039 -8.24025 0
      vertex -0.392068 -3.98074 0
    endloop
  endfacet
  facet normal 0 0 -1
    outer loop
      vertex -2.82769 -7.85861 0
      vertex -0.392068 -3.98074 0
      vertex -2.5039 -8.24025 0
    endloop
  endfacet
  facet normal -0 0 -1
    outer loop
      vertex -0.392068 -3.98074 0
      vertex -2.82769 -7.85861 0
      vertex -0.780361 -3.92314 0
    endloop
  endfacet
  facet normal 0 0 -1
    outer loop
      vertex -3.18734 -7.51055 0
      vertex -0.780361 -3.92314 0
      vertex -2.82769 -7.85861 0
    endloop
  endfacet
  facet normal -0 0 -1
    outer loop
      vertex -0.780361 -3.92314 0
      vertex -3.18734 -7.51055 0
      vertex -1.16114 -3.82776 0
    endloop
  endfacet
  facet normal -0 0 -1
    outer loop
      vertex -1.16114 -3.82776 0
      vertex -3.18734 -7.51055 0
      vertex -1.53073 -3.69552 0
    endloop
  endfacet
  facet normal 0 0 -1
    outer loop
      vertex -3.57937 -7.19941 0
      vertex -1.53073 -3.69552 0
      vertex -3.18734 -7.51055 0
    endloop
  endfacet
  facet normal -0 0 -1
    outer loop
      vertex -1.53073 -3.69552 0
      vertex -3.57937 -7.19941 0
      vertex -1.88559 -3.52768 0
    endloop
  endfacet
  facet normal 0 0 -1
    outer loop
      vertex -4 -6.9282 0
      vertex -1.88559 -3.52768 0
      vertex -3.57937 -7.19941 0
    endloop
  endfacet
  facet normal -0 0 -1
    outer loop
      vertex -1.88559 -3.52768 0
      vertex -4 -6.9282 0
      vertex -2.22228 -3.32588 0
    endloop
  endfacet
  facet normal 0 0 -1
    outer loop
      vertex -4.44519 -6.69953 0
      vertex -2.22228 -3.32588 0
      vertex -4 -6.9282 0
    endloop
  endfacet
  facet normal -0 0 -1
    outer loop
      vertex -2.22228 -3.32588 0
      vertex -4.44519 -6.69953 0
      vertex -2.53757 -3.09204 0
    endloop
  endfacet
  facet normal 0 0 -1
    outer loop
      vertex -4.91066 -6.51559 0
      vertex -2.53757 -3.09204 0
      vertex -4.44519 -6.69953 0
    endloop
  endfacet
  facet normal -0 0 -1
    outer loop
      vertex -2.53757 -3.09204 0
      vertex -4.91066 -6.51559 0
      vertex -2.82843 -2.82843 0
    endloop
  endfacet
  facet normal 0 0 -1
    outer loop
      vertex -5.39191 -6.37816 0
      vertex -2.82843 -2.82843 0
      vertex -4.91066 -6.51559 0
    endloop
  endfacet
  facet normal -0 0 -1
    outer loop
      vertex -2.82843 -2.82843 0
      vertex -5.39191 -6.37816 0
      vertex -3.09204 -2.53757 0
    endloop
  endfacet
  facet normal 0 0 -1
    outer loop
      vertex -5.88432 -6.28856 0
      vertex -3.09204 -2.53757 0
      vertex -5.39191 -6.37816 0
    endloop
  endfacet
  facet normal -0 0 -1
    outer loop
      vertex -3.09204 -2.53757 0
      vertex -5.88432 -6.28856 0
      vertex -3.32588 -2.22228 0
    endloop
  endfacet
  facet normal 0 0 -1
    outer loop
      vertex -8.38822 -1.95168 0
      vertex -3.52768 -1.88559 0
      vertex -5.88432 -6.28856 0
    endloop
  endfacet
  facet normal -0 0 -1
    outer loop
      vertex -3.32588 -2.22228 0
      vertex -5.88432 -6.28856 0
      vertex -3.52768 -1.88559 0
    endloop
  endfacet
  facet normal -0 0 -1
    outer loop
      vertex 6.38313 6.24766 0
      vertex 3.52768 1.88559 0
      vertex 5.88432 6.28856 0
    endloop
  endfacet
  facet normal 0 0 -1
    outer loop
      vertex 3.32588 2.22228 0
      vertex 5.88432 6.28856 0
      vertex 3.52768 1.88559 0
    endloop
  endfacet
  facet normal 0 0 -1
    outer loop
      vertex 3.09204 2.53757 0
      vertex 5.88432 6.28856 0
      vertex 3.32588 2.22228 0
    endloop
  endfacet
  facet normal -0 0 -1
    outer loop
      vertex 5.88432 6.28856 0
      vertex 3.09204 2.53757 0
      vertex 5.39191 6.37816 0
    endloop
  endfacet
  facet normal 0 0 -1
    outer loop
      vertex 2.82843 2.82843 0
      vertex 5.39191 6.37816 0
      vertex 3.09204 2.53757 0
    endloop
  endfacet
  facet normal -0 0 -1
    outer loop
      vertex 5.39191 6.37816 0
      vertex 2.82843 2.82843 0
      vertex 4.91066 6.51559 0
    endloop
  endfacet
  facet normal 0 0 -1
    outer loop
      vertex 2.53757 3.09204 0
      vertex 4.91066 6.51559 0
      vertex 2.82843 2.82843 0
    endloop
  endfacet
  facet normal -0 0 -1
    outer loop
      vertex 4.91066 6.51559 0
      vertex 2.53757 3.09204 0
      vertex 4.44519 6.69953 0
    endloop
  endfacet
  facet normal 0 0 -1
    outer loop
      vertex 2.22228 3.32588 0
      vertex 4.44519 6.69953 0
      vertex 2.53757 3.09204 0
    endloop
  endfacet
  facet normal -0 0 -1
    outer loop
      vertex 4.44519 6.69953 0
      vertex 2.22228 3.32588 0
      vertex 4 6.9282 0
    endloop
  endfacet
  facet normal 0 0 -1
    outer loop
      vertex 1.88559 3.52768 0
      vertex 4 6.9282 0
      vertex 2.22228 3.32588 0
    endloop
  endfacet
  facet normal -0 0 -1
    outer loop
      vertex 4 6.9282 0
      vertex 1.88559 3.52768 0
      vertex 3.57937 7.19941 0
    endloop
  endfacet
  facet normal 0 0 -1
    outer loop
      vertex 1.53073 3.69552 0
      vertex 3.57937 7.19941 0
      vertex 1.88559 3.52768 0
    endloop
  endfacet
  facet normal -0 0 -1
    outer loop
      vertex 3.57937 7.19941 0
      vertex 1.53073 3.69552 0
      vertex 3.18734 7.51055 0
    endloop
  endfacet
  facet normal 0 0 -1
    outer loop
      vertex 1.16114 3.82776 0
      vertex 3.18734 7.51055 0
      vertex 1.53073 3.69552 0
    endloop
  endfacet
  facet normal 0 0 -1
    outer loop
      vertex 0.780361 3.92314 0
      vertex 3.18734 7.51055 0
      vertex 1.16114 3.82776 0
    endloop
  endfacet
  facet normal -0 0 -1
    outer loop
      vertex 3.18734 7.51055 0
      vertex 0.780361 3.92314 0
      vertex 2.82769 7.85861 0
    endloop
  endfacet
  facet normal 0 0 -1
    outer loop
      vertex 0.392068 3.98074 0
      vertex 2.82769 7.85861 0
      vertex 0.780361 3.92314 0
    endloop
  endfacet
  facet normal -0 0 -1
    outer loop
      vertex 2.82769 7.85861 0
      vertex 0.392068 3.98074 0
      vertex 2.5039 8.24025 0
    endloop
  endfacet
  facet normal 0 0 -1
    outer loop
      vertex 0 4 0
      vertex 2.5039 8.24025 0
      vertex 0.392068 3.98074 0
    endloop
  endfacet
  facet normal -0 0 -1
    outer loop
      vertex 2.5039 8.24025 0
      vertex 0 4 0
      vertex 2.21907 8.65179 0
    endloop
  endfacet
  facet normal 0 0 -1
    outer loop
      vertex -0.392068 3.98074 0
      vertex 2.21907 8.65179 0
      vertex 0 4 0
    endloop
  endfacet
  facet normal -0 0 -1
    outer loop
      vertex 2.21907 8.65179 0
      vertex -0.392068 3.98074 0
      vertex 1.97595 9.08926 0
    endloop
  endfacet
  facet normal 0 0 -1
    outer loop
      vertex -0.780361 3.92314 0
      vertex 1.97595 9.08926 0
      vertex -0.392068 3.98074 0
    endloop
  endfacet
  facet normal 0 0 -1
    outer loop
      vertex 16.3878 -13.4491 0
      vertex 11.6391 -11.6785 0
      vertex 11.6473 -11.1781 0
    endloop
  endfacet
  facet normal 0 0 -1
    outer loop
      vertex 13.4491 -16.3878 0
      vertex 11.5819 -12.1757 0
      vertex 11.6391 -11.6785 0
    endloop
  endfacet
  facet normal 0 0 -1
    outer loop
      vertex 13.4491 -16.3878 0
      vertex 11.4762 -12.6649 0
      vertex 11.5819 -12.1757 0
    endloop
  endfacet
  facet normal 0 0 -1
    outer loop
      vertex 13.4491 -16.3878 0
      vertex 11.3231 -13.1414 0
      vertex 11.4762 -12.6649 0
    endloop
  endfacet
  facet normal 0 0 -1
    outer loop
      vertex 13.4491 -16.3878 0
      vertex 11.1241 -13.6006 0
      vertex 11.3231 -13.1414 0
    endloop
  endfacet
  facet normal 0 0 -1
    outer loop
      vertex 13.4491 -16.3878 0
      vertex 10.8809 -14.0381 0
      vertex 11.1241 -13.6006 0
    endloop
  endfacet
  facet normal 0 0 -1
    outer loop
      vertex 13.4491 -16.3878 0
      vertex 10.5961 -14.4496 0
      vertex 10.8809 -14.0381 0
    endloop
  endfacet
  facet normal 0 0 -1
    outer loop
      vertex 13.4491 -16.3878 0
      vertex 10.2723 -14.8313 0
      vertex 10.5961 -14.4496 0
    endloop
  endfacet
  facet normal 0 0 -1
    outer loop
      vertex 9.52063 -15.4905 0
      vertex 11.7781 -17.6272 0
      vertex 9.99361 -18.6967 0
    endloop
  endfacet
  facet normal 0 0 -1
    outer loop
      vertex 11.7781 -17.6272 0
      vertex 9.91266 -15.1793 0
      vertex 10.2723 -14.8313 0
    endloop
  endfacet
  facet normal 0 0 -1
    outer loop
      vertex 11.7781 -17.6272 0
      vertex 9.52063 -15.4905 0
      vertex 9.91266 -15.1793 0
    endloop
  endfacet
  facet normal 0 0 -1
    outer loop
      vertex 9.99361 -18.6967 0
      vertex 9.1 -15.7617 0
      vertex 9.52063 -15.4905 0
    endloop
  endfacet
  facet normal 0 0 -1
    outer loop
      vertex 9.99361 -18.6967 0
      vertex 8.65481 -15.9903 0
      vertex 9.1 -15.7617 0
    endloop
  endfacet
  facet normal 0 0 -1
    outer loop
      vertex 9.99361 -18.6967 0
      vertex 8.18934 -16.1743 0
      vertex 8.65481 -15.9903 0
    endloop
  endfacet
  facet normal 0 0 -1
    outer loop
      vertex 8.11289 -19.5862 0
      vertex 8.18934 -16.1743 0
      vertex 9.99361 -18.6967 0
    endloop
  endfacet
  facet normal 0 0 -1
    outer loop
      vertex 8.11289 -19.5862 0
      vertex 7.70809 -16.3117 0
      vertex 8.18934 -16.1743 0
    endloop
  endfacet
  facet normal 0 0 -1
    outer loop
      vertex 8.11289 -19.5862 0
      vertex 7.21568 -16.4013 0
      vertex 7.70809 -16.3117 0
    endloop
  endfacet
  facet normal 0 0 -1
    outer loop
      vertex 8.11289 -19.5862 0
      vertex 6.71687 -16.4422 0
      vertex 7.21568 -16.4013 0
    endloop
  endfacet
  facet normal 0 0 -1
    outer loop
      vertex 6.15403 -20.2871 0
      vertex 6.71687 -16.4422 0
      vertex 8.11289 -19.5862 0
    endloop
  endfacet
  facet normal -0 0 -1
    outer loop
      vertex 6.71687 -16.4422 0
      vertex 6.15403 -20.2871 0
      vertex 6.21644 -16.434 0
    endloop
  endfacet
  facet normal 0 0 -1
    outer loop
      vertex 6.15403 -20.2871 0
      vertex 5.71923 -16.3768 0
      vertex 6.21644 -16.434 0
    endloop
  endfacet
  facet normal 0 0 -1
    outer loop
      vertex 6.15403 -20.2871 0
      vertex 5.23002 -16.2712 0
      vertex 5.71923 -16.3768 0
    endloop
  endfacet
  facet normal 0 0 -1
    outer loop
      vertex 4.13591 -20.7926 0
      vertex 5.23002 -16.2712 0
      vertex 6.15403 -20.2871 0
    endloop
  endfacet
  facet normal -0 0 -1
    outer loop
      vertex 5.23002 -16.2712 0
      vertex 4.13591 -20.7926 0
      vertex 4.75352 -16.1181 0
    endloop
  endfacet
  facet normal -0 0 -1
    outer loop
      vertex 4.75352 -16.1181 0
      vertex 4.13591 -20.7926 0
      vertex 4.29433 -15.919 0
    endloop
  endfacet
  facet normal 0 0 -1
    outer loop
      vertex 2.07796 -21.0979 0
      vertex 4.29433 -15.919 0
      vertex 4.13591 -20.7926 0
    endloop
  endfacet
  facet normal -0 0 -1
    outer loop
      vertex 4.29433 -15.919 0
      vertex 2.07796 -21.0979 0
      vertex 3.85685 -15.6759 0
    endloop
  endfacet
  facet normal -0 0 -1
    outer loop
      vertex 3.85685 -15.6759 0
      vertex 2.07796 -21.0979 0
      vertex 3.44532 -15.391 0
    endloop
  endfacet
  facet normal -0 0 -1
    outer loop
      vertex 3.44532 -15.391 0
      vertex 2.07796 -21.0979 0
      vertex 3.06368 -15.0672 0
    endloop
  endfacet
  facet normal 0 0 -1
    outer loop
      vertex 0 -21.2 0
      vertex 3.06368 -15.0672 0
      vertex 2.07796 -21.0979 0
    endloop
  endfacet
  facet normal -0 0 -1
    outer loop
      vertex 3.06368 -15.0672 0
      vertex 0 -21.2 0
      vertex 2.71562 -14.7076 0
    endloop
  endfacet
  facet normal 0 0 -1
    outer loop
      vertex -2.71562 -14.7076 0
      vertex 2.71562 -14.7076 0
      vertex 0 -21.2 0
    endloop
  endfacet
  facet normal 0 0 -1
    outer loop
      vertex 2.71562 -14.7076 0
      vertex -2.71562 -14.7076 0
      vertex 2.40448 -14.3156 0
    endloop
  endfacet
  facet normal 0 -0 -1
    outer loop
      vertex -2.40448 -14.3156 0
      vertex 2.40448 -14.3156 0
      vertex -2.71562 -14.7076 0
    endloop
  endfacet
  facet normal 0 0 -1
    outer loop
      vertex 2.40448 -14.3156 0
      vertex -2.40448 -14.3156 0
      vertex 2.13327 -13.8949 0
    endloop
  endfacet
  facet normal 0 -0 -1
    outer loop
      vertex -1.9046 -13.4497 0
      vertex 1.9046 -13.4497 0
      vertex -2.13327 -13.8949 0
    endloop
  endfacet
  facet normal 0 -0 -1
    outer loop
      vertex -1.72066 -12.9843 0
      vertex 1.72066 -12.9843 0
      vertex -1.9046 -13.4497 0
    endloop
  endfacet
  facet normal 0 0 -1
    outer loop
      vertex 3.18734 -7.51055 0
      vertex 0.780361 -3.92314 0
      vertex 1.16114 -3.82776 0
    endloop
  endfacet
  facet normal 0 0 -1
    outer loop
      vertex 1.72066 -12.9843 0
      vertex -1.72066 -12.9843 0
      vertex 1.58323 -12.503 0
    endloop
  endfacet
  facet normal 0 0 -1
    outer loop
      vertex -1.46092 -11.0114 0
      vertex 1.46092 -11.0114 0
      vertex -1.45273 -11.5118 0
    endloop
  endfacet
  facet normal 0 0 -1
    outer loop
      vertex 2.13327 -13.8949 0
      vertex -2.13327 -13.8949 0
      vertex 1.9046 -13.4497 0
    endloop
  endfacet
  facet normal 0 0 -1
    outer loop
      vertex -2.21907 -8.65179 0
      vertex 2.21907 -8.65179 0
      vertex -1.97595 -9.08926 0
    endloop
  endfacet
  facet normal 0 0 -1
    outer loop
      vertex -1.62378 -10.025 0
      vertex 1.46092 -11.0114 0
      vertex -1.51812 -10.5142 0
    endloop
  endfacet
  facet normal 0 0 -1
    outer loop
      vertex -1.51812 -10.5142 0
      vertex 1.46092 -11.0114 0
      vertex -1.46092 -11.0114 0
    endloop
  endfacet
  facet normal 0 0 -1
    outer loop
      vertex -1.77688 -9.54846 0
      vertex 1.46092 -11.0114 0
      vertex -1.62378 -10.025 0
    endloop
  endfacet
  facet normal 0 0 -1
    outer loop
      vertex -1.97595 -9.08926 0
      vertex 1.46092 -11.0114 0
      vertex -1.77688 -9.54846 0
    endloop
  endfacet
  facet normal -0 0 -1
    outer loop
      vertex 1.45273 -11.5118 0
      vertex -1.49363 -12.0106 0
      vertex -1.45273 -11.5118 0
    endloop
  endfacet
  facet normal 0 0 -1
    outer loop
      vertex 1.49363 -12.0106 0
      vertex -1.49363 -12.0106 0
      vertex 1.45273 -11.5118 0
    endloop
  endfacet
  facet normal 0 -0 -1
    outer loop
      vertex -1.49363 -12.0106 0
      vertex 1.49363 -12.0106 0
      vertex -1.58323 -12.503 0
    endloop
  endfacet
  facet normal 0 0 -1
    outer loop
      vertex 1.58323 -12.503 0
      vertex -1.58323 -12.503 0
      vertex 1.49363 -12.0106 0
    endloop
  endfacet
  facet normal 0 0 -1
    outer loop
      vertex -3.06368 -15.0672 0
      vertex 0 -21.2 0
      vertex -2.07796 -21.0979 0
    endloop
  endfacet
  facet normal 0 -0 -1
    outer loop
      vertex -1.58323 -12.503 0
      vertex 1.58323 -12.503 0
      vertex -1.72066 -12.9843 0
    endloop
  endfacet
  facet normal 0 0 -1
    outer loop
      vertex 1.9046 -13.4497 0
      vertex -1.9046 -13.4497 0
      vertex 1.72066 -12.9843 0
    endloop
  endfacet
  facet normal 0 -0 -1
    outer loop
      vertex -2.13327 -13.8949 0
      vertex 2.13327 -13.8949 0
      vertex -2.40448 -14.3156 0
    endloop
  endfacet
  facet normal 0 0 -1
    outer loop
      vertex 0 -21.2 0
      vertex -3.06368 -15.0672 0
      vertex -2.71562 -14.7076 0
    endloop
  endfacet
  facet normal 0 0 -1
    outer loop
      vertex -2.07796 -21.0979 0
      vertex -3.44532 -15.391 0
      vertex -3.06368 -15.0672 0
    endloop
  endfacet
  facet normal 0 0 -1
    outer loop
      vertex -2.07796 -21.0979 0
      vertex -3.85685 -15.6759 0
      vertex -3.44532 -15.391 0
    endloop
  endfacet
  facet normal 0 0 -1
    outer loop
      vertex -4.29433 -15.919 0
      vertex -2.07796 -21.0979 0
      vertex -4.13591 -20.7926 0
    endloop
  endfacet
  facet normal 0 0 -1
    outer loop
      vertex -2.07796 -21.0979 0
      vertex -4.29433 -15.919 0
      vertex -3.85685 -15.6759 0
    endloop
  endfacet
  facet normal 0 0 -1
    outer loop
      vertex -4.13591 -20.7926 0
      vertex -4.75352 -16.1181 0
      vertex -4.29433 -15.919 0
    endloop
  endfacet
  facet normal 0 0 -1
    outer loop
      vertex -4.13591 -20.7926 0
      vertex -5.23002 -16.2712 0
      vertex -4.75352 -16.1181 0
    endloop
  endfacet
  facet normal 0 0 -1
    outer loop
      vertex -6.15403 -20.2871 0
      vertex -5.23002 -16.2712 0
      vertex -4.13591 -20.7926 0
    endloop
  endfacet
  facet normal 0 0 -1
    outer loop
      vertex -5.23002 -16.2712 0
      vertex -6.15403 -20.2871 0
      vertex -5.71923 -16.3768 0
    endloop
  endfacet
  facet normal 0 0 -1
    outer loop
      vertex -6.15403 -20.2871 0
      vertex -6.21644 -16.434 0
      vertex -5.71923 -16.3768 0
    endloop
  endfacet
  facet normal 0 0 -1
    outer loop
      vertex -6.15403 -20.2871 0
      vertex -6.71687 -16.4422 0
      vertex -6.21644 -16.434 0
    endloop
  endfacet
  facet normal 0 0 -1
    outer loop
      vertex -8.11289 -19.5862 0
      vertex -6.71687 -16.4422 0
      vertex -6.15403 -20.2871 0
    endloop
  endfacet
  facet normal -0 0 -1
    outer loop
      vertex -6.71687 -16.4422 0
      vertex -8.11289 -19.5862 0
      vertex -7.21568 -16.4013 0
    endloop
  endfacet
  facet normal -0 0 -1
    outer loop
      vertex -7.21568 -16.4013 0
      vertex -8.11289 -19.5862 0
      vertex -7.70809 -16.3117 0
    endloop
  endfacet
  facet normal 0 0 -1
    outer loop
      vertex -8.11289 -19.5862 0
      vertex -8.18934 -16.1743 0
      vertex -7.70809 -16.3117 0
    endloop
  endfacet
  facet normal 0 0 -1
    outer loop
      vertex -9.99361 -18.6967 0
      vertex -8.18934 -16.1743 0
      vertex -8.11289 -19.5862 0
    endloop
  endfacet
  facet normal -0 0 -1
    outer loop
      vertex -8.18934 -16.1743 0
      vertex -9.99361 -18.6967 0
      vertex -8.65481 -15.9903 0
    endloop
  endfacet
  facet normal -0 0 -1
    outer loop
      vertex -8.65481 -15.9903 0
      vertex -9.99361 -18.6967 0
      vertex -9.1 -15.7617 0
    endloop
  endfacet
  facet normal -0 0 -1
    outer loop
      vertex -9.1 -15.7617 0
      vertex -9.99361 -18.6967 0
      vertex -9.52063 -15.4905 0
    endloop
  endfacet
  facet normal 0 0 -1
    outer loop
      vertex -11.7781 -17.6272 0
      vertex -9.52063 -15.4905 0
      vertex -9.99361 -18.6967 0
    endloop
  endfacet
  facet normal -0 0 -1
    outer loop
      vertex -9.52063 -15.4905 0
      vertex -11.7781 -17.6272 0
      vertex -9.91266 -15.1793 0
    endloop
  endfacet
  facet normal -0 0 -1
    outer loop
      vertex -9.91266 -15.1793 0
      vertex -11.7781 -17.6272 0
      vertex -10.2723 -14.8313 0
    endloop
  endfacet
  facet normal 0 0 -1
    outer loop
      vertex -13.4491 -16.3878 0
      vertex -10.2723 -14.8313 0
      vertex -11.7781 -17.6272 0
    endloop
  endfacet
  facet normal -0 0 -1
    outer loop
      vertex -10.2723 -14.8313 0
      vertex -13.4491 -16.3878 0
      vertex -10.5961 -14.4496 0
    endloop
  endfacet
  facet normal -0 0 -1
    outer loop
      vertex -10.5961 -14.4496 0
      vertex -13.4491 -16.3878 0
      vertex -10.8809 -14.0381 0
    endloop
  endfacet
  facet normal -0 0 -1
    outer loop
      vertex -10.8809 -14.0381 0
      vertex -13.4491 -16.3878 0
      vertex -11.1241 -13.6006 0
    endloop
  endfacet
  facet normal -0 0 -1
    outer loop
      vertex -11.4762 -12.6649 0
      vertex -14.9907 -14.9907 0
      vertex -11.5819 -12.1757 0
    endloop
  endfacet
  facet normal -0 0 -1
    outer loop
      vertex -11.3231 -13.1414 0
      vertex -14.9907 -14.9907 0
      vertex -11.4762 -12.6649 0
    endloop
  endfacet
  facet normal -0 0 -1
    outer loop
      vertex -11.1241 -13.6006 0
      vertex -14.9907 -14.9907 0
      vertex -11.3231 -13.1414 0
    endloop
  endfacet
  facet normal 0 0 -1
    outer loop
      vertex -14.9907 -14.9907 0
      vertex -11.1241 -13.6006 0
      vertex -13.4491 -16.3878 0
    endloop
  endfacet
  facet normal 0 0 -1
    outer loop
      vertex 18.1754 -0.499887 0
      vertex 21.2 0 0
      vertex 21.0979 -2.07796 0
    endloop
  endfacet
  facet normal 0 0 -1
    outer loop
      vertex 17.8118 -1.95168 0
      vertex 21.0979 -2.07796 0
      vertex 20.7926 -4.13591 0
    endloop
  endfacet
  facet normal -0 0 -1
    outer loop
      vertex 21.2 0 0
      vertex 18.1754 -0.499887 0
      vertex 18.2 0 0
    endloop
  endfacet
  facet normal 0 0 -1
    outer loop
      vertex 17.0424 -3.2354 0
      vertex 20.7926 -4.13591 0
      vertex 20.2871 -6.15403 0
    endloop
  endfacet
  facet normal 0 0 -1
    outer loop
      vertex 18.1754 0.499887 0
      vertex 21.2 0 0
      vertex 18.2 0 0
    endloop
  endfacet
  facet normal 0 0 -1
    outer loop
      vertex 15.9334 -4.24049 0
      vertex 20.2871 -6.15403 0
      vertex 19.5862 -8.11289 0
    endloop
  endfacet
  facet normal 0 0 -1
    outer loop
      vertex 21.2 0 0
      vertex 18.1754 0.499887 0
      vertex 21.0979 2.07796 0
    endloop
  endfacet
  facet normal 0 0 -1
    outer loop
      vertex 15.0517 -4.71179 0
      vertex 19.5862 -8.11289 0
      vertex 18.6967 -9.99361 0
    endloop
  endfacet
  facet normal 0 0 -1
    outer loop
      vertex 18.102 0.99496 0
      vertex 21.0979 2.07796 0
      vertex 18.1754 0.499887 0
    endloop
  endfacet
  facet normal 0 0 -1
    outer loop
      vertex 17.8118 1.95168 0
      vertex 21.0979 2.07796 0
      vertex 17.9804 1.48045 0
    endloop
  endfacet
  facet normal 0 0 -1
    outer loop
      vertex 17.9804 1.48045 0
      vertex 21.0979 2.07796 0
      vertex 18.102 0.99496 0
    endloop
  endfacet
  facet normal 0 0 -1
    outer loop
      vertex 21.0979 -2.07796 0
      vertex 18.102 -0.99496 0
      vertex 18.1754 -0.499887 0
    endloop
  endfacet
  facet normal 0 0 -1
    outer loop
      vertex 21.0979 -2.07796 0
      vertex 17.9804 -1.48045 0
      vertex 18.102 -0.99496 0
    endloop
  endfacet
  facet normal 0 0 -1
    outer loop
      vertex 21.0979 -2.07796 0
      vertex 17.8118 -1.95168 0
      vertex 17.9804 -1.48045 0
    endloop
  endfacet
  facet normal 0 0 -1
    outer loop
      vertex 11.5168 -10.1868 0
      vertex 18.6967 -9.99361 0
      vertex 17.6272 -11.7781 0
    endloop
  endfacet
  facet normal 0 0 -1
    outer loop
      vertex 20.7926 -4.13591 0
      vertex 17.5978 -2.40412 0
      vertex 17.8118 -1.95168 0
    endloop
  endfacet
  facet normal 0 0 -1
    outer loop
      vertex 20.7926 -4.13591 0
      vertex 17.3405 -2.83341 0
      vertex 17.5978 -2.40412 0
    endloop
  endfacet
  facet normal 0 0 -1
    outer loop
      vertex 20.7926 -4.13591 0
      vertex 17.0424 -3.2354 0
      vertex 17.3405 -2.83341 0
    endloop
  endfacet
  facet normal 0 0 -1
    outer loop
      vertex 20.2871 -6.15403 0
      vertex 16.7062 -3.60624 0
      vertex 17.0424 -3.2354 0
    endloop
  endfacet
  facet normal 0 0 -1
    outer loop
      vertex 11.6473 -11.1781 0
      vertex 17.6272 -11.7781 0
      vertex 16.3878 -13.4491 0
    endloop
  endfacet
  facet normal 0 0 -1
    outer loop
      vertex 20.2871 -6.15403 0
      vertex 16.3354 -3.94235 0
      vertex 16.7062 -3.60624 0
    endloop
  endfacet
  facet normal 0 0 -1
    outer loop
      vertex 20.2871 -6.15403 0
      vertex 15.9334 -4.24049 0
      vertex 16.3354 -3.94235 0
    endloop
  endfacet
  facet normal 0 0 -1
    outer loop
      vertex 19.5862 -8.11289 0
      vertex 15.5041 -4.4978 0
      vertex 15.9334 -4.24049 0
    endloop
  endfacet
  facet normal 0 0 -1
    outer loop
      vertex 19.5862 -8.11289 0
      vertex 15.0517 -4.71179 0
      vertex 15.5041 -4.4978 0
    endloop
  endfacet
  facet normal 0 0 -1
    outer loop
      vertex 11.6391 -11.6785 0
      vertex 16.3878 -13.4491 0
      vertex 14.9907 -14.9907 0
    endloop
  endfacet
  facet normal 0 0 -1
    outer loop
      vertex 17.6272 -11.7781 0
      vertex 11.6064 -10.6792 0
      vertex 11.5168 -10.1868 0
    endloop
  endfacet
  facet normal 0 0 -1
    outer loop
      vertex 18.6967 -9.99361 0
      vertex 14.5805 -4.88039 0
      vertex 15.0517 -4.71179 0
    endloop
  endfacet
  facet normal -0 0 -1
    outer loop
      vertex 18.6967 -9.99361 0
      vertex 11.5168 -10.1868 0
      vertex 11.3793 -9.70559 0
    endloop
  endfacet
  facet normal 0 0 -1
    outer loop
      vertex 11.6391 -11.6785 0
      vertex 14.9907 -14.9907 0
      vertex 13.4491 -16.3878 0
    endloop
  endfacet
  facet normal 0 0 -1
    outer loop
      vertex 17.6272 -11.7781 0
      vertex 11.6473 -11.1781 0
      vertex 11.6064 -10.6792 0
    endloop
  endfacet
  facet normal 0 0 -1
    outer loop
      vertex 18.6967 -9.99361 0
      vertex 14.095 -5.002 0
      vertex 14.5805 -4.88039 0
    endloop
  endfacet
  facet normal 0 0 -1
    outer loop
      vertex 14.095 -5.002 0
      vertex 11.3793 -9.70559 0
      vertex 13.5999 -5.07544 0
    endloop
  endfacet
  facet normal 0 0 -1
    outer loop
      vertex 10.2723 -14.8313 0
      vertex 13.4491 -16.3878 0
      vertex 11.7781 -17.6272 0
    endloop
  endfacet
  facet normal 0 0 -1
    outer loop
      vertex 18.6967 -9.99361 0
      vertex 11.3793 -9.70559 0
      vertex 14.095 -5.002 0
    endloop
  endfacet
  facet normal 0 0 -1
    outer loop
      vertex 11.1954 -9.24013 0
      vertex 13.5999 -5.07544 0
      vertex 11.3793 -9.70559 0
    endloop
  endfacet
  facet normal 0 0 -1
    outer loop
      vertex 13.5999 -5.07544 0
      vertex 11.1954 -9.24013 0
      vertex 13.1 -5.1 0
    endloop
  endfacet
  facet normal 0 0 -1
    outer loop
      vertex 10.9667 -8.79493 0
      vertex 13.1 -5.1 0
      vertex 11.1954 -9.24013 0
    endloop
  endfacet
  facet normal -0 0 -1
    outer loop
      vertex 13.1 -5.1 0
      vertex 10.9667 -8.79493 0
      vertex 12.6001 -5.07544 0
    endloop
  endfacet
  facet normal 0 0 -1
    outer loop
      vertex 10.6955 -8.3743 0
      vertex 12.6001 -5.07544 0
      vertex 10.9667 -8.79493 0
    endloop
  endfacet
  facet normal -0 0 -1
    outer loop
      vertex 12.6001 -5.07544 0
      vertex 10.6955 -8.3743 0
      vertex 12.105 -5.002 0
    endloop
  endfacet
  facet normal 0 0 -1
    outer loop
      vertex 10.3844 -7.98227 0
      vertex 12.105 -5.002 0
      vertex 10.6955 -8.3743 0
    endloop
  endfacet
  facet normal -0 0 -1
    outer loop
      vertex 12.105 -5.002 0
      vertex 10.3844 -7.98227 0
      vertex 11.6195 -4.88039 0
    endloop
  endfacet
  facet normal 0 0 -1
    outer loop
      vertex 10.0363 -7.62263 0
      vertex 11.6195 -4.88039 0
      vertex 10.3844 -7.98227 0
    endloop
  endfacet
  facet normal -0 0 -1
    outer loop
      vertex 11.6195 -4.88039 0
      vertex 10.0363 -7.62263 0
      vertex 11.1483 -4.71179 0
    endloop
  endfacet
  facet normal 0 0 -1
    outer loop
      vertex 9.65468 -7.29883 0
      vertex 11.1483 -4.71179 0
      vertex 10.0363 -7.62263 0
    endloop
  endfacet
  facet normal -0 0 -1
    outer loop
      vertex 11.1483 -4.71179 0
      vertex 9.65468 -7.29883 0
      vertex 10.6959 -4.4978 0
    endloop
  endfacet
  facet normal 0 0 -1
    outer loop
      vertex 9.24315 -7.014 0
      vertex 10.6959 -4.4978 0
      vertex 9.65468 -7.29883 0
    endloop
  endfacet
  facet normal -0 0 -1
    outer loop
      vertex 10.6959 -4.4978 0
      vertex 9.24315 -7.014 0
      vertex 10.2666 -4.24049 0
    endloop
  endfacet
  facet normal 0 0 -1
    outer loop
      vertex 8.80567 -6.77088 0
      vertex 10.2666 -4.24049 0
      vertex 9.24315 -7.014 0
    endloop
  endfacet
  facet normal -0 0 -1
    outer loop
      vertex 10.2666 -4.24049 0
      vertex 8.80567 -6.77088 0
      vertex 9.8646 -3.94235 0
    endloop
  endfacet
  facet normal 0 0 -1
    outer loop
      vertex 8.34648 -6.57181 0
      vertex 9.8646 -3.94235 0
      vertex 8.80567 -6.77088 0
    endloop
  endfacet
  facet normal -0 0 -1
    outer loop
      vertex 9.8646 -3.94235 0
      vertex 8.34648 -6.57181 0
      vertex 9.49376 -3.60624 0
    endloop
  endfacet
  facet normal 0 0 -1
    outer loop
      vertex 7.86998 -6.41871 0
      vertex 9.49376 -3.60624 0
      vertex 8.34648 -6.57181 0
    endloop
  endfacet
  facet normal -0 0 -1
    outer loop
      vertex 9.49376 -3.60624 0
      vertex 7.86998 -6.41871 0
      vertex 9.15765 -3.2354 0
    endloop
  endfacet
  facet normal 0 0 -1
    outer loop
      vertex 7.38077 -6.31305 0
      vertex 9.15765 -3.2354 0
      vertex 7.86998 -6.41871 0
    endloop
  endfacet
  facet normal -0 0 -1
    outer loop
      vertex 9.15765 -3.2354 0
      vertex 7.38077 -6.31305 0
      vertex 8.85951 -2.83341 0
    endloop
  endfacet
  facet normal 0 0 -1
    outer loop
      vertex 6.88356 -6.25585 0
      vertex 8.85951 -2.83341 0
      vertex 7.38077 -6.31305 0
    endloop
  endfacet
  facet normal -0 0 -1
    outer loop
      vertex 8.85951 -2.83341 0
      vertex 6.88356 -6.25585 0
      vertex 8.6022 -2.40412 0
    endloop
  endfacet
  facet normal 0 0 -1
    outer loop
      vertex 6.38313 -6.24766 0
      vertex 8.6022 -2.40412 0
      vertex 6.88356 -6.25585 0
    endloop
  endfacet
  facet normal 0 0 -1
    outer loop
      vertex 8.6022 -2.40412 0
      vertex 3.52768 -1.88559 0
      vertex 8.38822 -1.95168 0
    endloop
  endfacet
  facet normal 0 0 -1
    outer loop
      vertex 3.52768 -1.88559 0
      vertex 8.6022 -2.40412 0
      vertex 6.38313 -6.24766 0
    endloop
  endfacet
  facet normal -0 0 -1
    outer loop
      vertex 21.0979 2.07796 0
      vertex 17.8118 1.95168 0
      vertex 20.7926 4.13591 0
    endloop
  endfacet
  facet normal 0 0 -1
    outer loop
      vertex 17.5978 2.40412 0
      vertex 20.7926 4.13591 0
      vertex 17.8118 1.95168 0
    endloop
  endfacet
  facet normal 0 0 -1
    outer loop
      vertex 17.3405 2.83341 0
      vertex 20.7926 4.13591 0
      vertex 17.5978 2.40412 0
    endloop
  endfacet
  facet normal 0 0 -1
    outer loop
      vertex 17.0424 3.2354 0
      vertex 20.7926 4.13591 0
      vertex 17.3405 2.83341 0
    endloop
  endfacet
  facet normal -0 0 -1
    outer loop
      vertex 20.7926 4.13591 0
      vertex 17.0424 3.2354 0
      vertex 20.2871 6.15403 0
    endloop
  endfacet
  facet normal 0 0 -1
    outer loop
      vertex 16.7062 3.60624 0
      vertex 20.2871 6.15403 0
      vertex 17.0424 3.2354 0
    endloop
  endfacet
  facet normal 0 0 -1
    outer loop
      vertex 16.3354 3.94235 0
      vertex 20.2871 6.15403 0
      vertex 16.7062 3.60624 0
    endloop
  endfacet
  facet normal 0 0 -1
    outer loop
      vertex 15.9334 4.24049 0
      vertex 20.2871 6.15403 0
      vertex 16.3354 3.94235 0
    endloop
  endfacet
  facet normal -0 0 -1
    outer loop
      vertex 20.2871 6.15403 0
      vertex 15.9334 4.24049 0
      vertex 19.5862 8.11289 0
    endloop
  endfacet
  facet normal 0 0 -1
    outer loop
      vertex 15.5041 4.4978 0
      vertex 19.5862 8.11289 0
      vertex 15.9334 4.24049 0
    endloop
  endfacet
  facet normal 0 0 -1
    outer loop
      vertex 15.0517 4.71179 0
      vertex 19.5862 8.11289 0
      vertex 15.5041 4.4978 0
    endloop
  endfacet
  facet normal -0 0 -1
    outer loop
      vertex 19.5862 8.11289 0
      vertex 15.0517 4.71179 0
      vertex 18.6967 9.99361 0
    endloop
  endfacet
  facet normal 0 0 -1
    outer loop
      vertex 14.5805 4.88039 0
      vertex 18.6967 9.99361 0
      vertex 15.0517 4.71179 0
    endloop
  endfacet
  facet normal 0 0 -1
    outer loop
      vertex 14.095 5.002 0
      vertex 18.6967 9.99361 0
      vertex 14.5805 4.88039 0
    endloop
  endfacet
  facet normal 0 0 -1
    outer loop
      vertex 11.3793 9.70559 0
      vertex 18.6967 9.99361 0
      vertex 14.095 5.002 0
    endloop
  endfacet
  facet normal 0 -0 -1
    outer loop
      vertex 11.6064 10.6792 0
      vertex 17.6272 11.7781 0
      vertex 11.5168 10.1868 0
    endloop
  endfacet
  facet normal 0 -0 -1
    outer loop
      vertex 11.5168 10.1868 0
      vertex 18.6967 9.99361 0
      vertex 11.3793 9.70559 0
    endloop
  endfacet
  facet normal 0 0 -1
    outer loop
      vertex 11.3793 9.70559 0
      vertex 14.095 5.002 0
      vertex 13.5999 5.07544 0
    endloop
  endfacet
  facet normal -0 0 -1
    outer loop
      vertex 17.6272 11.7781 0
      vertex 11.6473 11.1781 0
      vertex 16.3878 13.4491 0
    endloop
  endfacet
  facet normal 0 0 -1
    outer loop
      vertex 11.1954 9.24013 0
      vertex 13.5999 5.07544 0
      vertex 13.1 5.1 0
    endloop
  endfacet
  facet normal 0 0 -1
    outer loop
      vertex 10.9667 8.79493 0
      vertex 13.1 5.1 0
      vertex 12.6001 5.07544 0
    endloop
  endfacet
  facet normal 0 0 -1
    outer loop
      vertex 10.6955 8.3743 0
      vertex 12.6001 5.07544 0
      vertex 12.105 5.002 0
    endloop
  endfacet
  facet normal 0 0 -1
    outer loop
      vertex 11.6391 11.6785 0
      vertex 16.3878 13.4491 0
      vertex 11.6473 11.1781 0
    endloop
  endfacet
  facet normal -0 0 -1
    outer loop
      vertex 16.3878 13.4491 0
      vertex 11.5819 12.1757 0
      vertex 14.9907 14.9907 0
    endloop
  endfacet
  facet normal 0 0 -1
    outer loop
      vertex 10.3844 7.98227 0
      vertex 12.105 5.002 0
      vertex 11.6195 4.88039 0
    endloop
  endfacet
  facet normal 0 0 -1
    outer loop
      vertex 11.5819 12.1757 0
      vertex 16.3878 13.4491 0
      vertex 11.6391 11.6785 0
    endloop
  endfacet
  facet normal 0 -0 -1
    outer loop
      vertex 11.6473 11.1781 0
      vertex 17.6272 11.7781 0
      vertex 11.6064 10.6792 0
    endloop
  endfacet
  facet normal 0 0 -1
    outer loop
      vertex 18.6967 9.99361 0
      vertex 11.5168 10.1868 0
      vertex 17.6272 11.7781 0
    endloop
  endfacet
  facet normal 0 0 -1
    outer loop
      vertex 13.5999 5.07544 0
      vertex 11.1954 9.24013 0
      vertex 11.3793 9.70559 0
    endloop
  endfacet
  facet normal 0 0 -1
    outer loop
      vertex 10.0363 7.62263 0
      vertex 11.6195 4.88039 0
      vertex 11.1483 4.71179 0
    endloop
  endfacet
  facet normal 0 0 -1
    outer loop
      vertex 13.1 5.1 0
      vertex 10.9667 8.79493 0
      vertex 11.1954 9.24013 0
    endloop
  endfacet
  facet normal 0 0 -1
    outer loop
      vertex 9.65468 7.29883 0
      vertex 11.1483 4.71179 0
      vertex 10.6959 4.4978 0
    endloop
  endfacet
  facet normal 0 0 -1
    outer loop
      vertex 12.6001 5.07544 0
      vertex 10.6955 8.3743 0
      vertex 10.9667 8.79493 0
    endloop
  endfacet
  facet normal 0 0 -1
    outer loop
      vertex 12.105 5.002 0
      vertex 10.3844 7.98227 0
      vertex 10.6955 8.3743 0
    endloop
  endfacet
  facet normal 0 0 -1
    outer loop
      vertex 9.24315 7.014 0
      vertex 10.6959 4.4978 0
      vertex 10.2666 4.24049 0
    endloop
  endfacet
  facet normal 0 0 -1
    outer loop
      vertex 11.6195 4.88039 0
      vertex 10.0363 7.62263 0
      vertex 10.3844 7.98227 0
    endloop
  endfacet
  facet normal 0 0 -1
    outer loop
      vertex 8.80567 6.77088 0
      vertex 10.2666 4.24049 0
      vertex 9.8646 3.94235 0
    endloop
  endfacet
  facet normal 0 0 -1
    outer loop
      vertex 11.1483 4.71179 0
      vertex 9.65468 7.29883 0
      vertex 10.0363 7.62263 0
    endloop
  endfacet
  facet normal 0 0 -1
    outer loop
      vertex 8.34648 6.57181 0
      vertex 9.8646 3.94235 0
      vertex 9.49376 3.60624 0
    endloop
  endfacet
  facet normal 0 0 -1
    outer loop
      vertex 10.6959 4.4978 0
      vertex 9.24315 7.014 0
      vertex 9.65468 7.29883 0
    endloop
  endfacet
  facet normal 0 0 -1
    outer loop
      vertex 7.86998 6.41871 0
      vertex 9.49376 3.60624 0
      vertex 9.15765 3.2354 0
    endloop
  endfacet
  facet normal 0 0 -1
    outer loop
      vertex 7.38077 6.31305 0
      vertex 9.15765 3.2354 0
      vertex 8.85951 2.83341 0
    endloop
  endfacet
  facet normal 0 0 -1
    outer loop
      vertex 10.2666 4.24049 0
      vertex 8.80567 6.77088 0
      vertex 9.24315 7.014 0
    endloop
  endfacet
  facet normal 0 0 -1
    outer loop
      vertex 6.88356 6.25585 0
      vertex 8.85951 2.83341 0
      vertex 8.6022 2.40412 0
    endloop
  endfacet
  facet normal 0 0 -1
    outer loop
      vertex 3.52768 1.88559 0
      vertex 8.6022 2.40412 0
      vertex 8.38822 1.95168 0
    endloop
  endfacet
  facet normal 0 0 -1
    outer loop
      vertex 9.8646 3.94235 0
      vertex 8.34648 6.57181 0
      vertex 8.80567 6.77088 0
    endloop
  endfacet
  facet normal 0 0 -1
    outer loop
      vertex 8.02456 0.499887 0
      vertex 3.92314 0.780361 0
      vertex 8.098 0.99496 0
    endloop
  endfacet
  facet normal 0 0 -1
    outer loop
      vertex 3.92314 0.780361 0
      vertex 8.02456 0.499887 0
      vertex 3.98074 0.392068 0
    endloop
  endfacet
  facet normal 0 0 -1
    outer loop
      vertex 8 0 0
      vertex 3.98074 0.392068 0
      vertex 8.02456 0.499887 0
    endloop
  endfacet
  facet normal 0 0 -1
    outer loop
      vertex 9.49376 3.60624 0
      vertex 7.86998 6.41871 0
      vertex 8.34648 6.57181 0
    endloop
  endfacet
  facet normal 0 0 -1
    outer loop
      vertex 3.98074 0.392068 0
      vertex 8 0 0
      vertex 4 0 0
    endloop
  endfacet
  facet normal 0 -0 -1
    outer loop
      vertex 3.69552 -1.53073 0
      vertex 8.38822 -1.95168 0
      vertex 3.52768 -1.88559 0
    endloop
  endfacet
  facet normal 0 0 -1
    outer loop
      vertex 8.38822 -1.95168 0
      vertex 3.69552 -1.53073 0
      vertex 8.21961 -1.48045 0
    endloop
  endfacet
  facet normal 0 0 -1
    outer loop
      vertex 3.82776 1.16114 0
      vertex 8.098 0.99496 0
      vertex 3.92314 0.780361 0
    endloop
  endfacet
  facet normal 0 -0 -1
    outer loop
      vertex 3.82776 -1.16114 0
      vertex 8.21961 -1.48045 0
      vertex 3.69552 -1.53073 0
    endloop
  endfacet
  facet normal 0 0 -1
    outer loop
      vertex 9.15765 3.2354 0
      vertex 7.38077 6.31305 0
      vertex 7.86998 6.41871 0
    endloop
  endfacet
  facet normal 0 -0 -1
    outer loop
      vertex 3.92314 -0.780361 0
      vertex 8.098 -0.99496 0
      vertex 3.82776 -1.16114 0
    endloop
  endfacet
  facet normal 0 0 -1
    outer loop
      vertex 8.85951 2.83341 0
      vertex 6.88356 6.25585 0
      vertex 7.38077 6.31305 0
    endloop
  endfacet
  facet normal 0 0 -1
    outer loop
      vertex 3.52768 -1.88559 0
      vertex 6.38313 -6.24766 0
      vertex 5.88432 -6.28856 0
    endloop
  endfacet
  facet normal 0 0 -1
    outer loop
      vertex 8.6022 2.40412 0
      vertex 6.38313 6.24766 0
      vertex 6.88356 6.25585 0
    endloop
  endfacet
  facet normal 0 0 -1
    outer loop
      vertex 3.09204 -2.53757 0
      vertex 5.88432 -6.28856 0
      vertex 5.39191 -6.37816 0
    endloop
  endfacet
  facet normal -0 0 -1
    outer loop
      vertex 8.6022 2.40412 0
      vertex 3.52768 1.88559 0
      vertex 6.38313 6.24766 0
    endloop
  endfacet
  facet normal 0 0 -1
    outer loop
      vertex 2.82843 -2.82843 0
      vertex 5.39191 -6.37816 0
      vertex 4.91066 -6.51559 0
    endloop
  endfacet
  facet normal 0 0 -1
    outer loop
      vertex 8.098 0.99496 0
      vertex 3.82776 1.16114 0
      vertex 8.21961 1.48045 0
    endloop
  endfacet
  facet normal 0 0 -1
    outer loop
      vertex 2.53757 -3.09204 0
      vertex 4.91066 -6.51559 0
      vertex 4.44519 -6.69953 0
    endloop
  endfacet
  facet normal 0 0 -1
    outer loop
      vertex 3.69552 1.53073 0
      vertex 8.21961 1.48045 0
      vertex 3.82776 1.16114 0
    endloop
  endfacet
  facet normal 0 0 -1
    outer loop
      vertex 2.22228 -3.32588 0
      vertex 4.44519 -6.69953 0
      vertex 4 -6.9282 0
    endloop
  endfacet
  facet normal 0 0 -1
    outer loop
      vertex 8.21961 1.48045 0
      vertex 3.69552 1.53073 0
      vertex 8.38822 1.95168 0
    endloop
  endfacet
  facet normal 0 0 -1
    outer loop
      vertex 3.52768 1.88559 0
      vertex 8.38822 1.95168 0
      vertex 3.69552 1.53073 0
    endloop
  endfacet
  facet normal -0 0 -1
    outer loop
      vertex 8 0 0
      vertex 3.98074 -0.392068 0
      vertex 4 0 0
    endloop
  endfacet
  facet normal 0 0 -1
    outer loop
      vertex 8.02456 -0.499887 0
      vertex 3.98074 -0.392068 0
      vertex 8 0 0
    endloop
  endfacet
  facet normal 0 -0 -1
    outer loop
      vertex 3.98074 -0.392068 0
      vertex 8.02456 -0.499887 0
      vertex 3.92314 -0.780361 0
    endloop
  endfacet
  facet normal 0 0 -1
    outer loop
      vertex 8.098 -0.99496 0
      vertex 3.92314 -0.780361 0
      vertex 8.02456 -0.499887 0
    endloop
  endfacet
  facet normal 0 0 -1
    outer loop
      vertex 1.88559 -3.52768 0
      vertex 4 -6.9282 0
      vertex 3.57937 -7.19941 0
    endloop
  endfacet
  facet normal 0 0 -1
    outer loop
      vertex 8.21961 -1.48045 0
      vertex 3.82776 -1.16114 0
      vertex 8.098 -0.99496 0
    endloop
  endfacet
  facet normal 0 0 -1
    outer loop
      vertex 5.88432 -6.28856 0
      vertex 3.32588 -2.22228 0
      vertex 3.52768 -1.88559 0
    endloop
  endfacet
  facet normal 0 0 -1
    outer loop
      vertex 1.53073 -3.69552 0
      vertex 3.57937 -7.19941 0
      vertex 3.18734 -7.51055 0
    endloop
  endfacet
  facet normal 0 0 -1
    outer loop
      vertex 5.88432 -6.28856 0
      vertex 3.09204 -2.53757 0
      vertex 3.32588 -2.22228 0
    endloop
  endfacet
  facet normal 0 0 -1
    outer loop
      vertex 5.39191 -6.37816 0
      vertex 2.82843 -2.82843 0
      vertex 3.09204 -2.53757 0
    endloop
  endfacet
  facet normal 0 0 -1
    outer loop
      vertex 0.780361 -3.92314 0
      vertex 3.18734 -7.51055 0
      vertex 2.82769 -7.85861 0
    endloop
  endfacet
  facet normal 0 0 -1
    outer loop
      vertex 4.91066 -6.51559 0
      vertex 2.53757 -3.09204 0
      vertex 2.82843 -2.82843 0
    endloop
  endfacet
  facet normal 0 0 -1
    outer loop
      vertex 0.780361 -3.92314 0
      vertex 2.82769 -7.85861 0
      vertex 2.5039 -8.24025 0
    endloop
  endfacet
  facet normal 0 0 -1
    outer loop
      vertex 4.44519 -6.69953 0
      vertex 2.22228 -3.32588 0
      vertex 2.53757 -3.09204 0
    endloop
  endfacet
  facet normal 0 0 -1
    outer loop
      vertex 0.780361 -3.92314 0
      vertex 2.5039 -8.24025 0
      vertex 2.21907 -8.65179 0
    endloop
  endfacet
  facet normal 0 0 -1
    outer loop
      vertex -1.97595 -9.08926 0
      vertex 2.21907 -8.65179 0
      vertex 1.97595 -9.08926 0
    endloop
  endfacet
  facet normal 0 0 -1
    outer loop
      vertex 4 -6.9282 0
      vertex 1.88559 -3.52768 0
      vertex 2.22228 -3.32588 0
    endloop
  endfacet
  facet normal 0 0 -1
    outer loop
      vertex -1.97595 -9.08926 0
      vertex 1.97595 -9.08926 0
      vertex 1.77688 -9.54846 0
    endloop
  endfacet
  facet normal 0 0 -1
    outer loop
      vertex -1.97595 -9.08926 0
      vertex 1.77688 -9.54846 0
      vertex 1.62378 -10.025 0
    endloop
  endfacet
  facet normal 0 0 -1
    outer loop
      vertex 3.57937 -7.19941 0
      vertex 1.53073 -3.69552 0
      vertex 1.88559 -3.52768 0
    endloop
  endfacet
  facet normal 0 0 -1
    outer loop
      vertex -1.97595 -9.08926 0
      vertex 1.62378 -10.025 0
      vertex 1.51812 -10.5142 0
    endloop
  endfacet
  facet normal 0 0 -1
    outer loop
      vertex -1.97595 -9.08926 0
      vertex 1.51812 -10.5142 0
      vertex 1.46092 -11.0114 0
    endloop
  endfacet
  facet normal 0 0 -1
    outer loop
      vertex -1.45273 -11.5118 0
      vertex 1.46092 -11.0114 0
      vertex 1.45273 -11.5118 0
    endloop
  endfacet
  facet normal 0 0 -1
    outer loop
      vertex 3.18734 -7.51055 0
      vertex 1.16114 -3.82776 0
      vertex 1.53073 -3.69552 0
    endloop
  endfacet
  facet normal 0 0 -1
    outer loop
      vertex 11.4762 12.6649 0
      vertex 14.9907 14.9907 0
      vertex 11.5819 12.1757 0
    endloop
  endfacet
  facet normal 0 0 -1
    outer loop
      vertex 11.3231 13.1414 0
      vertex 14.9907 14.9907 0
      vertex 11.4762 12.6649 0
    endloop
  endfacet
  facet normal 0 0 -1
    outer loop
      vertex 11.1241 13.6006 0
      vertex 14.9907 14.9907 0
      vertex 11.3231 13.1414 0
    endloop
  endfacet
  facet normal -0 0 -1
    outer loop
      vertex 14.9907 14.9907 0
      vertex 11.1241 13.6006 0
      vertex 13.4491 16.3878 0
    endloop
  endfacet
  facet normal 0 0 -1
    outer loop
      vertex 10.8809 14.0381 0
      vertex 13.4491 16.3878 0
      vertex 11.1241 13.6006 0
    endloop
  endfacet
  facet normal 0 0 -1
    outer loop
      vertex 10.5961 14.4496 0
      vertex 13.4491 16.3878 0
      vertex 10.8809 14.0381 0
    endloop
  endfacet
  facet normal 0 0 -1
    outer loop
      vertex 10.2723 14.8313 0
      vertex 13.4491 16.3878 0
      vertex 10.5961 14.4496 0
    endloop
  endfacet
  facet normal -0 0 -1
    outer loop
      vertex 13.4491 16.3878 0
      vertex 10.2723 14.8313 0
      vertex 11.7781 17.6272 0
    endloop
  endfacet
  facet normal 0 0 -1
    outer loop
      vertex 9.91266 15.1793 0
      vertex 11.7781 17.6272 0
      vertex 10.2723 14.8313 0
    endloop
  endfacet
  facet normal 0 0 -1
    outer loop
      vertex 9.52063 15.4905 0
      vertex 11.7781 17.6272 0
      vertex 9.91266 15.1793 0
    endloop
  endfacet
  facet normal -0 0 -1
    outer loop
      vertex 11.7781 17.6272 0
      vertex 9.52063 15.4905 0
      vertex 9.99361 18.6967 0
    endloop
  endfacet
  facet normal 0 0 -1
    outer loop
      vertex 9.1 15.7617 0
      vertex 9.99361 18.6967 0
      vertex 9.52063 15.4905 0
    endloop
  endfacet
  facet normal 0 0 -1
    outer loop
      vertex 8.65481 15.9903 0
      vertex 9.99361 18.6967 0
      vertex 9.1 15.7617 0
    endloop
  endfacet
  facet normal 0 0 -1
    outer loop
      vertex 8.18934 16.1743 0
      vertex 9.99361 18.6967 0
      vertex 8.65481 15.9903 0
    endloop
  endfacet
  facet normal 0 0 -1
    outer loop
      vertex 8.18934 16.1743 0
      vertex 8.11289 19.5862 0
      vertex 9.99361 18.6967 0
    endloop
  endfacet
  facet normal 0 0 -1
    outer loop
      vertex 7.70809 16.3117 0
      vertex 8.11289 19.5862 0
      vertex 8.18934 16.1743 0
    endloop
  endfacet
  facet normal 0 0 -1
    outer loop
      vertex 7.21568 16.4013 0
      vertex 8.11289 19.5862 0
      vertex 7.70809 16.3117 0
    endloop
  endfacet
  facet normal 0 0 -1
    outer loop
      vertex 6.71687 16.4422 0
      vertex 8.11289 19.5862 0
      vertex 7.21568 16.4013 0
    endloop
  endfacet
  facet normal 0 0 -1
    outer loop
      vertex 6.15403 20.2871 0
      vertex 6.71687 16.4422 0
      vertex 6.21644 16.434 0
    endloop
  endfacet
  facet normal 0 0 -1
    outer loop
      vertex 6.71687 16.4422 0
      vertex 6.15403 20.2871 0
      vertex 8.11289 19.5862 0
    endloop
  endfacet
  facet normal 0 0 -1
    outer loop
      vertex 5.71923 16.3768 0
      vertex 6.15403 20.2871 0
      vertex 6.21644 16.434 0
    endloop
  endfacet
  facet normal 0 0 -1
    outer loop
      vertex 5.23002 16.2712 0
      vertex 6.15403 20.2871 0
      vertex 5.71923 16.3768 0
    endloop
  endfacet
  facet normal 0 0 -1
    outer loop
      vertex 4.13591 20.7926 0
      vertex 5.23002 16.2712 0
      vertex 4.75352 16.1181 0
    endloop
  endfacet
  facet normal 0 0 -1
    outer loop
      vertex 4.13591 20.7926 0
      vertex 4.75352 16.1181 0
      vertex 4.29433 15.919 0
    endloop
  endfacet
  facet normal 0 0 -1
    outer loop
      vertex 5.23002 16.2712 0
      vertex 4.13591 20.7926 0
      vertex 6.15403 20.2871 0
    endloop
  endfacet
  facet normal 0 0 -1
    outer loop
      vertex 2.07796 21.0979 0
      vertex 4.29433 15.919 0
      vertex 3.85685 15.6759 0
    endloop
  endfacet
  facet normal 0 0 -1
    outer loop
      vertex 2.07796 21.0979 0
      vertex 3.85685 15.6759 0
      vertex 3.44532 15.391 0
    endloop
  endfacet
  facet normal 0 0 -1
    outer loop
      vertex 2.07796 21.0979 0
      vertex 3.44532 15.391 0
      vertex 3.06368 15.0672 0
    endloop
  endfacet
  facet normal 0 0 -1
    outer loop
      vertex 0 21.2 0
      vertex 3.06368 15.0672 0
      vertex 2.71562 14.7076 0
    endloop
  endfacet
  facet normal 0 0 -1
    outer loop
      vertex -2.71562 14.7076 0
      vertex 2.71562 14.7076 0
      vertex 2.40448 14.3156 0
    endloop
  endfacet
  facet normal 0 0 -1
    outer loop
      vertex -2.40448 14.3156 0
      vertex 2.40448 14.3156 0
      vertex 2.13327 13.8949 0
    endloop
  endfacet
  facet normal 0 0 -1
    outer loop
      vertex 4.29433 15.919 0
      vertex 2.07796 21.0979 0
      vertex 4.13591 20.7926 0
    endloop
  endfacet
  facet normal 0 0 -1
    outer loop
      vertex -2.13327 13.8949 0
      vertex 2.13327 13.8949 0
      vertex 1.9046 13.4497 0
    endloop
  endfacet
  facet normal 0 0 -1
    outer loop
      vertex -1.9046 13.4497 0
      vertex 1.9046 13.4497 0
      vertex 1.72066 12.9843 0
    endloop
  endfacet
  facet normal 0 0 -1
    outer loop
      vertex -1.72066 12.9843 0
      vertex 1.72066 12.9843 0
      vertex 1.58323 12.503 0
    endloop
  endfacet
  facet normal 0 0 -1
    outer loop
      vertex -1.58323 12.503 0
      vertex 1.58323 12.503 0
      vertex 1.49363 12.0106 0
    endloop
  endfacet
  facet normal 0 0 -1
    outer loop
      vertex -1.49363 12.0106 0
      vertex 1.49363 12.0106 0
      vertex 1.45273 11.5118 0
    endloop
  endfacet
  facet normal 0 0 -1
    outer loop
      vertex -1.46092 11.0114 0
      vertex 1.97595 9.08926 0
      vertex -0.780361 3.92314 0
    endloop
  endfacet
  facet normal 0 0 -1
    outer loop
      vertex -1.46092 11.0114 0
      vertex 1.77688 9.54846 0
      vertex 1.97595 9.08926 0
    endloop
  endfacet
  facet normal 0 0 -1
    outer loop
      vertex -1.46092 11.0114 0
      vertex 1.51812 10.5142 0
      vertex 1.62378 10.025 0
    endloop
  endfacet
  facet normal 0 0 -1
    outer loop
      vertex 1.46092 11.0114 0
      vertex -1.45273 11.5118 0
      vertex 1.45273 11.5118 0
    endloop
  endfacet
  facet normal 0 0 -1
    outer loop
      vertex -1.49363 12.0106 0
      vertex 1.45273 11.5118 0
      vertex -1.45273 11.5118 0
    endloop
  endfacet
  facet normal 0 0 -1
    outer loop
      vertex -1.46092 11.0114 0
      vertex 1.46092 11.0114 0
      vertex 1.51812 10.5142 0
    endloop
  endfacet
  facet normal 0 0 -1
    outer loop
      vertex -1.46092 11.0114 0
      vertex 1.62378 10.025 0
      vertex 1.77688 9.54846 0
    endloop
  endfacet
  facet normal 0 0 -1
    outer loop
      vertex -3.18734 7.51055 0
      vertex -0.780361 3.92314 0
      vertex -1.16114 3.82776 0
    endloop
  endfacet
  facet normal 0 0 -1
    outer loop
      vertex 1.49363 12.0106 0
      vertex -1.49363 12.0106 0
      vertex -1.58323 12.503 0
    endloop
  endfacet
  facet normal 0 0 -1
    outer loop
      vertex 1.58323 12.503 0
      vertex -1.58323 12.503 0
      vertex -1.72066 12.9843 0
    endloop
  endfacet
  facet normal 0 0 -1
    outer loop
      vertex 1.72066 12.9843 0
      vertex -1.72066 12.9843 0
      vertex -1.9046 13.4497 0
    endloop
  endfacet
  facet normal 0 0 -1
    outer loop
      vertex 1.9046 13.4497 0
      vertex -1.9046 13.4497 0
      vertex -2.13327 13.8949 0
    endloop
  endfacet
  facet normal 0 0 -1
    outer loop
      vertex 2.13327 13.8949 0
      vertex -2.13327 13.8949 0
      vertex -2.40448 14.3156 0
    endloop
  endfacet
  facet normal 0 0 -1
    outer loop
      vertex 2.40448 14.3156 0
      vertex -2.40448 14.3156 0
      vertex -2.71562 14.7076 0
    endloop
  endfacet
  facet normal 0 0 -1
    outer loop
      vertex 3.06368 15.0672 0
      vertex 0 21.2 0
      vertex 2.07796 21.0979 0
    endloop
  endfacet
  facet normal 0 0 -1
    outer loop
      vertex 2.71562 14.7076 0
      vertex -2.71562 14.7076 0
      vertex 0 21.2 0
    endloop
  endfacet
  facet normal 0 0 -1
    outer loop
      vertex -3.06368 15.0672 0
      vertex 0 21.2 0
      vertex -2.71562 14.7076 0
    endloop
  endfacet
  facet normal 0 0 -1
    outer loop
      vertex 0 21.2 0
      vertex -3.06368 15.0672 0
      vertex -2.07796 21.0979 0
    endloop
  endfacet
  facet normal 0 0 -1
    outer loop
      vertex -3.44532 15.391 0
      vertex -2.07796 21.0979 0
      vertex -3.06368 15.0672 0
    endloop
  endfacet
  facet normal 0 0 -1
    outer loop
      vertex -3.85685 15.6759 0
      vertex -2.07796 21.0979 0
      vertex -3.44532 15.391 0
    endloop
  endfacet
  facet normal 0 0 -1
    outer loop
      vertex -4.29433 15.919 0
      vertex -2.07796 21.0979 0
      vertex -3.85685 15.6759 0
    endloop
  endfacet
  facet normal 0 0 -1
    outer loop
      vertex -2.07796 21.0979 0
      vertex -4.29433 15.919 0
      vertex -4.13591 20.7926 0
    endloop
  endfacet
  facet normal 0 0 -1
    outer loop
      vertex -4.75352 16.1181 0
      vertex -4.13591 20.7926 0
      vertex -4.29433 15.919 0
    endloop
  endfacet
  facet normal 0 0 -1
    outer loop
      vertex -5.23002 16.2712 0
      vertex -4.13591 20.7926 0
      vertex -4.75352 16.1181 0
    endloop
  endfacet
  facet normal 0 0 -1
    outer loop
      vertex -6.15403 20.2871 0
      vertex -5.23002 16.2712 0
      vertex -5.71923 16.3768 0
    endloop
  endfacet
  facet normal 0 0 -1
    outer loop
      vertex -5.23002 16.2712 0
      vertex -6.15403 20.2871 0
      vertex -4.13591 20.7926 0
    endloop
  endfacet
  facet normal 0 0 -1
    outer loop
      vertex -6.21644 16.434 0
      vertex -6.15403 20.2871 0
      vertex -5.71923 16.3768 0
    endloop
  endfacet
  facet normal 0 0 -1
    outer loop
      vertex -6.71687 16.4422 0
      vertex -6.15403 20.2871 0
      vertex -6.21644 16.434 0
    endloop
  endfacet
  facet normal 0 0 -1
    outer loop
      vertex -8.11289 19.5862 0
      vertex -6.71687 16.4422 0
      vertex -7.21568 16.4013 0
    endloop
  endfacet
  facet normal 0 0 -1
    outer loop
      vertex -8.11289 19.5862 0
      vertex -7.21568 16.4013 0
      vertex -7.70809 16.3117 0
    endloop
  endfacet
  facet normal 0 0 -1
    outer loop
      vertex -6.71687 16.4422 0
      vertex -8.11289 19.5862 0
      vertex -6.15403 20.2871 0
    endloop
  endfacet
  facet normal 0 0 -1
    outer loop
      vertex -8.18934 16.1743 0
      vertex -8.11289 19.5862 0
      vertex -7.70809 16.3117 0
    endloop
  endfacet
  facet normal 0 0 -1
    outer loop
      vertex -9.99361 18.6967 0
      vertex -8.18934 16.1743 0
      vertex -8.65481 15.9903 0
    endloop
  endfacet
  facet normal 0 0 -1
    outer loop
      vertex -9.99361 18.6967 0
      vertex -8.65481 15.9903 0
      vertex -9.1 15.7617 0
    endloop
  endfacet
  facet normal 0 0 -1
    outer loop
      vertex -9.99361 18.6967 0
      vertex -9.1 15.7617 0
      vertex -9.52063 15.4905 0
    endloop
  endfacet
  facet normal 0 0 -1
    outer loop
      vertex -11.7781 17.6272 0
      vertex -9.52063 15.4905 0
      vertex -9.91266 15.1793 0
    endloop
  endfacet
  facet normal 0 0 -1
    outer loop
      vertex -8.18934 16.1743 0
      vertex -9.99361 18.6967 0
      vertex -8.11289 19.5862 0
    endloop
  endfacet
  facet normal 0 0 -1
    outer loop
      vertex -11.7781 17.6272 0
      vertex -9.91266 15.1793 0
      vertex -10.2723 14.8313 0
    endloop
  endfacet
  facet normal 0 0 -1
    outer loop
      vertex -11.7781 17.6272 0
      vertex -10.2723 14.8313 0
      vertex -10.5961 14.4496 0
    endloop
  endfacet
  facet normal 0 0 -1
    outer loop
      vertex -11.7781 17.6272 0
      vertex -10.5961 14.4496 0
      vertex -10.8809 14.0381 0
    endloop
  endfacet
  facet normal 0 0 -1
    outer loop
      vertex -11.7781 17.6272 0
      vertex -10.8809 14.0381 0
      vertex -11.1241 13.6006 0
    endloop
  endfacet
  facet normal 0 0 -1
    outer loop
      vertex -11.7781 17.6272 0
      vertex -11.1241 13.6006 0
      vertex -11.3231 13.1414 0
    endloop
  endfacet
  facet normal 0 0 -1
    outer loop
      vertex -11.7781 17.6272 0
      vertex -11.3231 13.1414 0
      vertex -11.4762 12.6649 0
    endloop
  endfacet
  facet normal 0 0 -1
    outer loop
      vertex -9.52063 15.4905 0
      vertex -11.7781 17.6272 0
      vertex -9.99361 18.6967 0
    endloop
  endfacet
  facet normal 0 0 -1
    outer loop
      vertex -11.5819 12.1757 0
      vertex -11.7781 17.6272 0
      vertex -11.4762 12.6649 0
    endloop
  endfacet
  facet normal 0 0 -1
    outer loop
      vertex -11.6391 11.6785 0
      vertex -11.7781 17.6272 0
      vertex -11.5819 12.1757 0
    endloop
  endfacet
  facet normal 0 0 -1
    outer loop
      vertex -11.7781 17.6272 0
      vertex -11.6391 11.6785 0
      vertex -11.6473 11.1781 0
    endloop
  endfacet
  facet normal -0.427549 0.903992 0
    outer loop
      vertex -8.11289 19.5862 0
      vertex -9.99361 18.6967 4.6
      vertex -8.11289 19.5862 4.6
    endloop
  endfacet
  facet normal -0.427549 0.903992 0
    outer loop
      vertex -9.99361 18.6967 4.6
      vertex -8.11289 19.5862 0
      vertex -9.99361 18.6967 0
    endloop
  endfacet
  facet normal 0 0 1
    outer loop
      vertex -1.29831 8.75509 4.6
      vertex 1.29831 8.75509 4.6
      vertex -1.08081 9.2568 4.6
    endloop
  endfacet
  facet normal 0 0 1
    outer loop
      vertex 1.31182 -8.73078 4.6
      vertex -0.706528 -10.9898 4.6
      vertex -0.697581 -11.5365 4.6
    endloop
  endfacet
  facet normal 0 0 1
    outer loop
      vertex 1.29831 8.75509 4.6
      vertex -1.29831 8.75509 4.6
      vertex 1.31182 8.73078 4.6
    endloop
  endfacet
  facet normal 0 0 1
    outer loop
      vertex 1.31182 -8.73078 4.6
      vertex -0.706983 -10.962 4.6
      vertex -0.706528 -10.9898 4.6
    endloop
  endfacet
  facet normal 0 0 1
    outer loop
      vertex -1.31182 8.73078 4.6
      vertex 1.31182 8.73078 4.6
      vertex -1.29831 8.75509 4.6
    endloop
  endfacet
  facet normal 0 0 1
    outer loop
      vertex 1.31182 -8.73078 4.6
      vertex -0.769478 -10.4187 4.6
      vertex -0.706983 -10.962 4.6
    endloop
  endfacet
  facet normal 0 0 1
    outer loop
      vertex 1.31182 8.73078 4.6
      vertex -1.31182 8.73078 4.6
      vertex 1.57745 8.2528 4.6
    endloop
  endfacet
  facet normal 0 0 1
    outer loop
      vertex 1.31182 -8.73078 4.6
      vertex -0.772656 -10.3911 4.6
      vertex -0.769478 -10.4187 4.6
    endloop
  endfacet
  facet normal 0 0 1
    outer loop
      vertex -1.57745 8.2528 4.6
      vertex 1.57745 8.2528 4.6
      vertex -1.31182 8.73078 4.6
    endloop
  endfacet
  facet normal 0 0 1
    outer loop
      vertex 1.31182 -8.73078 4.6
      vertex -0.778526 -10.3639 4.6
      vertex -0.772656 -10.3911 4.6
    endloop
  endfacet
  facet normal 0 0 1
    outer loop
      vertex 1.57745 8.2528 4.6
      vertex -1.57745 8.2528 4.6
      vertex 1.59327 8.22994 4.6
    endloop
  endfacet
  facet normal 0 0 1
    outer loop
      vertex 1.31182 -8.73078 4.6
      vertex -0.893969 -9.8294 4.6
      vertex -0.778526 -10.3639 4.6
    endloop
  endfacet
  facet normal 0 0 1
    outer loop
      vertex -1.59327 8.22994 4.6
      vertex 1.59327 8.22994 4.6
      vertex -1.57745 8.2528 4.6
    endloop
  endfacet
  facet normal 0 0 1
    outer loop
      vertex 1.31182 -8.73078 4.6
      vertex -1.06125 -9.30879 4.6
      vertex -0.893969 -9.8294 4.6
    endloop
  endfacet
  facet normal 0 0 1
    outer loop
      vertex 1.59327 8.22994 4.6
      vertex -1.59327 8.22994 4.6
      vertex 1.90448 7.7803 4.6
    endloop
  endfacet
  facet normal 0 0 1
    outer loop
      vertex 1.31182 -8.73078 4.6
      vertex -1.06975 -9.28231 4.6
      vertex -1.06125 -9.30879 4.6
    endloop
  endfacet
  facet normal 0 0 1
    outer loop
      vertex -1.90448 7.7803 4.6
      vertex 1.90448 7.7803 4.6
      vertex -1.59327 8.22994 4.6
    endloop
  endfacet
  facet normal 0 0 1
    outer loop
      vertex 1.31182 -8.73078 4.6
      vertex -1.08081 -9.2568 4.6
      vertex -1.06975 -9.28231 4.6
    endloop
  endfacet
  facet normal 0 0 1
    outer loop
      vertex -2.25825 7.36332 4.6
      vertex 1.90448 7.7803 4.6
      vertex -1.90448 7.7803 4.6
    endloop
  endfacet
  facet normal 0 0 1
    outer loop
      vertex 1.31182 -8.73078 4.6
      vertex -1.29831 -8.75509 4.6
      vertex -1.08081 -9.2568 4.6
    endloop
  endfacet
  facet normal 0 0 1
    outer loop
      vertex -2.27624 7.34212 4.6
      vertex 1.90448 7.7803 4.6
      vertex -2.25825 7.36332 4.6
    endloop
  endfacet
  facet normal 0 0 1
    outer loop
      vertex 1.31182 -8.73078 4.6
      vertex -1.31182 -8.73078 4.6
      vertex -1.29831 -8.75509 4.6
    endloop
  endfacet
  facet normal 0 0 1
    outer loop
      vertex -2.29622 7.32278 4.6
      vertex 1.90448 7.7803 4.6
      vertex -2.27624 7.34212 4.6
    endloop
  endfacet
  facet normal 0 0 1
    outer loop
      vertex 1.31182 -8.73078 4.6
      vertex -1.57745 -8.2528 4.6
      vertex -1.31182 -8.73078 4.6
    endloop
  endfacet
  facet normal 0 0 1
    outer loop
      vertex -2.68916 6.94249 4.6
      vertex 1.90448 7.7803 4.6
      vertex -2.29622 7.32278 4.6
    endloop
  endfacet
  facet normal 0 0 1
    outer loop
      vertex 1.57745 -8.2528 4.6
      vertex -1.57745 -8.2528 4.6
      vertex 1.31182 -8.73078 4.6
    endloop
  endfacet
  facet normal 0 0 1
    outer loop
      vertex -3.11749 6.60255 4.6
      vertex 1.90448 7.7803 4.6
      vertex -2.68916 6.94249 4.6
    endloop
  endfacet
  facet normal 0 -0 1
    outer loop
      vertex -1.57745 -8.2528 4.6
      vertex 1.57745 -8.2528 4.6
      vertex -1.59327 -8.22994 4.6
    endloop
  endfacet
  facet normal 0 0 1
    outer loop
      vertex -3.13927 6.58526 4.6
      vertex 1.90448 7.7803 4.6
      vertex -3.11749 6.60255 4.6
    endloop
  endfacet
  facet normal 0 0 1
    outer loop
      vertex 1.59327 -8.22994 4.6
      vertex -1.59327 -8.22994 4.6
      vertex 1.57745 -8.2528 4.6
    endloop
  endfacet
  facet normal 0 0 1
    outer loop
      vertex 1.90448 7.7803 4.6
      vertex -3.13927 6.58526 4.6
      vertex 1.90448 -7.7803 4.6
    endloop
  endfacet
  facet normal 0 -0 1
    outer loop
      vertex -1.59327 -8.22994 4.6
      vertex 1.59327 -8.22994 4.6
      vertex -1.90448 -7.7803 4.6
    endloop
  endfacet
  facet normal -0 0 1
    outer loop
      vertex -3.13927 -6.58526 4.6
      vertex 1.90448 -7.7803 4.6
      vertex -3.13927 6.58526 4.6
    endloop
  endfacet
  facet normal 0 0 1
    outer loop
      vertex 1.90448 -7.7803 4.6
      vertex -1.90448 -7.7803 4.6
      vertex 1.59327 -8.22994 4.6
    endloop
  endfacet
  facet normal -0 -0 1
    outer loop
      vertex -2.25825 -7.36332 4.6
      vertex 1.90448 -7.7803 4.6
      vertex -2.27624 -7.34212 4.6
    endloop
  endfacet
  facet normal 0 -0 1
    outer loop
      vertex -1.90448 -7.7803 4.6
      vertex 1.90448 -7.7803 4.6
      vertex -2.25825 -7.36332 4.6
    endloop
  endfacet
  facet normal -0 -0 1
    outer loop
      vertex -3.11749 -6.60255 4.6
      vertex 1.90448 -7.7803 4.6
      vertex -3.13927 -6.58526 4.6
    endloop
  endfacet
  facet normal -0 -0 1
    outer loop
      vertex -2.27624 -7.34212 4.6
      vertex 1.90448 -7.7803 4.6
      vertex -2.29622 -7.32278 4.6
    endloop
  endfacet
  facet normal -0 -0 1
    outer loop
      vertex -2.68916 -6.94249 4.6
      vertex 1.90448 -7.7803 4.6
      vertex -3.11749 -6.60255 4.6
    endloop
  endfacet
  facet normal -0 -0 1
    outer loop
      vertex -2.29622 -7.32278 4.6
      vertex 1.90448 -7.7803 4.6
      vertex -2.68916 -6.94249 4.6
    endloop
  endfacet
  facet normal -0 0 1
    outer loop
      vertex -3.16264 6.5702 4.6
      vertex -3.13927 -6.58526 4.6
      vertex -3.13927 6.58526 4.6
    endloop
  endfacet
  facet normal 0 0 1
    outer loop
      vertex -3.16264 6.5702 4.6
      vertex -3.16264 -6.5702 4.6
      vertex -3.13927 -6.58526 4.6
    endloop
  endfacet
  facet normal -0 0 1
    outer loop
      vertex -3.62222 6.27387 4.6
      vertex -3.16264 -6.5702 4.6
      vertex -3.16264 6.5702 4.6
    endloop
  endfacet
  facet normal 0 0 1
    outer loop
      vertex -3.62222 6.27387 4.6
      vertex -3.62222 -6.27387 4.6
      vertex -3.16264 -6.5702 4.6
    endloop
  endfacet
  facet normal 0 0 1
    outer loop
      vertex -7.24445 0 4.6
      vertex -3.62222 6.27387 4.6
      vertex -4.10864 6.02402 4.6
    endloop
  endfacet
  facet normal 0 0 1
    outer loop
      vertex -3.62222 6.27387 4.6
      vertex -7.24445 0 4.6
      vertex -3.62222 -6.27387 4.6
    endloop
  endfacet
  facet normal 0 0 1
    outer loop
      vertex -7.27128 0.546172 4.6
      vertex -4.10864 6.02402 4.6
      vertex -4.13337 6.01132 4.6
    endloop
  endfacet
  facet normal 0 0 1
    outer loop
      vertex -3.62222 -6.27387 4.6
      vertex -7.24445 0 4.6
      vertex -4.10864 -6.02402 4.6
    endloop
  endfacet
  facet normal 0 0 1
    outer loop
      vertex -7.27264 0.573944 4.6
      vertex -4.13337 6.01132 4.6
      vertex -4.15923 6.0011 4.6
    endloop
  endfacet
  facet normal -0 0 1
    outer loop
      vertex -7.27128 -0.546172 4.6
      vertex -4.10864 -6.02402 4.6
      vertex -7.24445 0 4.6
    endloop
  endfacet
  facet normal 0 0 1
    outer loop
      vertex -7.27672 0.601448 4.6
      vertex -4.15923 6.0011 4.6
      vertex -4.66779 5.80013 4.6
    endloop
  endfacet
  facet normal 0 0 1
    outer loop
      vertex -4.10864 -6.02402 4.6
      vertex -7.27128 -0.546172 4.6
      vertex -4.13337 -6.01132 4.6
    endloop
  endfacet
  facet normal 0 0 1
    outer loop
      vertex -7.35696 1.14236 4.6
      vertex -4.66779 5.80013 4.6
      vertex -5.19361 5.64998 4.6
    endloop
  endfacet
  facet normal -0 0 1
    outer loop
      vertex -7.27264 -0.573944 4.6
      vertex -4.13337 -6.01132 4.6
      vertex -7.27128 -0.546172 4.6
    endloop
  endfacet
  facet normal 0 0 1
    outer loop
      vertex -7.48983 1.67281 4.6
      vertex -5.19361 5.64998 4.6
      vertex -5.22034 5.64234 4.6
    endloop
  endfacet
  facet normal 0 0 1
    outer loop
      vertex -4.13337 -6.01132 4.6
      vertex -7.27264 -0.573944 4.6
      vertex -4.15923 -6.0011 4.6
    endloop
  endfacet
  facet normal 0 0 1
    outer loop
      vertex -7.49658 1.69978 4.6
      vertex -5.22034 5.64234 4.6
      vertex -5.2477 5.63737 4.6
    endloop
  endfacet
  facet normal -0 0 1
    outer loop
      vertex -7.27672 -0.601448 4.6
      vertex -4.15923 -6.0011 4.6
      vertex -7.27264 -0.573944 4.6
    endloop
  endfacet
  facet normal 0 0 1
    outer loop
      vertex -7.50595 1.72596 4.6
      vertex -5.2477 5.63737 4.6
      vertex -5.7857 5.53947 4.6
    endloop
  endfacet
  facet normal 0 0 1
    outer loop
      vertex -4.15923 -6.0011 4.6
      vertex -7.27672 -0.601448 4.6
      vertex -4.66779 -5.80013 4.6
    endloop
  endfacet
  facet normal 0 0 1
    outer loop
      vertex -7.69017 2.24082 4.6
      vertex -5.7857 5.53947 4.6
      vertex -6.3307 5.49479 4.6
    endloop
  endfacet
  facet normal -0 0 1
    outer loop
      vertex -7.35696 -1.14236 4.6
      vertex -4.66779 -5.80013 4.6
      vertex -7.27672 -0.601448 4.6
    endloop
  endfacet
  facet normal 0 0 1
    outer loop
      vertex -7.92397 2.73515 4.6
      vertex -6.3307 5.49479 4.6
      vertex -6.35841 5.49251 4.6
    endloop
  endfacet
  facet normal 0 0 1
    outer loop
      vertex -4.66779 -5.80013 4.6
      vertex -7.35696 -1.14236 4.6
      vertex -5.19361 -5.64998 4.6
    endloop
  endfacet
  facet normal 0 0 1
    outer loop
      vertex -7.93586 2.76029 4.6
      vertex -6.35841 5.49251 4.6
      vertex -6.90517 5.50146 4.6
    endloop
  endfacet
  facet normal -0 0 1
    outer loop
      vertex -7.48983 -1.67281 4.6
      vertex -5.19361 -5.64998 4.6
      vertex -7.35696 -1.14236 4.6
    endloop
  endfacet
  facet normal 0 0 1
    outer loop
      vertex -8.21699 3.22932 4.6
      vertex -6.90517 5.50146 4.6
      vertex -6.93297 5.50192 4.6
    endloop
  endfacet
  facet normal 0 0 1
    outer loop
      vertex -5.19361 -5.64998 4.6
      vertex -7.48983 -1.67281 4.6
      vertex -5.22034 -5.64234 4.6
    endloop
  endfacet
  facet normal -0 0 1
    outer loop
      vertex -7.49658 -1.69978 4.6
      vertex -5.22034 -5.64234 4.6
      vertex -7.48983 -1.67281 4.6
    endloop
  endfacet
  facet normal 0 0 1
    outer loop
      vertex -4.10864 6.02402 4.6
      vertex -7.27128 0.546172 4.6
      vertex -7.24445 0 4.6
    endloop
  endfacet
  facet normal 0 0 1
    outer loop
      vertex -4.13337 6.01132 4.6
      vertex -7.27264 0.573944 4.6
      vertex -7.27128 0.546172 4.6
    endloop
  endfacet
  facet normal 0 0 1
    outer loop
      vertex -4.15923 6.0011 4.6
      vertex -7.27672 0.601448 4.6
      vertex -7.27264 0.573944 4.6
    endloop
  endfacet
  facet normal 0 0 1
    outer loop
      vertex -4.66779 5.80013 4.6
      vertex -7.35696 1.14236 4.6
      vertex -7.27672 0.601448 4.6
    endloop
  endfacet
  facet normal 0 0 1
    outer loop
      vertex -8.23128 3.25317 4.6
      vertex -6.93297 5.50192 4.6
      vertex -7.47622 5.56441 4.6
    endloop
  endfacet
  facet normal 0 0 1
    outer loop
      vertex -5.19361 5.64998 4.6
      vertex -7.48983 1.67281 4.6
      vertex -7.35696 1.14236 4.6
    endloop
  endfacet
  facet normal 0 0 1
    outer loop
      vertex -5.22034 5.64234 4.6
      vertex -7.49658 1.69978 4.6
      vertex -7.48983 1.67281 4.6
    endloop
  endfacet
  facet normal 0 0 1
    outer loop
      vertex -8.55703 3.69239 4.6
      vertex -7.47622 5.56441 4.6
      vertex -7.50384 5.56759 4.6
    endloop
  endfacet
  facet normal 0 0 1
    outer loop
      vertex -5.2477 5.63737 4.6
      vertex -7.50595 1.72596 4.6
      vertex -7.49658 1.69978 4.6
    endloop
  endfacet
  facet normal 0 0 1
    outer loop
      vertex -8.5736 3.71472 4.6
      vertex -7.50384 5.56759 4.6
      vertex -7.53102 5.57346 4.6
    endloop
  endfacet
  facet normal 0 0 1
    outer loop
      vertex -5.7857 5.53947 4.6
      vertex -7.69017 2.24082 4.6
      vertex -7.50595 1.72596 4.6
    endloop
  endfacet
  facet normal 0 0 1
    outer loop
      vertex -6.3307 5.49479 4.6
      vertex -7.92397 2.73515 4.6
      vertex -7.69017 2.24082 4.6
    endloop
  endfacet
  facet normal 0 0 1
    outer loop
      vertex -6.35841 5.49251 4.6
      vertex -7.93586 2.76029 4.6
      vertex -7.92397 2.73515 4.6
    endloop
  endfacet
  facet normal 0 0 1
    outer loop
      vertex -8.59227 3.73533 4.6
      vertex -7.53102 5.57346 4.6
      vertex -8.06553 5.6889 4.6
    endloop
  endfacet
  facet normal 0 0 1
    outer loop
      vertex -6.90517 5.50146 4.6
      vertex -8.21699 3.22932 4.6
      vertex -7.93586 2.76029 4.6
    endloop
  endfacet
  facet normal 0 0 1
    outer loop
      vertex -6.93297 5.50192 4.6
      vertex -8.23128 3.25317 4.6
      vertex -8.21699 3.22932 4.6
    endloop
  endfacet
  facet normal 0 0 1
    outer loop
      vertex -7.47622 5.56441 4.6
      vertex -8.55703 3.69239 4.6
      vertex -8.23128 3.25317 4.6
    endloop
  endfacet
  facet normal 0 0 1
    outer loop
      vertex -7.50384 5.56759 4.6
      vertex -8.5736 3.71472 4.6
      vertex -8.55703 3.69239 4.6
    endloop
  endfacet
  facet normal 0 0 1
    outer loop
      vertex -8.9595 4.1405 4.6
      vertex -8.06553 5.6889 4.6
      vertex -8.58615 5.85618 4.6
    endloop
  endfacet
  facet normal 0 0 1
    outer loop
      vertex -7.53102 5.57346 4.6
      vertex -8.59227 3.73533 4.6
      vertex -8.5736 3.71472 4.6
    endloop
  endfacet
  facet normal 0 0 1
    outer loop
      vertex -9.36467 4.50773 4.6
      vertex -8.58615 5.85618 4.6
      vertex -8.61262 5.86468 4.6
    endloop
  endfacet
  facet normal 0 0 1
    outer loop
      vertex -9.38528 4.52641 4.6
      vertex -8.61262 5.86468 4.6
      vertex -8.63813 5.87574 4.6
    endloop
  endfacet
  facet normal 0 0 1
    outer loop
      vertex -8.06553 5.6889 4.6
      vertex -8.9595 4.1405 4.6
      vertex -8.59227 3.73533 4.6
    endloop
  endfacet
  facet normal 0 0 1
    outer loop
      vertex -9.40761 4.54297 4.6
      vertex -8.63813 5.87574 4.6
      vertex -9.13985 6.09325 4.6
    endloop
  endfacet
  facet normal 0 0 1
    outer loop
      vertex -9.84683 4.86872 4.6
      vertex -9.13985 6.09325 4.6
      vertex -9.16415 6.10675 4.6
    endloop
  endfacet
  facet normal 0 0 1
    outer loop
      vertex -8.58615 5.85618 4.6
      vertex -9.36467 4.50773 4.6
      vertex -8.9595 4.1405 4.6
    endloop
  endfacet
  facet normal 0 0 1
    outer loop
      vertex -8.61262 5.86468 4.6
      vertex -9.38528 4.52641 4.6
      vertex -9.36467 4.50773 4.6
    endloop
  endfacet
  facet normal 0 0 1
    outer loop
      vertex -8.63813 5.87574 4.6
      vertex -9.40761 4.54297 4.6
      vertex -9.38528 4.52641 4.6
    endloop
  endfacet
  facet normal 0 0 1
    outer loop
      vertex -9.87068 4.88301 4.6
      vertex -9.16415 6.10675 4.6
      vertex -9.64213 6.37238 4.6
    endloop
  endfacet
  facet normal 0 0 1
    outer loop
      vertex -10.3397 5.16414 4.6
      vertex -9.64213 6.37238 4.6
      vertex -9.66499 6.38821 4.6
    endloop
  endfacet
  facet normal 0 0 1
    outer loop
      vertex -9.13985 6.09325 4.6
      vertex -9.84683 4.86872 4.6
      vertex -9.40761 4.54297 4.6
    endloop
  endfacet
  facet normal 0 0 1
    outer loop
      vertex -9.16415 6.10675 4.6
      vertex -9.87068 4.88301 4.6
      vertex -9.84683 4.86872 4.6
    endloop
  endfacet
  facet normal 0 0 1
    outer loop
      vertex -10.3648 5.17603 4.6
      vertex -9.66499 6.38821 4.6
      vertex -10.1146 6.69941 4.6
    endloop
  endfacet
  facet normal 0 0 1
    outer loop
      vertex -9.64213 6.37238 4.6
      vertex -10.3397 5.16414 4.6
      vertex -9.87068 4.88301 4.6
    endloop
  endfacet
  facet normal 0 0 1
    outer loop
      vertex -9.66499 6.38821 4.6
      vertex -10.3648 5.17603 4.6
      vertex -10.3397 5.16414 4.6
    endloop
  endfacet
  facet normal 0 0 1
    outer loop
      vertex -10.8592 5.40983 4.6
      vertex -10.1146 6.69941 4.6
      vertex -10.5316 7.05319 4.6
    endloop
  endfacet
  facet normal 0 0 1
    outer loop
      vertex -11.374 5.59405 4.6
      vertex -10.5316 7.05319 4.6
      vertex -10.5528 7.07117 4.6
    endloop
  endfacet
  facet normal 0 0 1
    outer loop
      vertex -11.4002 5.60342 4.6
      vertex -10.5528 7.07117 4.6
      vertex -10.5721 7.09115 4.6
    endloop
  endfacet
  facet normal 0 0 1
    outer loop
      vertex -10.1146 6.69941 4.6
      vertex -10.8592 5.40983 4.6
      vertex -10.3648 5.17603 4.6
    endloop
  endfacet
  facet normal 0 0 1
    outer loop
      vertex -11.4272 5.61017 4.6
      vertex -10.5721 7.09115 4.6
      vertex -10.9524 7.4841 4.6
    endloop
  endfacet
  facet normal 0 0 1
    outer loop
      vertex -11.9576 5.74304 4.6
      vertex -10.9524 7.4841 4.6
      vertex -11.2924 7.91242 4.6
    endloop
  endfacet
  facet normal 0 0 1
    outer loop
      vertex -12.4986 5.82328 4.6
      vertex -11.2924 7.91242 4.6
      vertex -11.3097 7.9342 4.6
    endloop
  endfacet
  facet normal 0 0 1
    outer loop
      vertex -12.5261 5.82736 4.6
      vertex -11.3097 7.9342 4.6
      vertex -11.3247 7.95757 4.6
    endloop
  endfacet
  facet normal 0 0 1
    outer loop
      vertex -10.5316 7.05319 4.6
      vertex -11.374 5.59405 4.6
      vertex -10.8592 5.40983 4.6
    endloop
  endfacet
  facet normal 0 0 1
    outer loop
      vertex -10.5528 7.07117 4.6
      vertex -11.4002 5.60342 4.6
      vertex -11.374 5.59405 4.6
    endloop
  endfacet
  facet normal 0 0 1
    outer loop
      vertex -10.5721 7.09115 4.6
      vertex -11.4272 5.61017 4.6
      vertex -11.4002 5.60342 4.6
    endloop
  endfacet
  facet normal 0 0 1
    outer loop
      vertex -12.5538 5.82872 4.6
      vertex -11.3247 7.95757 4.6
      vertex -11.6211 8.41716 4.6
    endloop
  endfacet
  facet normal 0 0 1
    outer loop
      vertex -13.1 5.85556 4.6
      vertex -11.6211 8.41716 4.6
      vertex -11.8709 8.90357 4.6
    endloop
  endfacet
  facet normal 0 0 1
    outer loop
      vertex -13.6462 5.82872 4.6
      vertex -11.8709 8.90357 4.6
      vertex -11.8836 8.9283 4.6
    endloop
  endfacet
  facet normal 0 0 1
    outer loop
      vertex -13.6739 5.82736 4.6
      vertex -11.8836 8.9283 4.6
      vertex -11.8938 8.95416 4.6
    endloop
  endfacet
  facet normal 0 0 1
    outer loop
      vertex -10.9524 7.4841 4.6
      vertex -11.9576 5.74304 4.6
      vertex -11.4272 5.61017 4.6
    endloop
  endfacet
  facet normal 0 0 1
    outer loop
      vertex -13.7014 5.82328 4.6
      vertex -11.8938 8.95416 4.6
      vertex -12.0948 9.46273 4.6
    endloop
  endfacet
  facet normal 0 0 1
    outer loop
      vertex -14.2424 5.74304 4.6
      vertex -12.0948 9.46273 4.6
      vertex -12.245 9.98854 4.6
    endloop
  endfacet
  facet normal -0 0 1
    outer loop
      vertex -18.6967 9.99361 4.6
      vertex -12.245 9.98854 4.6
      vertex -12.2526 10.0153 4.6
    endloop
  endfacet
  facet normal 0 0 1
    outer loop
      vertex -17.6272 11.7781 4.6
      vertex -12.2526 10.0153 4.6
      vertex -12.2576 10.0426 4.6
    endloop
  endfacet
  facet normal 0 0 1
    outer loop
      vertex -17.6272 11.7781 4.6
      vertex -12.2576 10.0426 4.6
      vertex -12.3555 10.5806 4.6
    endloop
  endfacet
  facet normal 0 0 1
    outer loop
      vertex -11.2924 7.91242 4.6
      vertex -12.4986 5.82328 4.6
      vertex -11.9576 5.74304 4.6
    endloop
  endfacet
  facet normal 0 0 1
    outer loop
      vertex -17.6272 11.7781 4.6
      vertex -12.3555 10.5806 4.6
      vertex -12.4001 11.1256 4.6
    endloop
  endfacet
  facet normal 0 0 1
    outer loop
      vertex -17.6272 11.7781 4.6
      vertex -12.4001 11.1256 4.6
      vertex -12.4024 11.1533 4.6
    endloop
  endfacet
  facet normal 0 0 1
    outer loop
      vertex 0.84741 -12.6746 4.6
      vertex -0.84741 -12.6746 4.6
      vertex 0.855045 -12.7013 4.6
    endloop
  endfacet
  facet normal 0 0 1
    outer loop
      vertex -0.855045 -12.7013 4.6
      vertex 0.855045 -12.7013 4.6
      vertex -0.84741 -12.6746 4.6
    endloop
  endfacet
  facet normal 0 0 1
    outer loop
      vertex 0.855045 -12.7013 4.6
      vertex -0.855045 -12.7013 4.6
      vertex 1.0052 -13.2271 4.6
    endloop
  endfacet
  facet normal 0 0 1
    outer loop
      vertex -1.0052 -13.2271 4.6
      vertex 1.0052 -13.2271 4.6
      vertex -0.855045 -12.7013 4.6
    endloop
  endfacet
  facet normal 0 0 1
    outer loop
      vertex 1.0052 -13.2271 4.6
      vertex -1.0052 -13.2271 4.6
      vertex 1.20617 -13.7357 4.6
    endloop
  endfacet
  facet normal 0 0 1
    outer loop
      vertex -1.20617 -13.7357 4.6
      vertex 1.20617 -13.7357 4.6
      vertex -1.0052 -13.2271 4.6
    endloop
  endfacet
  facet normal 0 0 1
    outer loop
      vertex 1.20617 -13.7357 4.6
      vertex -1.20617 -13.7357 4.6
      vertex 1.21639 -13.7616 4.6
    endloop
  endfacet
  facet normal 0 0 1
    outer loop
      vertex -1.21639 -13.7616 4.6
      vertex 1.21639 -13.7616 4.6
      vertex -1.20617 -13.7357 4.6
    endloop
  endfacet
  facet normal 0 0 1
    outer loop
      vertex -1.22909 -13.7863 4.6
      vertex 1.21639 -13.7616 4.6
      vertex -1.21639 -13.7616 4.6
    endloop
  endfacet
  facet normal 0 0 1
    outer loop
      vertex -1.47894 -14.2727 4.6
      vertex 1.21639 -13.7616 4.6
      vertex -1.22909 -13.7863 4.6
    endloop
  endfacet
  facet normal 0 0 1
    outer loop
      vertex -1.77526 -14.7323 4.6
      vertex 1.21639 -13.7616 4.6
      vertex -1.47894 -14.2727 4.6
    endloop
  endfacet
  facet normal 0 0 1
    outer loop
      vertex -1.79033 -14.7557 4.6
      vertex 1.21639 -13.7616 4.6
      vertex -1.77526 -14.7323 4.6
    endloop
  endfacet
  facet normal 0 0 1
    outer loop
      vertex -1.80762 -14.7774 4.6
      vertex 1.21639 -13.7616 4.6
      vertex -1.79033 -14.7557 4.6
    endloop
  endfacet
  facet normal 0 0 1
    outer loop
      vertex -2.14756 -15.2058 4.6
      vertex 1.21639 -13.7616 4.6
      vertex -1.80762 -14.7774 4.6
    endloop
  endfacet
  facet normal 0 0 1
    outer loop
      vertex 1.21639 -13.7616 4.6
      vertex -2.14756 -15.2058 4.6
      vertex 0 -21.2 4.6
    endloop
  endfacet
  facet normal -0 0 1
    outer loop
      vertex -2.52785 -15.5987 4.6
      vertex 0 -21.2 4.6
      vertex -2.14756 -15.2058 4.6
    endloop
  endfacet
  facet normal -0 0 1
    outer loop
      vertex -2.54719 -15.6187 4.6
      vertex 0 -21.2 4.6
      vertex -2.52785 -15.5987 4.6
    endloop
  endfacet
  facet normal -0 0 1
    outer loop
      vertex -2.56839 -15.6367 4.6
      vertex 0 -21.2 4.6
      vertex -2.54719 -15.6187 4.6
    endloop
  endfacet
  facet normal -0 0 1
    outer loop
      vertex -2.98536 -15.9905 4.6
      vertex 0 -21.2 4.6
      vertex -2.56839 -15.6367 4.6
    endloop
  endfacet
  facet normal 0 0 1
    outer loop
      vertex 0 -21.2 4.6
      vertex -2.98536 -15.9905 4.6
      vertex -2.07796 -21.0979 4.6
    endloop
  endfacet
  facet normal -0 0 1
    outer loop
      vertex -3.43501 -16.3017 4.6
      vertex -2.07796 -21.0979 4.6
      vertex -2.98536 -15.9905 4.6
    endloop
  endfacet
  facet normal -0 0 1
    outer loop
      vertex -3.45787 -16.3175 4.6
      vertex -2.07796 -21.0979 4.6
      vertex -3.43501 -16.3017 4.6
    endloop
  endfacet
  facet normal -0 0 1
    outer loop
      vertex -3.93585 -16.5831 4.6
      vertex -2.07796 -21.0979 4.6
      vertex -3.45787 -16.3175 4.6
    endloop
  endfacet
  facet normal -0 0 1
    outer loop
      vertex -3.96015 -16.5966 4.6
      vertex -2.07796 -21.0979 4.6
      vertex -3.93585 -16.5831 4.6
    endloop
  endfacet
  facet normal 0 0 1
    outer loop
      vertex -3.96015 -16.5966 4.6
      vertex -4.13591 -20.7926 4.6
      vertex -2.07796 -21.0979 4.6
    endloop
  endfacet
  facet normal -0 0 1
    outer loop
      vertex -4.46187 -16.8141 4.6
      vertex -4.13591 -20.7926 4.6
      vertex -3.96015 -16.5966 4.6
    endloop
  endfacet
  facet normal -0 0 1
    outer loop
      vertex -4.48738 -16.8252 4.6
      vertex -4.13591 -20.7926 4.6
      vertex -4.46187 -16.8141 4.6
    endloop
  endfacet
  facet normal -0 0 1
    outer loop
      vertex -4.51385 -16.8337 4.6
      vertex -4.13591 -20.7926 4.6
      vertex -4.48738 -16.8252 4.6
    endloop
  endfacet
  facet normal -0 0 1
    outer loop
      vertex -5.03447 -17.001 4.6
      vertex -4.13591 -20.7926 4.6
      vertex -4.51385 -16.8337 4.6
    endloop
  endfacet
  facet normal 0 0 1
    outer loop
      vertex -6.15403 -20.2871 4.6
      vertex -5.03447 -17.001 4.6
      vertex -5.56898 -17.1164 4.6
    endloop
  endfacet
  facet normal 0 0 1
    outer loop
      vertex -6.15403 -20.2871 4.6
      vertex -5.56898 -17.1164 4.6
      vertex -5.59616 -17.1223 4.6
    endloop
  endfacet
  facet normal 0 0 1
    outer loop
      vertex -6.15403 -20.2871 4.6
      vertex -5.59616 -17.1223 4.6
      vertex -5.62378 -17.1255 4.6
    endloop
  endfacet
  facet normal 0 0 1
    outer loop
      vertex -5.03447 -17.001 4.6
      vertex -6.15403 -20.2871 4.6
      vertex -4.13591 -20.7926 4.6
    endloop
  endfacet
  facet normal -0 0 1
    outer loop
      vertex -6.16703 -17.188 4.6
      vertex -6.15403 -20.2871 4.6
      vertex -5.62378 -17.1255 4.6
    endloop
  endfacet
  facet normal -0 0 1
    outer loop
      vertex -6.19483 -17.1884 4.6
      vertex -6.15403 -20.2871 4.6
      vertex -6.16703 -17.188 4.6
    endloop
  endfacet
  facet normal -0 0 1
    outer loop
      vertex -6.74159 -17.1974 4.6
      vertex -6.15403 -20.2871 4.6
      vertex -6.19483 -17.1884 4.6
    endloop
  endfacet
  facet normal 0 0 1
    outer loop
      vertex -8.11289 -19.5862 4.6
      vertex -6.74159 -17.1974 4.6
      vertex -6.7693 -17.1951 4.6
    endloop
  endfacet
  facet normal 0 0 1
    outer loop
      vertex -8.11289 -19.5862 4.6
      vertex -6.7693 -17.1951 4.6
      vertex -7.3143 -17.1504 4.6
    endloop
  endfacet
  facet normal 0 0 1
    outer loop
      vertex -8.11289 -19.5862 4.6
      vertex -7.3143 -17.1504 4.6
      vertex -7.8523 -17.0525 4.6
    endloop
  endfacet
  facet normal 0 0 1
    outer loop
      vertex -8.11289 -19.5862 4.6
      vertex -7.8523 -17.0525 4.6
      vertex -7.87966 -17.0475 4.6
    endloop
  endfacet
  facet normal 0 0 1
    outer loop
      vertex -8.11289 -19.5862 4.6
      vertex -7.87966 -17.0475 4.6
      vertex -7.90639 -17.0399 4.6
    endloop
  endfacet
  facet normal 0 0 1
    outer loop
      vertex -6.74159 -17.1974 4.6
      vertex -8.11289 -19.5862 4.6
      vertex -6.15403 -20.2871 4.6
    endloop
  endfacet
  facet normal 0 0 1
    outer loop
      vertex -8.43221 -16.8897 4.6
      vertex -8.11289 -19.5862 4.6
      vertex -7.90639 -17.0399 4.6
    endloop
  endfacet
  facet normal 0 0 1
    outer loop
      vertex -9.99361 -18.6967 4.6
      vertex -8.43221 -16.8897 4.6
      vertex -8.94077 -16.6888 4.6
    endloop
  endfacet
  facet normal 0 0 1
    outer loop
      vertex -9.99361 -18.6967 4.6
      vertex -8.94077 -16.6888 4.6
      vertex -8.96663 -16.6785 4.6
    endloop
  endfacet
  facet normal 0 0 1
    outer loop
      vertex -9.99361 -18.6967 4.6
      vertex -8.96663 -16.6785 4.6
      vertex -8.99136 -16.6658 4.6
    endloop
  endfacet
  facet normal 0 0 1
    outer loop
      vertex -9.99361 -18.6967 4.6
      vertex -8.99136 -16.6658 4.6
      vertex -9.47778 -16.416 4.6
    endloop
  endfacet
  facet normal 0 0 1
    outer loop
      vertex -9.99361 -18.6967 4.6
      vertex -9.47778 -16.416 4.6
      vertex -9.93736 -16.1197 4.6
    endloop
  endfacet
  facet normal 0 0 1
    outer loop
      vertex -11.7781 -17.6272 4.6
      vertex -9.93736 -16.1197 4.6
      vertex -9.96073 -16.1046 4.6
    endloop
  endfacet
  facet normal 0 0 1
    outer loop
      vertex -11.7781 -17.6272 4.6
      vertex -9.96073 -16.1046 4.6
      vertex -9.98251 -16.0873 4.6
    endloop
  endfacet
  facet normal 0 0 1
    outer loop
      vertex -8.43221 -16.8897 4.6
      vertex -9.99361 -18.6967 4.6
      vertex -8.11289 -19.5862 4.6
    endloop
  endfacet
  facet normal 0 0 1
    outer loop
      vertex -11.7781 -17.6272 4.6
      vertex -9.98251 -16.0873 4.6
      vertex -10.4108 -15.7474 4.6
    endloop
  endfacet
  facet normal 0 0 1
    outer loop
      vertex -11.7781 -17.6272 4.6
      vertex -10.4108 -15.7474 4.6
      vertex -10.8038 -15.3671 4.6
    endloop
  endfacet
  facet normal 0 0 1
    outer loop
      vertex -11.7781 -17.6272 4.6
      vertex -10.8038 -15.3671 4.6
      vertex -10.8238 -15.3477 4.6
    endloop
  endfacet
  facet normal 0 0 1
    outer loop
      vertex -11.7781 -17.6272 4.6
      vertex -10.8238 -15.3477 4.6
      vertex -10.8417 -15.3265 4.6
    endloop
  endfacet
  facet normal 0 0 1
    outer loop
      vertex -13.4491 -16.3878 4.6
      vertex -10.8417 -15.3265 4.6
      vertex -11.1955 -14.9096 4.6
    endloop
  endfacet
  facet normal 0 0 1
    outer loop
      vertex -13.4491 -16.3878 4.6
      vertex -11.1955 -14.9096 4.6
      vertex -11.5067 -14.4599 4.6
    endloop
  endfacet
  facet normal 0 0 1
    outer loop
      vertex -13.4491 -16.3878 4.6
      vertex -11.5067 -14.4599 4.6
      vertex -11.5225 -14.4371 4.6
    endloop
  endfacet
  facet normal 0 0 1
    outer loop
      vertex -9.93736 -16.1197 4.6
      vertex -11.7781 -17.6272 4.6
      vertex -9.99361 -18.6967 4.6
    endloop
  endfacet
  facet normal 0 0 1
    outer loop
      vertex -13.4491 -16.3878 4.6
      vertex -11.5225 -14.4371 4.6
      vertex -11.7882 -13.9591 4.6
    endloop
  endfacet
  facet normal 0 0 1
    outer loop
      vertex -13.4491 -16.3878 4.6
      vertex -11.7882 -13.9591 4.6
      vertex -11.8017 -13.9348 4.6
    endloop
  endfacet
  facet normal 0 0 1
    outer loop
      vertex -14.9907 -14.9907 4.6
      vertex -11.8017 -13.9348 4.6
      vertex -12.0192 -13.4331 4.6
    endloop
  endfacet
  facet normal 0 0 1
    outer loop
      vertex -14.9907 -14.9907 4.6
      vertex -12.0192 -13.4331 4.6
      vertex -12.0302 -13.4076 4.6
    endloop
  endfacet
  facet normal 0 0 1
    outer loop
      vertex -14.9907 -14.9907 4.6
      vertex -12.0302 -13.4076 4.6
      vertex -12.0388 -13.3811 4.6
    endloop
  endfacet
  facet normal 0 0 1
    outer loop
      vertex -14.9907 -14.9907 4.6
      vertex -12.0388 -13.3811 4.6
      vertex -12.206 -12.8605 4.6
    endloop
  endfacet
  facet normal 0 0 1
    outer loop
      vertex -14.9907 -14.9907 4.6
      vertex -12.206 -12.8605 4.6
      vertex -12.3215 -12.326 4.6
    endloop
  endfacet
  facet normal 0 0 1
    outer loop
      vertex -16.3878 -13.4491 4.6
      vertex -12.3215 -12.326 4.6
      vertex -12.3273 -12.2988 4.6
    endloop
  endfacet
  facet normal 0 0 1
    outer loop
      vertex -16.3878 -13.4491 4.6
      vertex -12.3273 -12.2988 4.6
      vertex -12.3305 -12.2712 4.6
    endloop
  endfacet
  facet normal 0 0 1
    outer loop
      vertex -16.3878 -13.4491 4.6
      vertex -12.3305 -12.2712 4.6
      vertex -12.393 -11.7279 4.6
    endloop
  endfacet
  facet normal 0 0 1
    outer loop
      vertex -16.3878 -13.4491 4.6
      vertex -12.3935 -11.7001 4.6
      vertex -12.4024 -11.1533 4.6
    endloop
  endfacet
  facet normal 0 0 1
    outer loop
      vertex -14.2424 -5.74304 4.6
      vertex -12.0948 -9.46273 4.6
      vertex -13.7014 -5.82328 4.6
    endloop
  endfacet
  facet normal 0 0 1
    outer loop
      vertex -12.0948 -9.46273 4.6
      vertex -14.2424 -5.74304 4.6
      vertex -12.245 -9.98854 4.6
    endloop
  endfacet
  facet normal 0 0 1
    outer loop
      vertex -14.7728 -5.61017 4.6
      vertex -12.245 -9.98854 4.6
      vertex -14.2424 -5.74304 4.6
    endloop
  endfacet
  facet normal 0 0 1
    outer loop
      vertex -18.6967 -9.99361 4.6
      vertex -12.245 -9.98854 4.6
      vertex -14.7728 -5.61017 4.6
    endloop
  endfacet
  facet normal 0 0 1
    outer loop
      vertex -12.245 -9.98854 4.6
      vertex -18.6967 -9.99361 4.6
      vertex -12.2526 -10.0153 4.6
    endloop
  endfacet
  facet normal 0 0 1
    outer loop
      vertex -10.8417 -15.3265 4.6
      vertex -13.4491 -16.3878 4.6
      vertex -11.7781 -17.6272 4.6
    endloop
  endfacet
  facet normal 0 -0 1
    outer loop
      vertex -17.6272 -11.7781 4.6
      vertex -12.2526 -10.0153 4.6
      vertex -18.6967 -9.99361 4.6
    endloop
  endfacet
  facet normal 0 0 1
    outer loop
      vertex -12.2576 -10.0426 4.6
      vertex -17.6272 -11.7781 4.6
      vertex -12.3555 -10.5806 4.6
    endloop
  endfacet
  facet normal 0 0 1
    outer loop
      vertex -12.3555 -10.5806 4.6
      vertex -17.6272 -11.7781 4.6
      vertex -12.4001 -11.1256 4.6
    endloop
  endfacet
  facet normal 0 -0 1
    outer loop
      vertex -16.3878 -13.4491 4.6
      vertex -12.4024 -11.1533 4.6
      vertex -17.6272 -11.7781 4.6
    endloop
  endfacet
  facet normal 0 0 1
    outer loop
      vertex -12.2526 -10.0153 4.6
      vertex -17.6272 -11.7781 4.6
      vertex -12.2576 -10.0426 4.6
    endloop
  endfacet
  facet normal 0 0 1
    outer loop
      vertex -18.6967 -9.99361 4.6
      vertex -14.7728 -5.61017 4.6
      vertex -14.7998 -5.60342 4.6
    endloop
  endfacet
  facet normal 0 0 1
    outer loop
      vertex -18.6967 -9.99361 4.6
      vertex -14.7998 -5.60342 4.6
      vertex -14.826 -5.59405 4.6
    endloop
  endfacet
  facet normal 0 0 1
    outer loop
      vertex -11.8017 -13.9348 4.6
      vertex -14.9907 -14.9907 4.6
      vertex -13.4491 -16.3878 4.6
    endloop
  endfacet
  facet normal 0 0 1
    outer loop
      vertex -18.6967 -9.99361 4.6
      vertex -14.826 -5.59405 4.6
      vertex -15.3408 -5.40983 4.6
    endloop
  endfacet
  facet normal 0 0 1
    outer loop
      vertex -19.5862 -8.11289 4.6
      vertex -15.3408 -5.40983 4.6
      vertex -15.8352 -5.17603 4.6
    endloop
  endfacet
  facet normal 0 0 1
    outer loop
      vertex -19.5862 -8.11289 4.6
      vertex -15.8352 -5.17603 4.6
      vertex -15.8603 -5.16414 4.6
    endloop
  endfacet
  facet normal 0 0 1
    outer loop
      vertex -19.5862 -8.11289 4.6
      vertex -15.8603 -5.16414 4.6
      vertex -16.3293 -4.88301 4.6
    endloop
  endfacet
  facet normal 0 0 1
    outer loop
      vertex -19.5862 -8.11289 4.6
      vertex -16.3293 -4.88301 4.6
      vertex -16.3532 -4.86872 4.6
    endloop
  endfacet
  facet normal 0 0 1
    outer loop
      vertex -12.3215 -12.326 4.6
      vertex -16.3878 -13.4491 4.6
      vertex -14.9907 -14.9907 4.6
    endloop
  endfacet
  facet normal 0 0 1
    outer loop
      vertex -19.5862 -8.11289 4.6
      vertex -16.3532 -4.86872 4.6
      vertex -16.7924 -4.54297 4.6
    endloop
  endfacet
  facet normal 0 0 1
    outer loop
      vertex -20.2871 -6.15403 4.6
      vertex -16.7924 -4.54297 4.6
      vertex -16.8147 -4.52641 4.6
    endloop
  endfacet
  facet normal 0 0 1
    outer loop
      vertex -20.2871 -6.15403 4.6
      vertex -16.8147 -4.52641 4.6
      vertex -16.8353 -4.50773 4.6
    endloop
  endfacet
  facet normal 0 0 1
    outer loop
      vertex -20.2871 -6.15403 4.6
      vertex -16.8353 -4.50773 4.6
      vertex -17.2405 -4.1405 4.6
    endloop
  endfacet
  facet normal 0 0 1
    outer loop
      vertex -20.2871 -6.15403 4.6
      vertex -17.2405 -4.1405 4.6
      vertex -17.6077 -3.73533 4.6
    endloop
  endfacet
  facet normal 0 0 1
    outer loop
      vertex -20.2871 -6.15403 4.6
      vertex -17.6077 -3.73533 4.6
      vertex -17.6264 -3.71472 4.6
    endloop
  endfacet
  facet normal 0 0 1
    outer loop
      vertex -12.3935 -11.7001 4.6
      vertex -16.3878 -13.4491 4.6
      vertex -12.393 -11.7279 4.6
    endloop
  endfacet
  facet normal 0 0 1
    outer loop
      vertex -20.2871 -6.15403 4.6
      vertex -17.6264 -3.71472 4.6
      vertex -17.643 -3.69239 4.6
    endloop
  endfacet
  facet normal 0 0 1
    outer loop
      vertex -20.7926 -4.13591 4.6
      vertex -17.643 -3.69239 4.6
      vertex -17.9687 -3.25317 4.6
    endloop
  endfacet
  facet normal 0 0 1
    outer loop
      vertex -20.7926 -4.13591 4.6
      vertex -17.9687 -3.25317 4.6
      vertex -17.983 -3.22932 4.6
    endloop
  endfacet
  facet normal 0 0 1
    outer loop
      vertex -20.7926 -4.13591 4.6
      vertex -17.983 -3.22932 4.6
      vertex -18.2641 -2.76029 4.6
    endloop
  endfacet
  facet normal 0 0 1
    outer loop
      vertex -20.7926 -4.13591 4.6
      vertex -18.2641 -2.76029 4.6
      vertex -18.276 -2.73515 4.6
    endloop
  endfacet
  facet normal 0 0 1
    outer loop
      vertex -20.7926 -4.13591 4.6
      vertex -18.276 -2.73515 4.6
      vertex -18.5098 -2.24082 4.6
    endloop
  endfacet
  facet normal -0 0 1
    outer loop
      vertex -21.0979 -2.07796 4.6
      vertex -18.5098 -2.24082 4.6
      vertex -18.694 -1.72596 4.6
    endloop
  endfacet
  facet normal 0 0 1
    outer loop
      vertex -12.4001 -11.1256 4.6
      vertex -17.6272 -11.7781 4.6
      vertex -12.4024 -11.1533 4.6
    endloop
  endfacet
  facet normal 0 0 1
    outer loop
      vertex -21.0979 -2.07796 4.6
      vertex -18.694 -1.72596 4.6
      vertex -18.7034 -1.69978 4.6
    endloop
  endfacet
  facet normal 0 0 1
    outer loop
      vertex -21.0979 -2.07796 4.6
      vertex -18.7034 -1.69978 4.6
      vertex -18.7102 -1.67281 4.6
    endloop
  endfacet
  facet normal 0 0 1
    outer loop
      vertex -21.0979 -2.07796 4.6
      vertex -18.7102 -1.67281 4.6
      vertex -18.843 -1.14236 4.6
    endloop
  endfacet
  facet normal 0 0 1
    outer loop
      vertex -21.0979 -2.07796 4.6
      vertex -18.843 -1.14236 4.6
      vertex -18.9233 -0.601448 4.6
    endloop
  endfacet
  facet normal 0 0 1
    outer loop
      vertex -21.2 0 4.6
      vertex -18.9233 -0.601448 4.6
      vertex -18.9274 -0.573944 4.6
    endloop
  endfacet
  facet normal 0 0 1
    outer loop
      vertex -21.2 0 4.6
      vertex -18.9274 -0.573944 4.6
      vertex -18.9287 -0.546172 4.6
    endloop
  endfacet
  facet normal -0 0 1
    outer loop
      vertex -21.2 0 4.6
      vertex -18.9287 -0.546172 4.6
      vertex -18.9556 0 4.6
    endloop
  endfacet
  facet normal 0 0 1
    outer loop
      vertex -21.2 0 4.6
      vertex -18.9233 0.601448 4.6
      vertex -21.0979 2.07796 4.6
    endloop
  endfacet
  facet normal 0 0 1
    outer loop
      vertex -15.3408 -5.40983 4.6
      vertex -19.5862 -8.11289 4.6
      vertex -18.6967 -9.99361 4.6
    endloop
  endfacet
  facet normal 0 0 1
    outer loop
      vertex -18.9233 0.601448 4.6
      vertex -21.2 0 4.6
      vertex -18.9274 0.573944 4.6
    endloop
  endfacet
  facet normal 0 0 1
    outer loop
      vertex -16.7924 -4.54297 4.6
      vertex -20.2871 -6.15403 4.6
      vertex -19.5862 -8.11289 4.6
    endloop
  endfacet
  facet normal 0 0 1
    outer loop
      vertex -18.9274 0.573944 4.6
      vertex -21.2 0 4.6
      vertex -18.9287 0.546172 4.6
    endloop
  endfacet
  facet normal 0 0 1
    outer loop
      vertex -17.643 -3.69239 4.6
      vertex -20.7926 -4.13591 4.6
      vertex -20.2871 -6.15403 4.6
    endloop
  endfacet
  facet normal 0 0 1
    outer loop
      vertex -18.9287 0.546172 4.6
      vertex -21.2 0 4.6
      vertex -18.9556 0 4.6
    endloop
  endfacet
  facet normal 0 0 1
    outer loop
      vertex -18.5098 -2.24082 4.6
      vertex -21.0979 -2.07796 4.6
      vertex -20.7926 -4.13591 4.6
    endloop
  endfacet
  facet normal 0 0 1
    outer loop
      vertex -18.9233 -0.601448 4.6
      vertex -21.2 0 4.6
      vertex -21.0979 -2.07796 4.6
    endloop
  endfacet
  facet normal 0 0 1
    outer loop
      vertex -5.22034 -5.64234 4.6
      vertex -7.49658 -1.69978 4.6
      vertex -5.2477 -5.63737 4.6
    endloop
  endfacet
  facet normal -0 0 1
    outer loop
      vertex -7.50595 -1.72596 4.6
      vertex -5.2477 -5.63737 4.6
      vertex -7.49658 -1.69978 4.6
    endloop
  endfacet
  facet normal 0 0 1
    outer loop
      vertex -5.2477 -5.63737 4.6
      vertex -7.50595 -1.72596 4.6
      vertex -5.7857 -5.53947 4.6
    endloop
  endfacet
  facet normal -0 0 1
    outer loop
      vertex -7.69017 -2.24082 4.6
      vertex -5.7857 -5.53947 4.6
      vertex -7.50595 -1.72596 4.6
    endloop
  endfacet
  facet normal 0 0 1
    outer loop
      vertex -5.7857 -5.53947 4.6
      vertex -7.69017 -2.24082 4.6
      vertex -6.3307 -5.49479 4.6
    endloop
  endfacet
  facet normal -0 0 1
    outer loop
      vertex -7.92397 -2.73515 4.6
      vertex -6.3307 -5.49479 4.6
      vertex -7.69017 -2.24082 4.6
    endloop
  endfacet
  facet normal 0 0 1
    outer loop
      vertex -6.3307 -5.49479 4.6
      vertex -7.92397 -2.73515 4.6
      vertex -6.35841 -5.49251 4.6
    endloop
  endfacet
  facet normal -0 0 1
    outer loop
      vertex -7.93586 -2.76029 4.6
      vertex -6.35841 -5.49251 4.6
      vertex -7.92397 -2.73515 4.6
    endloop
  endfacet
  facet normal 0 0 1
    outer loop
      vertex -6.35841 -5.49251 4.6
      vertex -7.93586 -2.76029 4.6
      vertex -6.90517 -5.50146 4.6
    endloop
  endfacet
  facet normal -0 0 1
    outer loop
      vertex -8.21699 -3.22932 4.6
      vertex -6.90517 -5.50146 4.6
      vertex -7.93586 -2.76029 4.6
    endloop
  endfacet
  facet normal 0 0 1
    outer loop
      vertex -6.90517 -5.50146 4.6
      vertex -8.21699 -3.22932 4.6
      vertex -6.93297 -5.50192 4.6
    endloop
  endfacet
  facet normal -0 0 1
    outer loop
      vertex -8.23128 -3.25317 4.6
      vertex -6.93297 -5.50192 4.6
      vertex -8.21699 -3.22932 4.6
    endloop
  endfacet
  facet normal 0 0 1
    outer loop
      vertex -6.93297 -5.50192 4.6
      vertex -8.23128 -3.25317 4.6
      vertex -7.47622 -5.56441 4.6
    endloop
  endfacet
  facet normal -0 0 1
    outer loop
      vertex -8.55703 -3.69239 4.6
      vertex -7.47622 -5.56441 4.6
      vertex -8.23128 -3.25317 4.6
    endloop
  endfacet
  facet normal 0 0 1
    outer loop
      vertex -7.47622 -5.56441 4.6
      vertex -8.55703 -3.69239 4.6
      vertex -7.50384 -5.56759 4.6
    endloop
  endfacet
  facet normal -0 0 1
    outer loop
      vertex -8.5736 -3.71472 4.6
      vertex -7.50384 -5.56759 4.6
      vertex -8.55703 -3.69239 4.6
    endloop
  endfacet
  facet normal 0 0 1
    outer loop
      vertex -7.50384 -5.56759 4.6
      vertex -8.5736 -3.71472 4.6
      vertex -7.53102 -5.57346 4.6
    endloop
  endfacet
  facet normal -0 0 1
    outer loop
      vertex -8.59227 -3.73533 4.6
      vertex -7.53102 -5.57346 4.6
      vertex -8.5736 -3.71472 4.6
    endloop
  endfacet
  facet normal 0 0 1
    outer loop
      vertex -7.53102 -5.57346 4.6
      vertex -8.59227 -3.73533 4.6
      vertex -8.06553 -5.6889 4.6
    endloop
  endfacet
  facet normal -0 0 1
    outer loop
      vertex -8.9595 -4.1405 4.6
      vertex -8.06553 -5.6889 4.6
      vertex -8.59227 -3.73533 4.6
    endloop
  endfacet
  facet normal 0 0 1
    outer loop
      vertex -8.06553 -5.6889 4.6
      vertex -8.9595 -4.1405 4.6
      vertex -8.58615 -5.85618 4.6
    endloop
  endfacet
  facet normal -0 0 1
    outer loop
      vertex -9.36467 -4.50773 4.6
      vertex -8.58615 -5.85618 4.6
      vertex -8.9595 -4.1405 4.6
    endloop
  endfacet
  facet normal 0 0 1
    outer loop
      vertex -8.58615 -5.85618 4.6
      vertex -9.36467 -4.50773 4.6
      vertex -8.61262 -5.86468 4.6
    endloop
  endfacet
  facet normal -0 0 1
    outer loop
      vertex -9.38528 -4.52641 4.6
      vertex -8.61262 -5.86468 4.6
      vertex -9.36467 -4.50773 4.6
    endloop
  endfacet
  facet normal 0 0 1
    outer loop
      vertex -8.61262 -5.86468 4.6
      vertex -9.38528 -4.52641 4.6
      vertex -8.63813 -5.87574 4.6
    endloop
  endfacet
  facet normal -0 0 1
    outer loop
      vertex -9.40761 -4.54297 4.6
      vertex -8.63813 -5.87574 4.6
      vertex -9.38528 -4.52641 4.6
    endloop
  endfacet
  facet normal 0 0 1
    outer loop
      vertex -8.63813 -5.87574 4.6
      vertex -9.40761 -4.54297 4.6
      vertex -9.13985 -6.09325 4.6
    endloop
  endfacet
  facet normal -0 0 1
    outer loop
      vertex -9.84683 -4.86872 4.6
      vertex -9.13985 -6.09325 4.6
      vertex -9.40761 -4.54297 4.6
    endloop
  endfacet
  facet normal 0 0 1
    outer loop
      vertex -9.13985 -6.09325 4.6
      vertex -9.84683 -4.86872 4.6
      vertex -9.16415 -6.10675 4.6
    endloop
  endfacet
  facet normal -0 0 1
    outer loop
      vertex -9.87068 -4.88301 4.6
      vertex -9.16415 -6.10675 4.6
      vertex -9.84683 -4.86872 4.6
    endloop
  endfacet
  facet normal 0 0 1
    outer loop
      vertex -9.16415 -6.10675 4.6
      vertex -9.87068 -4.88301 4.6
      vertex -9.64213 -6.37238 4.6
    endloop
  endfacet
  facet normal -0 0 1
    outer loop
      vertex -10.3397 -5.16414 4.6
      vertex -9.64213 -6.37238 4.6
      vertex -9.87068 -4.88301 4.6
    endloop
  endfacet
  facet normal 0 0 1
    outer loop
      vertex -9.64213 -6.37238 4.6
      vertex -10.3397 -5.16414 4.6
      vertex -9.66499 -6.38821 4.6
    endloop
  endfacet
  facet normal -0 0 1
    outer loop
      vertex -10.3648 -5.17603 4.6
      vertex -9.66499 -6.38821 4.6
      vertex -10.3397 -5.16414 4.6
    endloop
  endfacet
  facet normal 0 0 1
    outer loop
      vertex -9.66499 -6.38821 4.6
      vertex -10.3648 -5.17603 4.6
      vertex -10.1146 -6.69941 4.6
    endloop
  endfacet
  facet normal -0 0 1
    outer loop
      vertex -10.8592 -5.40983 4.6
      vertex -10.1146 -6.69941 4.6
      vertex -10.3648 -5.17603 4.6
    endloop
  endfacet
  facet normal 0 0 1
    outer loop
      vertex -10.1146 -6.69941 4.6
      vertex -10.8592 -5.40983 4.6
      vertex -10.5316 -7.05319 4.6
    endloop
  endfacet
  facet normal -0 0 1
    outer loop
      vertex -11.374 -5.59405 4.6
      vertex -10.5316 -7.05319 4.6
      vertex -10.8592 -5.40983 4.6
    endloop
  endfacet
  facet normal 0 0 1
    outer loop
      vertex -10.5316 -7.05319 4.6
      vertex -11.374 -5.59405 4.6
      vertex -10.5528 -7.07117 4.6
    endloop
  endfacet
  facet normal -0 0 1
    outer loop
      vertex -11.4002 -5.60342 4.6
      vertex -10.5528 -7.07117 4.6
      vertex -11.374 -5.59405 4.6
    endloop
  endfacet
  facet normal 0 0 1
    outer loop
      vertex -10.5528 -7.07117 4.6
      vertex -11.4002 -5.60342 4.6
      vertex -10.5721 -7.09115 4.6
    endloop
  endfacet
  facet normal -0 0 1
    outer loop
      vertex -11.4272 -5.61017 4.6
      vertex -10.5721 -7.09115 4.6
      vertex -11.4002 -5.60342 4.6
    endloop
  endfacet
  facet normal 0 0 1
    outer loop
      vertex -10.5721 -7.09115 4.6
      vertex -11.4272 -5.61017 4.6
      vertex -10.9524 -7.4841 4.6
    endloop
  endfacet
  facet normal -0 0 1
    outer loop
      vertex -11.9576 -5.74304 4.6
      vertex -10.9524 -7.4841 4.6
      vertex -11.4272 -5.61017 4.6
    endloop
  endfacet
  facet normal 0 0 1
    outer loop
      vertex -10.9524 -7.4841 4.6
      vertex -11.9576 -5.74304 4.6
      vertex -11.2924 -7.91242 4.6
    endloop
  endfacet
  facet normal -0 0 1
    outer loop
      vertex -12.4986 -5.82328 4.6
      vertex -11.2924 -7.91242 4.6
      vertex -11.9576 -5.74304 4.6
    endloop
  endfacet
  facet normal 0 0 1
    outer loop
      vertex -11.2924 -7.91242 4.6
      vertex -12.4986 -5.82328 4.6
      vertex -11.3097 -7.9342 4.6
    endloop
  endfacet
  facet normal -0 0 1
    outer loop
      vertex -12.5261 -5.82736 4.6
      vertex -11.3097 -7.9342 4.6
      vertex -12.4986 -5.82328 4.6
    endloop
  endfacet
  facet normal 0 0 1
    outer loop
      vertex -11.3097 -7.9342 4.6
      vertex -12.5261 -5.82736 4.6
      vertex -11.3247 -7.95757 4.6
    endloop
  endfacet
  facet normal -0 0 1
    outer loop
      vertex -12.5538 -5.82872 4.6
      vertex -11.3247 -7.95757 4.6
      vertex -12.5261 -5.82736 4.6
    endloop
  endfacet
  facet normal 0 0 1
    outer loop
      vertex -11.3247 -7.95757 4.6
      vertex -12.5538 -5.82872 4.6
      vertex -11.6211 -8.41716 4.6
    endloop
  endfacet
  facet normal -0 0 1
    outer loop
      vertex -13.1 -5.85556 4.6
      vertex -11.6211 -8.41716 4.6
      vertex -12.5538 -5.82872 4.6
    endloop
  endfacet
  facet normal 0 0 1
    outer loop
      vertex -11.6211 -8.41716 4.6
      vertex -13.1 -5.85556 4.6
      vertex -11.8709 -8.90357 4.6
    endloop
  endfacet
  facet normal 0 0 1
    outer loop
      vertex -13.6462 -5.82872 4.6
      vertex -11.8709 -8.90357 4.6
      vertex -13.1 -5.85556 4.6
    endloop
  endfacet
  facet normal 0 0 1
    outer loop
      vertex -11.8709 -8.90357 4.6
      vertex -13.6462 -5.82872 4.6
      vertex -11.8836 -8.9283 4.6
    endloop
  endfacet
  facet normal 0 0 1
    outer loop
      vertex -13.6739 -5.82736 4.6
      vertex -11.8836 -8.9283 4.6
      vertex -13.6462 -5.82872 4.6
    endloop
  endfacet
  facet normal 0 0 1
    outer loop
      vertex -11.8938 -8.95416 4.6
      vertex -13.7014 -5.82328 4.6
      vertex -12.0948 -9.46273 4.6
    endloop
  endfacet
  facet normal 0 0 1
    outer loop
      vertex -13.7014 -5.82328 4.6
      vertex -11.8938 -8.95416 4.6
      vertex -13.6739 -5.82736 4.6
    endloop
  endfacet
  facet normal 0 0 1
    outer loop
      vertex -11.8836 -8.9283 4.6
      vertex -13.6739 -5.82736 4.6
      vertex -11.8938 -8.95416 4.6
    endloop
  endfacet
  facet normal 0 0 1
    outer loop
      vertex 17.6272 -11.7781 4.6
      vertex 12.4001 -11.1256 4.6
      vertex 12.4024 -11.1533 4.6
    endloop
  endfacet
  facet normal 0 0 1
    outer loop
      vertex 12.5261 -5.82736 4.6
      vertex 12.3555 -10.5806 4.6
      vertex 12.4001 -11.1256 4.6
    endloop
  endfacet
  facet normal 0 0 1
    outer loop
      vertex 12.5261 -5.82736 4.6
      vertex 12.2576 -10.0426 4.6
      vertex 12.3555 -10.5806 4.6
    endloop
  endfacet
  facet normal 0 0 1
    outer loop
      vertex 12.5261 -5.82736 4.6
      vertex 12.2526 -10.0153 4.6
      vertex 12.2576 -10.0426 4.6
    endloop
  endfacet
  facet normal 0 0 1
    outer loop
      vertex 12.5261 -5.82736 4.6
      vertex 12.245 -9.98854 4.6
      vertex 12.2526 -10.0153 4.6
    endloop
  endfacet
  facet normal 0 0 1
    outer loop
      vertex 12.5261 -5.82736 4.6
      vertex 12.0948 -9.46273 4.6
      vertex 12.245 -9.98854 4.6
    endloop
  endfacet
  facet normal 0 0 1
    outer loop
      vertex 11.2924 -7.91242 4.6
      vertex 12.4986 -5.82328 4.6
      vertex 11.9576 -5.74304 4.6
    endloop
  endfacet
  facet normal 0 0 1
    outer loop
      vertex 12.5261 -5.82736 4.6
      vertex 11.8938 -8.95416 4.6
      vertex 12.0948 -9.46273 4.6
    endloop
  endfacet
  facet normal 0 0 1
    outer loop
      vertex 12.5261 -5.82736 4.6
      vertex 11.8836 -8.9283 4.6
      vertex 11.8938 -8.95416 4.6
    endloop
  endfacet
  facet normal 0 0 1
    outer loop
      vertex 12.5261 -5.82736 4.6
      vertex 11.8709 -8.90357 4.6
      vertex 11.8836 -8.9283 4.6
    endloop
  endfacet
  facet normal 0 0 1
    outer loop
      vertex 12.5261 -5.82736 4.6
      vertex 11.6211 -8.41716 4.6
      vertex 11.8709 -8.90357 4.6
    endloop
  endfacet
  facet normal 0 0 1
    outer loop
      vertex 10.9524 -7.4841 4.6
      vertex 11.9576 -5.74304 4.6
      vertex 11.4272 -5.61017 4.6
    endloop
  endfacet
  facet normal 0 0 1
    outer loop
      vertex 10.5721 -7.09115 4.6
      vertex 11.4272 -5.61017 4.6
      vertex 11.4002 -5.60342 4.6
    endloop
  endfacet
  facet normal 0 0 1
    outer loop
      vertex 10.5528 -7.07117 4.6
      vertex 11.4002 -5.60342 4.6
      vertex 11.374 -5.59405 4.6
    endloop
  endfacet
  facet normal 0 0 1
    outer loop
      vertex 12.5261 -5.82736 4.6
      vertex 11.3247 -7.95757 4.6
      vertex 11.6211 -8.41716 4.6
    endloop
  endfacet
  facet normal 0 0 1
    outer loop
      vertex 12.5261 -5.82736 4.6
      vertex 11.3097 -7.9342 4.6
      vertex 11.3247 -7.95757 4.6
    endloop
  endfacet
  facet normal 0 0 1
    outer loop
      vertex 12.4986 -5.82328 4.6
      vertex 11.2924 -7.91242 4.6
      vertex 11.3097 -7.9342 4.6
    endloop
  endfacet
  facet normal 0 0 1
    outer loop
      vertex 11.9576 -5.74304 4.6
      vertex 10.9524 -7.4841 4.6
      vertex 11.2924 -7.91242 4.6
    endloop
  endfacet
  facet normal 0 0 1
    outer loop
      vertex 10.5316 -7.05319 4.6
      vertex 11.374 -5.59405 4.6
      vertex 10.8592 -5.40983 4.6
    endloop
  endfacet
  facet normal 0 0 1
    outer loop
      vertex 11.4272 -5.61017 4.6
      vertex 10.5721 -7.09115 4.6
      vertex 10.9524 -7.4841 4.6
    endloop
  endfacet
  facet normal 0 0 1
    outer loop
      vertex 11.4002 -5.60342 4.6
      vertex 10.5528 -7.07117 4.6
      vertex 10.5721 -7.09115 4.6
    endloop
  endfacet
  facet normal 0 0 1
    outer loop
      vertex 11.374 -5.59405 4.6
      vertex 10.5316 -7.05319 4.6
      vertex 10.5528 -7.07117 4.6
    endloop
  endfacet
  facet normal 0 0 1
    outer loop
      vertex 10.1146 -6.69941 4.6
      vertex 10.8592 -5.40983 4.6
      vertex 10.3648 -5.17603 4.6
    endloop
  endfacet
  facet normal 0 0 1
    outer loop
      vertex 9.66499 -6.38821 4.6
      vertex 10.3648 -5.17603 4.6
      vertex 10.3397 -5.16414 4.6
    endloop
  endfacet
  facet normal 0 0 1
    outer loop
      vertex 10.8592 -5.40983 4.6
      vertex 10.1146 -6.69941 4.6
      vertex 10.5316 -7.05319 4.6
    endloop
  endfacet
  facet normal 0 0 1
    outer loop
      vertex 9.64213 -6.37238 4.6
      vertex 10.3397 -5.16414 4.6
      vertex 9.87068 -4.88301 4.6
    endloop
  endfacet
  facet normal 0 0 1
    outer loop
      vertex 9.16415 -6.10675 4.6
      vertex 9.87068 -4.88301 4.6
      vertex 9.84683 -4.86872 4.6
    endloop
  endfacet
  facet normal 0 0 1
    outer loop
      vertex 10.3648 -5.17603 4.6
      vertex 9.66499 -6.38821 4.6
      vertex 10.1146 -6.69941 4.6
    endloop
  endfacet
  facet normal 0 0 1
    outer loop
      vertex 10.3397 -5.16414 4.6
      vertex 9.64213 -6.37238 4.6
      vertex 9.66499 -6.38821 4.6
    endloop
  endfacet
  facet normal 0 0 1
    outer loop
      vertex 9.13985 -6.09325 4.6
      vertex 9.84683 -4.86872 4.6
      vertex 9.40761 -4.54297 4.6
    endloop
  endfacet
  facet normal 0 0 1
    outer loop
      vertex 8.63813 -5.87574 4.6
      vertex 9.40761 -4.54297 4.6
      vertex 9.38528 -4.52641 4.6
    endloop
  endfacet
  facet normal 0 0 1
    outer loop
      vertex 8.61262 -5.86468 4.6
      vertex 9.38528 -4.52641 4.6
      vertex 9.36467 -4.50773 4.6
    endloop
  endfacet
  facet normal 0 0 1
    outer loop
      vertex 9.87068 -4.88301 4.6
      vertex 9.16415 -6.10675 4.6
      vertex 9.64213 -6.37238 4.6
    endloop
  endfacet
  facet normal 0 0 1
    outer loop
      vertex 9.84683 -4.86872 4.6
      vertex 9.13985 -6.09325 4.6
      vertex 9.16415 -6.10675 4.6
    endloop
  endfacet
  facet normal 0 0 1
    outer loop
      vertex 8.58615 -5.85618 4.6
      vertex 9.36467 -4.50773 4.6
      vertex 8.9595 -4.1405 4.6
    endloop
  endfacet
  facet normal 0 0 1
    outer loop
      vertex 9.40761 -4.54297 4.6
      vertex 8.63813 -5.87574 4.6
      vertex 9.13985 -6.09325 4.6
    endloop
  endfacet
  facet normal 0 0 1
    outer loop
      vertex 9.38528 -4.52641 4.6
      vertex 8.61262 -5.86468 4.6
      vertex 8.63813 -5.87574 4.6
    endloop
  endfacet
  facet normal 0 0 1
    outer loop
      vertex 8.06553 -5.6889 4.6
      vertex 8.9595 -4.1405 4.6
      vertex 8.59227 -3.73533 4.6
    endloop
  endfacet
  facet normal 0 0 1
    outer loop
      vertex 9.36467 -4.50773 4.6
      vertex 8.58615 -5.85618 4.6
      vertex 8.61262 -5.86468 4.6
    endloop
  endfacet
  facet normal 0 0 1
    outer loop
      vertex 7.53102 -5.57346 4.6
      vertex 8.59227 -3.73533 4.6
      vertex 8.5736 -3.71472 4.6
    endloop
  endfacet
  facet normal 0 0 1
    outer loop
      vertex 7.50384 -5.56759 4.6
      vertex 8.5736 -3.71472 4.6
      vertex 8.55703 -3.69239 4.6
    endloop
  endfacet
  facet normal 0 0 1
    outer loop
      vertex 7.47622 -5.56441 4.6
      vertex 8.55703 -3.69239 4.6
      vertex 8.23128 -3.25317 4.6
    endloop
  endfacet
  facet normal 0 0 1
    outer loop
      vertex 6.93297 -5.50192 4.6
      vertex 8.23128 -3.25317 4.6
      vertex 8.21699 -3.22932 4.6
    endloop
  endfacet
  facet normal 0 0 1
    outer loop
      vertex 8.9595 -4.1405 4.6
      vertex 8.06553 -5.6889 4.6
      vertex 8.58615 -5.85618 4.6
    endloop
  endfacet
  facet normal 0 0 1
    outer loop
      vertex 6.90517 -5.50146 4.6
      vertex 8.21699 -3.22932 4.6
      vertex 7.93586 -2.76029 4.6
    endloop
  endfacet
  facet normal 0 0 1
    outer loop
      vertex 6.35841 -5.49251 4.6
      vertex 7.93586 -2.76029 4.6
      vertex 7.92397 -2.73515 4.6
    endloop
  endfacet
  facet normal 0 0 1
    outer loop
      vertex 6.3307 -5.49479 4.6
      vertex 7.92397 -2.73515 4.6
      vertex 7.69017 -2.24082 4.6
    endloop
  endfacet
  facet normal 0 0 1
    outer loop
      vertex 8.59227 -3.73533 4.6
      vertex 7.53102 -5.57346 4.6
      vertex 8.06553 -5.6889 4.6
    endloop
  endfacet
  facet normal 0 0 1
    outer loop
      vertex 5.7857 -5.53947 4.6
      vertex 7.69017 -2.24082 4.6
      vertex 7.50595 -1.72596 4.6
    endloop
  endfacet
  facet normal 0 0 1
    outer loop
      vertex 8.5736 -3.71472 4.6
      vertex 7.50384 -5.56759 4.6
      vertex 7.53102 -5.57346 4.6
    endloop
  endfacet
  facet normal 0 0 1
    outer loop
      vertex 5.2477 -5.63737 4.6
      vertex 7.50595 -1.72596 4.6
      vertex 7.49658 -1.69978 4.6
    endloop
  endfacet
  facet normal 0 0 1
    outer loop
      vertex 5.22034 -5.64234 4.6
      vertex 7.49658 -1.69978 4.6
      vertex 7.48983 -1.67281 4.6
    endloop
  endfacet
  facet normal 0 0 1
    outer loop
      vertex 8.55703 -3.69239 4.6
      vertex 7.47622 -5.56441 4.6
      vertex 7.50384 -5.56759 4.6
    endloop
  endfacet
  facet normal 0 0 1
    outer loop
      vertex 5.19361 -5.64998 4.6
      vertex 7.48983 -1.67281 4.6
      vertex 7.35696 -1.14236 4.6
    endloop
  endfacet
  facet normal 0 0 1
    outer loop
      vertex 4.66779 -5.80013 4.6
      vertex 7.35696 -1.14236 4.6
      vertex 7.27672 -0.601448 4.6
    endloop
  endfacet
  facet normal 0 0 1
    outer loop
      vertex 4.15923 -6.0011 4.6
      vertex 7.27672 -0.601448 4.6
      vertex 7.27264 -0.573944 4.6
    endloop
  endfacet
  facet normal 0 0 1
    outer loop
      vertex 4.13337 -6.01132 4.6
      vertex 7.27264 -0.573944 4.6
      vertex 7.27128 -0.546172 4.6
    endloop
  endfacet
  facet normal 0 0 1
    outer loop
      vertex 4.10864 -6.02402 4.6
      vertex 7.27128 -0.546172 4.6
      vertex 7.24445 0 4.6
    endloop
  endfacet
  facet normal 0 0 1
    outer loop
      vertex 7.49658 1.69978 4.6
      vertex 5.22034 5.64234 4.6
      vertex 7.48983 1.67281 4.6
    endloop
  endfacet
  facet normal 0 0 1
    outer loop
      vertex 8.23128 -3.25317 4.6
      vertex 6.93297 -5.50192 4.6
      vertex 7.47622 -5.56441 4.6
    endloop
  endfacet
  facet normal 0 0 1
    outer loop
      vertex 5.19361 5.64998 4.6
      vertex 7.48983 1.67281 4.6
      vertex 5.22034 5.64234 4.6
    endloop
  endfacet
  facet normal 0 0 1
    outer loop
      vertex 8.21699 -3.22932 4.6
      vertex 6.90517 -5.50146 4.6
      vertex 6.93297 -5.50192 4.6
    endloop
  endfacet
  facet normal 0 0 1
    outer loop
      vertex 7.48983 1.67281 4.6
      vertex 5.19361 5.64998 4.6
      vertex 7.35696 1.14236 4.6
    endloop
  endfacet
  facet normal 0 0 1
    outer loop
      vertex 7.93586 -2.76029 4.6
      vertex 6.35841 -5.49251 4.6
      vertex 6.90517 -5.50146 4.6
    endloop
  endfacet
  facet normal 0 0 1
    outer loop
      vertex 4.66779 5.80013 4.6
      vertex 7.35696 1.14236 4.6
      vertex 5.19361 5.64998 4.6
    endloop
  endfacet
  facet normal 0 0 1
    outer loop
      vertex 7.92397 -2.73515 4.6
      vertex 6.3307 -5.49479 4.6
      vertex 6.35841 -5.49251 4.6
    endloop
  endfacet
  facet normal 0 0 1
    outer loop
      vertex 7.35696 1.14236 4.6
      vertex 4.66779 5.80013 4.6
      vertex 7.27672 0.601448 4.6
    endloop
  endfacet
  facet normal 0 0 1
    outer loop
      vertex 7.69017 -2.24082 4.6
      vertex 5.7857 -5.53947 4.6
      vertex 6.3307 -5.49479 4.6
    endloop
  endfacet
  facet normal 0 0 1
    outer loop
      vertex 4.15923 6.0011 4.6
      vertex 7.27672 0.601448 4.6
      vertex 4.66779 5.80013 4.6
    endloop
  endfacet
  facet normal 0 0 1
    outer loop
      vertex 7.50595 -1.72596 4.6
      vertex 5.2477 -5.63737 4.6
      vertex 5.7857 -5.53947 4.6
    endloop
  endfacet
  facet normal 0 0 1
    outer loop
      vertex 7.27672 0.601448 4.6
      vertex 4.15923 6.0011 4.6
      vertex 7.27264 0.573944 4.6
    endloop
  endfacet
  facet normal 0 0 1
    outer loop
      vertex 7.49658 -1.69978 4.6
      vertex 5.22034 -5.64234 4.6
      vertex 5.2477 -5.63737 4.6
    endloop
  endfacet
  facet normal 0 0 1
    outer loop
      vertex 4.13337 6.01132 4.6
      vertex 7.27264 0.573944 4.6
      vertex 4.15923 6.0011 4.6
    endloop
  endfacet
  facet normal 0 0 1
    outer loop
      vertex 7.48983 -1.67281 4.6
      vertex 5.19361 -5.64998 4.6
      vertex 5.22034 -5.64234 4.6
    endloop
  endfacet
  facet normal 0 0 1
    outer loop
      vertex 7.27264 0.573944 4.6
      vertex 4.13337 6.01132 4.6
      vertex 7.27128 0.546172 4.6
    endloop
  endfacet
  facet normal 0 0 1
    outer loop
      vertex 7.35696 -1.14236 4.6
      vertex 4.66779 -5.80013 4.6
      vertex 5.19361 -5.64998 4.6
    endloop
  endfacet
  facet normal 0 0 1
    outer loop
      vertex 4.10864 6.02402 4.6
      vertex 7.27128 0.546172 4.6
      vertex 4.13337 6.01132 4.6
    endloop
  endfacet
  facet normal 0 0 1
    outer loop
      vertex 7.27672 -0.601448 4.6
      vertex 4.15923 -6.0011 4.6
      vertex 4.66779 -5.80013 4.6
    endloop
  endfacet
  facet normal 0 0 1
    outer loop
      vertex 7.27128 0.546172 4.6
      vertex 4.10864 6.02402 4.6
      vertex 7.24445 0 4.6
    endloop
  endfacet
  facet normal 0 0 1
    outer loop
      vertex 7.27264 -0.573944 4.6
      vertex 4.13337 -6.01132 4.6
      vertex 4.15923 -6.0011 4.6
    endloop
  endfacet
  facet normal 0 0 1
    outer loop
      vertex 3.62222 6.27387 4.6
      vertex 7.24445 0 4.6
      vertex 4.10864 6.02402 4.6
    endloop
  endfacet
  facet normal 0 0 1
    outer loop
      vertex 7.27128 -0.546172 4.6
      vertex 4.10864 -6.02402 4.6
      vertex 4.13337 -6.01132 4.6
    endloop
  endfacet
  facet normal 0 0 1
    outer loop
      vertex 3.62222 -6.27387 4.6
      vertex 7.24445 0 4.6
      vertex 3.62222 6.27387 4.6
    endloop
  endfacet
  facet normal 0 0 1
    outer loop
      vertex 7.24445 0 4.6
      vertex 3.62222 -6.27387 4.6
      vertex 4.10864 -6.02402 4.6
    endloop
  endfacet
  facet normal 0 0 1
    outer loop
      vertex 3.16264 6.5702 4.6
      vertex 3.62222 -6.27387 4.6
      vertex 3.62222 6.27387 4.6
    endloop
  endfacet
  facet normal 0 0 1
    outer loop
      vertex 3.16264 6.5702 4.6
      vertex 3.16264 -6.5702 4.6
      vertex 3.62222 -6.27387 4.6
    endloop
  endfacet
  facet normal 0 0 1
    outer loop
      vertex 3.13927 6.58526 4.6
      vertex 3.16264 -6.5702 4.6
      vertex 3.16264 6.5702 4.6
    endloop
  endfacet
  facet normal 0 0 1
    outer loop
      vertex 3.13927 6.58526 4.6
      vertex 3.13927 -6.58526 4.6
      vertex 3.16264 -6.5702 4.6
    endloop
  endfacet
  facet normal 0 0 1
    outer loop
      vertex 3.11749 6.60255 4.6
      vertex 3.13927 -6.58526 4.6
      vertex 3.13927 6.58526 4.6
    endloop
  endfacet
  facet normal 0 0 1
    outer loop
      vertex 3.11749 6.60255 4.6
      vertex 3.11749 -6.60255 4.6
      vertex 3.13927 -6.58526 4.6
    endloop
  endfacet
  facet normal 0 0 1
    outer loop
      vertex 2.68916 6.94249 4.6
      vertex 3.11749 -6.60255 4.6
      vertex 3.11749 6.60255 4.6
    endloop
  endfacet
  facet normal 0 0 1
    outer loop
      vertex 2.68916 6.94249 4.6
      vertex 2.68916 -6.94249 4.6
      vertex 3.11749 -6.60255 4.6
    endloop
  endfacet
  facet normal 0 0 1
    outer loop
      vertex 2.29622 7.32278 4.6
      vertex 2.68916 -6.94249 4.6
      vertex 2.68916 6.94249 4.6
    endloop
  endfacet
  facet normal 0 0 1
    outer loop
      vertex 2.29622 7.32278 4.6
      vertex 2.29622 -7.32278 4.6
      vertex 2.68916 -6.94249 4.6
    endloop
  endfacet
  facet normal 0 0 1
    outer loop
      vertex 2.27624 7.34212 4.6
      vertex 2.29622 -7.32278 4.6
      vertex 2.29622 7.32278 4.6
    endloop
  endfacet
  facet normal 0 0 1
    outer loop
      vertex 2.27624 7.34212 4.6
      vertex 2.27624 -7.34212 4.6
      vertex 2.29622 -7.32278 4.6
    endloop
  endfacet
  facet normal 0 0 1
    outer loop
      vertex 2.25825 7.36332 4.6
      vertex 2.27624 -7.34212 4.6
      vertex 2.27624 7.34212 4.6
    endloop
  endfacet
  facet normal 0 0 1
    outer loop
      vertex 2.25825 7.36332 4.6
      vertex 2.25825 -7.36332 4.6
      vertex 2.27624 -7.34212 4.6
    endloop
  endfacet
  facet normal 0 0 1
    outer loop
      vertex 1.90448 7.7803 4.6
      vertex 2.25825 -7.36332 4.6
      vertex 2.25825 7.36332 4.6
    endloop
  endfacet
  facet normal 0 0 1
    outer loop
      vertex 1.90448 7.7803 4.6
      vertex 1.90448 -7.7803 4.6
      vertex 2.25825 -7.36332 4.6
    endloop
  endfacet
  facet normal 0 0 1
    outer loop
      vertex 1.06975 9.28231 4.6
      vertex -1.06975 9.28231 4.6
      vertex 1.08081 9.2568 4.6
    endloop
  endfacet
  facet normal 0 0 1
    outer loop
      vertex -1.08081 9.2568 4.6
      vertex 1.08081 9.2568 4.6
      vertex -1.06975 9.28231 4.6
    endloop
  endfacet
  facet normal 0 0 1
    outer loop
      vertex -1.06975 9.28231 4.6
      vertex 1.06975 9.28231 4.6
      vertex -1.06125 9.30879 4.6
    endloop
  endfacet
  facet normal 0 0 1
    outer loop
      vertex 1.08081 9.2568 4.6
      vertex -1.08081 9.2568 4.6
      vertex 1.29831 8.75509 4.6
    endloop
  endfacet
  facet normal 0 0 1
    outer loop
      vertex 0.893969 9.8294 4.6
      vertex -0.893969 9.8294 4.6
      vertex 1.06125 9.30879 4.6
    endloop
  endfacet
  facet normal 0 0 1
    outer loop
      vertex -1.06125 9.30879 4.6
      vertex 1.06125 9.30879 4.6
      vertex -0.893969 9.8294 4.6
    endloop
  endfacet
  facet normal 0 0 1
    outer loop
      vertex 0.778526 10.3639 4.6
      vertex -0.778526 10.3639 4.6
      vertex 0.893969 9.8294 4.6
    endloop
  endfacet
  facet normal 0 0 1
    outer loop
      vertex -0.893969 9.8294 4.6
      vertex 0.893969 9.8294 4.6
      vertex -0.778526 10.3639 4.6
    endloop
  endfacet
  facet normal 0 0 1
    outer loop
      vertex -0.778526 10.3639 4.6
      vertex 0.778526 10.3639 4.6
      vertex -0.772656 10.3911 4.6
    endloop
  endfacet
  facet normal 0 0 1
    outer loop
      vertex 1.06125 9.30879 4.6
      vertex -1.06125 9.30879 4.6
      vertex 1.06975 9.28231 4.6
    endloop
  endfacet
  facet normal 0 0 1
    outer loop
      vertex 0.772656 10.3911 4.6
      vertex -0.772656 10.3911 4.6
      vertex 0.778526 10.3639 4.6
    endloop
  endfacet
  facet normal 0 0 1
    outer loop
      vertex 1.31182 -8.73078 4.6
      vertex -0.697581 -11.5365 4.6
      vertex 1.29831 -8.75509 4.6
    endloop
  endfacet
  facet normal 0 0 1
    outer loop
      vertex -0.772656 10.3911 4.6
      vertex 0.772656 10.3911 4.6
      vertex -0.769478 10.4187 4.6
    endloop
  endfacet
  facet normal 0 0 1
    outer loop
      vertex 1.29831 -8.75509 4.6
      vertex -0.697581 -11.5365 4.6
      vertex 1.08081 -9.2568 4.6
    endloop
  endfacet
  facet normal 0 0 1
    outer loop
      vertex 0.769478 10.4187 4.6
      vertex -0.769478 10.4187 4.6
      vertex 0.772656 10.3911 4.6
    endloop
  endfacet
  facet normal 0 0 1
    outer loop
      vertex 1.08081 -9.2568 4.6
      vertex -0.697581 -11.5365 4.6
      vertex 1.06975 -9.28231 4.6
    endloop
  endfacet
  facet normal 0 0 1
    outer loop
      vertex -0.769478 10.4187 4.6
      vertex 0.769478 10.4187 4.6
      vertex -0.706983 10.962 4.6
    endloop
  endfacet
  facet normal 0 0 1
    outer loop
      vertex 1.06975 -9.28231 4.6
      vertex -0.697581 -11.5365 4.6
      vertex 1.06125 -9.30879 4.6
    endloop
  endfacet
  facet normal 0 0 1
    outer loop
      vertex 0.706983 10.962 4.6
      vertex -0.706983 10.962 4.6
      vertex 0.769478 10.4187 4.6
    endloop
  endfacet
  facet normal 0 0 1
    outer loop
      vertex 1.06125 -9.30879 4.6
      vertex -0.697581 -11.5365 4.6
      vertex 0.893969 -9.8294 4.6
    endloop
  endfacet
  facet normal 0 0 1
    outer loop
      vertex -0.706983 10.962 4.6
      vertex 0.706983 10.962 4.6
      vertex -0.706528 10.9898 4.6
    endloop
  endfacet
  facet normal 0 0 1
    outer loop
      vertex 0.893969 -9.8294 4.6
      vertex -0.697581 -11.5365 4.6
      vertex 0.778526 -10.3639 4.6
    endloop
  endfacet
  facet normal 0 0 1
    outer loop
      vertex 0.706528 10.9898 4.6
      vertex -0.706528 10.9898 4.6
      vertex 0.706983 10.962 4.6
    endloop
  endfacet
  facet normal 0 0 1
    outer loop
      vertex 0.778526 -10.3639 4.6
      vertex -0.697581 -11.5365 4.6
      vertex 0.772656 -10.3911 4.6
    endloop
  endfacet
  facet normal 0 0 1
    outer loop
      vertex -0.706528 10.9898 4.6
      vertex 0.706528 10.9898 4.6
      vertex -0.697581 11.5365 4.6
    endloop
  endfacet
  facet normal 0 0 1
    outer loop
      vertex 0.772656 -10.3911 4.6
      vertex -0.697581 -11.5365 4.6
      vertex 0.769478 -10.4187 4.6
    endloop
  endfacet
  facet normal -0 0 1
    outer loop
      vertex -0.697581 11.5365 4.6
      vertex 0.706528 10.9898 4.6
      vertex 0.697581 11.5365 4.6
    endloop
  endfacet
  facet normal 0 0 1
    outer loop
      vertex 0.769478 -10.4187 4.6
      vertex -0.697581 -11.5365 4.6
      vertex 0.706983 -10.962 4.6
    endloop
  endfacet
  facet normal -0 0 1
    outer loop
      vertex 18.9233 0.601448 4.6
      vertex 21.2 0 4.6
      vertex 21.0979 2.07796 4.6
    endloop
  endfacet
  facet normal -0 0 1
    outer loop
      vertex 18.5098 2.24082 4.6
      vertex 21.0979 2.07796 4.6
      vertex 20.7926 4.13591 4.6
    endloop
  endfacet
  facet normal 0 0 1
    outer loop
      vertex 21.2 0 4.6
      vertex 18.9274 0.573944 4.6
      vertex 18.9287 0.546172 4.6
    endloop
  endfacet
  facet normal 0 0 1
    outer loop
      vertex 17.643 3.69239 4.6
      vertex 20.7926 4.13591 4.6
      vertex 20.2871 6.15403 4.6
    endloop
  endfacet
  facet normal 0 0 1
    outer loop
      vertex 21.2 0 4.6
      vertex 18.9287 0.546172 4.6
      vertex 18.9556 0 4.6
    endloop
  endfacet
  facet normal 0 0 1
    outer loop
      vertex 16.7924 4.54297 4.6
      vertex 20.2871 6.15403 4.6
      vertex 19.5862 8.11289 4.6
    endloop
  endfacet
  facet normal 0 0 1
    outer loop
      vertex 18.9287 -0.546172 4.6
      vertex 21.2 0 4.6
      vertex 18.9556 0 4.6
    endloop
  endfacet
  facet normal 0 0 1
    outer loop
      vertex 21.2 0 4.6
      vertex 18.9233 -0.601448 4.6
      vertex 21.0979 -2.07796 4.6
    endloop
  endfacet
  facet normal 0 0 1
    outer loop
      vertex 18.9233 -0.601448 4.6
      vertex 21.2 0 4.6
      vertex 18.9274 -0.573944 4.6
    endloop
  endfacet
  facet normal 0 0 1
    outer loop
      vertex 18.9274 -0.573944 4.6
      vertex 21.2 0 4.6
      vertex 18.9287 -0.546172 4.6
    endloop
  endfacet
  facet normal 0 0 1
    outer loop
      vertex 21.2 0 4.6
      vertex 18.9233 0.601448 4.6
      vertex 18.9274 0.573944 4.6
    endloop
  endfacet
  facet normal 0 0 1
    outer loop
      vertex 21.0979 2.07796 4.6
      vertex 18.843 1.14236 4.6
      vertex 18.9233 0.601448 4.6
    endloop
  endfacet
  facet normal 0 0 1
    outer loop
      vertex 21.0979 2.07796 4.6
      vertex 18.7102 1.67281 4.6
      vertex 18.843 1.14236 4.6
    endloop
  endfacet
  facet normal 0 0 1
    outer loop
      vertex 21.0979 2.07796 4.6
      vertex 18.7034 1.69978 4.6
      vertex 18.7102 1.67281 4.6
    endloop
  endfacet
  facet normal 0 0 1
    outer loop
      vertex 15.3408 5.40983 4.6
      vertex 19.5862 8.11289 4.6
      vertex 18.6967 9.99361 4.6
    endloop
  endfacet
  facet normal 0 0 1
    outer loop
      vertex 21.0979 2.07796 4.6
      vertex 18.694 1.72596 4.6
      vertex 18.7034 1.69978 4.6
    endloop
  endfacet
  facet normal 0 0 1
    outer loop
      vertex 21.0979 2.07796 4.6
      vertex 18.5098 2.24082 4.6
      vertex 18.694 1.72596 4.6
    endloop
  endfacet
  facet normal 0 0 1
    outer loop
      vertex 20.7926 4.13591 4.6
      vertex 18.276 2.73515 4.6
      vertex 18.5098 2.24082 4.6
    endloop
  endfacet
  facet normal 0 0 1
    outer loop
      vertex 20.7926 4.13591 4.6
      vertex 18.2641 2.76029 4.6
      vertex 18.276 2.73515 4.6
    endloop
  endfacet
  facet normal 0 0 1
    outer loop
      vertex 20.7926 4.13591 4.6
      vertex 17.983 3.22932 4.6
      vertex 18.2641 2.76029 4.6
    endloop
  endfacet
  facet normal 0 0 1
    outer loop
      vertex 20.7926 4.13591 4.6
      vertex 17.9687 3.25317 4.6
      vertex 17.983 3.22932 4.6
    endloop
  endfacet
  facet normal 0 0 1
    outer loop
      vertex 20.7926 4.13591 4.6
      vertex 17.643 3.69239 4.6
      vertex 17.9687 3.25317 4.6
    endloop
  endfacet
  facet normal -0 0 1
    outer loop
      vertex 12.2526 10.0153 4.6
      vertex 18.6967 9.99361 4.6
      vertex 17.6272 11.7781 4.6
    endloop
  endfacet
  facet normal 0 0 1
    outer loop
      vertex 20.2871 6.15403 4.6
      vertex 17.6264 3.71472 4.6
      vertex 17.643 3.69239 4.6
    endloop
  endfacet
  facet normal 0 0 1
    outer loop
      vertex 20.2871 6.15403 4.6
      vertex 17.6077 3.73533 4.6
      vertex 17.6264 3.71472 4.6
    endloop
  endfacet
  facet normal 0 0 1
    outer loop
      vertex 20.2871 6.15403 4.6
      vertex 17.2405 4.1405 4.6
      vertex 17.6077 3.73533 4.6
    endloop
  endfacet
  facet normal 0 0 1
    outer loop
      vertex 20.2871 6.15403 4.6
      vertex 16.8353 4.50773 4.6
      vertex 17.2405 4.1405 4.6
    endloop
  endfacet
  facet normal 0 0 1
    outer loop
      vertex 20.2871 6.15403 4.6
      vertex 16.8147 4.52641 4.6
      vertex 16.8353 4.50773 4.6
    endloop
  endfacet
  facet normal 0 0 1
    outer loop
      vertex 20.2871 6.15403 4.6
      vertex 16.7924 4.54297 4.6
      vertex 16.8147 4.52641 4.6
    endloop
  endfacet
  facet normal 0 0 1
    outer loop
      vertex 12.4024 11.1533 4.6
      vertex 17.6272 11.7781 4.6
      vertex 16.3878 13.4491 4.6
    endloop
  endfacet
  facet normal 0 0 1
    outer loop
      vertex 19.5862 8.11289 4.6
      vertex 16.3532 4.86872 4.6
      vertex 16.7924 4.54297 4.6
    endloop
  endfacet
  facet normal 0 0 1
    outer loop
      vertex 19.5862 8.11289 4.6
      vertex 16.3293 4.88301 4.6
      vertex 16.3532 4.86872 4.6
    endloop
  endfacet
  facet normal 0 0 1
    outer loop
      vertex 19.5862 8.11289 4.6
      vertex 15.8603 5.16414 4.6
      vertex 16.3293 4.88301 4.6
    endloop
  endfacet
  facet normal 0 0 1
    outer loop
      vertex 19.5862 8.11289 4.6
      vertex 15.8352 5.17603 4.6
      vertex 15.8603 5.16414 4.6
    endloop
  endfacet
  facet normal 0 0 1
    outer loop
      vertex 19.5862 8.11289 4.6
      vertex 15.3408 5.40983 4.6
      vertex 15.8352 5.17603 4.6
    endloop
  endfacet
  facet normal 0 0 1
    outer loop
      vertex 12.3215 12.326 4.6
      vertex 16.3878 13.4491 4.6
      vertex 14.9907 14.9907 4.6
    endloop
  endfacet
  facet normal 0 0 1
    outer loop
      vertex 17.6272 11.7781 4.6
      vertex 12.3555 10.5806 4.6
      vertex 12.2576 10.0426 4.6
    endloop
  endfacet
  facet normal 0 0 1
    outer loop
      vertex 18.6967 9.99361 4.6
      vertex 14.826 5.59405 4.6
      vertex 15.3408 5.40983 4.6
    endloop
  endfacet
  facet normal 0 0 1
    outer loop
      vertex 12.2526 10.0153 4.6
      vertex 17.6272 11.7781 4.6
      vertex 12.2576 10.0426 4.6
    endloop
  endfacet
  facet normal 0 0 1
    outer loop
      vertex 18.6967 9.99361 4.6
      vertex 14.7998 5.60342 4.6
      vertex 14.826 5.59405 4.6
    endloop
  endfacet
  facet normal 0 0 1
    outer loop
      vertex 18.6967 9.99361 4.6
      vertex 12.2526 10.0153 4.6
      vertex 12.245 9.98854 4.6
    endloop
  endfacet
  facet normal 0 0 1
    outer loop
      vertex 18.6967 9.99361 4.6
      vertex 14.7728 5.61017 4.6
      vertex 14.7998 5.60342 4.6
    endloop
  endfacet
  facet normal 0 0 1
    outer loop
      vertex 18.6967 9.99361 4.6
      vertex 12.245 9.98854 4.6
      vertex 14.7728 5.61017 4.6
    endloop
  endfacet
  facet normal 0 0 1
    outer loop
      vertex 11.8017 13.9348 4.6
      vertex 14.9907 14.9907 4.6
      vertex 13.4491 16.3878 4.6
    endloop
  endfacet
  facet normal 0 0 1
    outer loop
      vertex 17.6272 11.7781 4.6
      vertex 12.4024 11.1533 4.6
      vertex 12.4001 11.1256 4.6
    endloop
  endfacet
  facet normal 0 0 1
    outer loop
      vertex 17.6272 11.7781 4.6
      vertex 12.4001 11.1256 4.6
      vertex 12.3555 10.5806 4.6
    endloop
  endfacet
  facet normal 0 0 1
    outer loop
      vertex 14.7728 5.61017 4.6
      vertex 12.245 9.98854 4.6
      vertex 14.2424 5.74304 4.6
    endloop
  endfacet
  facet normal -0 0 1
    outer loop
      vertex 12.0948 9.46273 4.6
      vertex 14.2424 5.74304 4.6
      vertex 12.245 9.98854 4.6
    endloop
  endfacet
  facet normal 0 0 1
    outer loop
      vertex 14.2424 5.74304 4.6
      vertex 12.0948 9.46273 4.6
      vertex 13.7014 5.82328 4.6
    endloop
  endfacet
  facet normal 0 0 1
    outer loop
      vertex 16.3878 13.4491 4.6
      vertex 12.3935 11.7001 4.6
      vertex 12.4024 11.1533 4.6
    endloop
  endfacet
  facet normal 0 0 1
    outer loop
      vertex 16.3878 13.4491 4.6
      vertex 12.393 11.7279 4.6
      vertex 12.3935 11.7001 4.6
    endloop
  endfacet
  facet normal 0 0 1
    outer loop
      vertex 16.3878 13.4491 4.6
      vertex 12.3305 12.2712 4.6
      vertex 12.393 11.7279 4.6
    endloop
  endfacet
  facet normal 0 0 1
    outer loop
      vertex 16.3878 13.4491 4.6
      vertex 12.3273 12.2988 4.6
      vertex 12.3305 12.2712 4.6
    endloop
  endfacet
  facet normal 0 0 1
    outer loop
      vertex 16.3878 13.4491 4.6
      vertex 12.3215 12.326 4.6
      vertex 12.3273 12.2988 4.6
    endloop
  endfacet
  facet normal 0 0 1
    outer loop
      vertex 14.9907 14.9907 4.6
      vertex 12.206 12.8605 4.6
      vertex 12.3215 12.326 4.6
    endloop
  endfacet
  facet normal 0 0 1
    outer loop
      vertex 14.9907 14.9907 4.6
      vertex 12.0388 13.3811 4.6
      vertex 12.206 12.8605 4.6
    endloop
  endfacet
  facet normal 0 0 1
    outer loop
      vertex 14.9907 14.9907 4.6
      vertex 12.0302 13.4076 4.6
      vertex 12.0388 13.3811 4.6
    endloop
  endfacet
  facet normal 0 0 1
    outer loop
      vertex 14.9907 14.9907 4.6
      vertex 12.0192 13.4331 4.6
      vertex 12.0302 13.4076 4.6
    endloop
  endfacet
  facet normal 0 0 1
    outer loop
      vertex 14.9907 14.9907 4.6
      vertex 11.8017 13.9348 4.6
      vertex 12.0192 13.4331 4.6
    endloop
  endfacet
  facet normal 0 0 1
    outer loop
      vertex 13.4491 16.3878 4.6
      vertex 11.7882 13.9591 4.6
      vertex 11.8017 13.9348 4.6
    endloop
  endfacet
  facet normal 0 0 1
    outer loop
      vertex 10.8417 15.3265 4.6
      vertex 13.4491 16.3878 4.6
      vertex 11.7781 17.6272 4.6
    endloop
  endfacet
  facet normal 0 0 1
    outer loop
      vertex 13.4491 16.3878 4.6
      vertex 11.5225 14.4371 4.6
      vertex 11.7882 13.9591 4.6
    endloop
  endfacet
  facet normal 0 0 1
    outer loop
      vertex 13.4491 16.3878 4.6
      vertex 11.5067 14.4599 4.6
      vertex 11.5225 14.4371 4.6
    endloop
  endfacet
  facet normal 0 0 1
    outer loop
      vertex 13.4491 16.3878 4.6
      vertex 11.1955 14.9096 4.6
      vertex 11.5067 14.4599 4.6
    endloop
  endfacet
  facet normal 0 0 1
    outer loop
      vertex 13.4491 16.3878 4.6
      vertex 10.8417 15.3265 4.6
      vertex 11.1955 14.9096 4.6
    endloop
  endfacet
  facet normal 0 0 1
    outer loop
      vertex 11.7781 17.6272 4.6
      vertex 10.8238 15.3477 4.6
      vertex 10.8417 15.3265 4.6
    endloop
  endfacet
  facet normal 0 0 1
    outer loop
      vertex 11.7781 17.6272 4.6
      vertex 10.8038 15.3671 4.6
      vertex 10.8238 15.3477 4.6
    endloop
  endfacet
  facet normal 0 0 1
    outer loop
      vertex 11.7781 17.6272 4.6
      vertex 10.4108 15.7474 4.6
      vertex 10.8038 15.3671 4.6
    endloop
  endfacet
  facet normal 0 0 1
    outer loop
      vertex 9.93736 16.1197 4.6
      vertex 11.7781 17.6272 4.6
      vertex 9.99361 18.6967 4.6
    endloop
  endfacet
  facet normal 0 0 1
    outer loop
      vertex 11.7781 17.6272 4.6
      vertex 9.98251 16.0873 4.6
      vertex 10.4108 15.7474 4.6
    endloop
  endfacet
  facet normal 0 0 1
    outer loop
      vertex 11.7781 17.6272 4.6
      vertex 9.96073 16.1046 4.6
      vertex 9.98251 16.0873 4.6
    endloop
  endfacet
  facet normal 0 0 1
    outer loop
      vertex 11.7781 17.6272 4.6
      vertex 9.93736 16.1197 4.6
      vertex 9.96073 16.1046 4.6
    endloop
  endfacet
  facet normal 0 0 1
    outer loop
      vertex 9.99361 18.6967 4.6
      vertex 9.47778 16.416 4.6
      vertex 9.93736 16.1197 4.6
    endloop
  endfacet
  facet normal 0 0 1
    outer loop
      vertex 9.99361 18.6967 4.6
      vertex 8.99136 16.6658 4.6
      vertex 9.47778 16.416 4.6
    endloop
  endfacet
  facet normal 0 0 1
    outer loop
      vertex 9.99361 18.6967 4.6
      vertex 8.96663 16.6785 4.6
      vertex 8.99136 16.6658 4.6
    endloop
  endfacet
  facet normal 0 0 1
    outer loop
      vertex 9.99361 18.6967 4.6
      vertex 8.94077 16.6888 4.6
      vertex 8.96663 16.6785 4.6
    endloop
  endfacet
  facet normal 0 0 1
    outer loop
      vertex 9.99361 18.6967 4.6
      vertex 8.43221 16.8897 4.6
      vertex 8.94077 16.6888 4.6
    endloop
  endfacet
  facet normal 0 0 1
    outer loop
      vertex 8.11289 19.5862 4.6
      vertex 8.43221 16.8897 4.6
      vertex 9.99361 18.6967 4.6
    endloop
  endfacet
  facet normal 0 0 1
    outer loop
      vertex 8.11289 19.5862 4.6
      vertex 7.90639 17.0399 4.6
      vertex 8.43221 16.8897 4.6
    endloop
  endfacet
  facet normal 0 0 1
    outer loop
      vertex 8.11289 19.5862 4.6
      vertex 7.87966 17.0475 4.6
      vertex 7.90639 17.0399 4.6
    endloop
  endfacet
  facet normal 0 0 1
    outer loop
      vertex 8.11289 19.5862 4.6
      vertex 7.8523 17.0525 4.6
      vertex 7.87966 17.0475 4.6
    endloop
  endfacet
  facet normal 0 0 1
    outer loop
      vertex 8.11289 19.5862 4.6
      vertex 7.3143 17.1504 4.6
      vertex 7.8523 17.0525 4.6
    endloop
  endfacet
  facet normal 0 0 1
    outer loop
      vertex 8.11289 19.5862 4.6
      vertex 6.7693 17.1951 4.6
      vertex 7.3143 17.1504 4.6
    endloop
  endfacet
  facet normal 0 0 1
    outer loop
      vertex 8.11289 19.5862 4.6
      vertex 6.74159 17.1974 4.6
      vertex 6.7693 17.1951 4.6
    endloop
  endfacet
  facet normal 0 0 1
    outer loop
      vertex 6.15403 20.2871 4.6
      vertex 6.74159 17.1974 4.6
      vertex 8.11289 19.5862 4.6
    endloop
  endfacet
  facet normal 0 0 1
    outer loop
      vertex 6.74159 17.1974 4.6
      vertex 6.15403 20.2871 4.6
      vertex 6.19483 17.1884 4.6
    endloop
  endfacet
  facet normal 0 0 1
    outer loop
      vertex 6.19483 17.1884 4.6
      vertex 6.15403 20.2871 4.6
      vertex 6.16703 17.188 4.6
    endloop
  endfacet
  facet normal 0 0 1
    outer loop
      vertex 6.15403 20.2871 4.6
      vertex 5.62378 17.1255 4.6
      vertex 6.16703 17.188 4.6
    endloop
  endfacet
  facet normal 0 0 1
    outer loop
      vertex 6.15403 20.2871 4.6
      vertex 5.59616 17.1223 4.6
      vertex 5.62378 17.1255 4.6
    endloop
  endfacet
  facet normal 0 0 1
    outer loop
      vertex 6.15403 20.2871 4.6
      vertex 5.56898 17.1164 4.6
      vertex 5.59616 17.1223 4.6
    endloop
  endfacet
  facet normal 0 0 1
    outer loop
      vertex 6.15403 20.2871 4.6
      vertex 5.03447 17.001 4.6
      vertex 5.56898 17.1164 4.6
    endloop
  endfacet
  facet normal 0 0 1
    outer loop
      vertex 4.13591 20.7926 4.6
      vertex 5.03447 17.001 4.6
      vertex 6.15403 20.2871 4.6
    endloop
  endfacet
  facet normal 0 0 1
    outer loop
      vertex 5.03447 17.001 4.6
      vertex 4.13591 20.7926 4.6
      vertex 4.51385 16.8337 4.6
    endloop
  endfacet
  facet normal 0 0 1
    outer loop
      vertex 4.51385 16.8337 4.6
      vertex 4.13591 20.7926 4.6
      vertex 4.48738 16.8252 4.6
    endloop
  endfacet
  facet normal 0 0 1
    outer loop
      vertex 4.48738 16.8252 4.6
      vertex 4.13591 20.7926 4.6
      vertex 4.46187 16.8141 4.6
    endloop
  endfacet
  facet normal 0 0 1
    outer loop
      vertex 4.13591 20.7926 4.6
      vertex 3.96015 16.5966 4.6
      vertex 4.46187 16.8141 4.6
    endloop
  endfacet
  facet normal 0 0 1
    outer loop
      vertex 2.07796 21.0979 4.6
      vertex 3.96015 16.5966 4.6
      vertex 4.13591 20.7926 4.6
    endloop
  endfacet
  facet normal 0 0 1
    outer loop
      vertex 3.96015 16.5966 4.6
      vertex 2.07796 21.0979 4.6
      vertex 3.93585 16.5831 4.6
    endloop
  endfacet
  facet normal 0 0 1
    outer loop
      vertex 3.93585 16.5831 4.6
      vertex 2.07796 21.0979 4.6
      vertex 3.45787 16.3175 4.6
    endloop
  endfacet
  facet normal 0 0 1
    outer loop
      vertex 3.45787 16.3175 4.6
      vertex 2.07796 21.0979 4.6
      vertex 3.43501 16.3017 4.6
    endloop
  endfacet
  facet normal 0 0 1
    outer loop
      vertex 3.43501 16.3017 4.6
      vertex 2.07796 21.0979 4.6
      vertex 2.98536 15.9905 4.6
    endloop
  endfacet
  facet normal 0 0 1
    outer loop
      vertex 0 21.2 4.6
      vertex 2.98536 15.9905 4.6
      vertex 2.07796 21.0979 4.6
    endloop
  endfacet
  facet normal 0 0 1
    outer loop
      vertex 2.98536 15.9905 4.6
      vertex 0 21.2 4.6
      vertex 2.56839 15.6367 4.6
    endloop
  endfacet
  facet normal 0 0 1
    outer loop
      vertex 2.56839 15.6367 4.6
      vertex 0 21.2 4.6
      vertex 2.54719 15.6187 4.6
    endloop
  endfacet
  facet normal 0 0 1
    outer loop
      vertex 2.54719 15.6187 4.6
      vertex 0 21.2 4.6
      vertex 2.52785 15.5987 4.6
    endloop
  endfacet
  facet normal 0 0 1
    outer loop
      vertex -2.52785 15.5987 4.6
      vertex 2.52785 15.5987 4.6
      vertex 0 21.2 4.6
    endloop
  endfacet
  facet normal 0 0 1
    outer loop
      vertex 2.52785 15.5987 4.6
      vertex -2.52785 15.5987 4.6
      vertex 2.14756 15.2058 4.6
    endloop
  endfacet
  facet normal 0 0 1
    outer loop
      vertex 2.14756 15.2058 4.6
      vertex -2.14756 15.2058 4.6
      vertex 1.80762 14.7774 4.6
    endloop
  endfacet
  facet normal 0 -0 1
    outer loop
      vertex -1.80762 14.7774 4.6
      vertex 1.80762 14.7774 4.6
      vertex -2.14756 15.2058 4.6
    endloop
  endfacet
  facet normal 0 0 1
    outer loop
      vertex 1.80762 14.7774 4.6
      vertex -1.80762 14.7774 4.6
      vertex 1.79033 14.7557 4.6
    endloop
  endfacet
  facet normal 0 -0 1
    outer loop
      vertex -1.79033 14.7557 4.6
      vertex 1.79033 14.7557 4.6
      vertex -1.80762 14.7774 4.6
    endloop
  endfacet
  facet normal 0 0 1
    outer loop
      vertex 1.79033 14.7557 4.6
      vertex -1.79033 14.7557 4.6
      vertex 1.77526 14.7323 4.6
    endloop
  endfacet
  facet normal 0 -0 1
    outer loop
      vertex -1.77526 14.7323 4.6
      vertex 1.77526 14.7323 4.6
      vertex -1.79033 14.7557 4.6
    endloop
  endfacet
  facet normal 0 0 1
    outer loop
      vertex 1.77526 14.7323 4.6
      vertex -1.77526 14.7323 4.6
      vertex 1.47894 14.2727 4.6
    endloop
  endfacet
  facet normal 0 0 1
    outer loop
      vertex 1.20617 13.7357 4.6
      vertex -1.20617 13.7357 4.6
      vertex 1.0052 13.2271 4.6
    endloop
  endfacet
  facet normal 0 -0 1
    outer loop
      vertex -1.0052 13.2271 4.6
      vertex 1.0052 13.2271 4.6
      vertex -1.20617 13.7357 4.6
    endloop
  endfacet
  facet normal 0 0 1
    outer loop
      vertex 1.0052 13.2271 4.6
      vertex -1.0052 13.2271 4.6
      vertex 0.855045 12.7013 4.6
    endloop
  endfacet
  facet normal 0 -0 1
    outer loop
      vertex -0.84741 12.6746 4.6
      vertex 0.84741 12.6746 4.6
      vertex -0.855045 12.7013 4.6
    endloop
  endfacet
  facet normal 0 0 1
    outer loop
      vertex 0.855045 12.7013 4.6
      vertex -0.855045 12.7013 4.6
      vertex 0.84741 12.6746 4.6
    endloop
  endfacet
  facet normal 0 -0 1
    outer loop
      vertex -0.855045 12.7013 4.6
      vertex 0.855045 12.7013 4.6
      vertex -1.0052 13.2271 4.6
    endloop
  endfacet
  facet normal 0 -0 1
    outer loop
      vertex -1.22909 13.7863 4.6
      vertex 1.22909 13.7863 4.6
      vertex -1.47894 14.2727 4.6
    endloop
  endfacet
  facet normal -0 0 1
    outer loop
      vertex 18.843 -1.14236 4.6
      vertex 21.0979 -2.07796 4.6
      vertex 18.9233 -0.601448 4.6
    endloop
  endfacet
  facet normal -0 0 1
    outer loop
      vertex 18.7102 -1.67281 4.6
      vertex 21.0979 -2.07796 4.6
      vertex 18.843 -1.14236 4.6
    endloop
  endfacet
  facet normal -0 0 1
    outer loop
      vertex 18.7034 -1.69978 4.6
      vertex 21.0979 -2.07796 4.6
      vertex 18.7102 -1.67281 4.6
    endloop
  endfacet
  facet normal -0 0 1
    outer loop
      vertex 18.694 -1.72596 4.6
      vertex 21.0979 -2.07796 4.6
      vertex 18.7034 -1.69978 4.6
    endloop
  endfacet
  facet normal 0 0 1
    outer loop
      vertex 18.5098 -2.24082 4.6
      vertex 21.0979 -2.07796 4.6
      vertex 18.694 -1.72596 4.6
    endloop
  endfacet
  facet normal 0 0 1
    outer loop
      vertex 21.0979 -2.07796 4.6
      vertex 18.5098 -2.24082 4.6
      vertex 20.7926 -4.13591 4.6
    endloop
  endfacet
  facet normal -0 0 1
    outer loop
      vertex 18.276 -2.73515 4.6
      vertex 20.7926 -4.13591 4.6
      vertex 18.5098 -2.24082 4.6
    endloop
  endfacet
  facet normal -0 0 1
    outer loop
      vertex 18.2641 -2.76029 4.6
      vertex 20.7926 -4.13591 4.6
      vertex 18.276 -2.73515 4.6
    endloop
  endfacet
  facet normal -0 0 1
    outer loop
      vertex 17.983 -3.22932 4.6
      vertex 20.7926 -4.13591 4.6
      vertex 18.2641 -2.76029 4.6
    endloop
  endfacet
  facet normal -0 0 1
    outer loop
      vertex 17.9687 -3.25317 4.6
      vertex 20.7926 -4.13591 4.6
      vertex 17.983 -3.22932 4.6
    endloop
  endfacet
  facet normal -0 0 1
    outer loop
      vertex 17.643 -3.69239 4.6
      vertex 20.7926 -4.13591 4.6
      vertex 17.9687 -3.25317 4.6
    endloop
  endfacet
  facet normal 0 0 1
    outer loop
      vertex 20.7926 -4.13591 4.6
      vertex 17.643 -3.69239 4.6
      vertex 20.2871 -6.15403 4.6
    endloop
  endfacet
  facet normal -0 0 1
    outer loop
      vertex 17.6264 -3.71472 4.6
      vertex 20.2871 -6.15403 4.6
      vertex 17.643 -3.69239 4.6
    endloop
  endfacet
  facet normal -0 0 1
    outer loop
      vertex 17.6077 -3.73533 4.6
      vertex 20.2871 -6.15403 4.6
      vertex 17.6264 -3.71472 4.6
    endloop
  endfacet
  facet normal -0 0 1
    outer loop
      vertex 17.2405 -4.1405 4.6
      vertex 20.2871 -6.15403 4.6
      vertex 17.6077 -3.73533 4.6
    endloop
  endfacet
  facet normal -0 0 1
    outer loop
      vertex 16.8353 -4.50773 4.6
      vertex 20.2871 -6.15403 4.6
      vertex 17.2405 -4.1405 4.6
    endloop
  endfacet
  facet normal -0 0 1
    outer loop
      vertex 16.8147 -4.52641 4.6
      vertex 20.2871 -6.15403 4.6
      vertex 16.8353 -4.50773 4.6
    endloop
  endfacet
  facet normal -0 0 1
    outer loop
      vertex 16.7924 -4.54297 4.6
      vertex 20.2871 -6.15403 4.6
      vertex 16.8147 -4.52641 4.6
    endloop
  endfacet
  facet normal 0 0 1
    outer loop
      vertex 20.2871 -6.15403 4.6
      vertex 16.7924 -4.54297 4.6
      vertex 19.5862 -8.11289 4.6
    endloop
  endfacet
  facet normal -0 0 1
    outer loop
      vertex 16.3532 -4.86872 4.6
      vertex 19.5862 -8.11289 4.6
      vertex 16.7924 -4.54297 4.6
    endloop
  endfacet
  facet normal -0 0 1
    outer loop
      vertex 16.3293 -4.88301 4.6
      vertex 19.5862 -8.11289 4.6
      vertex 16.3532 -4.86872 4.6
    endloop
  endfacet
  facet normal -0 0 1
    outer loop
      vertex 15.8603 -5.16414 4.6
      vertex 19.5862 -8.11289 4.6
      vertex 16.3293 -4.88301 4.6
    endloop
  endfacet
  facet normal -0 0 1
    outer loop
      vertex 15.8352 -5.17603 4.6
      vertex 19.5862 -8.11289 4.6
      vertex 15.8603 -5.16414 4.6
    endloop
  endfacet
  facet normal -0 0 1
    outer loop
      vertex 15.3408 -5.40983 4.6
      vertex 19.5862 -8.11289 4.6
      vertex 15.8352 -5.17603 4.6
    endloop
  endfacet
  facet normal 0 0 1
    outer loop
      vertex 19.5862 -8.11289 4.6
      vertex 15.3408 -5.40983 4.6
      vertex 18.6967 -9.99361 4.6
    endloop
  endfacet
  facet normal -0 0 1
    outer loop
      vertex 14.826 -5.59405 4.6
      vertex 18.6967 -9.99361 4.6
      vertex 15.3408 -5.40983 4.6
    endloop
  endfacet
  facet normal -0 0 1
    outer loop
      vertex 14.7998 -5.60342 4.6
      vertex 18.6967 -9.99361 4.6
      vertex 14.826 -5.59405 4.6
    endloop
  endfacet
  facet normal -0 0 1
    outer loop
      vertex 14.7728 -5.61017 4.6
      vertex 18.6967 -9.99361 4.6
      vertex 14.7998 -5.60342 4.6
    endloop
  endfacet
  facet normal -0 0 1
    outer loop
      vertex 14.2424 -5.74304 4.6
      vertex 18.6967 -9.99361 4.6
      vertex 14.7728 -5.61017 4.6
    endloop
  endfacet
  facet normal 0 0 1
    outer loop
      vertex 17.6272 -11.7781 4.6
      vertex 12.4024 -11.1533 4.6
      vertex 16.3878 -13.4491 4.6
    endloop
  endfacet
  facet normal 0 0 1
    outer loop
      vertex 12.4001 -11.1256 4.6
      vertex 18.6967 -9.99361 4.6
      vertex 14.2424 -5.74304 4.6
    endloop
  endfacet
  facet normal -0 0 1
    outer loop
      vertex 12.4001 -11.1256 4.6
      vertex 17.6272 -11.7781 4.6
      vertex 18.6967 -9.99361 4.6
    endloop
  endfacet
  facet normal 0 0 1
    outer loop
      vertex 12.4001 -11.1256 4.6
      vertex 14.2424 -5.74304 4.6
      vertex 13.7014 -5.82328 4.6
    endloop
  endfacet
  facet normal 0 0 1
    outer loop
      vertex 12.4001 -11.1256 4.6
      vertex 13.7014 -5.82328 4.6
      vertex 13.6739 -5.82736 4.6
    endloop
  endfacet
  facet normal 0 0 1
    outer loop
      vertex 12.4001 -11.1256 4.6
      vertex 13.6739 -5.82736 4.6
      vertex 13.6462 -5.82872 4.6
    endloop
  endfacet
  facet normal -0 0 1
    outer loop
      vertex 12.3935 -11.7001 4.6
      vertex 16.3878 -13.4491 4.6
      vertex 12.4024 -11.1533 4.6
    endloop
  endfacet
  facet normal 0 0 1
    outer loop
      vertex 12.4001 -11.1256 4.6
      vertex 13.6462 -5.82872 4.6
      vertex 13.1 -5.85556 4.6
    endloop
  endfacet
  facet normal 0 0 1
    outer loop
      vertex 12.4001 -11.1256 4.6
      vertex 13.1 -5.85556 4.6
      vertex 12.5538 -5.82872 4.6
    endloop
  endfacet
  facet normal 0 0 1
    outer loop
      vertex 12.4001 -11.1256 4.6
      vertex 12.5538 -5.82872 4.6
      vertex 12.5261 -5.82736 4.6
    endloop
  endfacet
  facet normal 0 0 1
    outer loop
      vertex 11.3097 -7.9342 4.6
      vertex 12.5261 -5.82736 4.6
      vertex 12.4986 -5.82328 4.6
    endloop
  endfacet
  facet normal -0 0 1
    outer loop
      vertex 12.393 -11.7279 4.6
      vertex 16.3878 -13.4491 4.6
      vertex 12.3935 -11.7001 4.6
    endloop
  endfacet
  facet normal -0 0 1
    outer loop
      vertex 12.3305 -12.2712 4.6
      vertex 16.3878 -13.4491 4.6
      vertex 12.393 -11.7279 4.6
    endloop
  endfacet
  facet normal -0 0 1
    outer loop
      vertex 12.3273 -12.2988 4.6
      vertex 16.3878 -13.4491 4.6
      vertex 12.3305 -12.2712 4.6
    endloop
  endfacet
  facet normal -0 0 1
    outer loop
      vertex 12.3215 -12.326 4.6
      vertex 16.3878 -13.4491 4.6
      vertex 12.3273 -12.2988 4.6
    endloop
  endfacet
  facet normal 0 0 1
    outer loop
      vertex 16.3878 -13.4491 4.6
      vertex 12.3215 -12.326 4.6
      vertex 14.9907 -14.9907 4.6
    endloop
  endfacet
  facet normal -0 0 1
    outer loop
      vertex 12.206 -12.8605 4.6
      vertex 14.9907 -14.9907 4.6
      vertex 12.3215 -12.326 4.6
    endloop
  endfacet
  facet normal -0 0 1
    outer loop
      vertex 12.0388 -13.3811 4.6
      vertex 14.9907 -14.9907 4.6
      vertex 12.206 -12.8605 4.6
    endloop
  endfacet
  facet normal -0 0 1
    outer loop
      vertex 12.0302 -13.4076 4.6
      vertex 14.9907 -14.9907 4.6
      vertex 12.0388 -13.3811 4.6
    endloop
  endfacet
  facet normal -0 0 1
    outer loop
      vertex 12.0192 -13.4331 4.6
      vertex 14.9907 -14.9907 4.6
      vertex 12.0302 -13.4076 4.6
    endloop
  endfacet
  facet normal -0 0 1
    outer loop
      vertex 11.8017 -13.9348 4.6
      vertex 14.9907 -14.9907 4.6
      vertex 12.0192 -13.4331 4.6
    endloop
  endfacet
  facet normal 0 0 1
    outer loop
      vertex 14.9907 -14.9907 4.6
      vertex 11.8017 -13.9348 4.6
      vertex 13.4491 -16.3878 4.6
    endloop
  endfacet
  facet normal -0 0 1
    outer loop
      vertex 11.7882 -13.9591 4.6
      vertex 13.4491 -16.3878 4.6
      vertex 11.8017 -13.9348 4.6
    endloop
  endfacet
  facet normal -0 0 1
    outer loop
      vertex 11.5225 -14.4371 4.6
      vertex 13.4491 -16.3878 4.6
      vertex 11.7882 -13.9591 4.6
    endloop
  endfacet
  facet normal -0 0 1
    outer loop
      vertex 11.5067 -14.4599 4.6
      vertex 13.4491 -16.3878 4.6
      vertex 11.5225 -14.4371 4.6
    endloop
  endfacet
  facet normal -0 0 1
    outer loop
      vertex 11.1955 -14.9096 4.6
      vertex 13.4491 -16.3878 4.6
      vertex 11.5067 -14.4599 4.6
    endloop
  endfacet
  facet normal -0 0 1
    outer loop
      vertex 10.8417 -15.3265 4.6
      vertex 13.4491 -16.3878 4.6
      vertex 11.1955 -14.9096 4.6
    endloop
  endfacet
  facet normal 0 0 1
    outer loop
      vertex 13.4491 -16.3878 4.6
      vertex 10.8417 -15.3265 4.6
      vertex 11.7781 -17.6272 4.6
    endloop
  endfacet
  facet normal -0 0 1
    outer loop
      vertex 10.8238 -15.3477 4.6
      vertex 11.7781 -17.6272 4.6
      vertex 10.8417 -15.3265 4.6
    endloop
  endfacet
  facet normal -0 0 1
    outer loop
      vertex 10.8038 -15.3671 4.6
      vertex 11.7781 -17.6272 4.6
      vertex 10.8238 -15.3477 4.6
    endloop
  endfacet
  facet normal -0 0 1
    outer loop
      vertex 10.4108 -15.7474 4.6
      vertex 11.7781 -17.6272 4.6
      vertex 10.8038 -15.3671 4.6
    endloop
  endfacet
  facet normal -0 0 1
    outer loop
      vertex 9.98251 -16.0873 4.6
      vertex 11.7781 -17.6272 4.6
      vertex 10.4108 -15.7474 4.6
    endloop
  endfacet
  facet normal -0 0 1
    outer loop
      vertex 9.96073 -16.1046 4.6
      vertex 11.7781 -17.6272 4.6
      vertex 9.98251 -16.0873 4.6
    endloop
  endfacet
  facet normal -0 0 1
    outer loop
      vertex 9.93736 -16.1197 4.6
      vertex 11.7781 -17.6272 4.6
      vertex 9.96073 -16.1046 4.6
    endloop
  endfacet
  facet normal 0 0 1
    outer loop
      vertex 11.7781 -17.6272 4.6
      vertex 9.93736 -16.1197 4.6
      vertex 9.99361 -18.6967 4.6
    endloop
  endfacet
  facet normal -0 0 1
    outer loop
      vertex 9.47778 -16.416 4.6
      vertex 9.99361 -18.6967 4.6
      vertex 9.93736 -16.1197 4.6
    endloop
  endfacet
  facet normal -0 0 1
    outer loop
      vertex 8.99136 -16.6658 4.6
      vertex 9.99361 -18.6967 4.6
      vertex 9.47778 -16.416 4.6
    endloop
  endfacet
  facet normal -0 0 1
    outer loop
      vertex 8.96663 -16.6785 4.6
      vertex 9.99361 -18.6967 4.6
      vertex 8.99136 -16.6658 4.6
    endloop
  endfacet
  facet normal -0 0 1
    outer loop
      vertex 8.94077 -16.6888 4.6
      vertex 9.99361 -18.6967 4.6
      vertex 8.96663 -16.6785 4.6
    endloop
  endfacet
  facet normal -0 0 1
    outer loop
      vertex 8.43221 -16.8897 4.6
      vertex 9.99361 -18.6967 4.6
      vertex 8.94077 -16.6888 4.6
    endloop
  endfacet
  facet normal 0 0 1
    outer loop
      vertex 8.43221 -16.8897 4.6
      vertex 8.11289 -19.5862 4.6
      vertex 9.99361 -18.6967 4.6
    endloop
  endfacet
  facet normal -0 0 1
    outer loop
      vertex 7.90639 -17.0399 4.6
      vertex 8.11289 -19.5862 4.6
      vertex 8.43221 -16.8897 4.6
    endloop
  endfacet
  facet normal -0 0 1
    outer loop
      vertex 7.87966 -17.0475 4.6
      vertex 8.11289 -19.5862 4.6
      vertex 7.90639 -17.0399 4.6
    endloop
  endfacet
  facet normal -0 0 1
    outer loop
      vertex 7.8523 -17.0525 4.6
      vertex 8.11289 -19.5862 4.6
      vertex 7.87966 -17.0475 4.6
    endloop
  endfacet
  facet normal -0 0 1
    outer loop
      vertex 7.3143 -17.1504 4.6
      vertex 8.11289 -19.5862 4.6
      vertex 7.8523 -17.0525 4.6
    endloop
  endfacet
  facet normal -0 0 1
    outer loop
      vertex 6.7693 -17.1951 4.6
      vertex 8.11289 -19.5862 4.6
      vertex 7.3143 -17.1504 4.6
    endloop
  endfacet
  facet normal -0 0 1
    outer loop
      vertex 6.74159 -17.1974 4.6
      vertex 8.11289 -19.5862 4.6
      vertex 6.7693 -17.1951 4.6
    endloop
  endfacet
  facet normal 0 0 1
    outer loop
      vertex 6.15403 -20.2871 4.6
      vertex 6.74159 -17.1974 4.6
      vertex 6.19483 -17.1884 4.6
    endloop
  endfacet
  facet normal 0 0 1
    outer loop
      vertex 6.15403 -20.2871 4.6
      vertex 6.19483 -17.1884 4.6
      vertex 6.16703 -17.188 4.6
    endloop
  endfacet
  facet normal 0 0 1
    outer loop
      vertex 6.74159 -17.1974 4.6
      vertex 6.15403 -20.2871 4.6
      vertex 8.11289 -19.5862 4.6
    endloop
  endfacet
  facet normal 0 0 1
    outer loop
      vertex 5.62378 -17.1255 4.6
      vertex 6.15403 -20.2871 4.6
      vertex 6.16703 -17.188 4.6
    endloop
  endfacet
  facet normal 0 0 1
    outer loop
      vertex 5.59616 -17.1223 4.6
      vertex 6.15403 -20.2871 4.6
      vertex 5.62378 -17.1255 4.6
    endloop
  endfacet
  facet normal 0 0 1
    outer loop
      vertex 5.56898 -17.1164 4.6
      vertex 6.15403 -20.2871 4.6
      vertex 5.59616 -17.1223 4.6
    endloop
  endfacet
  facet normal 0 0 1
    outer loop
      vertex 5.03447 -17.001 4.6
      vertex 6.15403 -20.2871 4.6
      vertex 5.56898 -17.1164 4.6
    endloop
  endfacet
  facet normal 0 0 1
    outer loop
      vertex 4.13591 -20.7926 4.6
      vertex 5.03447 -17.001 4.6
      vertex 4.51385 -16.8337 4.6
    endloop
  endfacet
  facet normal 0 0 1
    outer loop
      vertex 4.13591 -20.7926 4.6
      vertex 4.51385 -16.8337 4.6
      vertex 4.48738 -16.8252 4.6
    endloop
  endfacet
  facet normal 0 0 1
    outer loop
      vertex 4.13591 -20.7926 4.6
      vertex 4.48738 -16.8252 4.6
      vertex 4.46187 -16.8141 4.6
    endloop
  endfacet
  facet normal 0 0 1
    outer loop
      vertex 5.03447 -17.001 4.6
      vertex 4.13591 -20.7926 4.6
      vertex 6.15403 -20.2871 4.6
    endloop
  endfacet
  facet normal 0 0 1
    outer loop
      vertex 3.96015 -16.5966 4.6
      vertex 4.13591 -20.7926 4.6
      vertex 4.46187 -16.8141 4.6
    endloop
  endfacet
  facet normal 0 0 1
    outer loop
      vertex 2.07796 -21.0979 4.6
      vertex 3.96015 -16.5966 4.6
      vertex 3.93585 -16.5831 4.6
    endloop
  endfacet
  facet normal 0 0 1
    outer loop
      vertex 2.07796 -21.0979 4.6
      vertex 3.93585 -16.5831 4.6
      vertex 3.45787 -16.3175 4.6
    endloop
  endfacet
  facet normal 0 0 1
    outer loop
      vertex 2.07796 -21.0979 4.6
      vertex 3.45787 -16.3175 4.6
      vertex 3.43501 -16.3017 4.6
    endloop
  endfacet
  facet normal 0 0 1
    outer loop
      vertex 2.07796 -21.0979 4.6
      vertex 3.43501 -16.3017 4.6
      vertex 2.98536 -15.9905 4.6
    endloop
  endfacet
  facet normal 0 0 1
    outer loop
      vertex 0 -21.2 4.6
      vertex 2.98536 -15.9905 4.6
      vertex 2.56839 -15.6367 4.6
    endloop
  endfacet
  facet normal 0 0 1
    outer loop
      vertex 0 -21.2 4.6
      vertex 2.56839 -15.6367 4.6
      vertex 2.54719 -15.6187 4.6
    endloop
  endfacet
  facet normal 0 0 1
    outer loop
      vertex 0 -21.2 4.6
      vertex 2.54719 -15.6187 4.6
      vertex 2.52785 -15.5987 4.6
    endloop
  endfacet
  facet normal 0 0 1
    outer loop
      vertex 0 -21.2 4.6
      vertex 2.52785 -15.5987 4.6
      vertex 2.14756 -15.2058 4.6
    endloop
  endfacet
  facet normal 0 0 1
    outer loop
      vertex 3.96015 -16.5966 4.6
      vertex 2.07796 -21.0979 4.6
      vertex 4.13591 -20.7926 4.6
    endloop
  endfacet
  facet normal 0 0 1
    outer loop
      vertex 0 -21.2 4.6
      vertex 2.14756 -15.2058 4.6
      vertex 1.80762 -14.7774 4.6
    endloop
  endfacet
  facet normal 0 0 1
    outer loop
      vertex 0 -21.2 4.6
      vertex 1.80762 -14.7774 4.6
      vertex 1.79033 -14.7557 4.6
    endloop
  endfacet
  facet normal 0 0 1
    outer loop
      vertex 0 -21.2 4.6
      vertex 1.79033 -14.7557 4.6
      vertex 1.77526 -14.7323 4.6
    endloop
  endfacet
  facet normal 0 0 1
    outer loop
      vertex 0 -21.2 4.6
      vertex 1.77526 -14.7323 4.6
      vertex 1.47894 -14.2727 4.6
    endloop
  endfacet
  facet normal 0 0 1
    outer loop
      vertex 0 -21.2 4.6
      vertex 1.47894 -14.2727 4.6
      vertex 1.22909 -13.7863 4.6
    endloop
  endfacet
  facet normal 0 0 1
    outer loop
      vertex 0 -21.2 4.6
      vertex 1.22909 -13.7863 4.6
      vertex 1.21639 -13.7616 4.6
    endloop
  endfacet
  facet normal 0 0 1
    outer loop
      vertex -0.84741 -12.6746 4.6
      vertex 0.84741 -12.6746 4.6
      vertex -0.842433 -12.6472 4.6
    endloop
  endfacet
  facet normal 0 0 1
    outer loop
      vertex 0.842433 -12.6472 4.6
      vertex -0.842433 -12.6472 4.6
      vertex 0.84741 -12.6746 4.6
    endloop
  endfacet
  facet normal 0 0 1
    outer loop
      vertex -0.842433 -12.6472 4.6
      vertex 0.842433 -12.6472 4.6
      vertex -0.744541 -12.1092 4.6
    endloop
  endfacet
  facet normal 0 0 1
    outer loop
      vertex 0.744541 -12.1092 4.6
      vertex -0.744541 -12.1092 4.6
      vertex 0.842433 -12.6472 4.6
    endloop
  endfacet
  facet normal 0 0 1
    outer loop
      vertex -0.744541 -12.1092 4.6
      vertex 0.744541 -12.1092 4.6
      vertex -0.699853 -11.5642 4.6
    endloop
  endfacet
  facet normal 0 0 1
    outer loop
      vertex 0.699853 -11.5642 4.6
      vertex -0.699853 -11.5642 4.6
      vertex 0.744541 -12.1092 4.6
    endloop
  endfacet
  facet normal 0 0 1
    outer loop
      vertex 2.98536 -15.9905 4.6
      vertex 0 -21.2 4.6
      vertex 2.07796 -21.0979 4.6
    endloop
  endfacet
  facet normal 0 0 1
    outer loop
      vertex -0.699853 -11.5642 4.6
      vertex 0.699853 -11.5642 4.6
      vertex -0.697581 -11.5365 4.6
    endloop
  endfacet
  facet normal -0 0 1
    outer loop
      vertex -0.697581 -11.5365 4.6
      vertex 0.699853 -11.5642 4.6
      vertex 0.697581 -11.5365 4.6
    endloop
  endfacet
  facet normal 0 0 1
    outer loop
      vertex -0.697581 -11.5365 4.6
      vertex 0.706528 -10.9898 4.6
      vertex 0.706983 -10.962 4.6
    endloop
  endfacet
  facet normal 0 0 1
    outer loop
      vertex -0.697581 -11.5365 4.6
      vertex 0.697581 -11.5365 4.6
      vertex 0.706528 -10.9898 4.6
    endloop
  endfacet
  facet normal 0 0 1
    outer loop
      vertex 0.697581 11.5365 4.6
      vertex -0.699853 11.5642 4.6
      vertex -0.697581 11.5365 4.6
    endloop
  endfacet
  facet normal 0 0 1
    outer loop
      vertex 0.699853 11.5642 4.6
      vertex -0.699853 11.5642 4.6
      vertex 0.697581 11.5365 4.6
    endloop
  endfacet
  facet normal 0 -0 1
    outer loop
      vertex -0.699853 11.5642 4.6
      vertex 0.699853 11.5642 4.6
      vertex -0.744541 12.1092 4.6
    endloop
  endfacet
  facet normal 0 0 1
    outer loop
      vertex 0.744541 12.1092 4.6
      vertex -0.744541 12.1092 4.6
      vertex 0.699853 11.5642 4.6
    endloop
  endfacet
  facet normal 0 -0 1
    outer loop
      vertex -0.744541 12.1092 4.6
      vertex 0.744541 12.1092 4.6
      vertex -0.842433 12.6472 4.6
    endloop
  endfacet
  facet normal 0 0 1
    outer loop
      vertex 0.842433 12.6472 4.6
      vertex -0.842433 12.6472 4.6
      vertex 0.744541 12.1092 4.6
    endloop
  endfacet
  facet normal 0 -0 1
    outer loop
      vertex -0.842433 12.6472 4.6
      vertex 0.842433 12.6472 4.6
      vertex -0.84741 12.6746 4.6
    endloop
  endfacet
  facet normal 0 0 1
    outer loop
      vertex 0.84741 12.6746 4.6
      vertex -0.84741 12.6746 4.6
      vertex 0.842433 12.6472 4.6
    endloop
  endfacet
  facet normal 0 -0 1
    outer loop
      vertex -1.20617 13.7357 4.6
      vertex 1.20617 13.7357 4.6
      vertex -1.21639 13.7616 4.6
    endloop
  endfacet
  facet normal 0 0 1
    outer loop
      vertex 1.21639 13.7616 4.6
      vertex -1.21639 13.7616 4.6
      vertex 1.20617 13.7357 4.6
    endloop
  endfacet
  facet normal 0 -0 1
    outer loop
      vertex -1.21639 13.7616 4.6
      vertex 1.21639 13.7616 4.6
      vertex -1.22909 13.7863 4.6
    endloop
  endfacet
  facet normal 0 0 1
    outer loop
      vertex 1.22909 13.7863 4.6
      vertex -1.22909 13.7863 4.6
      vertex 1.21639 13.7616 4.6
    endloop
  endfacet
  facet normal 0 0 1
    outer loop
      vertex 1.47894 14.2727 4.6
      vertex -1.47894 14.2727 4.6
      vertex 1.22909 13.7863 4.6
    endloop
  endfacet
  facet normal 0 0 1
    outer loop
      vertex -2.98536 15.9905 4.6
      vertex 0 21.2 4.6
      vertex -2.07796 21.0979 4.6
    endloop
  endfacet
  facet normal 0 -0 1
    outer loop
      vertex -1.47894 14.2727 4.6
      vertex 1.47894 14.2727 4.6
      vertex -1.77526 14.7323 4.6
    endloop
  endfacet
  facet normal 0 0 1
    outer loop
      vertex 2.14756 15.2058 4.6
      vertex -2.52785 15.5987 4.6
      vertex -2.14756 15.2058 4.6
    endloop
  endfacet
  facet normal 0 0 1
    outer loop
      vertex 0 21.2 4.6
      vertex -2.54719 15.6187 4.6
      vertex -2.52785 15.5987 4.6
    endloop
  endfacet
  facet normal 0 0 1
    outer loop
      vertex 0 21.2 4.6
      vertex -2.56839 15.6367 4.6
      vertex -2.54719 15.6187 4.6
    endloop
  endfacet
  facet normal 0 0 1
    outer loop
      vertex 0 21.2 4.6
      vertex -2.98536 15.9905 4.6
      vertex -2.56839 15.6367 4.6
    endloop
  endfacet
  facet normal 0 0 1
    outer loop
      vertex -2.07796 21.0979 4.6
      vertex -3.43501 16.3017 4.6
      vertex -2.98536 15.9905 4.6
    endloop
  endfacet
  facet normal 0 0 1
    outer loop
      vertex -2.07796 21.0979 4.6
      vertex -3.45787 16.3175 4.6
      vertex -3.43501 16.3017 4.6
    endloop
  endfacet
  facet normal 0 0 1
    outer loop
      vertex -2.07796 21.0979 4.6
      vertex -3.93585 16.5831 4.6
      vertex -3.45787 16.3175 4.6
    endloop
  endfacet
  facet normal 0 0 1
    outer loop
      vertex -2.07796 21.0979 4.6
      vertex -3.96015 16.5966 4.6
      vertex -3.93585 16.5831 4.6
    endloop
  endfacet
  facet normal -0 0 1
    outer loop
      vertex -4.13591 20.7926 4.6
      vertex -3.96015 16.5966 4.6
      vertex -2.07796 21.0979 4.6
    endloop
  endfacet
  facet normal 0 0 1
    outer loop
      vertex -4.13591 20.7926 4.6
      vertex -4.46187 16.8141 4.6
      vertex -3.96015 16.5966 4.6
    endloop
  endfacet
  facet normal 0 0 1
    outer loop
      vertex -4.13591 20.7926 4.6
      vertex -4.48738 16.8252 4.6
      vertex -4.46187 16.8141 4.6
    endloop
  endfacet
  facet normal 0 0 1
    outer loop
      vertex -4.13591 20.7926 4.6
      vertex -4.51385 16.8337 4.6
      vertex -4.48738 16.8252 4.6
    endloop
  endfacet
  facet normal 0 0 1
    outer loop
      vertex -4.13591 20.7926 4.6
      vertex -5.03447 17.001 4.6
      vertex -4.51385 16.8337 4.6
    endloop
  endfacet
  facet normal -0 0 1
    outer loop
      vertex -6.15403 20.2871 4.6
      vertex -5.03447 17.001 4.6
      vertex -4.13591 20.7926 4.6
    endloop
  endfacet
  facet normal 0 0 1
    outer loop
      vertex -5.03447 17.001 4.6
      vertex -6.15403 20.2871 4.6
      vertex -5.56898 17.1164 4.6
    endloop
  endfacet
  facet normal 0 0 1
    outer loop
      vertex -5.56898 17.1164 4.6
      vertex -6.15403 20.2871 4.6
      vertex -5.59616 17.1223 4.6
    endloop
  endfacet
  facet normal 0 0 1
    outer loop
      vertex -5.59616 17.1223 4.6
      vertex -6.15403 20.2871 4.6
      vertex -5.62378 17.1255 4.6
    endloop
  endfacet
  facet normal 0 0 1
    outer loop
      vertex -6.15403 20.2871 4.6
      vertex -6.16703 17.188 4.6
      vertex -5.62378 17.1255 4.6
    endloop
  endfacet
  facet normal 0 0 1
    outer loop
      vertex -6.15403 20.2871 4.6
      vertex -6.19483 17.1884 4.6
      vertex -6.16703 17.188 4.6
    endloop
  endfacet
  facet normal 0 0 1
    outer loop
      vertex -6.15403 20.2871 4.6
      vertex -6.74159 17.1974 4.6
      vertex -6.19483 17.1884 4.6
    endloop
  endfacet
  facet normal -0 0 1
    outer loop
      vertex -8.11289 19.5862 4.6
      vertex -6.74159 17.1974 4.6
      vertex -6.15403 20.2871 4.6
    endloop
  endfacet
  facet normal 0 0 1
    outer loop
      vertex -6.74159 17.1974 4.6
      vertex -8.11289 19.5862 4.6
      vertex -6.7693 17.1951 4.6
    endloop
  endfacet
  facet normal 0 0 1
    outer loop
      vertex -6.7693 17.1951 4.6
      vertex -8.11289 19.5862 4.6
      vertex -7.3143 17.1504 4.6
    endloop
  endfacet
  facet normal 0 0 1
    outer loop
      vertex -7.3143 17.1504 4.6
      vertex -8.11289 19.5862 4.6
      vertex -7.8523 17.0525 4.6
    endloop
  endfacet
  facet normal 0 0 1
    outer loop
      vertex -7.8523 17.0525 4.6
      vertex -8.11289 19.5862 4.6
      vertex -7.87966 17.0475 4.6
    endloop
  endfacet
  facet normal 0 0 1
    outer loop
      vertex -7.87966 17.0475 4.6
      vertex -8.11289 19.5862 4.6
      vertex -7.90639 17.0399 4.6
    endloop
  endfacet
  facet normal 0 0 1
    outer loop
      vertex -8.11289 19.5862 4.6
      vertex -8.43221 16.8897 4.6
      vertex -7.90639 17.0399 4.6
    endloop
  endfacet
  facet normal -0 0 1
    outer loop
      vertex -9.99361 18.6967 4.6
      vertex -8.43221 16.8897 4.6
      vertex -8.11289 19.5862 4.6
    endloop
  endfacet
  facet normal 0 0 1
    outer loop
      vertex -8.43221 16.8897 4.6
      vertex -9.99361 18.6967 4.6
      vertex -8.94077 16.6888 4.6
    endloop
  endfacet
  facet normal 0 0 1
    outer loop
      vertex -8.94077 16.6888 4.6
      vertex -9.99361 18.6967 4.6
      vertex -8.96663 16.6785 4.6
    endloop
  endfacet
  facet normal 0 0 1
    outer loop
      vertex -8.96663 16.6785 4.6
      vertex -9.99361 18.6967 4.6
      vertex -8.99136 16.6658 4.6
    endloop
  endfacet
  facet normal 0 0 1
    outer loop
      vertex -8.99136 16.6658 4.6
      vertex -9.99361 18.6967 4.6
      vertex -9.47778 16.416 4.6
    endloop
  endfacet
  facet normal 0 0 1
    outer loop
      vertex -9.47778 16.416 4.6
      vertex -9.99361 18.6967 4.6
      vertex -9.93736 16.1197 4.6
    endloop
  endfacet
  facet normal -0 0 1
    outer loop
      vertex -11.7781 17.6272 4.6
      vertex -9.93736 16.1197 4.6
      vertex -9.99361 18.6967 4.6
    endloop
  endfacet
  facet normal 0 0 1
    outer loop
      vertex -9.93736 16.1197 4.6
      vertex -11.7781 17.6272 4.6
      vertex -9.96073 16.1046 4.6
    endloop
  endfacet
  facet normal 0 0 1
    outer loop
      vertex -9.96073 16.1046 4.6
      vertex -11.7781 17.6272 4.6
      vertex -9.98251 16.0873 4.6
    endloop
  endfacet
  facet normal 0 0 1
    outer loop
      vertex -9.98251 16.0873 4.6
      vertex -11.7781 17.6272 4.6
      vertex -10.4108 15.7474 4.6
    endloop
  endfacet
  facet normal 0 0 1
    outer loop
      vertex -10.4108 15.7474 4.6
      vertex -11.7781 17.6272 4.6
      vertex -10.8038 15.3671 4.6
    endloop
  endfacet
  facet normal 0 0 1
    outer loop
      vertex -10.8038 15.3671 4.6
      vertex -11.7781 17.6272 4.6
      vertex -10.8238 15.3477 4.6
    endloop
  endfacet
  facet normal 0 0 1
    outer loop
      vertex -10.8238 15.3477 4.6
      vertex -11.7781 17.6272 4.6
      vertex -10.8417 15.3265 4.6
    endloop
  endfacet
  facet normal -0 0 1
    outer loop
      vertex -13.4491 16.3878 4.6
      vertex -10.8417 15.3265 4.6
      vertex -11.7781 17.6272 4.6
    endloop
  endfacet
  facet normal 0 0 1
    outer loop
      vertex -10.8417 15.3265 4.6
      vertex -13.4491 16.3878 4.6
      vertex -11.1955 14.9096 4.6
    endloop
  endfacet
  facet normal 0 0 1
    outer loop
      vertex -11.1955 14.9096 4.6
      vertex -13.4491 16.3878 4.6
      vertex -11.5067 14.4599 4.6
    endloop
  endfacet
  facet normal 0 0 1
    outer loop
      vertex -11.5067 14.4599 4.6
      vertex -13.4491 16.3878 4.6
      vertex -11.5225 14.4371 4.6
    endloop
  endfacet
  facet normal 0 0 1
    outer loop
      vertex -11.5225 14.4371 4.6
      vertex -13.4491 16.3878 4.6
      vertex -11.7882 13.9591 4.6
    endloop
  endfacet
  facet normal 0 0 1
    outer loop
      vertex -11.7882 13.9591 4.6
      vertex -13.4491 16.3878 4.6
      vertex -11.8017 13.9348 4.6
    endloop
  endfacet
  facet normal -0 0 1
    outer loop
      vertex -14.9907 14.9907 4.6
      vertex -11.8017 13.9348 4.6
      vertex -13.4491 16.3878 4.6
    endloop
  endfacet
  facet normal 0 0 1
    outer loop
      vertex -11.8017 13.9348 4.6
      vertex -14.9907 14.9907 4.6
      vertex -12.0192 13.4331 4.6
    endloop
  endfacet
  facet normal 0 0 1
    outer loop
      vertex -12.0192 13.4331 4.6
      vertex -14.9907 14.9907 4.6
      vertex -12.0302 13.4076 4.6
    endloop
  endfacet
  facet normal 0 0 1
    outer loop
      vertex -12.0302 13.4076 4.6
      vertex -14.9907 14.9907 4.6
      vertex -12.0388 13.3811 4.6
    endloop
  endfacet
  facet normal 0 0 1
    outer loop
      vertex -12.0388 13.3811 4.6
      vertex -14.9907 14.9907 4.6
      vertex -12.206 12.8605 4.6
    endloop
  endfacet
  facet normal 0 0 1
    outer loop
      vertex -12.206 12.8605 4.6
      vertex -14.9907 14.9907 4.6
      vertex -12.3215 12.326 4.6
    endloop
  endfacet
  facet normal -0 0 1
    outer loop
      vertex -16.3878 13.4491 4.6
      vertex -12.3215 12.326 4.6
      vertex -14.9907 14.9907 4.6
    endloop
  endfacet
  facet normal 0 0 1
    outer loop
      vertex -16.3878 13.4491 4.6
      vertex -12.3935 11.7001 4.6
      vertex -12.393 11.7279 4.6
    endloop
  endfacet
  facet normal 0 0 1
    outer loop
      vertex -12.3935 11.7001 4.6
      vertex -16.3878 13.4491 4.6
      vertex -12.4024 11.1533 4.6
    endloop
  endfacet
  facet normal 0 0 1
    outer loop
      vertex -11.3097 7.9342 4.6
      vertex -12.5261 5.82736 4.6
      vertex -12.4986 5.82328 4.6
    endloop
  endfacet
  facet normal 0 0 1
    outer loop
      vertex -11.3247 7.95757 4.6
      vertex -12.5538 5.82872 4.6
      vertex -12.5261 5.82736 4.6
    endloop
  endfacet
  facet normal 0 0 1
    outer loop
      vertex -11.6211 8.41716 4.6
      vertex -13.1 5.85556 4.6
      vertex -12.5538 5.82872 4.6
    endloop
  endfacet
  facet normal 0 0 1
    outer loop
      vertex -12.3215 12.326 4.6
      vertex -16.3878 13.4491 4.6
      vertex -12.3273 12.2988 4.6
    endloop
  endfacet
  facet normal 0 0 1
    outer loop
      vertex -12.3273 12.2988 4.6
      vertex -16.3878 13.4491 4.6
      vertex -12.3305 12.2712 4.6
    endloop
  endfacet
  facet normal 0 0 1
    outer loop
      vertex -12.3305 12.2712 4.6
      vertex -16.3878 13.4491 4.6
      vertex -12.393 11.7279 4.6
    endloop
  endfacet
  facet normal 0 0 1
    outer loop
      vertex -12.4024 11.1533 4.6
      vertex -16.3878 13.4491 4.6
      vertex -17.6272 11.7781 4.6
    endloop
  endfacet
  facet normal 0 0 1
    outer loop
      vertex -11.8709 8.90357 4.6
      vertex -13.6462 5.82872 4.6
      vertex -13.1 5.85556 4.6
    endloop
  endfacet
  facet normal 0 0 1
    outer loop
      vertex -12.2526 10.0153 4.6
      vertex -17.6272 11.7781 4.6
      vertex -18.6967 9.99361 4.6
    endloop
  endfacet
  facet normal 0 0 1
    outer loop
      vertex -11.8836 8.9283 4.6
      vertex -13.6739 5.82736 4.6
      vertex -13.6462 5.82872 4.6
    endloop
  endfacet
  facet normal 0 0 1
    outer loop
      vertex -11.8938 8.95416 4.6
      vertex -13.7014 5.82328 4.6
      vertex -13.6739 5.82736 4.6
    endloop
  endfacet
  facet normal 0 0 1
    outer loop
      vertex -12.0948 9.46273 4.6
      vertex -14.2424 5.74304 4.6
      vertex -13.7014 5.82328 4.6
    endloop
  endfacet
  facet normal 0 0 1
    outer loop
      vertex -12.245 9.98854 4.6
      vertex -18.6967 9.99361 4.6
      vertex -14.7728 5.61017 4.6
    endloop
  endfacet
  facet normal 0 0 1
    outer loop
      vertex -12.245 9.98854 4.6
      vertex -14.7728 5.61017 4.6
      vertex -14.2424 5.74304 4.6
    endloop
  endfacet
  facet normal 0 0 1
    outer loop
      vertex -14.7728 5.61017 4.6
      vertex -18.6967 9.99361 4.6
      vertex -14.7998 5.60342 4.6
    endloop
  endfacet
  facet normal 0 0 1
    outer loop
      vertex -14.7998 5.60342 4.6
      vertex -18.6967 9.99361 4.6
      vertex -14.826 5.59405 4.6
    endloop
  endfacet
  facet normal 0 0 1
    outer loop
      vertex -14.826 5.59405 4.6
      vertex -18.6967 9.99361 4.6
      vertex -15.3408 5.40983 4.6
    endloop
  endfacet
  facet normal -0 0 1
    outer loop
      vertex -19.5862 8.11289 4.6
      vertex -15.3408 5.40983 4.6
      vertex -18.6967 9.99361 4.6
    endloop
  endfacet
  facet normal 0 0 1
    outer loop
      vertex -15.3408 5.40983 4.6
      vertex -19.5862 8.11289 4.6
      vertex -15.8352 5.17603 4.6
    endloop
  endfacet
  facet normal 0 0 1
    outer loop
      vertex -15.8352 5.17603 4.6
      vertex -19.5862 8.11289 4.6
      vertex -15.8603 5.16414 4.6
    endloop
  endfacet
  facet normal 0 0 1
    outer loop
      vertex -15.8603 5.16414 4.6
      vertex -19.5862 8.11289 4.6
      vertex -16.3293 4.88301 4.6
    endloop
  endfacet
  facet normal 0 0 1
    outer loop
      vertex -16.3293 4.88301 4.6
      vertex -19.5862 8.11289 4.6
      vertex -16.3532 4.86872 4.6
    endloop
  endfacet
  facet normal 0 0 1
    outer loop
      vertex -16.3532 4.86872 4.6
      vertex -19.5862 8.11289 4.6
      vertex -16.7924 4.54297 4.6
    endloop
  endfacet
  facet normal -0 0 1
    outer loop
      vertex -20.2871 6.15403 4.6
      vertex -16.7924 4.54297 4.6
      vertex -19.5862 8.11289 4.6
    endloop
  endfacet
  facet normal 0 0 1
    outer loop
      vertex -16.7924 4.54297 4.6
      vertex -20.2871 6.15403 4.6
      vertex -16.8147 4.52641 4.6
    endloop
  endfacet
  facet normal 0 0 1
    outer loop
      vertex -16.8147 4.52641 4.6
      vertex -20.2871 6.15403 4.6
      vertex -16.8353 4.50773 4.6
    endloop
  endfacet
  facet normal 0 0 1
    outer loop
      vertex -16.8353 4.50773 4.6
      vertex -20.2871 6.15403 4.6
      vertex -17.2405 4.1405 4.6
    endloop
  endfacet
  facet normal 0 0 1
    outer loop
      vertex -17.2405 4.1405 4.6
      vertex -20.2871 6.15403 4.6
      vertex -17.6077 3.73533 4.6
    endloop
  endfacet
  facet normal 0 0 1
    outer loop
      vertex -17.6077 3.73533 4.6
      vertex -20.2871 6.15403 4.6
      vertex -17.6264 3.71472 4.6
    endloop
  endfacet
  facet normal 0 0 1
    outer loop
      vertex -17.6264 3.71472 4.6
      vertex -20.2871 6.15403 4.6
      vertex -17.643 3.69239 4.6
    endloop
  endfacet
  facet normal -0 0 1
    outer loop
      vertex -20.7926 4.13591 4.6
      vertex -17.643 3.69239 4.6
      vertex -20.2871 6.15403 4.6
    endloop
  endfacet
  facet normal 0 0 1
    outer loop
      vertex -17.643 3.69239 4.6
      vertex -20.7926 4.13591 4.6
      vertex -17.9687 3.25317 4.6
    endloop
  endfacet
  facet normal 0 0 1
    outer loop
      vertex -17.9687 3.25317 4.6
      vertex -20.7926 4.13591 4.6
      vertex -17.983 3.22932 4.6
    endloop
  endfacet
  facet normal 0 0 1
    outer loop
      vertex -17.983 3.22932 4.6
      vertex -20.7926 4.13591 4.6
      vertex -18.2641 2.76029 4.6
    endloop
  endfacet
  facet normal 0 0 1
    outer loop
      vertex -18.2641 2.76029 4.6
      vertex -20.7926 4.13591 4.6
      vertex -18.276 2.73515 4.6
    endloop
  endfacet
  facet normal 0 0 1
    outer loop
      vertex -18.276 2.73515 4.6
      vertex -20.7926 4.13591 4.6
      vertex -18.5098 2.24082 4.6
    endloop
  endfacet
  facet normal 0 0 1
    outer loop
      vertex -21.0979 2.07796 4.6
      vertex -18.5098 2.24082 4.6
      vertex -20.7926 4.13591 4.6
    endloop
  endfacet
  facet normal 0 0 1
    outer loop
      vertex -18.5098 2.24082 4.6
      vertex -21.0979 2.07796 4.6
      vertex -18.694 1.72596 4.6
    endloop
  endfacet
  facet normal 0 0 1
    outer loop
      vertex -18.694 1.72596 4.6
      vertex -21.0979 2.07796 4.6
      vertex -18.7034 1.69978 4.6
    endloop
  endfacet
  facet normal 0 0 1
    outer loop
      vertex -18.7034 1.69978 4.6
      vertex -21.0979 2.07796 4.6
      vertex -18.7102 1.67281 4.6
    endloop
  endfacet
  facet normal 0 0 1
    outer loop
      vertex -18.7102 1.67281 4.6
      vertex -21.0979 2.07796 4.6
      vertex -18.843 1.14236 4.6
    endloop
  endfacet
  facet normal 0 0 1
    outer loop
      vertex -18.843 1.14236 4.6
      vertex -21.0979 2.07796 4.6
      vertex -18.9233 0.601448 4.6
    endloop
  endfacet
  facet normal -0 0 1
    outer loop
      vertex 11.8938 8.95416 4.6
      vertex 13.7014 5.82328 4.6
      vertex 12.0948 9.46273 4.6
    endloop
  endfacet
  facet normal 0 0 1
    outer loop
      vertex 13.7014 5.82328 4.6
      vertex 11.8938 8.95416 4.6
      vertex 13.6739 5.82736 4.6
    endloop
  endfacet
  facet normal -0 0 1
    outer loop
      vertex 11.8836 8.9283 4.6
      vertex 13.6739 5.82736 4.6
      vertex 11.8938 8.95416 4.6
    endloop
  endfacet
  facet normal 0 0 1
    outer loop
      vertex 13.6739 5.82736 4.6
      vertex 11.8836 8.9283 4.6
      vertex 13.6462 5.82872 4.6
    endloop
  endfacet
  facet normal -0 0 1
    outer loop
      vertex 11.8709 8.90357 4.6
      vertex 13.6462 5.82872 4.6
      vertex 11.8836 8.9283 4.6
    endloop
  endfacet
  facet normal 0 0 1
    outer loop
      vertex 13.6462 5.82872 4.6
      vertex 11.8709 8.90357 4.6
      vertex 13.1 5.85556 4.6
    endloop
  endfacet
  facet normal -0 0 1
    outer loop
      vertex 11.6211 8.41716 4.6
      vertex 13.1 5.85556 4.6
      vertex 11.8709 8.90357 4.6
    endloop
  endfacet
  facet normal 0 0 1
    outer loop
      vertex 13.1 5.85556 4.6
      vertex 11.6211 8.41716 4.6
      vertex 12.5538 5.82872 4.6
    endloop
  endfacet
  facet normal -0 0 1
    outer loop
      vertex 11.3247 7.95757 4.6
      vertex 12.5538 5.82872 4.6
      vertex 11.6211 8.41716 4.6
    endloop
  endfacet
  facet normal 0 0 1
    outer loop
      vertex 12.5538 5.82872 4.6
      vertex 11.3247 7.95757 4.6
      vertex 12.5261 5.82736 4.6
    endloop
  endfacet
  facet normal -0 0 1
    outer loop
      vertex 11.3097 7.9342 4.6
      vertex 12.5261 5.82736 4.6
      vertex 11.3247 7.95757 4.6
    endloop
  endfacet
  facet normal 0 0 1
    outer loop
      vertex 12.5261 5.82736 4.6
      vertex 11.3097 7.9342 4.6
      vertex 12.4986 5.82328 4.6
    endloop
  endfacet
  facet normal -0 0 1
    outer loop
      vertex 11.2924 7.91242 4.6
      vertex 12.4986 5.82328 4.6
      vertex 11.3097 7.9342 4.6
    endloop
  endfacet
  facet normal 0 0 1
    outer loop
      vertex 12.4986 5.82328 4.6
      vertex 11.2924 7.91242 4.6
      vertex 11.9576 5.74304 4.6
    endloop
  endfacet
  facet normal -0 0 1
    outer loop
      vertex 10.9524 7.4841 4.6
      vertex 11.9576 5.74304 4.6
      vertex 11.2924 7.91242 4.6
    endloop
  endfacet
  facet normal 0 0 1
    outer loop
      vertex 11.9576 5.74304 4.6
      vertex 10.9524 7.4841 4.6
      vertex 11.4272 5.61017 4.6
    endloop
  endfacet
  facet normal -0 0 1
    outer loop
      vertex 10.5721 7.09115 4.6
      vertex 11.4272 5.61017 4.6
      vertex 10.9524 7.4841 4.6
    endloop
  endfacet
  facet normal 0 0 1
    outer loop
      vertex 11.4272 5.61017 4.6
      vertex 10.5721 7.09115 4.6
      vertex 11.4002 5.60342 4.6
    endloop
  endfacet
  facet normal -0 0 1
    outer loop
      vertex 10.5528 7.07117 4.6
      vertex 11.4002 5.60342 4.6
      vertex 10.5721 7.09115 4.6
    endloop
  endfacet
  facet normal 0 0 1
    outer loop
      vertex 11.4002 5.60342 4.6
      vertex 10.5528 7.07117 4.6
      vertex 11.374 5.59405 4.6
    endloop
  endfacet
  facet normal -0 0 1
    outer loop
      vertex 10.5316 7.05319 4.6
      vertex 11.374 5.59405 4.6
      vertex 10.5528 7.07117 4.6
    endloop
  endfacet
  facet normal 0 0 1
    outer loop
      vertex 11.374 5.59405 4.6
      vertex 10.5316 7.05319 4.6
      vertex 10.8592 5.40983 4.6
    endloop
  endfacet
  facet normal -0 0 1
    outer loop
      vertex 10.1146 6.69941 4.6
      vertex 10.8592 5.40983 4.6
      vertex 10.5316 7.05319 4.6
    endloop
  endfacet
  facet normal 0 0 1
    outer loop
      vertex 10.8592 5.40983 4.6
      vertex 10.1146 6.69941 4.6
      vertex 10.3648 5.17603 4.6
    endloop
  endfacet
  facet normal -0 0 1
    outer loop
      vertex 9.66499 6.38821 4.6
      vertex 10.3648 5.17603 4.6
      vertex 10.1146 6.69941 4.6
    endloop
  endfacet
  facet normal 0 0 1
    outer loop
      vertex 10.3648 5.17603 4.6
      vertex 9.66499 6.38821 4.6
      vertex 10.3397 5.16414 4.6
    endloop
  endfacet
  facet normal -0 0 1
    outer loop
      vertex 9.64213 6.37238 4.6
      vertex 10.3397 5.16414 4.6
      vertex 9.66499 6.38821 4.6
    endloop
  endfacet
  facet normal 0 0 1
    outer loop
      vertex 10.3397 5.16414 4.6
      vertex 9.64213 6.37238 4.6
      vertex 9.87068 4.88301 4.6
    endloop
  endfacet
  facet normal -0 0 1
    outer loop
      vertex 9.16415 6.10675 4.6
      vertex 9.87068 4.88301 4.6
      vertex 9.64213 6.37238 4.6
    endloop
  endfacet
  facet normal 0 0 1
    outer loop
      vertex 9.87068 4.88301 4.6
      vertex 9.16415 6.10675 4.6
      vertex 9.84683 4.86872 4.6
    endloop
  endfacet
  facet normal -0 0 1
    outer loop
      vertex 9.13985 6.09325 4.6
      vertex 9.84683 4.86872 4.6
      vertex 9.16415 6.10675 4.6
    endloop
  endfacet
  facet normal 0 0 1
    outer loop
      vertex 9.84683 4.86872 4.6
      vertex 9.13985 6.09325 4.6
      vertex 9.40761 4.54297 4.6
    endloop
  endfacet
  facet normal -0 0 1
    outer loop
      vertex 8.63813 5.87574 4.6
      vertex 9.40761 4.54297 4.6
      vertex 9.13985 6.09325 4.6
    endloop
  endfacet
  facet normal 0 0 1
    outer loop
      vertex 9.40761 4.54297 4.6
      vertex 8.63813 5.87574 4.6
      vertex 9.38528 4.52641 4.6
    endloop
  endfacet
  facet normal -0 0 1
    outer loop
      vertex 8.61262 5.86468 4.6
      vertex 9.38528 4.52641 4.6
      vertex 8.63813 5.87574 4.6
    endloop
  endfacet
  facet normal 0 0 1
    outer loop
      vertex 9.38528 4.52641 4.6
      vertex 8.61262 5.86468 4.6
      vertex 9.36467 4.50773 4.6
    endloop
  endfacet
  facet normal -0 0 1
    outer loop
      vertex 8.58615 5.85618 4.6
      vertex 9.36467 4.50773 4.6
      vertex 8.61262 5.86468 4.6
    endloop
  endfacet
  facet normal 0 0 1
    outer loop
      vertex 9.36467 4.50773 4.6
      vertex 8.58615 5.85618 4.6
      vertex 8.9595 4.1405 4.6
    endloop
  endfacet
  facet normal -0 0 1
    outer loop
      vertex 8.06553 5.6889 4.6
      vertex 8.9595 4.1405 4.6
      vertex 8.58615 5.85618 4.6
    endloop
  endfacet
  facet normal 0 0 1
    outer loop
      vertex 8.9595 4.1405 4.6
      vertex 8.06553 5.6889 4.6
      vertex 8.59227 3.73533 4.6
    endloop
  endfacet
  facet normal -0 0 1
    outer loop
      vertex 7.53102 5.57346 4.6
      vertex 8.59227 3.73533 4.6
      vertex 8.06553 5.6889 4.6
    endloop
  endfacet
  facet normal 0 0 1
    outer loop
      vertex 8.59227 3.73533 4.6
      vertex 7.53102 5.57346 4.6
      vertex 8.5736 3.71472 4.6
    endloop
  endfacet
  facet normal -0 0 1
    outer loop
      vertex 7.50384 5.56759 4.6
      vertex 8.5736 3.71472 4.6
      vertex 7.53102 5.57346 4.6
    endloop
  endfacet
  facet normal 0 0 1
    outer loop
      vertex 8.5736 3.71472 4.6
      vertex 7.50384 5.56759 4.6
      vertex 8.55703 3.69239 4.6
    endloop
  endfacet
  facet normal -0 0 1
    outer loop
      vertex 7.47622 5.56441 4.6
      vertex 8.55703 3.69239 4.6
      vertex 7.50384 5.56759 4.6
    endloop
  endfacet
  facet normal 0 0 1
    outer loop
      vertex 8.55703 3.69239 4.6
      vertex 7.47622 5.56441 4.6
      vertex 8.23128 3.25317 4.6
    endloop
  endfacet
  facet normal -0 0 1
    outer loop
      vertex 6.93297 5.50192 4.6
      vertex 8.23128 3.25317 4.6
      vertex 7.47622 5.56441 4.6
    endloop
  endfacet
  facet normal 0 0 1
    outer loop
      vertex 8.23128 3.25317 4.6
      vertex 6.93297 5.50192 4.6
      vertex 8.21699 3.22932 4.6
    endloop
  endfacet
  facet normal -0 0 1
    outer loop
      vertex 6.90517 5.50146 4.6
      vertex 8.21699 3.22932 4.6
      vertex 6.93297 5.50192 4.6
    endloop
  endfacet
  facet normal 0 0 1
    outer loop
      vertex 8.21699 3.22932 4.6
      vertex 6.90517 5.50146 4.6
      vertex 7.93586 2.76029 4.6
    endloop
  endfacet
  facet normal -0 0 1
    outer loop
      vertex 6.35841 5.49251 4.6
      vertex 7.93586 2.76029 4.6
      vertex 6.90517 5.50146 4.6
    endloop
  endfacet
  facet normal 0 0 1
    outer loop
      vertex 7.93586 2.76029 4.6
      vertex 6.35841 5.49251 4.6
      vertex 7.92397 2.73515 4.6
    endloop
  endfacet
  facet normal 0 0 1
    outer loop
      vertex 6.3307 5.49479 4.6
      vertex 7.92397 2.73515 4.6
      vertex 6.35841 5.49251 4.6
    endloop
  endfacet
  facet normal 0 0 1
    outer loop
      vertex 7.92397 2.73515 4.6
      vertex 6.3307 5.49479 4.6
      vertex 7.69017 2.24082 4.6
    endloop
  endfacet
  facet normal 0 0 1
    outer loop
      vertex 5.7857 5.53947 4.6
      vertex 7.69017 2.24082 4.6
      vertex 6.3307 5.49479 4.6
    endloop
  endfacet
  facet normal 0 0 1
    outer loop
      vertex 7.69017 2.24082 4.6
      vertex 5.7857 5.53947 4.6
      vertex 7.50595 1.72596 4.6
    endloop
  endfacet
  facet normal 0 0 1
    outer loop
      vertex 5.2477 5.63737 4.6
      vertex 7.50595 1.72596 4.6
      vertex 5.7857 5.53947 4.6
    endloop
  endfacet
  facet normal 0 0 1
    outer loop
      vertex 7.50595 1.72596 4.6
      vertex 5.2477 5.63737 4.6
      vertex 7.49658 1.69978 4.6
    endloop
  endfacet
  facet normal 0 0 1
    outer loop
      vertex 5.22034 5.64234 4.6
      vertex 7.49658 1.69978 4.6
      vertex 5.2477 5.63737 4.6
    endloop
  endfacet
  facet normal -0.857746 0.514074 0
    outer loop
      vertex -18.6967 9.99361 0
      vertex -17.6272 11.7781 4.6
      vertex -17.6272 11.7781 0
    endloop
  endfacet
  facet normal -0.857746 0.514074 0
    outer loop
      vertex -17.6272 11.7781 4.6
      vertex -18.6967 9.99361 0
      vertex -18.6967 9.99361 4.6
    endloop
  endfacet
  facet normal -0.595731 -0.803184 0
    outer loop
      vertex -13.4491 -16.3878 0
      vertex -11.7781 -17.6272 4.6
      vertex -13.4491 -16.3878 4.6
    endloop
  endfacet
  facet normal -0.595731 -0.803184 -0
    outer loop
      vertex -11.7781 -17.6272 4.6
      vertex -13.4491 -16.3878 0
      vertex -11.7781 -17.6272 0
    endloop
  endfacet
endsolid OpenSCAD_Model
